bearing,fpt_idx,fpt_hr,threshold,rul_pred_sec,rul_pred_hr,rul_std_hr,score_ref,mu,gamma,sigma_w,sigma_v
1,125,20.833,0.3,300000.0,83.333,0.0,0.0,"[0.002275, -0.000753, -0.000242]","[-0.027756, 0.000686, -0.018646]",1e-06,0.114037
2,113,18.833,0.3,134325.9,37.313,1.118,0.0,"[0.001063, 0.000909, -0.000361]","[-0.017604, -0.019758, -0.005152]",1e-06,0.100033
3,88,14.667,0.3,294501.3,81.806,1.539,0.0,"[0.000635, -0.001845, 0.001964]","[-0.038795, 0.006115, -0.009701]",1e-06,0.105315
4,136,22.667,0.3,78157.2,21.71,0.789,0.0,"[0.001712, 0.000244, 0.000428]","[-0.032002, -0.020553, -0.019482]",1e-06,0.113303
