file_idx,time_sec,bearing_id,ch1_rms,ch1_peak,ch1_p2p,ch1_std,ch1_skewness,ch1_kurtosis,ch1_crest_f,ch1_shape_f,ch1_impulse_f,ch1_energy,ch1_kurt_rms,ch1_total_power,ch1_low_band,ch1_mid_band,ch1_high_band,ch1_bhigh_band,ch1_mean_freq,ch1_freq_std,ch1_spectral_entropy,ch2_rms,ch2_peak,ch2_p2p,ch2_std,ch2_skewness,ch2_kurtosis,ch2_crest_f,ch2_shape_f,ch2_impulse_f,ch2_energy,ch2_kurt_rms,ch2_total_power,ch2_low_band,ch2_mid_band,ch2_high_band,ch2_bhigh_band,ch2_mean_freq,ch2_freq_std,ch2_spectral_entropy,ch3_rms,ch3_peak,ch3_p2p,ch3_std,ch3_skewness,ch3_kurtosis,ch3_crest_f,ch3_shape_f,ch3_impulse_f,ch3_energy,ch3_kurt_rms,ch3_total_power,ch3_low_band,ch3_mid_band,ch3_high_band,ch3_bhigh_band,ch3_mean_freq,ch3_freq_std,ch3_spectral_entropy,ch4_rms,ch4_peak,ch4_p2p,ch4_std,ch4_skewness,ch4_kurtosis,ch4_crest_f,ch4_shape_f,ch4_impulse_f,ch4_energy,ch4_kurt_rms,ch4_total_power,ch4_low_band,ch4_mid_band,ch4_high_band,ch4_bhigh_band,ch4_mean_freq,ch4_freq_std,ch4_spectral_entropy
1,0,2,0.15622142,1.0061264,2.0012856,0.15507336,-0.0167091149113261,1.067121269569058,6.440387026012772,1.3050092434252256,8.404764600236367,37486.28,0.0006355885952424,0.0038402371574193,0.0051664824231789,0.0191932834518967,0.8214325922321929,0.154188725310806,6921.216307651437,2009.473391809532,6.097478866577148,0.17317867,1.1101723,2.178669,0.17312263,0.016343213482201,0.7750297591234534,6.410559994676377,1.293991909690552,8.295212769745039,46065.95,0.0006971014827184,0.0047888262197375,0.0217917475002448,0.3157550432900743,0.5983635528605538,0.0640817341900734,4828.004334857254,3096.616764829829,6.3622026443481445,0.12352248,0.86812973,1.6716003,0.12333047,-0.0122920330426258,1.29779658628763,7.028111081089767,1.3154098120667568,9.244846276435425,23435.986,0.0003021277922773,0.0024271358270198,0.007695284044391,0.0242820446557718,0.8540628780546834,0.1139503843803062,6777.114051370242,1833.0282499442803,6.261348724365234,0.15903266,1.0956764,2.0900726,0.15901361,0.0078873336150576,1.2487030048724863,6.8896315867796725,1.3124324261732294,9.04217589893382,38847.566,0.0007987381433047,0.0040424414910376,0.0265809904626946,0.1028183340361108,0.807616957926494,0.0629788720183859,6055.865108716353,2299.9754120893144,6.418097496032715
2,600,2,0.15810855,1.0954857,2.055645,0.15721828,-0.0087185230446891,1.114995400179888,6.928693645911098,1.30643010649533,9.051853977758402,38397.41,0.0006967780638612,0.0039566806517541,0.0054817065515108,0.0366296413708351,0.8171844176057369,0.1406858695402785,6792.330232422475,2279.7040700787284,6.172478675842285,0.20103696,1.1731148,2.2529602,0.20095421,0.0031005388418894,0.3725747082960629,5.835318924776342,1.2709933670938185,7.416651648304655,62078.76,0.0006085790567523,0.006461186800152,0.0267131430985013,0.4715783298404792,0.453852361822223,0.0478512417645696,3851.655054748041,3172.8029004719306,6.352041721343994,0.124713294,0.935936,1.7894745,0.124426164,-0.0097343019720105,1.3754085053396805,7.504700922679804,1.3178346419110585,9.88995485316863,23890.031,0.0003327229128138,0.0024783578701317,0.0097362695867677,0.0458003922933558,0.8315358418570346,0.1129231141811152,6656.709553996452,2127.2537901821224,6.331092834472656,0.1699429,1.0837555,2.156353,0.16989815,-0.0030349208021903,1.0446998799934557,6.377174272793572,1.301684065359373,8.301066132963989,44360.586,0.0008713721000662,0.0046199979260563,0.0419820517388066,0.1949511004610598,0.7058881483589581,0.057175130539151,5416.809297348731,2744.943179656654,6.5701422691345215
3,1200,2,0.15687868,0.98552704,1.9664764,0.155953,-0.0143514100389915,1.1588112566747863,6.282096704446584,1.3079431148776224,8.216625131628687,37802.375,0.0007018889592853,0.0038892740849405,0.007432048390704,0.0385281294154125,0.8146598135331619,0.1393596440798617,6757.126386490933,2300.6918346585794,6.193981170654297,0.19900483,1.1834145,2.3600578,0.19892657,0.0032172586268922,0.4093028492275956,5.946662026173361,1.2724588958643293,7.566882995940913,60830.09,0.0006419470793582,0.0063244006596505,0.0270580507096793,0.4700620996260992,0.454905357911223,0.0479687715174852,3866.584030612419,3156.5790853490125,6.416616916656494,0.12358148,0.8213997,1.6054153,0.12327611,-0.0101989810902707,1.421184707579016,6.646624655357966,1.3197816970217162,8.7720935671857,23458.379,0.0003314851248545,0.0024297470226883,0.0120778790959582,0.0464667612875616,0.8277713273461279,0.1136788206227548,6638.731729889736,2148.5453993125534,6.348776817321777,0.16809979,1.030159,2.0498276,0.16806236,0.0057843689670171,1.0965127158967327,6.128258646858416,1.304204257520887,7.992501018469483,43403.582,0.0008755528466557,0.0045146225020289,0.0420959802911951,0.1953810221620107,0.7048531222220532,0.0576656139204,5420.936084288918,2736.7969285916856,6.590863227844238
4,1800,2,0.1605566,1.0465622,1.9964218,0.1596362,-0.0136384262167123,1.0886245553009513,6.518338069510949,1.305041807634859,8.506703697062669,39595.652,0.0007234204342107,0.0040723485872149,0.0057091014574442,0.043605869746563,0.8160205328812669,0.1346518250268358,6669.862283691531,2324.212982589104,6.2529296875,0.22269103,1.294899,2.588749,0.22262937,0.0033289403273481,0.3843752674781688,5.814778398669546,1.2724650391257404,7.39910222260378,76172.23,0.000945292747567,0.0079219536855816,0.0254571466226386,0.5620912580836038,0.3741786073175941,0.0382700083820589,3311.239768875004,3066.7899244049268,6.367535591125488,0.12683201,0.861454,1.6598701,0.12652247,-0.0110034501885061,1.3408389748762737,6.792086801507432,1.3152420345652016,8.933238063828522,24708.646,0.0003469701415456,0.0025575142353773,0.0124170943690956,0.0683436467590943,0.807577445598636,0.111658286587248,6485.814113444647,2305.3106145771767,6.413568019866943,0.17913654,1.3553619,2.4992943,0.17910035,-0.0061855822380715,0.9460493031880954,7.566082858799936,1.2980620606523052,9.821245106814755,49290.094,0.0009742054166301,0.0051244674250483,0.0458562174652057,0.2618000837312195,0.6395826876516061,0.052757927050027,4977.906062556358,2929.7488484303462,6.664919853210449
5,2400,2,0.16464906288516895,1.0290487739316305,2.0003804841299933,0.16378923049780153,-0.01354059607261203,1.0340178366696815,6.271257885586389,1.30105529585135,8.162288765423188,41656.249077057204,0.0007495713531999689,0.00429052762530528,0.008285097637537618,0.045242857100969674,0.8183867413028351,0.12732470456743836,6559.487736880388,2340.897058356711,6.2986766082267724,0.2315279391217848,1.350689062664766,2.6281819405609173,0.2314716185616329,0.00047215683439888576,0.32855498447726256,5.9305715071642995,1.2692861215306805,7.527901448063553,82386.45981317494,0.0008726351957791454,0.008569322110990521,0.047125174481204034,0.5401740299664693,0.376922321262085,0.03790545400369516,3282.1743101191532,3055.4997785338774,6.345914072611682,0.12862372824757798,0.8745665082566416,1.7058821631349699,0.1282706270464286,-0.012429245237154671,1.3155669161495671,6.526682020247138,1.314124900806995,8.523541761286593,25493.70648595246,0.0003704576856464827,0.002638207513365825,0.03846694523505534,0.09415660621516651,0.7819483530455369,0.11216778746641796,6092.247980868118,2445.1344153959144,6.429444126097096,0.18358497519726644,1.3192352694141782,2.5059407295779783,0.18354702249302876,-0.006452192035799439,0.9059439500678295,6.928108590109326,1.2964998103718333,8.939978850748199,52019.59960820393,0.0010097765918680988,0.005411441985554754,0.09708890164089087,0.25398164860213474,0.5934197331996195,0.05312266295617038,4623.224735080561,2963.786573597869,6.631682816216001
6,3000,2,0.16399513566734336,1.0290622918807752,2.0006688266761543,0.1631543063128288,-0.013481337219260118,1.0358223484423763,6.270771410954839,1.3019596520571628,8.161487235744811,41326.41640046328,0.0007496191742907219,0.00425811806318939,0.00887997838182536,0.04524295969715904,0.8175290249915466,0.1274831088981644,6557.4070192166855,2348.273263295368,6.303271322906213,0.22919420142433655,1.350862244822431,2.628211966656329,0.22914845298337022,-0.0006019560533503377,0.32976448008072573,5.930456878559025,1.269396412554791,7.52774899066224,80795.66813143509,0.0008707179592340687,0.008408931979028436,0.04588881010795872,0.5484702590777971,0.3581449609305535,0.03764636668790395,3248.1710322153463,3051.7778889729043,6.337734047213771,0.13406721210541445,0.8776549444090376,1.718476086267339,0.13370470438142731,-0.012190536394153722,1.1876928511360547,6.528899554175833,1.3073822738033465,8.525298005571878,27694.6477472259,0.00037505904179273254,0.002868723575363551,0.027138675378737598,0.0990423789688988,0.7666007492092635,0.11144280927371078,6087.294358722415,2515.5369318372204,6.448097593105473,0.1892350996237074,1.3183156659474533,2.507393393629015,0.18918541938688693,-0.006260140032452549,0.790357539329696,6.913084629817698,1.2902269188237108,8.919811871806218,55196.76662954218,0.001009855585960367,0.005744462876710451,0.10355350954305212,0.2548421268874215,0.5927737266728793,0.053776835307101145,4624.608014370583,2987.019726443285,6.634730297756084
7,3600,2,0.16371278845102877,1.0290697730597578,2.000994648747027,0.16287363600344956,-0.013510398149236004,1.0340039098644946,6.270498748736928,1.3011579540771958,8.161019984663273,41181.57915953991,0.0007497044669409903,0.0042432779816988925,0.01046707459093827,0.045243315099938355,0.8152445181104413,0.12791185983695869,6541.220045803977,2358.805978096739,6.370848243613005,0.22887049385533717,1.350957582244825,2.628866060259386,0.22882353257760296,-0.0007218358109289687,0.327902381400662,5.9303490650325985,1.269264133413874,7.527583168640316,80572.94046674739,0.0008742095270993227,0.008385441905455194,0.04247642931471962,0.5656909913208481,0.3503340666553064,0.03586807296533076,3093.2830341422014,3029.944333903276,6.299826876523463,0.13503867991612098,0.899577328479088,1.752552429874321,0.13463266207549912,-0.01274026079283917,1.1241753921151476,6.584764415193902,1.3046649871427956,8.591756111206626,28095.729760808917,0.00037265612733893645,0.0029066158472931926,0.031686475773682304,0.1005121077000635,0.7542602490279747,0.11084188067695278,6086.196125038608,2558.162168709697,6.482173288221459,0.1924104034813961,1.318756488851684,2.5071399246639037,0.19235051842281334,-0.007234537555217706,0.7257176721472292,6.92603308455757,1.2887108471970337,8.937652582109946,57039.80482129332,0.001010154743955606,0.0059357466571916895,0.10560682316483674,0.25650176481852277,0.5944604943450136,0.05429679326118821,4613.824645930483,2992.66782791133,6.630118331960583
8,4200,2,0.1638896031447102,1.0292402859679695,2.005500655846865,0.16304954389627946,-0.013367283929768038,1.0185898997255702,6.263205653656373,1.3021196196840568,8.148854827250751,41272.45097649676,0.0007500554083499522,0.004252413447352771,0.011749188309071637,0.045240396318013784,0.8123451675117822,0.12816291831131352,6546.933121041891,2381.0319518883994,6.341772339299759,0.22862270586032932,1.3656121630428355,2.6559227518295323,0.22857481266924418,-0.0011081536436953296,0.31659783757158083,5.911445861942332,1.2691400637267236,7.5006654124009104,80402.10592393026,0.0008954470876836601,0.008366564723597699,0.04577299158870238,0.5560348124915377,0.3600700385758334,0.03651731356226072,3166.7210790645263,3036.741741927827,6.302826698915598,0.13616032769585756,0.9056714754609325,1.7864440753261857,0.13579579922938184,-0.012617274490433443,1.0932583793291089,6.598868052210074,1.3034685312015468,8.608397668620182,28561.93625590891,0.00037296264304408766,0.002959916670608959,0.05001238810307118,0.11355745863129292,0.7168743322596205,0.11012193052265835,6029.6417684577245,2764.7115126019603,6.4955527502121715,0.19476215645353723,1.3156275949017298,2.5146447568547607,0.19469905068244464,-0.006381941042154567,0.7734747551539577,6.861169645482024,1.2879404256346898,8.848916707317096,58431.495253018715,0.0010077646574772128,0.006081667429031487,0.1173433881631015,0.25246249298785806,0.5850045703272753,0.054430437875180177,4708.637522751509,3043.551047407135,6.64582351094382
9,4800,2,0.16462465828905348,1.0290502262097354,2.0003982442699813,0.1637701340992191,-0.01354980662039682,1.0343280756521163,6.271197844210439,1.3014032937025481,8.162192639617373,41644.081094003974,0.0007495678231668134,0.004290197224683499,0.012146754490191813,0.04523934999526417,0.815471928891683,0.12749352062548136,6560.415657768514,2349.186550930735,6.345547656395154,0.22734143079271063,1.3505342484552951,2.627890208401794,0.2273022419176051,-0.001020435350772867,0.32853271524568856,5.930964001044475,1.2693104251777867,7.5284614394796,79514.01490169438,0.000873253704358099,0.008276798700962748,0.050819447060129204,0.5402546197984004,0.37249709765059424,0.037754370964063415,3298.33266703638,3058.340567143254,6.34040535346912,0.13700761284003288,0.886885786391233,1.7371880586236172,0.13653790645134087,-0.01234509267433994,1.0501062175456428,6.549422827058376,1.3014636538750124,8.548993686161593,28916.321529380697,0.00037155380289345327,0.0029876082991711133,0.05022669363308438,0.11288983318338233,0.7171896175612633,0.11006977785738904,6035.466863233224,2742.064332229714,6.500243267299767,0.19251148391426098,1.3185541934929734,2.50719253120553,0.1924420264850044,-0.007166334337915481,0.7257849427335137,6.921724484070442,1.2879944338630949,8.93180283057177,57099.156241745935,0.001010110285967567,0.005941115262489428,0.10205355156348547,0.25323133569217526,0.586056726026574,0.054913775311287896,4643.6519556046605,3082.9687868113174,6.622241148815819
10,5400,2,0.1646608875566222,1.0290502497599687,2.0003435271435754,0.1637926893899526,-0.013491107267413692,1.0327352749444045,6.271191535597158,1.3005309694002984,8.162171185216678,41662.141160567175,0.0007495978112818448,0.0042903873351688,0.01483007649767771,0.045240224930202695,0.8145849857885706,0.1277013123480779,6517.360775264266,2351.026839833265,6.346919700147529,0.22776924808594823,1.3509395059484164,2.628561362814876,0.2277251818711036,-0.0010750067000675511,0.3288264959520733,5.930425260133676,1.2693383755599832,7.527698566720293,79811.42602779061,0.000872627998288438,0.008305308448724309,0.04837695571458193,0.549405329354338,0.35604762677739044,0.03738414593855333,3230.91790690666,3050.560424891798,6.318794854255639,0.13933016580724997,0.8853898235486366,1.7313932402493215,0.13886761491683533,-0.012422553906466951,1.0298622438143086,6.542898489669933,1.3015833621249961,8.541223558553611,29897.561384111108,0.0003754161623164287,0.003092907239399162,0.05687544235400094,0.10347896954953874,0.7233792391558126,0.10952860951930211,6082.086966785664,2700.475448079355,6.513994318972261,0.19270402432532646,1.3184114221504093,2.5076779489901364,0.19263774415169238,-0.006944198123155238,0.7388886019278221,6.9188098357928585,1.288599685825367,8.927770256173295,57212.31761353927,0.0010096725961720905,0.005952635665504267,0.09905863594781802,0.25609930283615373,0.5903047048323049,0.05551223555161518,4571.660845177577,3108.8178659384544,6.607160648622473
11,6000,2,0.16751535,1.0154724,2.0134926,0.16670936,-0.013282590628298,0.9754507298586031,6.061966248146371,1.2977380652139026,7.866844350308414,43102.297,0.0007681106714727,0.00444405246526,0.0180200110007829,0.0480797789074639,0.8114948031029742,0.1223825853470555,6438.811906332025,2406.863329564483,6.410684585571289,0.23778635,1.4205933,2.7147293,0.23775546,-0.0065359194580808,0.2676580170778875,5.974242196720095,1.2661775219226472,7.5644511800405745,86849.05,0.0008557126607325,0.0090435864403843,0.0719901105190508,0.5461449524481219,0.3471223400897072,0.0347382909163679,3064.939738832026,3014.7152727197363,6.261849403381348,0.1443406,0.9324074,1.844883,0.14386246,-0.0162403828058802,0.9232939668418148,6.459771885337572,1.295727471862593,8.370103893855498,32001.346,0.0004007689598684,0.0033121379092335,0.078858351696662,0.1464474172881795,0.6668700567470003,0.1078201407228947,5583.307080751099,3002.3332162982515,6.5283308029174805,0.2042412,1.3119698,2.5492668,0.20416607,-0.0089098016855526,0.6029464350236831,6.423629262075762,1.2819479322955307,8.234758250391408,64073.42,0.001049185201727,0.0066725509241223,0.1659196602156192,0.2482941643100646,0.5298510857527753,0.055930186993064,4268.443157593375,3148.562252563608,6.590250015258789
12,6600,2,0.16548936,1.0501862,2.005005,0.1646749,-0.0163529015751351,0.9703091868198016,6.345943647620449,1.2982064420882673,8.238344924519767,42066.02,0.0007277638113674,0.0043397424742579,0.013957326997642,0.046965197038899,0.8168703535185999,0.1221837623219906,6468.234581550601,2359.383614288465,6.404446601867676,0.22801857,1.4770508,2.7017593,0.22799382,0.0042967795559272,0.2772962526642004,6.477765389444791,1.2660656507778163,8.201276253409404,79860.43,0.0007495918367576,0.0083088632673025,0.0542835266447056,0.5358027629905536,0.3726503304909951,0.0372583638223472,3256.584475472004,3033.7176957127967,6.346851348876953,0.13763063,0.9296417,1.842308,0.13708912,-0.0108191146599127,1.0110486481290355,6.754613757613,1.2992862688253934,8.776176906549432,29095.203,0.0003627708652038,0.0030099144205451,0.0547238590482852,0.1137466984690494,0.7191417910021246,0.1123814289398714,5944.033856269692,2754.108527784482,6.558889389038086,0.19710103,1.3004303,2.5539398,0.19702321,0.0067464470694865,0.681496644359044,6.597785506920138,1.2848301327502798,8.477033628757082,59671.78,0.0010285354585347,0.0062111420556902,0.133149317216723,0.2491177115827746,0.5607686450905277,0.0569581407650167,4473.594321873556,3089.6959460162025,6.645327091217041
13,7200,2,0.16601953,1.0648727,2.063465,0.16521023,-0.0154476653310847,1.036844042676929,6.414141441301407,1.3000994907734436,8.33902202163503,42335.977,0.0007876805968613,0.0043682479299604,0.0112132016650837,0.0454860655360082,0.8229147354385761,0.1203639189848137,6491.71935327329,2318.108350705412,6.399151802062988,0.22753486,1.2907028,2.53973,0.22750236,-0.0049913472782997,0.2636722323497653,5.672549769759568,1.2657369269845793,7.179955713774114,79521.96,0.0007067343035237,0.0082818530499935,0.0437661026194678,0.5431365075724787,0.3754031454113516,0.0376897566822659,3291.774117383693,3044.3553888232773,6.325407028198242,0.13695875,0.936985,1.778698,0.13635357,-0.0085617641916545,1.0711256206029702,6.841366680448867,1.3009007366529148,8.89993895437362,28811.824,0.0003768768990497,0.0029747299849987,0.040183414690107,0.1105410394820523,0.7365839804267063,0.1126873067147104,6062.2599888818095,2650.0655368870675,6.554522514343262,0.19581601,1.1813164,2.3158073,0.19572783,-0.0014884107270757,0.6950408891939346,6.032787484017197,1.28486586042165,7.751322681432302,58896.246,0.001021887637057,0.0061313854530453,0.1008962903447109,0.2662586152120796,0.5776695234513018,0.0551706437570694,4565.526517185707,3048.083304466228,6.6503777503967285
14,7800,2,0.166604,1.0791779,2.0871162,0.1657905,-0.0110364370656046,1.023156486546669,6.477502782681733,1.2999950700427765,8.420721683725162,42634.59,0.0007882858502054,0.0043939822353422,0.0088660203635924,0.0447463796812218,0.8267304858597053,0.119634845439684,6504.343014691366,2292.8063362210173,6.391293525695801,0.22548656,1.2976646,2.5336266,0.22545634,0.010590719287752,0.320772041930442,5.754953345325934,1.268483618505906,7.300064043844083,78096.68,0.0008292379434777,0.0081339441239833,0.038795300379166,0.5374026935745592,0.3853575139477477,0.0384400301209153,3361.489516204384,3055.2269148591804,6.324105739593506,0.13738193,0.9672165,1.8090248,0.13678096,-0.0115188243350314,1.063044802752929,7.040347435749544,1.3005886229716048,9.15659577676982,28990.148,0.0003786779114722,0.0029925755225121,0.0346314977056166,0.1094053017082302,0.7425079438029829,0.1134512107053435,6099.560356363842,2611.9928347293408,6.542817115783691,0.19437656,1.2485504,2.4656296,0.19428219,-0.0063658807229477,0.7308290411701934,6.42335900717235,1.2866090432096615,8.264351786452698,58033.527,0.0010432570950209,0.0060360794886946,0.0870304354410403,0.2625637208837194,0.5961569793823205,0.0542433867389121,4659.394288871767,3009.9357390151404,6.655778884887695
15,8400,2,0.16561054,1.0601044,2.0511627,0.16479355,-0.0135246824032469,1.0404525918131489,6.401189137741981,1.3014200948579275,8.330636174894007,42127.645,0.0007826618358091,0.0043465294875204,0.0073921219069866,0.0422181257637277,0.8291977447232798,0.1211687659839755,6539.455220831164,2275.67361986113,6.358647346496582,0.21698155,1.4075279,2.709961,0.2169535,0.0038594830978854,0.3209816745869407,6.486855474226158,1.2681667640851442,8.226414515875305,72316.41,0.000711494304853,0.0075293080881237,0.0342297794088101,0.5135064387081637,0.411311080004047,0.0409476032760374,3540.48448977977,3088.876788671585,6.383901596069336,0.1367356,1.0018349,1.913929,0.1361205,-0.0107332779089988,1.105810907554324,7.326803303851716,1.3035465151751835,9.550828914179776,28718.02,0.0003865514555722,0.002965910360217,0.0349647093987785,0.1013037025716791,0.7484288556683903,0.1152980832187303,6150.245574039354,2575.88291535501,6.5363311767578125,0.19030471,1.2188911,2.4029732,0.19021714,-0.0018651615659161,0.7923968206276903,6.404944651314035,1.289441261055924,8.258799908227163,55627.598,0.0010392999014876,0.0057896375656127,0.0801758928329536,0.2438579130598837,0.6204584725311469,0.0555020008104791,4815.451910679506,2954.0531169006217,6.683042526245117
16,9000,2,0.16549242,1.0174751,1.9791603,0.16470574,-0.0137632539478722,1.0307740649830066,6.148167730438102,1.3010637881515286,7.999158397603118,42067.566,0.0007731715438627,0.0043416046537458,0.008269881326509,0.041631286842755,0.8278969593820046,0.1221792454825424,6547.389439430224,2282.4362488208,6.356217384338379,0.21617992,1.3245583,2.5167465,0.21614581,0.0040243023963286,0.333344068972643,6.127110438515236,1.2691855365015194,7.776439949146992,71783.055,0.0007280381834425,0.007472560275346,0.0383639528424685,0.5054572444698947,0.4142372554011401,0.0419370409151066,3564.0396810638795,3102.156368837836,6.400026798248291,0.13592272,0.8307457,1.6425133,0.13527669,-0.0054600112080692,1.0992469145829586,6.111897460263341,1.3027535278484583,7.962295978264681,28377.576,0.0003752005094225,0.0029288358055055,0.0312513240940819,0.095757665723955,0.7565735612581271,0.1164129943238295,6211.501652755949,2526.054813609138,6.533697605133057,0.19087268,1.2251854,2.4127007,0.1907711,-0.0018791462521557,0.7500155048383612,6.418861870791116,1.2877828588277591,8.266100290431188,55960.137,0.0009955093985617,0.0058212857693433,0.0831216888813364,0.246815604260449,0.6159014922089645,0.0541554999876572,4779.2937575166325,2970.143412677978,6.647053718566895
17,9600,2,0.16417613400607317,1.029057299190162,2.0006171131864043,0.16331287980046888,-0.013585775224216464,1.0335025751630253,6.270957604667928,1.3011766219252052,8.161787901800295,41418.49513187178,0.0007496488236826068,0.004265886133771886,0.01309904879394784,0.04523912966328792,0.816880600737868,0.1272050520167824,6590.5876535252,2346.4435428803345,6.34002433296382,0.22428604085955198,1.3514403928214318,2.629547109477166,0.2242544594194413,-0.0015414042714533341,0.3292650279128192,5.929959650807764,1.2693776876828364,7.527041131113146,77364.27973522744,0.0008721629358982675,0.008056812784484797,0.05024591600024068,0.5301358340556814,0.40412398577128084,0.03788621468857967,3372.9781747007205,3063.807224838896,6.342679878779517,0.13921282338774632,0.882584033454429,1.7248365465242468,0.1386221658990872,-0.01244654669584021,1.0909837396473943,6.535938162243087,1.3029743381771486,8.533111059916292,29847.64883661195,0.0003803123506323784,0.0030838130941360903,0.050671041813723006,0.11649350361743377,0.7196635280355641,0.11067548093782605,6005.931172237415,2722.901497381566,6.489888729578093,0.19579775700450514,1.3182798652415784,2.508394715078683,0.19570857837812908,-0.006725954896333023,0.7368352581136468,6.91906796358827,1.2878407159555432,8.928177263323205,59051.538832656566,0.001008346792232058,0.006145270940373016,0.09374451190062696,0.24997967656003478,0.5821828570184424,0.05416710185438732,4732.733699050468,3026.264887550446,6.640806569659858
18,10200,2,0.16471502624270937,1.0290752367550369,2.0012203080595357,0.16383640931332635,-0.013577876657114053,1.0364552463765608,6.2700867912036315,1.302394364580286,8.160350542489606,41689.0850183015,0.0007495096195171643,0.004293463803674001,0.013139302248410964,0.045241211323862766,0.8148517834234664,0.1277620714765497,6559.768091463875,2362.130877707434,6.334610848350722,0.22957924566080853,1.3511354293024849,2.6284521764929685,0.22952328743422815,6.850317170974335e-05,0.3282772511210331,5.9300834201125845,1.2692648392843904,7.527205593374524,81059.9433616077,0.0008734035652101372,0.008435480454154532,0.04757294674212122,0.5385200879802047,0.38990758464342634,0.0375494037555244,3313.2208600047934,3057.0397548260057,6.327995022608857,0.13617682283701502,0.8802194511065305,1.717298649145705,0.13553587847347232,-0.01235456548944528,1.0092416869770278,6.533242399401797,1.2996496752425295,8.529428102628016,28568.81946530995,0.00036640894113440926,0.0029461273847412512,0.05523670367907399,0.11408363423142778,0.7094515501673962,0.10976789198056719,6027.798107656568,2776.0928932018446,6.511545903112597,0.19181181136987197,1.3181232910319574,2.508795243909287,0.19173430566093577,-0.006729469784012822,0.7055633232636117,6.911596999736759,1.2857575751570487,8.918105763664864,56689.20075198229,0.0010109397561831551,0.005898242789492755,0.11728896777529599,0.25512916399736996,0.5878007146365649,0.05530653372498857,4627.250080260853,3081.5256860739923,6.616426717339198
19,10800,2,0.16570102685327961,1.029046905602148,2.0002057546367267,0.1647938300689677,-0.013617119467845589,1.0485955461372072,6.271186088852367,1.306127525899394,8.162232120684207,42170.38670969932,0.0007491649904611135,0.00434152569246984,0.018097029121579872,0.04523352621786933,0.802503645649025,0.1292625368351034,6558.525254777935,2440.5095581200358,6.292527831181878,0.22700103288556336,1.3511156037067924,2.6286930686188965,0.22695529527765435,-0.000990952489251812,0.3301941581827244,5.930236884950749,1.2694272505187212,7.527439669226062,79276.74027458882,0.0008700444826581526,0.008254660264388203,0.047241822245225024,0.5158534333900422,0.46884140355631043,0.037419094967107304,3504.780133848202,3074.2702221668847,6.367329416338761,0.13158047139056536,0.8874510785076098,1.7305043917255183,0.13087970918046354,-0.012305817383794259,0.6280419016540474,6.5576639210846315,1.2849496197108143,8.556211863440941,26679.409415862872,0.0003300326417434812,0.0027461339915004004,0.06745448768446624,0.1368206410432164,0.6393794390011904,0.10777765774309908,5942.631087534496,3096.1620073326417,6.530746843724259,0.1921513763079768,1.3186262259333719,2.5075416488840303,0.19207461016683197,-0.006929792988816568,0.5079011368379431,6.9229394133618625,1.2783546200787874,8.934128307368818,56887.90977797487,0.0010160940908452796,0.0059181362019201786,0.1465640738751313,0.24756703357365173,0.5675028389422027,0.05625186113716692,4822.659674968769,3157.3070204760456,6.65037038553733
20,11400,2,0.16516721998825035,1.0290431767877735,2.0001919121646083,0.16427495334302855,-0.013624060161416941,1.0433789155196604,6.2714320095823375,1.3045732253757718,8.162621441022885,41912.03028164036,0.0007493136604178117,0.00431508385216208,0.014066455495340788,0.04523519889757405,0.8062079060880945,0.12878654102819104,6558.094195392268,2414.325465031292,6.3075415423340635,0.22564979195511894,1.3509616641469635,2.6282969272362293,0.22561108638987115,-0.0003646573430333255,0.33061898072915463,5.9304966632486895,1.2695180610888415,7.5278169522247085,78329.36307306521,0.0008692559586701366,0.00815322937770261,0.05304218733957536,0.5217913302684167,0.43547990937419867,0.037483234989096184,3429.76490048834,3069.4012676633774,6.346696807201257,0.13618125208788137,0.8766484438234811,1.7157171976704764,0.1355457530484119,-0.01205243273285841,0.7506591734991667,6.524033806602654,1.289610195876541,8.517129290387118,28570.663992215053,0.0003461239616342739,0.002949959646468184,0.06529744191453563,0.12433861300845638,0.6588223055811533,0.1076284988835978,6009.070508629453,3016.5765619776716,6.531176782199046,0.19332059555360903,1.3185891312369784,2.506989278003001,0.19322797286155233,-0.006588874104522994,0.5567633747371736,6.923278510590774,1.2804089032324406,8.934450068852072,57575.74000452484,0.0010144401073130685,0.005990727333737815,0.09922616818461585,0.2506074834802458,0.5751119173554213,0.056775073620243754,4689.54062829508,3190.9976500443404,6.616660684959454
21,12000,2,0.1628027052827165,1.0290524163978936,2.0005177340985476,0.1619658321532667,-0.013572714131281156,1.031651680943233,6.271356417985571,1.300413376472148,8.162445952250563,40704.774552052615,0.0007499139645781697,0.0041942688866194065,0.01786577542591556,0.045240970958638126,0.8139778312835828,0.12784221554068592,6528.838233770039,2368.272683887617,6.274422314208925,0.21596783043259388,1.3519205791433981,2.6306229354990363,0.2159714299572349,-0.0010609211456747488,0.32640298634203607,5.9297810370808826,1.2691346042267881,7.526762139566774,71283.52543960419,0.0008807094408308848,0.007440138089116905,0.05005271631562084,0.5347874056232187,0.3902066526657201,0.03783980184707535,3346.746435568148,3060.462986856009,6.349941828333749,0.15147099335007158,0.884176510378582,1.7369802777381895,0.15097965882022138,-0.012301411836481008,1.0186471907038737,6.527174745512203,1.3002772123022879,8.522278504722788,35260.52593829077,0.0004069525079357533,0.0036537493339012803,0.055912172347920175,0.10796794172195444,0.7081787338109912,0.10897307142541279,6073.480614809609,2791.735928280608,6.4840979608482,0.20239666951118926,1.3176436479598794,2.5099896568102804,0.2022942881934085,-0.007076308825670726,0.8124708924577048,6.912339337737881,1.2915579556931547,8.91869249749457,63105.81263337718,0.0010024214008098194,0.006566407478227064,0.14250879430627353,0.25479670600644566,0.5819293707309446,0.05648041157441591,4585.724039718509,3242.3684795909917,6.595834123645233
22,12600,2,0.16387824688282293,1.0290541905346744,2.0004502191658116,0.16301777919423704,-0.013573392127671214,1.0288143644562961,6.271134709693066,1.2996626308629602,8.162064991763401,41266.63270910909,0.0007498071632761375,0.00425137378838202,0.01528922475155619,0.04523765967128273,0.8159381327955046,0.1272179116257285,6576.813012420567,2346.261751056531,6.332894852184669,0.21885909653915867,1.3517124110000582,2.629922778603366,0.21884879509736763,-0.0012890381687846884,0.3265270973103779,5.929890773263536,1.2691207148567918,7.526916913030397,73434.92286299041,0.000879490673381423,0.007658589424097935,0.052337510037342626,0.5300821754022852,0.3973414140604622,0.03799502729024071,3366.213171258047,3066.911021350009,6.351626529856759,0.14926969930743453,0.881563744833134,1.728807502390315,0.14870280127415356,-0.012113064453585176,0.9687886830704056,6.523120446146624,1.2980351022150098,8.517149745459076,34259.035467046604,0.00039513198819609294,0.003543843267200377,0.058307915208497235,0.11017082446631064,0.6922622658535383,0.10816526787133283,6081.369292998741,2832.6738885390128,6.518326088696156,0.2023204937805474,1.3180620415443574,2.5085621003271132,0.2022124515297983,-0.006849727339419782,0.7196838640994604,6.920791653425624,1.2863643289992523,8.930639633921919,63057.988339635114,0.0010057374309340862,0.006557919102296272,0.12179612392806796,0.25408200043716145,0.5787404616249081,0.057460554771599726,4570.416325799272,3299.510683518916,6.591625985634377
23,13200,2,0.16090865,1.6402245,2.9410362,0.16014689,-0.0216151957557456,0.8032426323034949,10.19351298153938,1.2887575433987604,13.13696674877371,39769.49,0.0005384735335674,0.0040983445942401,0.0303807115616041,0.0571927186352907,0.77708703910808,0.1353120730330725,6256.882633679255,2618.8145004613925,6.486902236938477,0.24231562,1.8009186,3.4949303,0.24229273,-0.0081331720909455,0.3830245307552573,7.432119224204496,1.2682384588585622,9.4256994309971,90189.09,0.0013205420395589,0.0093623986467719,0.0943744560493715,0.5881215768233812,0.282689825957573,0.0348092978843627,2664.7481285385184,2896.992431248723,6.1688642501831055,0.14598036,1.2417793,2.240467,0.14536758,-0.056387026697375,0.8643798889422949,8.506482264765683,1.2910295196803032,10.982119712524687,32732.568,0.0003925385851621,0.0033728126436471,0.1118555554917109,0.1967519424908089,0.5678705545419349,0.1235174601252437,5100.081105836297,3276.350841895368,6.572203636169434,0.2124712,1.6231537,2.8794289,0.21237835,-0.0120862311190172,0.4201920102021161,7.639405581159695,1.273542906489188,9.729110787725633,69341.2,0.0008563436655627,0.0071957199834287,0.2176035066987814,0.2947352664572831,0.4223029826386298,0.0653536736649722,3651.826336706228,3224.746041075086,6.472742557525635
24,13800,2,0.16477713,2.0950317,4.172611,0.16403316,-0.017796333104908,1.5408576566839969,12.714335658630205,1.2972649755437813,16.493862337348435,41704.71,0.0011359265664153,0.0042836503125727,0.0261063018245582,0.0585749764323119,0.7848212681429619,0.1304719531639357,6200.488365322876,2588.5554918994803,6.508408546447754,0.24737687,1.9864082,3.7587166,0.24736167,-0.0151498848540611,0.71265271726574,8.02988654840045,1.2757030890808037,10.243751074804257,93996.01,0.0026687895897746,0.0097639933228492,0.0879021589267783,0.6028566555226481,0.2753140783280958,0.0339225018917932,2630.055927760937,2865.321331101596,6.1579413414001465,0.14709099,1.9685745,3.4416199,0.1465275,-0.0816543613629907,1.1939591102786178,13.383379719452176,1.2968475758359368,17.35620354578139,33232.523,0.0005588994662435,0.0034187750425189,0.1028422275219227,0.2042623682390954,0.5681785444028327,0.1247124583531166,5117.383141806757,3271.349677371817,6.58873462677002,0.21634138,1.6290665,3.1253815,0.21626554,-0.0224617584137124,0.6122863194471049,7.5300735120764255,1.280538039584569,9.642545573126606,71890.32,0.0013412598022201,0.0074391313828527,0.1966320056688197,0.3159906413262314,0.4247671092501845,0.0626054706607932,3633.0332325969575,3195.998991042159,6.502694129943848
25,14400,2,0.16314471,2.093792,3.9212227,0.1624256,-0.0154633686487964,1.1792955730627543,12.83395576500821,1.2948794900262006,16.61842609611451,40882.477,0.0008354387758062,0.0042137755081057,0.0220338284179561,0.0554981252521897,0.7888873857754973,0.1335516775322924,6256.874597104808,2558.898059595882,6.4960126876831055,0.23217109,1.7580032,3.4147263,0.2321529,-0.0050510744164676,0.2998655807121868,7.57201616505533,1.2657264340630865,9.58410101930481,82795.65,0.0008712828567204,0.0086280796676874,0.0786476463938085,0.5737221687249883,0.308207825030959,0.039416537672738,2880.180763814209,2959.095278731112,6.297842979431152,0.14029947,1.5581131,2.8095245,0.13962764,-0.018193403951472,0.8016501922331254,11.105623611096563,1.2874297357169964,14.297710070708394,30234.531,0.0003106054081577,0.0031233355402946,0.0789765799369999,0.1746180138369902,0.6163125777772793,0.1300878056247627,5455.402511151803,3129.9272077391147,6.617917060852051,0.2057659,1.5773773,2.959919,0.20567067,-0.0053807384946052,0.5184027038243806,7.665882910437549,1.2764027570195824,9.78475408191934,65033.637,0.0009293106189433,0.0067758993245661,0.1743727618753493,0.3005161178414524,0.4612993365540241,0.0638059421120663,3865.4203904525866,3184.065161301761,6.5736236572265625
26,15000,2,0.17642058,1.7316818,3.1625748,0.17573136,-0.0148669822867618,1.2723571403047282,9.815644984882349,1.3070712806963567,12.829747661323662,47806.805,0.0012325542854453,0.0049486877396702,0.0167596475753888,0.0451716303862357,0.8267928995040168,0.111251562708941,6377.90008150281,2340.57474123359,6.393857955932617,0.2375126,1.4094353,2.7129173,0.2374851,-0.0098385153171957,0.4127105049728699,5.934149396798608,1.2730490942300483,7.5544635146520625,86649.195,0.0013133853373932,0.0090132215991616,0.0855803168121868,0.4976099086509706,0.3814287498493154,0.0353758226329293,3272.160864601728,3065.0844257780204,6.337189197540283,0.15523325,1.1451721,2.24514,0.15459453,-0.0286615740060104,1.1085056308927843,7.377105910021153,1.3032289783221125,9.614058198152817,37013.547,0.0006436901944289,0.0038229185156524,0.0771698993239397,0.1554556037575466,0.6614215211942046,0.1059490928391602,5520.176197730697,2985.9119728063324,6.521697998046875,0.22018814,1.3420105,2.6734352,0.22009084,-0.014770463303547,0.7157152229942056,6.094835501782753,1.28728714112595,7.845803368758497,74469.61,0.0016823484518741,0.0077442051842808,0.1578957321362187,0.2633644976249395,0.5269641648058359,0.0517707309924145,4167.8418533832655,3134.947086081292,6.521547794342041
27,15600,2,0.1735532,1.469326,2.8177261,0.17287707,-0.0117256947165921,1.1837159637967032,8.466141974533766,1.3057965151927196,11.0550586875367,46265.414,0.0010739349915654,0.0047790044918656,0.0171662439890517,0.0428218706361265,0.8265369973074712,0.1134489995410985,6420.853436604692,2336.476092378245,6.363677024841309,0.23163787,1.5892029,2.8648376,0.23160128,0.0008148454117352,0.4041272609892616,6.86072149197351,1.2724875908488515,8.730182962844,82415.77,0.0011634731445093,0.0085772816091775,0.0759658937697827,0.497670738436879,0.3901442172034275,0.0362138096869043,3330.603989141814,3089.533334520472,6.314617156982422,0.1549575,1.136303,2.22826,0.15429586,-0.0371275882662727,1.0698504926206516,7.332997276042678,1.3026196830080743,9.552106587279432,36882.168,0.0006168414223369,0.003805061103776,0.1027463524075805,0.1448905538776265,0.6493037555996255,0.1030553681689323,5415.760252799848,3041.3886733711734,6.496250152587891,0.21808536,1.465702,2.8152466,0.21797958,-0.0038669396053067,0.6895243496243659,6.720772239395054,1.2861261544926472,8.643760955513732,73054.05,0.0015597524816151,0.007615853101015,0.1764041951670307,0.2485461561087581,0.5256228094586359,0.0494214355615232,4133.977138174844,3137.5164499066705,6.494043827056885
28,16200,2,0.17596562,2.0022392,3.9684296,0.1753359,-0.0109327819979503,1.5565253333329103,11.378581814782214,1.308817208629342,14.892483689068484,47560.55,0.00149233907323,0.0049142898060381,0.0161297283144464,0.0401952667680702,0.8332260529242648,0.1104248984245358,6415.378254399724,2300.477894605372,6.374956130981445,0.22960778,1.8703461,3.499031,0.22957721,-0.0035782745857183,0.4511602789020634,8.145830700859348,1.2727931967474728,10.36795789795563,80977.51,0.0012539413471975,0.0084239160642027,0.080390348433942,0.4740422753784891,0.4082703351635621,0.0372920312929225,3443.5322112331114,3106.785096566618,6.361508369445801,0.1541027,1.3277054,2.6014328,0.15348954,-0.0256123548711228,1.0489547458281263,8.615717964676435,1.299139407785688,11.19301873435089,36476.375,0.000591558530119,0.0037672568578273,0.0842401412733979,0.1400193105480554,0.6726982191623664,0.1030384814665941,5559.746756962391,2954.351206655159,6.508188247680664,0.21678564,1.7189026,3.1636238,0.21668251,-0.0090279901944745,0.7103083607185812,7.929042678533846,1.285875680439993,10.195763149544486,72185.88,0.0015688050058223,0.0075019933283329,0.1591431762409892,0.2446013781571964,0.5478139969405851,0.0484356215494967,4261.636905955101,3106.3127445325795,6.517277240753174
29,16800,2,0.1633527142362828,1.0290618679683448,2.000609669480518,0.16250177402931806,-0.013564434286796666,1.0310687767120303,6.270888022705485,1.3001950699269895,8.161658284253077,40994.748329777525,0.0007498366905258086,0.004223130855712594,0.014833773281407996,0.04523852825436395,0.8175621252965246,0.12700536268937732,6607.713725082134,2340.6765436730866,6.3359543340103555,0.21731629180815318,1.3511844099881447,2.629284721839729,0.21732052061473425,-0.001646519409621032,0.3278445804466723,5.930596170353123,1.269217960272991,7.52793016635032,72291.93669980491,0.0008766119028374808,0.0075384578431884255,0.046026316612679016,0.5284343500766951,0.4173126995743388,0.03794079691748711,3391.2776173538227,3066.249819930977,6.346921011542198,0.14776025206822455,0.8873752493711436,1.740616479545806,0.14715412779937992,-0.011909696675693231,1.0572842117215626,6.538527071869632,1.3013891170294458,8.535977439411921,33579.76188501531,0.00040029215361528744,0.0034713996133546293,0.07319899641784422,0.12117700888206384,0.7020056386071919,0.11043703965657498,5976.798286631717,2810.32074771397,6.4847696699198485,0.2020526511875425,1.318503295929523,2.507986415275919,0.20194182324230014,-0.007175994046374836,0.7163796907040411,6.92955052088961,1.2872405715859145,8.942564993494218,62890.04372114033,0.0010059892155624371,0.006546540876328506,0.16724968037172186,0.2508861095389131,0.5779069491235845,0.054668505620663284,4735.2518208974125,3113.5899027489045,6.616773651806235
30,17400,2,0.16311706455474215,1.0290532328114683,2.0004839113833595,0.1622724441537788,-0.013502494723677866,1.0310993754912867,6.2712809883709095,1.3004200646792858,8.162319662348212,40871.18820382099,0.000749875421627155,0.0042110409938012445,0.018880070495941453,0.04523761401503601,0.8160762108427445,0.12714471679425504,6599.222718782441,2349.4544438018365,6.331050815339071,0.21358507977279548,1.3508913999123984,2.6287766642624386,0.21360449678841362,-0.001198668723150804,0.3283239893855922,5.9310960300366595,1.2692714995030594,7.528645701884654,69480.1833571211,0.0008761314628479755,0.007255636410359652,0.04715724885208262,0.5229249435539595,0.43185644723186223,0.03799797099779946,3441.184484527387,3071.520475072499,6.358874219064218,0.15087429907387678,0.8891952209334022,1.744402737256757,0.15030462190560195,-0.012147008998539143,1.0224806855980533,6.539581479884434,1.3000491088071788,8.537042948712774,34987.785467521244,0.0004056161928877789,0.0036201391196760664,0.08021391426215538,0.12479203839857882,0.6894468061762123,0.11012199261946978,5956.311090471258,2866.413800187201,6.487857409875137,0.20522884001287095,1.3184416154132743,2.5081484197043915,0.2051110801822101,-0.006873575687169925,0.723229335356897,6.9310483420662266,1.28708659856461,8.94462472859836,64900.66682580775,0.0010040778166881367,0.006752957169260654,0.15139977602013957,0.25136282776386054,0.5793141709613485,0.05485227481286473,4732.667256253283,3090.9036893869293,6.629746475925025
31,18000,2,0.16278986902969247,1.0290630062405954,2.0007201485360504,0.1619443953067018,-0.013582920240435177,1.0336598992990853,6.270924074453089,1.301072808094469,8.161730422042835,40697.940652669575,0.0007498588584039994,0.004193508072884573,0.017053515397073372,0.0452407731282969,0.8178339007581426,0.1271307456739744,6587.600698166442,2338.0562667077247,6.335670008383719,0.21981104855637978,1.3517156179468401,2.629683251056015,0.21980462057307362,-0.0014829985381856316,0.3279645234380503,5.929840585396779,1.2692525097381897,7.526859101539034,74134.45844360016,0.000875784877497022,0.00772792969350507,0.04718785803343443,0.5398498598444899,0.3815473143764937,0.037750208700451975,3310.8595352627926,3057.7132549870066,6.3180242673688705,0.15161703862432735,0.8831562217572871,1.730088829954663,0.15106952842392146,-0.012359508298638524,0.9641447529782579,6.524639420401831,1.2982197988088053,8.518983045306445,35327.429991321565,0.00040115981380116014,0.003657277193161438,0.08478699378060178,0.11756494929514229,0.6950883942700221,0.10975808505631686,5996.731541651988,2845.614320249519,6.496633738377351,0.2048040269984497,1.3176828996086614,2.5092268591359015,0.2046888535763205,-0.006509218851970547,0.7184254205813583,6.91546916161942,1.2873887112706386,8.923283965098118,64629.35301425833,0.001004488011830369,0.006725900877201331,0.14458329472852413,0.25489842906968163,0.5817531449327416,0.05656353863277755,4602.526214389626,3238.9157188677586,6.609398179185636
32,18600,2,0.16237626643448275,1.0290555093559697,2.0005595230579165,0.16154723962893194,-0.013571028564643114,1.0377077927336336,6.27128643008229,1.3024085029570007,8.162353041100452,40476.130155821025,0.0007498065661062914,0.004170353260217948,0.016020780921818426,0.04523908642067,0.8138643154636245,0.12771576739316612,6570.875486131168,2370.690602820727,6.298638949203377,0.21044153762238338,1.350989944587289,2.629006296289528,0.2104768664936282,-0.0011518620097474386,0.3274619244088852,5.931103650146147,1.2692044415736512,7.528650774342283,67059.17258542718,0.0008794034607255097,0.007006301891788545,0.05157752845751612,0.5174425677359943,0.44451287350833557,0.037840101871282075,3462.5509898594037,3069.061124999492,6.372636774103268,0.1559595809047532,0.8834871259405598,1.7366108814279553,0.15539473488020542,-0.012187161407188502,0.8141565751946621,6.521357975894036,1.293029361777474,8.514403201938782,37342.58749208227,0.000395030184242036,0.0038690061281507647,0.07730086865735786,0.12417540160795772,0.6705850485594136,0.1086711065063469,5996.444470805689,2970.966888911163,6.493920100731291,0.20853967523721953,1.3174271187054631,2.509955581627043,0.20841204585049716,-0.006465125461368332,0.6576091976715392,6.913935939132803,1.2844801040241192,8.921398303597098,67040.59973115708,0.00100493594086941,0.006978548271202308,0.1274916797887822,0.25225620661977893,0.5745301724277787,0.0574923401949971,4618.460884621323,3334.626642119318,6.609307838499749
33,19200,2,0.16255733038106707,1.0290567496737435,2.0005925622395306,0.16172362241670646,-0.013620179055500925,1.0356663227565188,6.271212071241848,1.3018600277653505,8.162222110584995,40573.619706303696,0.00074983870909901,0.0041816430841646055,0.019064700776003092,0.04523839167851979,0.8128726349985079,0.12779694575410355,6567.689874322444,2376.086215242203,6.301751781312206,0.21301169359111286,1.351763432636787,2.630799339659312,0.21303456851845723,-0.0016413767736451143,0.3276139025021218,5.93010354092886,1.2691974256066272,7.527227468782389,69042.1447051546,0.0008782643117156807,0.007208661643933701,0.049723673463521655,0.5252830935812036,0.42474674848005833,0.03774112111647855,3409.396022381058,3065.452409991436,6.364394557748595,0.1539323695125456,0.8890297702875072,1.7492394468121069,0.1533928952179547,-0.01210355857345969,0.9013825379644451,6.536059416155575,1.2954680322277259,8.532196029092058,36395.61933904307,0.00040030252897320015,0.003766658822066009,0.06392905166250556,0.11676260942626458,0.6777648658404556,0.10803683398225838,6060.990948188306,2933.3640707813215,6.505861223097263,0.2071194449121435,1.3172261173372712,2.5107452808938393,0.20699635928472793,-0.007048758980252797,0.6922908207322671,6.908616433571246,1.2853438778233588,8.914060347866135,66117.129689771,0.0010042670438038092,0.0068800264833180635,0.1284435960894689,0.25358444043260137,0.5755174750040952,0.058040528742422035,4571.4496205305,3371.1729619583543,6.604380254155549
34,19800,2,0.16302753577131845,1.0290566790230435,2.000581461997988,0.16218228068836146,-0.013489169823068005,1.0335529156605172,6.271150621787726,1.3009565732791981,8.162108030527728,40823.979248766474,0.0007498229206021551,0.004206310663218954,0.014493081861227664,0.04524050924578252,0.8130514148909151,0.12801083077151595,6523.354748541125,2374.3712963882167,6.284733354814603,0.21922477928957446,1.3511616687917412,2.6292929103845344,0.21922143253603676,-0.001258843825266718,0.3274613971727244,5.930540101572751,1.2692154293167368,7.527850184629663,73704.16419642807,0.0008771219940447276,0.0076791959695357865,0.0505838144422228,0.5366589064985311,0.3888341367210679,0.03758886347446166,3313.3636299814916,3055.921726942443,6.32753050501673,0.15147425528605443,0.8913116273124583,1.7506939251143112,0.15094156490445448,-0.011949609288043414,0.9663248301679936,6.543926728827323,1.2976641853424369,8.54187281126511,35262.026098518225,0.00040100319083379433,0.003647516377320046,0.050219340798496576,0.11485035505294729,0.6875757199334124,0.10822674754187053,6077.081007628252,2893.3634733737495,6.497416840599284,0.20278481631798181,1.318011575914128,2.508712747614859,0.20267336373001144,-0.0067959336416907705,0.7508345598170104,6.920198365265591,1.2881575184085186,8.929702353506013,63349.85065896556,0.0010043883115092834,0.006593605134893256,0.1341732175229908,0.2547441647593629,0.5760992008220683,0.058510792478604995,4520.254608446365,3435.2322391348985,6.5844987449528585
35,20400,2,0.1856841,2.3430824,4.4748306,0.18504079,-0.0283178716824094,2.390781085150226,12.618648718832032,1.314373734643299,16.585620442812463,52959.105,0.0028420955673766,0.0054623889736831,0.0108443522610808,0.037685817541723,0.8241043285113214,0.1273350244443301,6433.606122747131,2392.3677317323245,6.313294410705566,0.24245659,1.6443253,3.203392,0.24241887,0.0010680954638049,0.4080373997032143,6.781936878290281,1.2708477079275873,8.61880893712033,90294.055,0.001410054528992,0.0093937460333108,0.053635453589596,0.5235134572947095,0.3827485822663443,0.0400959106464278,3298.9751326535898,3083.271531260255,6.301757335662842,0.15478583,2.185154,3.8068771,0.15417235,-0.0259878498624963,1.4372379445065322,14.117274212445572,1.3020985564617291,18.38208237331853,36800.492,0.00082499903364,0.0037963730283081,0.045995356834475,0.1292250530744658,0.6958852268146952,0.1288905605678853,5943.113689755624,2816.1784261953267,6.5536699295043945,0.2192441,2.1375656,3.9542198,0.21914266,-0.0114329928403599,1.0138278250910195,9.749706760310264,1.2911474760666442,12.588309276021912,73832.41,0.0023424795540038,0.007665408309549,0.1185100282392277,0.2688541922028724,0.5453465236836977,0.0672845325556753,4414.358325575289,3119.504466761597,6.631390571594238
36,21000,2,0.18516582,2.359867,4.511738,0.1845094,-0.0248136864674786,2.8423760982411777,12.74461487545132,1.319654785913986,16.818492015110742,52663.88,0.0033413722157229,0.0054282965138554,0.0146185492937147,0.0459673966461939,0.8117268174387342,0.1276541264726218,6316.204635158016,2478.169784470841,6.358804702758789,0.24632059,2.1823883,4.361248,0.24628359,-0.0055607770663076,0.59068377511164,8.85995077519218,1.2732675282147006,11.281087623678667,93195.016,0.0021744924747977,0.0096964510157704,0.0656454086453098,0.5441237248496014,0.3509001597392902,0.0393237191868188,3113.79853078794,3034.2761950942204,6.299883842468262,0.1548498,2.338791,4.419422,0.15428174,-0.056640159342397,1.993996551240098,15.103609636506112,1.304843189999574,19.70784217873421,36830.914,0.0011464812848965,0.0037954703439027,0.0614636907872028,0.1553255540932831,0.6609014022250852,0.1223047211328819,5677.631896268037,2980.9060785729657,6.559393882751465,0.22250485,2.279377,4.448509,0.22240968,-0.0195242533842045,1.2368481384495975,10.24416744436614,1.2922277235016524,13.237797175862491,76044.914,0.0030316170436909,0.007892457768321,0.1382735859635136,0.2937574974888766,0.5091408751910521,0.0588227754088506,4095.792682723836,3136.930432752457,6.588728904724121
37,21600,2,0.17646478,1.124382,2.2372246,0.17580114,-0.0200076077890308,0.8777668097022779,6.371707779947783,1.2950759918611323,8.251845773011931,47830.76,0.0008511602290497,0.0049437507987022,0.0144585539827868,0.0467810906649362,0.7991732586822127,0.1395500584461047,6492.173726376647,2507.0768739376467,6.284974575042725,0.23823634,1.4407158,2.861786,0.23819831,-0.000624159468357,0.307149385420765,6.047422498546962,1.2676638390607455,7.666098820962547,87178.07,0.0009894222422936,0.0090713240206241,0.0619180147586939,0.5327360870683102,0.363807665258357,0.0415305103462748,3227.95981603712,3083.4094720244925,6.29146146774292,0.1508005,1.0006905,1.9583702,0.15020098,-0.030011826712753,0.8653286656932884,6.635856542166756,1.2933143136871348,8.582248249615592,34929.855,0.0004474991086831,0.0036057343240827,0.0715574266335821,0.1461923217806844,0.6619824825073127,0.1202614487849123,5668.667667255907,2998.5890426907004,6.526615142822266,0.21044031,1.460743,2.7233124,0.21032792,-0.0085411411239815,0.6158689019316013,6.941364823676283,1.2825078885216723,8.902355143513985,68021.95,0.0012078249287973,0.0070738038048148,0.1390220170092507,0.2647144391148115,0.5382694139762083,0.0579879089197788,4301.772005106346,3132.991321079571,6.588940620422363
38,22200,2,0.17654291,1.130867,2.2060394,0.1758744,-0.0186759025376736,0.8884092916799382,6.405621259436314,1.29548587304646,8.298391849732825,47873.125,0.0008630067558883,0.0049449140205979,0.0141510169079525,0.0455566853740043,0.8030682761037516,0.1371879308576915,6495.416095859427,2482.7729007616254,6.291703224182129,0.23681802,1.3840675,2.7359962,0.23677847,-0.0082061467848682,0.3239513049523057,5.844435154274922,1.2687293106592834,7.415006184507416,86143.13,0.0010189167089043,0.0089691905304789,0.0701833453618017,0.5181057348423111,0.3695098537113482,0.0421932393538192,3265.8954842628978,3096.953887384125,6.30850887298584,0.15134235,1.0287285,2.0053864,0.15071854,-0.019886931230616,0.8878762185286706,6.797360446010204,1.294319149978503,8.797953794635557,35181.324,0.0004657944241324,0.0036282213404774,0.0813571208878554,0.1458626118214231,0.6587321692749274,0.1140431324226404,5591.868923688949,3018.2657888442923,6.511651039123535,0.21101789,1.4746666,2.8429985,0.2108975,-0.0027917204530878,0.6273114450687225,6.988348633000125,1.2829625250015584,8.965789407827518,68395.85,0.0012438280034592,0.007108197081834,0.1482188818373813,0.2596755351528396,0.5390961861211431,0.053002984911314,4258.414575710785,3127.1998925322687,6.564779281616211
39,22800,2,0.17679305,1.1450768,2.227974,0.17612356,-0.0194889681572195,0.904051462269876,6.476932930556203,1.2955472779762789,8.391172827864475,48008.88,0.0008831895926589,0.0049643283709883,0.0147527313550652,0.0458111887517802,0.8008105195607269,0.138588338536099,6496.332898112839,2498.531928228356,6.286386489868164,0.2325237,1.4059067,2.7489662,0.23247644,0.0071801211118207,0.3367813822154892,6.046294247346902,1.2696419439663895,7.676628782027334,83047.32,0.0009845027529814,0.0086356047540903,0.0697612662107364,0.5018723826341931,0.3838107082827319,0.0445473520316905,3376.3147961169643,3117.4827205395345,6.371421813964844,0.15152271,0.959301,1.9102097,0.15088253,-0.0347543645126534,0.9086770919050936,6.331070695911225,1.2956204381776348,8.20266458922422,35265.223,0.0004789834486201,0.0036373601760715,0.0844692197986696,0.1420198141463178,0.6577219561224015,0.1157844328794157,5599.460722319753,3023.1354258494,6.511247158050537,0.20944406,1.278305,2.5527,0.20933583,-0.0084906557726808,0.6548801424727642,6.103324429824313,1.284112891503246,7.837357581401518,67379.43,0.0012601841738136,0.0070175938308238,0.1504181804527314,0.2500085931001639,0.5459769259922996,0.0535903572796876,4309.468991473031,3117.798436162204,6.591732025146484
40,23400,2,0.17545724,1.067543,2.0885468,0.1747664,-0.0173853467787802,0.8946206680828039,6.084348727614079,1.2956130384081188,7.882961541763576,47286.13,0.0008478598946494,0.0048818942159414,0.0113203774700222,0.042164304057794,0.8078599069596918,0.1386194808310046,6545.303353507077,2448.268741721602,6.266968727111816,0.23021375,1.3706207,2.6723862,0.23016651,-0.0023791388631781,0.3164599337877338,5.953687600313906,1.2679945876969332,7.549243654069167,81405.5,0.0008888812448568,0.0084690023213624,0.0516961311793705,0.5123583579002569,0.3911118815768023,0.0448259692396266,3429.3154942861674,3120.061787436968,6.346235275268555,0.14885399,1.1190414,2.0469666,0.14826623,-0.0273492138814941,0.9271096229757704,7.51771223595274,1.2955841305123053,9.739828670723982,34033.934,0.0004551693189696,0.0035151068586856,0.0709424167838106,0.1364364309474786,0.677944600251095,0.1146716336250939,5709.409791086919,2948.256635278852,6.495100975036621,0.20687279,1.4147758,2.75383,0.20677465,-0.0070374220827078,0.6562576383041803,6.838868665078036,1.283540675608079,8.777966106811617,65735.195,0.0012019540539892,0.0068337973207235,0.1314182535587813,0.255943439040606,0.5602962030782781,0.0523354774708111,4395.990956284696,3086.1264830479167,6.595311164855957
41,24000,2,0.1631308483072465,1.029050657966756,2.0004350706218252,0.16229027268641882,-0.01359357199711843,1.0350493553346771,6.271385911578972,1.3015029578683546,8.16250831715341,40878.44470397955,0.0007497655195613959,0.004212084494639701,0.011965162740567692,0.04524074053533236,0.8131109151186978,0.12805165880598357,6542.888498947208,2380.327312402311,6.281841769468221,0.221123640231456,1.3513756681365034,2.629898894184894,0.2211176051265273,-0.0014918075075656735,0.327967196733397,5.930192696691565,1.2692575081511999,7.527360219361747,75091.8269016332,0.0008755141272118929,0.007828258608624836,0.05046255439015411,0.5377109577618344,0.3902597893834311,0.03739215652643211,3289.0387876284212,3054.129377340503,6.310415184002897,0.14682250547532072,0.8893675677657784,1.750370706368909,0.14630693315656393,-0.012146869997063225,1.0684781737232933,6.544333109042362,1.3019616735682518,8.542992046413485,33160.81507675107,0.000398752803121509,0.003432508064956411,0.07893702348943904,0.12176553590487556,0.6974700769782445,0.11030259549829463,5967.97785967719,2865.6002867152743,6.479756140614506,0.20015958550728458,1.3176311395356273,2.5092734874762304,0.20005425444471192,-0.007023527514506961,0.7995206427649356,6.909836776224818,1.2910206712557437,8.915302827853093,61711.36126537128,0.0010041570121558198,0.006421451479206732,0.12012485579120133,0.2497105131157346,0.5781152604501218,0.054773011504882924,4727.3068339535075,3104.249572477886,6.606728784073241
42,24600,2,0.16274516872007108,1.0290594030219773,2.0006092778506646,0.161916340998806,-0.013674169612185835,1.0361632875257987,6.27107802714434,1.3019032289994708,8.161998706119418,40674.11931421804,0.0007497943704344341,0.004190964384676837,0.015729180825276294,0.045240092308148114,0.812022871321446,0.12814583964217655,6556.808676546127,2385.097761594597,6.297750510076439,0.21612005117313526,1.351248260023431,2.6295624640272974,0.21613457861482208,-0.0006860684141750211,0.32778716555492665,5.930571742953816,1.2692300902454274,7.527896555840781,71397.79600718254,0.0008770315012226958,0.007448789211595179,0.04656735956880369,0.5306094891926508,0.42008254013681423,0.037471734240965116,3378.9007436687757,3060.9082246212047,6.332291084114666,0.15088908142590612,0.8887678019457022,1.7560962765522732,0.15040269837825182,-0.01202854753951281,0.945995184383216,6.538558927126648,1.2967741901868162,8.535354545826022,34994.528455760126,0.00039706677243699215,0.0036294593785926197,0.08184519690561917,0.11856257741864323,0.6679584058809577,0.10791753614077457,6043.096707885714,2981.132473429811,6.50877028732277,0.20370284178117368,1.3179994985185248,2.508866382436146,0.20358648501086674,-0.006673705729670622,0.7294710266806207,6.9208073564872725,1.2876866763759154,8.930568873942573,63929.48615067475,0.0010046657725988762,0.006656661467713552,0.13086516669331696,0.2527810915194598,0.576718766490584,0.05706311329855568,4620.704445206087,3293.4951370781687,6.60581980265299
43,25200,2,0.1631358756998192,1.0290504224644232,2.0003521460128892,0.16229613416233946,-0.013550148185179972,1.0374647594007465,6.271395019829397,1.3023357341443638,8.162533421244591,40881.09012922892,0.0007496990145321705,0.004211928341307584,0.014307779425154737,0.045238127022036105,0.8121236612442075,0.12796786601127927,6570.0069156008285,2381.601229164192,6.307073628968375,0.21301928207948875,1.3512459274205761,2.629477844770932,0.2130469132234866,-0.0006040668724762717,0.32923467535744655,5.930705468375405,1.2693153883305182,7.528094524830716,69047.95227062567,0.0008736646955582103,0.007212719245290108,0.05276930499285581,0.5163123713084746,0.4476238511264051,0.03776153369294883,3473.7740393807944,3071.219526711054,6.365291903273351,0.1495643754038656,0.8977849344340476,1.759847904115653,0.14906225774545404,-0.012219201414133586,0.8931747750797019,6.561357940219155,1.2950389303074796,8.56220199968955,34392.352799040644,0.0003877048616559561,0.003560038110581628,0.07198645486881061,0.1271574273140085,0.664713412902663,0.10850514631092036,5997.991893930881,3002.0504525568117,6.498525188485586,0.20443462437721385,1.3181621111998045,2.50858601250546,0.2043176040124208,-0.007481520477360295,0.6660111179561046,6.92475034600535,1.2852265722433314,8.936132575249449,64394.01585726371,0.001006636283303814,0.006699846323993675,0.10124930997478529,0.2514972945311743,0.5747984111386101,0.057431232122423514,4622.293442728045,3311.2906892532815,6.613657308037345
44,25800,2,0.16301972843663118,1.0290686897407955,2.000919428839257,0.16217875078388225,-0.013542573321742954,1.03672324097801,6.270655520956073,1.3024464627622971,8.161300552909196,40819.85430376255,0.0007497365094526656,0.004205424493059172,0.013706095782815599,0.045237835777692526,0.8122943767190484,0.1279178967489701,6571.745314696779,2380.5980498836125,6.301367973098768,0.2158918284693,1.351194905783847,2.629127083676027,0.2159086273494807,-0.0006954718370882864,0.32809155083239794,5.930644801575648,1.2692783296881995,7.528004903370504,71226.41525205625,0.0008762818381046944,0.0074333336299267265,0.05062599409646887,0.5237050220400784,0.42892202250815137,0.037705913802077176,3415.784074087906,3067.2649424498827,6.354729607722755,0.1503094059461436,0.9049958805043901,1.7948477263940092,0.1498215796430577,-0.011943922608619918,0.9046501315158899,6.577530685420445,1.294662222349738,8.581357083999665,34730.45282798135,0.0003908946626474824,0.0036010650957739162,0.06609691449116281,0.12187124387679495,0.6606830009030376,0.10748451977113205,6053.810664073676,3015.7869142546992,6.51235552751317,0.20525088998077223,1.3173210105783573,2.510210843989859,0.20514263468641392,-0.00644725391704765,0.6776623554908746,6.9086564830229324,1.285596949565402,8.914095962328153,64914.7724231361,0.001005798735443639,0.006759419319160521,0.1200656707541932,0.2546545848205741,0.5740104106284143,0.05941711858042819,4513.751104796746,3473.4609770150287,6.603926747191549
45,26400,2,0.16296980543663758,1.0290567418291534,2.0005835514664962,0.1621309003100869,-0.013606405301205299,1.0383965206206511,6.271156042028724,1.3025687625837934,8.162137436608345,40793.45968802298,0.0007496974202346037,0.004203189641441623,0.0144519249961658,0.04523869417788568,0.8102937734747988,0.12835099123699792,6538.781844536747,2391.563504311297,6.299159899027014,0.21592756374513183,1.3512564232162787,2.629522201445871,0.215944198228553,0.0003621909320605499,0.3276096713099184,5.930570349713253,1.2692148244447516,7.527893150027496,71253.2652776759,0.0008775437160634277,0.007431682286794134,0.049771180367752445,0.5294773408461205,0.41895051781263026,0.03739468445714598,3381.5276484492765,3061.3895400343217,6.338818229689312,0.15048877969674596,0.8991981683393431,1.774865961786433,0.15004364786169885,-0.012147250768862482,0.8800688714984941,6.56361006967467,1.2943184873476663,8.564760902191308,34812.069792658775,0.00038862953269605126,0.003611908582689443,0.05772923271731742,0.12709944617612207,0.6595948290180293,0.10785694194685093,6022.422923692001,3022.293189064327,6.504355321712197,0.20523178038922232,1.317488799221712,2.50966205990424,0.20511757334733507,-0.007128776623118723,0.6678567327717607,6.9119934526933635,1.283925479128486,8.918783712787851,64902.55506235543,0.0010061809777378774,0.0067582969329288405,0.1133817726690172,0.2527540046474177,0.5727136612347565,0.05870311752907034,4573.442588121381,3425.4966786275068,6.605359737381484
46,27000,2,0.163188360457667,1.0290530522624237,2.0005028468237085,0.16234472878615705,-0.013578807973676133,1.0373909096896599,6.271278847905802,1.3023149604296678,8.16233924236915,40908.68012130687,0.0007496934002798522,0.004214615789725849,0.014500414106691902,0.04523793573784528,0.8095835880630912,0.12841171151431113,6534.58824587778,2396.0994610117805,6.28803322673963,0.21455974521979543,1.3521033824471238,2.6308078691698706,0.2145838721629448,-0.0019381441251552784,0.32549998580996714,5.929633368568401,1.2690505135998353,7.526543001668582,70221.15135575598,0.0008836378001422392,0.007324284719105822,0.05285732751563167,0.5244887901393245,0.4251853025081379,0.037556683054859354,3409.7968115825392,3066.126206352479,6.3471729443352,0.14920878074379484,0.9006389797618567,1.782069093002312,0.14875218512060134,-0.012274671169919387,0.9378980603924625,6.568570186696349,1.296628160426957,8.571039491926156,34231.50881567018,0.0003916288779747231,0.0035486560841580797,0.053722536551597894,0.130168187940765,0.6560903352075297,0.10789284732049095,6015.9618815283875,3048.573421785572,6.4952339257068425,0.20322872750501564,1.317545304228172,2.5104822469320203,0.20312126681693912,-0.006975087059363231,0.702039618061019,6.911164699961474,1.2869020228458667,8.917429250430878,63629.70682478601,0.001005907319923329,0.006621980017509213,0.11833734224306117,0.25426960448209973,0.5739946181000375,0.059199966056432685,4520.979127366272,3458.442179200121,6.5915925382661
47,27600,2,0.17395988,1.0774612,2.136898,0.17325571,-0.0198777367694682,0.9215682117710368,6.193734072817041,1.2957548786960154,8.025561142244557,46482.496,0.0008439639464159,0.0047935368493199,0.0131324811450932,0.0431002527877235,0.8003206124748008,0.1434108195490194,6581.585177002137,2470.811311292537,6.259446144104004,0.23985222,1.3440132,2.6453018,0.23979957,-7.64501852541105e-05,0.2593106408450429,5.6035054214392055,1.2655148556041758,7.091319354319418,88364.68,0.0008582134315946,0.0091784447431564,0.0546778224404877,0.5489343275290591,0.35483847233351,0.0415417294034664,3161.724290766139,3089.053578136049,6.242393970489502,0.15130465,0.9399414,1.872158,0.15084282,-0.0298196511398371,0.8482564033505522,6.212244123709432,1.2923341517633549,8.028295240213975,35163.797,0.0004445659712762,0.0036304797977209,0.0638860490620032,0.1598630636074279,0.6561600383806706,0.1200860788423416,5630.766778961821,3018.021080840329,6.503178119659424,0.2120278,1.3888359,2.6532173,0.21194512,0.000363176946712,0.5751586917496243,6.55025372573725,1.2805711788845842,8.38806613560005,69052.09,0.0011624089383827,0.0071582505479454,0.1404330446155568,0.280582786084296,0.5169263058512091,0.0620522647381546,4229.812270348947,3177.2489074906957,6.519332408905029
48,28200,2,0.17366521,1.0655403,2.1266937,0.17294435,-0.0202567416083724,0.8871967929423112,6.135600273679273,1.2945704126309023,7.942966578080992,46325.156,0.000806995796565,0.0047818208113312,0.013520733072107,0.0442668807475767,0.8025726654835929,0.1396013095388776,6541.221607738826,2465.990717003541,6.282615184783936,0.23791608,1.3360023,2.6416779,0.23786017,0.0032754385993823,0.2618356949855069,5.615435231656567,1.2657012275657302,7.107463266053442,86943.84,0.0008389267644466,0.0090421270579099,0.0567857643071185,0.5387288067786749,0.3637284978035072,0.0407485881480255,3201.531884722472,3082.0224581244765,6.243157863616943,0.14791746,1.0099411,1.9610405,0.1473846,-0.0249173147802334,0.8776736491857391,6.827734002413703,1.2932376797316447,8.829882879166048,33607.03,0.000420156293694,0.0034725912846624,0.0639848387972742,0.1476520995754004,0.67729964567031,0.111058076964178,5682.171634863975,2948.168012948849,6.511481285095215,0.20692459,1.2080193,2.4075508,0.20684317,-0.0038042720985202,0.6126107578583593,5.8379686592585145,1.282004378562432,7.484301383115836,65768.12,0.0011231377157442,0.0068408227525651,0.1322104406345492,0.2639047673442745,0.5474327551834764,0.0564457486377324,4347.256349651362,3119.193311254252,6.576406478881836
49,28800,2,0.17357315,1.1282921,2.1953583,0.17283842,-0.0217596512935226,0.9247400766865428,6.500383704121192,1.2967843840228586,8.429596077709592,46276.055,0.0008393630989648,0.0047748009674251,0.0147354111958959,0.0448291973316574,0.8035494522448482,0.1368486967529347,6516.786229911003,2467.7943106235216,6.288538932800293,0.23818156,1.4689445,2.8054237,0.23812057,-0.0087746899121279,0.2914967331518068,6.167331098001934,1.2664753336612813,7.810772710174389,87137.98,0.0009381369517864,0.0090701216831803,0.0641891739188283,0.5347925945165007,0.3607744310113956,0.0402360127860348,3181.289836049228,3080.8750009489886,6.227801322937012,0.14755042,1.0792732,2.0140648,0.1470245,-0.0294475874645792,0.9416677045779362,7.31460629784697,1.2957463033373051,9.477874070867218,33440.45,0.0004463334792028,0.0034563788212835,0.0624513220873575,0.1484925362489725,0.6795145768666819,0.1095349713937705,5684.614443088703,2937.6598757233505,6.504364967346191,0.20855786,1.376915,2.6005745,0.20847118,-0.0036218417543452,0.6325467646390037,6.60207668129078,1.28325333827896,8.472136940880691,66810.44,0.00119673744115,0.0069510489702224,0.1408439952356667,0.2676543738641734,0.5389260884541645,0.0525694795702084,4262.300097307672,3124.343815443656,6.545405387878418
50,29400,2,0.17228672,1.3246536,2.3284912,0.17158452,-0.0148018071686912,0.8968789514585058,7.688657793967222,1.295521228078971,9.960819387577184,45592.65,0.0007902072946277,0.0047091185115277,0.0144997409799665,0.0471766163027472,0.7994843144408343,0.1388031994942943,6506.795367678595,2491.182328413328,6.298697471618652,0.23704152,1.5175819,2.9719353,0.23698759,-0.0061875063490648,0.3088607373038736,6.402177778412927,1.267868580106134,8.117120049537686,86305.82,0.0009751252072915,0.0089869797229766,0.0655678945667922,0.5382729672957608,0.3550724550927556,0.0410795648335337,3153.9750140728493,3083.7960754591363,6.225870132446289,0.14854889,0.9665489,1.8980026,0.14798045,-0.0262994651772454,0.9218264543731532,6.506604960339677,1.2960570741265671,8.432931387452019,33894.56,0.0004488763936327,0.0034976871684193,0.0705156687934258,0.1642518810707162,0.6565519395355786,0.1086755843542214,5537.129973079361,3029.8784586898155,6.502860069274902,0.20989995,1.3226509,2.520752,0.20981424,-0.006065744875805,0.6077116794066364,6.301339890857104,1.2824652610784628,8.081249508310687,67673.07,0.0011796329612024,0.0070547712966799,0.1376209273253397,0.2920572440283397,0.5186801905481847,0.0516356932392708,4130.2668344044105,3150.0493113927505,6.494542598724365
51,30000,2,0.17365447,1.1785507,2.3480415,0.17293327,-0.0142657175802026,0.9225492650805416,6.786757297223242,1.2959207547761291,8.795099639150596,46319.42,0.0008389448325057,0.0047861598432064,0.0159327615089008,0.0478217641364541,0.8004118423732879,0.1357957375521376,6476.2754600920825,2492.643414666371,6.312480926513672,0.2423693,1.5332222,2.9629707,0.24231505,0.0016076264564849,0.3718424102052178,6.325975424206651,1.2705562907012051,8.037507870080146,90229.055,0.001283126025321,0.0094133326783776,0.0742705359283846,0.5424995762466321,0.34368229336,0.0395398525744172,3076.604670527042,3061.4094986052805,6.202231407165527,0.15282093,1.1153221,2.1683693,0.1523211,-0.040499947513009,0.9542244528726846,7.298228808513075,1.298229644086078,9.474776988596693,35872.105,0.0005204534519325,0.0037156008183956,0.0923685787735951,0.1762751635280178,0.6261431606928831,0.1052077390510302,5316.195852241727,3134.581231846897,6.480686187744141,0.21561371,1.3780594,2.752304,0.2155309,-0.016668040044723,0.6348742949838972,6.391334765410514,1.2835221873250122,8.203419978064144,71407.52,0.0013721235437743,0.0074486201629042,0.1642082697789459,0.2848393858251647,0.5019832092645626,0.0489628052065482,3998.42435113753,3157.357548704788,6.46452522277832
52,30600,2,0.17425889,1.1303902,2.1601677,0.17355803,-0.0143772228827003,0.8726654053419742,6.486843693941969,1.295420865251409,8.403192670805174,46642.426,0.0008046879738945,0.0048176809214055,0.0135578160905508,0.0459121403754789,0.801857713200151,0.1386336372287593,6514.36843450759,2477.2618217210256,6.293216228485107,0.23848921,1.4090538,2.7801514,0.23843291,-0.0096679174851468,0.3552512145713651,5.90824968100722,1.2701403446469133,7.504306286125993,87363.234,0.0011492394238177,0.0090813497081398,0.0712634825491147,0.5265802312510314,0.3599117015507136,0.0422364187308153,3195.427465207348,3094.732539174311,6.247428894042969,0.1520324,1.0356903,2.0238876,0.15150186,-0.0316645650005054,0.9390671103489474,6.81229969801616,1.2973629042027774,8.838024920576082,35502.88,0.0005016967577865,0.0036720880307257,0.0868723915525897,0.1621021667887081,0.6419047827443557,0.1091154435381694,5441.581575627129,3086.9401405047206,6.482839584350586,0.21380247,1.3484001,2.5813103,0.21370636,0.0051590162762283,0.6423217096294627,6.30675644149447,1.2845872885592906,8.101579156821115,70212.86,0.0013421575163238,0.0072955386713147,0.1511732904200444,0.281569567940061,0.5169949032453309,0.0502557916067208,4103.720406618311,3146.0559065714665,6.495354652404785
53,31200,2,0.16319747994944456,1.0290626765373294,2.0005916480713832,0.1623593558463356,-0.013574862073738323,1.0405755675577193,6.270877546599317,1.3034611285932534,8.161684790672656,40913.46774325056,0.0007496061611670129,0.004215300385762861,0.017948883447570278,0.04523886975142774,0.8110686905326407,0.12818271401480102,6570.11453406287,2395.4386567520387,6.299294216210458,0.2214039546557825,1.351994924974387,2.630893853720376,0.22139757958352863,-0.0006923820977283009,0.32588599383048794,5.9294185844489995,1.269099566223287,7.52624238541589,75295.21274557819,0.0008802098011812486,0.007844373866631022,0.0443571135181398,0.5330444051090296,0.41753607848898633,0.03743388780028368,3361.7660077057685,3055.77815611371,6.257357583227819,0.14622997862235487,0.9020522136671522,1.7813418599033155,0.14573978145903435,-0.011866197197828408,0.9031256011373314,6.57570965119532,1.2955967449641088,8.579355139908067,32897.299302582964,0.0003804261893683142,0.0034076890523251943,0.12018714453610777,0.1277027298131182,0.6649621294604009,0.10954351183462321,5920.50747046485,3013.172116963319,6.506526231829044,0.19692607361677522,1.3177480306155314,2.508968607359015,0.19683322305656864,-0.00696568275723656,0.7908024370077642,6.908936971716528,1.2913656883497124,8.914043717050284,59732.08785185481,0.0010061728369363343,0.006217532627661566,0.23597552652447615,0.24767233271183575,0.5666043236023416,0.054795355491024926,4821.129358004924,3209.6587554699313,6.560795382051383
54,31800,2,0.16308800332672022,1.02905103477872,2.000414829246542,0.1622454964546636,-0.013574113879495751,1.040555320427329,6.271375926392673,1.303397193986311,8.16251420042977,40855.881019875414,0.0007496213282265587,0.0042090751968535635,0.020361428864716563,0.045239305117213295,0.8124897645381592,0.12793316555587284,6571.838462191002,2380.061078721915,6.313427647690775,0.21618822181642522,1.3509374653030617,2.628795089293259,0.21620650162877456,-0.0007336607140221288,0.3300040085149627,5.930937877273615,1.2694360156084954,7.528435395063065,71448.93328931718,0.0008712147656735526,0.00744845829728219,0.04731412648164268,0.5273425833791748,0.4301996123138677,0.037435849223716365,3399.5998477799317,3062.2458426583758,6.340150779871161,0.1460499175742043,0.8830597076757305,1.7356412372959598,0.1455580124778966,-0.01213465326415253,0.9212259191089449,6.529890980786798,1.2967354985896478,8.525035578050073,32817.409326483554,0.00038180218405285546,0.0034000964962275773,0.09047947719555038,0.12952766735912227,0.676720834303825,0.10999166263436291,5940.6069270520975,2954.600168064813,6.4785042937827235,0.19967090066714827,1.3181560722758598,2.5088932846554064,0.1995758961350446,-0.0064421838868074,0.7095500088220377,6.920224613520673,1.2870429308914397,8.92981635348195,61409.46986677586,0.0010073860213597344,0.006395238500146618,0.17821189455801392,0.24925423069525915,0.5714261171750574,0.055461115729281314,4742.710778152446,3205.917231663299,6.60328600054827
55,32400,2,0.1626274606002512,1.0290613655606242,2.0006107142832392,0.16179889400513817,-0.013555230505109598,1.0396958728800598,6.271014473770011,1.303062952504392,8.16190767585763,40611.21685694322,0.0007497097807269326,0.004184680080577523,0.014367487475407156,0.04523827693765303,0.8118771091945769,0.12802562207796853,6579.376379249377,2382.577528312744,6.321564507345754,0.2123771962284694,1.351636607521571,2.629804379766049,0.2124115234862312,-0.0005635408520149249,0.32895575221854567,5.930279109753469,1.2692813031517318,7.5274853906244585,68555.56697014575,0.0008745605522389316,0.007157556636424062,0.04936425275652987,0.5233281369061666,0.44023614940768807,0.03739268941522428,3430.091723897885,3064.7963310338787,6.362495818983733,0.14964869481259965,0.8871408585465568,1.7362530446391928,0.14921322902453021,-0.012254425327022755,0.89206034495216,6.535995255277437,1.2949254934701375,8.53204317362566,34430.5455380824,0.00038779904541695696,0.003575452740291781,0.07478399947388129,0.12755461878149657,0.6648428543966743,0.1086164651915177,5998.591473977134,2999.163291743536,6.4950893100380505,0.2041974245024187,1.3173675946893166,2.509461198107598,0.20408706817168987,-0.006027601535586837,0.6583432672433157,6.908540238925681,1.284631911827767,8.914010078254218,64243.205156427655,0.0010070335453399662,0.006690811581981945,0.14515876251257617,0.2506751646586079,0.5695450373346196,0.057696078815250455,4641.518901607131,3378.1812859138768,6.608149969309666
56,33000,2,0.162618740858657,1.0290549833980158,2.000505850597298,0.1617846368008355,-0.01355978384458363,1.041413690944564,6.271275748770569,1.303744862567199,8.16235156403487,40606.54628429327,0.0007496608311237516,0.004184807295970708,0.0180616987786424,0.045239181273679215,0.8121080334028624,0.12801976810438478,6582.718724939448,2383.065782083683,6.317890869613527,0.21385553349851238,1.3518698491584547,2.629978054053608,0.21388471295991895,-0.0006146170711156804,0.3295684037594114,5.929940692042926,1.269337174694336,7.527010073525853,69686.25892762639,0.0008726199749042834,0.007276987109447677,0.04946468996571827,0.5254779942018217,0.4322684627381188,0.03741926811692321,3421.4571741730924,3063.5698041538462,6.345456817233189,0.14949182732933053,0.8986742388844401,1.7609676162551944,0.14907985643234634,-0.01211514334363069,0.8719495731542041,6.563556311565728,1.294411570286658,8.56471224491814,34359.50908491989,0.00038521157534600114,0.0035622022370650095,0.08536051053737498,0.13198171523443558,0.6544573592567162,0.10861978767571748,5972.4537403914055,3062.206372564315,6.491941267023959,0.20517107160913578,1.3178079861126126,2.5085148739786014,0.20506283710448334,-0.007237088138915195,0.6340193575302663,6.918320964145423,1.283586058966874,8.927456737843015,64863.72776286496,0.0010074948124099324,0.006750832231737013,0.12877592659431356,0.25136075218426834,0.5687296461419509,0.058753436840892015,4594.361606061468,3468.322465521032,6.599548749016304
57,33600,2,0.16245733485620215,1.0290571892835858,2.0006329144924577,0.1616330210419321,-0.013571946935716584,1.0389728912456775,6.271207681206993,1.3030081633036614,8.162229070084004,40519.85293250436,0.0007497561513493307,0.004176222270812545,0.02057696346592674,0.045240016673618,0.8107991328456918,0.1283029968282767,6556.331197680947,2389.7526934751763,6.315045730395999,0.21440616288762546,1.3510683720147019,2.628837740423867,0.2144324466588051,0.00028376497184026076,0.32893682651909467,5.9308559939514,1.2693191690918442,7.528308745266964,70104.69298644195,0.0008742860444097146,0.007311155222925203,0.046727251306680324,0.5315857125234661,0.42225048966640677,0.0372295351339543,3389.4456149597368,3059.2661149623373,6.35119238152165,0.14851785033709872,0.8954203520861491,1.764118983892602,0.1480995744628447,-0.012078264127455404,0.9552849255789229,6.556951574277012,1.2974971151874,8.557353557882125,33919.932238173715,0.0003916530619861923,0.003518375332696987,0.07295969421401421,0.12938682211345431,0.6659406283967201,0.10887253614320906,5984.872338586527,3009.932834887713,6.4841043820072395,0.20404833885719909,1.3177734793972566,2.5096680374786944,0.20394539756102895,-0.006726378817182315,0.6742748702866823,6.916571064631118,1.2842382098074177,8.925018287102175,64148.53029978314,0.001006516116528708,0.006677918967352694,0.1338319176190316,0.25381480726812905,0.5724487658173248,0.059083003203089964,4543.262957454388,3474.571112220256,6.606017535624279
58,34200,2,0.16209773362831434,1.029066146299138,2.0008580515405394,0.1612848224467382,-0.013609069866370394,1.0427302808497374,6.270896869852773,1.3042289095572372,8.161727290113609,40324.987822537674,0.0007496931448579242,0.004156298654774256,0.023142620243518347,0.04523823795390783,0.8096492070724763,0.1283212381546447,6547.00386209249,2387.174686827111,6.355462649604789,0.2103601543367612,1.351955274088717,2.63067991685139,0.21040459817324134,-0.0017852044255428287,0.32972601212211466,5.930001836557411,1.269395151844244,7.527102804326026,66995.8591975464,0.000872562362230956,0.006997805195989682,0.04915189403032507,0.5242432557049114,0.44409691844490895,0.03712072355215701,3426.4261799552,3063.0068905382777,6.344824476485976,0.1516687059447782,0.9031276500941764,1.7762050022286628,0.15129015934332143,-0.0122025088281806,0.8572130873552114,6.571435465553634,1.292522921767535,8.573752012511289,35351.10571592853,0.00038907288034554155,0.003670932026501905,0.08822670751925557,0.1365449249305631,0.6425780069757022,0.10838146483770492,5949.602153884896,3105.990629530304,6.501644755055243,0.20726735440682256,1.3174305691960841,2.5103041012973604,0.20715172819549899,-0.006720543832052431,0.6743948762398325,6.912798161086428,1.2835203063066316,8.919913500138822,66212.91980790043,0.0010049048179506903,0.006894253124869044,0.13462245737494935,0.2531712779561942,0.5678987809734797,0.060116047765840286,4538.954082556454,3556.740796538604,6.59228181638492
59,34800,2,0.1628324119089352,1.0291257838118248,2.0027629676300136,0.16200529133695055,-0.01359901127453125,1.0340555245087037,6.268341163573336,1.302332967149412,8.157435582793758,40720.57745782895,0.0007498405971535716,0.0041963785057432266,0.01700610873310518,0.04524117023320059,0.8100938691565636,0.1285791728082903,6499.739557102082,2385.4324205808075,6.327061783285907,0.21982986800755203,1.3593805261647567,2.6441146018842367,0.2198312480154953,-0.001172081947196218,0.322318929094598,5.9205191791812135,1.2690455074962432,7.513557831024795,74148.24661378312,0.0008892181214809671,0.007730380611709339,0.04950213656544311,0.5449326798759836,0.3764961060765146,0.037047574458027525,3266.9745717808937,3049.808436226918,6.248471670664614,0.15103447213106833,1.2390640832899376,2.863796644987657,0.15068324602403513,-0.01234389020498139,10.35457348143987,7.36310477398662,1.3094803651994644,9.526697381176625,35060.90667943284,0.0014581062480851035,0.0036270139472735774,0.052845675796125785,0.12444230999516508,0.6604039753785909,0.10750432525568579,6046.389068809427,3002.4012085855297,6.528601897424396,0.20443147275052262,1.2984139321128403,2.5613374363451,0.20433318191296182,-0.007286994262306982,4.798710784664931,6.5277228416622,1.3052121869658275,8.387959344260636,64392.01700907325,0.0008527524906564186,0.006696878073470783,0.10987843413104872,0.2540481293147836,0.573017030541843,0.059541709566234016,4519.482859519088,3493.26541041311,6.553818326611738
60,35400,2,0.17600103,1.2726784,2.3828506,0.17528147,-0.0170028029735174,0.8819611321519596,7.231084927700135,1.294979860269996,9.3641093493268,47579.69,0.0008462725546808,0.0049139345064759,0.0126211680723143,0.0464504094822797,0.8024525532088835,0.1384440048297787,6503.165946254288,2481.685853667468,6.291019439697266,0.24539542,1.4468193,2.8286934,0.24533746,-0.0015099712620718,0.2404997090911016,5.895869180156355,1.2646851723922077,7.456418330538328,92496.25,0.0008721283034646,0.009622536599636,0.0523204156014275,0.5598778856032292,0.3486885556522377,0.0391068852479461,3097.2491432342003,3040.979398780792,6.2263922691345215,0.14923689,0.927639,1.810646,0.14874887,-0.0295039419143484,0.8354275607784407,6.215882828298464,1.2920256381713278,8.031079978084335,34209.25,0.0004143940698931,0.0035384036600589,0.0598624804138525,0.1504767153379664,0.6734227225409408,0.1162340593360081,5715.329719697121,2940.9504442287084,6.524575233459473,0.21244793,1.4777184,2.8064728,0.21238153,-0.0062323367613048,0.5723084897228423,6.955673224447991,1.2801729567930429,8.904464758269699,69326.016,0.0011658432817987,0.0072190868668258,0.1213495390459872,0.3030315481144908,0.5177682894276874,0.0578450194725724,4197.205468572041,3156.8786908870825,6.519135475158691
61,36000,2,0.17590131,1.1484146,2.261734,0.17518313,-0.0162652342558652,0.8802801536138429,6.528743990514991,1.295010880483206,8.454794503654323,47525.793,0.000842746956055,0.0049122292548418,0.0125837190767725,0.0452262667351422,0.8018368113737075,0.1403223686244882,6514.20630997001,2489.0146536144134,6.27841329574585,0.23858298,1.3251305,2.645111,0.23851518,-0.001936018027786,0.2628764329182278,5.554170052589815,1.266228726884416,7.032849674619828,87431.945,0.0008517448464375,0.009106196463108,0.0566492782906061,0.5343272816835394,0.3674379997191024,0.0415794156486384,3228.9096627949843,3073.7918426449914,6.292288303375244,0.14707714,0.9697914,1.9197464,0.14656082,-0.0154747065043126,0.8594869147407778,6.593760194804704,1.2924875433269427,8.52235291552806,33226.27,0.0004021795756559,0.0034376373514533,0.0549781858943028,0.1351840710526294,0.6885297474247615,0.1213042532634949,5847.553466899015,2873.043723349033,6.531411170959473,0.20750947,1.2601852,2.5079727,0.20743383,-0.0050454286137769,0.5880998511124194,6.072904642278406,1.280303457946182,7.775160813323934,66140.44,0.0010904425230285,0.0068873660638928,0.1205597360726603,0.2778022942151826,0.5441125880907338,0.0575196725775627,4345.412567428106,3120.2211750456977,6.554704189300537
62,36600,2,0.17589916,1.1565208,2.2605896,0.17518859,-0.019993470031779,0.882242575516949,6.574908171860998,1.2956270202243512,8.51862868300543,47524.633,0.0008445844920446,0.0049111461266875,0.0112557500406603,0.0455918828201311,0.8038866720036442,0.1392364282595739,6495.558790329093,2483.460073327154,6.287408351898193,0.23809335,1.3393402,2.5655746,0.23801939,-0.0061210906279866,0.2424380396169962,5.625273576293667,1.2650342112825683,7.1161635218652215,87073.445,0.0007790938920055,0.0090594962239265,0.0524581350506883,0.5418547404917767,0.3632475152669288,0.0424338426033287,3219.8235182191534,3075.4190966528054,6.271839141845703,0.14739749,0.9523392,1.8809319,0.14693336,-0.0197552943315671,0.8486918420886527,6.461027138122208,1.2923146386784874,8.34967995155095,33371.164,0.0004005994609325,0.0034533864818513,0.0545133885065506,0.1376176310005457,0.6845172879526439,0.1233479503872204,5837.295002748338,2876.5692639767844,6.544482231140137,0.20840488,1.4658928,2.662468,0.20832536,-0.0136052826123801,0.5616764596876891,7.0338696743470415,1.2794840535273584,8.999724082959897,66712.46,0.0010595410577263,0.006941920146346,0.1126885775338318,0.2910402436985412,0.5391503763060187,0.0571144884493842,4305.366849309762,3119.929625166136,6.561695098876953
63,37200,2,0.17433105,1.1240005,2.218628,0.17360929,-0.0157438838628865,0.8747290490527528,6.447506183954531,1.2946350891595308,8.347167743368482,46681.062,0.0008079278405607,0.004817399661988,0.0109978944978889,0.0446526912355461,0.8022022007004043,0.1421180243423699,6523.00539632668,2488.746020627891,6.27940559387207,0.23009796,1.4427185,2.7851105,0.2300175,0.0013387400925232,0.2821011648296889,6.270018553086341,1.2665362915717209,7.941206046346373,81323.625,0.0007907805628917,0.0084500759840011,0.0536207594831399,0.5152902503468139,0.3846985076474599,0.0463843689327023,3375.250883076813,3114.635745570332,6.339517116546631,0.14555448,0.9680748,1.9334793,0.1450734,-0.0160472812415501,0.8630186459749796,6.650944574460683,1.292378706796921,8.59553914817855,32541.861,0.0003873669126919,0.0033633490093052,0.0502201589082023,0.134212574085389,0.6910992326753522,0.1244646073549008,5888.908870426012,2850.484749165132,6.537651538848877,0.2053179,1.2131691,2.3882866,0.20524605,-0.0067775097558683,0.5846892640710282,5.908735187472523,1.2801008535721417,7.563776957052165,64750.754,0.0010390402477517,0.0067356079816818,0.1157935112898555,0.2791014453624069,0.5478563953356694,0.0572420887504917,4354.783949745449,3112.6173831132883,6.570062637329102
64,37800,2,0.17438038,1.1055946,2.0925522,0.17365716,-0.0197127369452572,0.881085317803306,6.340132154981528,1.2949795934260226,8.210341760372314,46707.484,0.0008147200657092,0.0048213154077529,0.012278533491676,0.0468040832857647,0.7994836335047042,0.1414052285962746,6520.253993865624,2497.896863988624,6.276524066925049,0.23328488,1.520443,2.7770996,0.23320992,0.0002836502099571,0.3228316673890976,6.51753765754545,1.2684872360669726,8.267413329217677,83591.93,0.0009561421501719,0.0086975712329149,0.0629556991690927,0.51643745444566,0.3755091312870638,0.0450923142131438,3312.5066527739777,3109.202570328755,6.325342655181885,0.14856726,0.8998871,1.7922401,0.1481143,-0.0256362327650264,0.8407978404954326,6.057102278955195,1.2919495373768115,7.825470487192869,33902.945,0.0004096227178403,0.0035081026144325,0.0722449516910264,0.1448153125194062,0.6632152810187325,0.1197207460959069,5676.083487430937,2988.734961043862,6.519810676574707,0.20905265,1.2473106,2.48909,0.20897809,-0.0003709041491769,0.571445453671164,5.966490383017325,1.280103909936876,7.637727667937781,67127.83,0.0010914340739015,0.0069839274510741,0.134968690534733,0.2853266163386711,0.5255958678713238,0.0541029617794936,4207.69248193277,3150.913330694084,6.504412651062012
65,38400,2,0.17405301,1.0476112,2.0902634,0.17333058,-0.0171829056579034,0.8928568697199997,6.01892042289252,1.2955944022416654,7.798079607482389,46532.28,0.0008194227747739,0.0048050163313746,0.0120198214375954,0.0444191568627396,0.8028854231238775,0.1406453180700936,6544.273361802293,2472.515115328923,6.266989707946777,0.23441815,1.384449,2.6890755,0.23434477,0.0016282227437175,0.2796514875295206,5.905895012388089,1.2666069736705126,7.480447808488561,84406.07,0.0008444658637229,0.0087857423350214,0.0599067945118067,0.5211667971157624,0.3747866539445335,0.044133755158292,3304.363116124741,3105.3180719881675,6.268440246582031,0.14751107,0.96378326,1.8756866,0.14701918,-0.0168066649110688,0.878849752708279,6.533633691226807,1.2933294365105028,8.450140780297687,33422.613,0.0004161146720169,0.0034596060868352,0.072863241155352,0.1348430182339167,0.6769634617575845,0.1153267032645883,5721.047170099288,2948.319838877861,6.497203826904297,0.20551671,1.2681961,2.4429321,0.20544428,-0.0030665092086719,0.6083260784151459,6.17076879313859,1.2813974114044062,7.9072071579413565,64876.215,0.0010852380138403,0.0067577501758933,0.1363276226531738,0.2645299203214247,0.5453485965925172,0.0537881452492793,4328.866383700498,3131.665333003368,6.519430637359619
66,39000,2,0.16241124762705159,1.029065604635541,2.000848388005438,0.16159083971900193,-0.013471675472305126,1.0402144894438077,6.270873404247829,1.303485904535065,8.161678225181511,40495.011930668465,0.0007497257392158984,0.00417415131822811,0.016335822495166318,0.04523677999630492,0.8144598462664964,0.1273955187935526,6613.517138411171,2351.369819889299,6.392497474687471,0.2099405933188766,1.3517957949792514,2.630442095563932,0.20998505085546068,6.040407876332411e-05,0.3285956843326651,5.930202772539726,1.2692778221470724,7.527376543787485,66668.96146425162,0.0008760723109364072,0.006968505558453385,0.04975906328884145,0.5234071031458085,0.4459920288092243,0.037103904616973875,3416.603655688914,3064.273538969075,6.329846755045464,0.15373898798334135,0.9032103826458309,1.7923774142907665,0.15339930271991553,-0.012081647406720485,0.8383147465506452,6.569121465872552,1.292953554661523,8.571078826692785,36305.85408139137,0.00039219683448414014,0.0037673279239738974,0.08525021037040478,0.1362286486549046,0.6361176508540672,0.10783290285789894,5970.284642891507,3104.9996831207177,6.516626714997436,0.2076290035696405,1.317767440925598,2.5089434991643023,0.20752729514463092,-0.007413174532264983,0.6751061031772569,6.9197784859394496,1.2852445572449265,8.929332225037511,66447.51665075045,0.0010046892966636771,0.006919652444999707,0.14599355368734615,0.2487241000033343,0.5654623843797884,0.05770127293753364,4689.225764671557,3389.897698069794,6.59775095297138
67,39600,2,0.16176957229461564,1.0290558940125238,2.000619333152553,0.16097352807083767,-0.013497305126612335,1.0420787183051976,6.2713492756001985,1.30409373944999,8.162478162542374,40145.08778450719,0.0007497610478427281,0.0041383246006943385,0.01634354535039762,0.0452372005019743,0.8138521221246272,0.12754408039573817,6601.52492215283,2357.3014945094924,6.384238537031652,0.21044163302052296,1.3519920096793907,2.6300636969227966,0.21048529197062724,-0.0006673328551830349,0.32853765477309227,5.929956091737919,1.2693057469546618,7.527028749089909,67059.24049290345,0.0008761487070627254,0.00700873612975916,0.049992858530877204,0.5295617426378081,0.4259211372990126,0.03706910669250668,3373.5521386555874,3060.6574305295026,6.320568550905735,0.15489761891686343,0.9203208694684298,1.828981770774662,0.15455320166035477,-0.01244984728669281,0.8998110090590923,6.607139816759867,1.29364716882552,8.616336366960404,36845.143639998554,0.0004028166644500749,0.0038310720373518877,0.10279106743867639,0.13403225874940994,0.653038149035767,0.10910752637819107,5930.05035331918,3035.8171416786686,6.5083369986780495,0.21007243918925939,1.3170156265545134,2.510847505189865,0.20996197006158682,-0.0071630629804911375,0.7108579485251402,6.907380961550172,1.286010437637507,8.912319882192447,68046.52552649137,0.0010018556922698034,0.0070883938515562935,0.12870330239477365,0.25276193752191056,0.5728555890529203,0.05835055034918632,4603.668805433461,3384.6002199248137,6.600222451154798
68,40200,2,0.16240863551898346,1.0290516078371403,2.0004897878851646,0.16159055123141874,-0.013555316246788995,1.0414066629453596,6.271440004241413,1.3037100106149508,8.162624615739421,40493.601778607,0.0007496902602056612,0.004173467217915976,0.01854833946901866,0.04523991982085928,0.8148973735639059,0.12757136483979678,6583.445668263934,2351.164798102479,6.3779742723150115,0.2169459128675025,1.3511080232060864,2.6292355877086457,0.216960102707512,-0.001638774594617773,0.3259585491784781,5.930703312323605,1.269097806306589,7.528071560714035,72015.83671126339,0.0008815343653849018,0.007508648113345307,0.042170485537071305,0.5433785559378289,0.39526595087816263,0.03712118577249345,3328.6247608720832,3054.735775117674,6.304865136262742,0.15180496541108543,0.9005079955909542,1.7637034221217467,0.1514655208224984,-0.012177855698069407,0.8195099309992443,6.5651288455730406,1.2923389404454646,8.5662392572444,35413.59589546533,0.00038509468366209465,0.0036803587776552344,0.09125220267698853,0.13980308603401415,0.6554773865006532,0.10972772710822554,5897.180305109819,3028.752781151315,6.4833355180075225,0.2068648482863916,1.318233281130619,2.5086057398802146,0.20676032703667632,-0.006802386243751067,0.6303057134741428,6.92830143063198,1.2835668115210572,8.941098434237652,65952.46858224703,0.0010068584222947643,0.00686962196701275,0.1442489196036121,0.25478769162957754,0.574126839772766,0.058976317413862354,4554.716117322301,3449.5415807429486,6.603076134708096
69,40800,2,0.16226799669112868,1.0290501241559806,2.0004395106910557,0.16145773302755012,-0.013552561190508766,1.0397838633816316,6.271517411568412,1.3031840821232428,8.162747461700594,40417.548513449045,0.0007497599269100624,0.004167478799594786,0.017559391064373438,0.04523892598109262,0.8137703646803136,0.12769959435414982,6573.184446639164,2354.356445126743,6.377431040902532,0.21561665687195283,1.351391412135772,2.629844983313229,0.21563617625641862,-0.001215056614157735,0.32629275269597985,5.930423993215101,1.269125694605905,7.527676487874772,71019.46278935732,0.0008811169219440465,0.007412910028987097,0.04656438080982775,0.5407328500188571,0.3944495568358539,0.03713734379591775,3324.274815427882,3056.280720245514,6.310556467068155,0.15278602265901248,0.9435117253573246,1.8797499786573166,0.15244607708574834,-0.012113232144404056,0.9008668798846937,6.664190705393668,1.294448309136845,8.684271508293504,35864.95750606021,0.0003970839634684812,0.0037191418887529363,0.07582233908800645,0.12951038844687693,0.6625792878636361,0.10870854583487126,5981.458416070265,2996.157743962907,6.501016319011901,0.20941760881159657,1.3166041339512777,2.511874532842428,0.20930498136187617,-0.006722719103453278,0.6968157152017149,6.898726803526578,1.2862466802417007,8.900462859881072,67615.58866291154,0.0010028276908771185,0.007035187950777822,0.12656183583990874,0.25547555143918477,0.571136764594537,0.06076878971282775,4475.842164168247,3578.30372998385,6.594332107268803
70,41400,2,0.16173898377677115,1.0292774249904204,2.007043053874329,0.16094395291558034,-0.013469745553145954,1.0118201108290013,6.262590955127958,1.3018526493694567,8.147817713972696,40128.21989697387,0.0007507614611438251,0.004136805327917785,0.018310422451453257,0.04523840178142391,0.8129926024539249,0.12778512575157852,6575.856233411953,2354.68004114163,6.396388907105003,0.21097522950544145,1.358922497429908,2.642312686964796,0.21101556179659423,0.001932284435300254,0.31806421222799136,5.921968709464669,1.2690428760710275,7.515622361010997,67473.54991066002,0.0009073128085736865,0.007045902918791574,0.04920342442957135,0.5394455584265745,0.3928414897184226,0.03715196762448705,3336.954997615394,3060.988134250022,6.293457783125559,0.17438804642742248,1.529446086852212,3.5932634550758333,0.17422412296248782,-0.01851517487330009,54.18918463270508,7.844763242493528,1.3818584416801707,10.191108430220773,46452.71824883773,0.010475020960095458,0.004877507547542378,0.04099650727775614,0.11436492205552763,0.5373330128778108,0.09746787082153013,6369.1051115846,3385.7713947274665,6.595450629913927,0.2361128689148705,1.258899888195727,2.668921233399807,0.23594378364599708,-0.0057400625103963985,112.54289936040101,5.959022507454483,1.5164209037287077,7.490711651565336,86609.71980154653,-0.007777848613454424,0.009081653493719196,0.04491853172424656,0.26841000089080297,0.5492862653161995,0.07819107811565067,3682.2126292167336,4414.928298416031,6.525158850728414
71,42000,2,0.1619248477770835,1.0291670520026164,2.0035352767637535,0.16112253856495148,-0.013526207076893353,1.0294721361239623,6.2669055597777845,1.3022839317504054,8.155037851638399,40230.45689452387,0.0007501431576248065,0.004148094222380325,0.018371520915880298,0.04524042872552508,0.8134434599389944,0.12788462299776035,6551.742400129398,2351.207640397142,6.387415075655059,0.21454632877234683,1.3574492838583296,2.6406462324082605,0.2145701462321779,-0.0005559280436888875,0.31981614829816235,5.923352019933631,1.2689253812670565,7.517570394059999,70210.98294930841,0.0008991546794181486,0.007330435958822913,0.04595715547799704,0.5486437243799465,0.3720060917175134,0.03703130608717815,3276.209715137702,3055.0549791316007,6.283378622842043,0.1739705840785264,1.3351434304073113,3.136130255829254,0.17380649427304332,-0.01247066383093201,32.232072229087,7.44443272417883,1.3786529761906916,9.684587331975802,46236.33740591258,0.006299817876506104,0.004865705387362621,0.04856750953560823,0.10600763278953883,0.5337249747074692,0.09638285629623083,6434.836416889677,3379.0715579268012,6.594220559186711,0.23396388201213533,1.2645939259012724,2.6462291923349732,0.23379964938958928,-0.0067646100422582124,58.04021033698435,6.04232103441678,1.4865980515662034,7.62891479364812,84972.45410368539,-0.0033032027101878338,0.008916062730525897,0.05473309844377819,0.2681014578139654,0.5490031767855675,0.07787569344495168,3695.7892685418756,4432.988367332862,6.526114068216579
72,42600,2,0.17416614,1.4879227,2.6221275,0.17343667,-0.0114801586016689,0.9122522259162952,8.543122350459482,1.295786133990531,11.070059482773551,46592.79,0.0008394017459551,0.0048098843544721,0.0106108945265585,0.0461284415617764,0.8157640880204408,0.1274718398580653,6478.7159933964585,2376.405129719651,6.372134685516357,0.2468789,1.419735,2.7910233,0.24681778,-0.0039637773567301,0.2108805155205124,5.750734121414826,1.2635831025157624,7.266530462910037,93617.96,0.0007833798547588,0.0097473226487636,0.0507800511847838,0.5590552858235094,0.3526267834825868,0.037532603448168,3094.425483445036,3007.082490871528,6.244497776031494,0.14816271,1.1720657,2.1263123,0.14775462,-0.0110407287447866,0.8156689267016723,7.910666274646949,1.2906429070272565,10.209845317301722,33718.562,0.0003930696777452,0.0034912605769932,0.0409184028065807,0.1492428733437818,0.6975735000352751,0.1122616097872162,5827.20192725496,2798.0236945949127,6.558326244354248,0.21542764,1.2059212,2.374649,0.21536155,-0.0073879295859068,0.5089467582842935,5.597801606713512,1.2768247856001054,7.147411836357083,71284.33,0.0010961702831243,0.007423766888678,0.1141153509307646,0.3058653021983967,0.5240132330537745,0.0560007976757189,4189.81169693971,3122.403944616661,6.522822380065918
73,43200,2,0.17329463,1.1016846,2.1475792,0.17252633,-0.0159130600828823,0.8616335858388888,6.357291897900356,1.294057559795792,8.226701640353966,46127.664,0.00077707524857,0.0047586439177393,0.0112964430097866,0.0478176609702128,0.8132253198422965,0.1276358826478924,6465.5875359359,2384.7253228254503,6.38255500793457,0.24082543,1.3256073,2.6376724,0.240764,0.000200816847404,0.2188961158369209,5.504432410763232,1.264061438234758,6.95794074984428,89083.22,0.0007362875039159,0.009277326054871,0.0511140951219783,0.5434865776525207,0.3649036691342304,0.0404900519990933,3198.1662407618123,3032.2289170905137,6.2918782234191895,0.14703807,1.008606,1.962471,0.14660123,-0.0159327377167249,0.8176440418666178,6.859488436707407,1.290869144564442,8.854701970502393,33208.62,0.0003821936600154,0.0034382329322397,0.0431398318623412,0.1452520664098082,0.697477459484887,0.1141269767092917,5843.802525162796,2788.7405948873884,6.566804885864258,0.21043475,1.3624191,2.5787354,0.2103633,-0.0029081583717664,0.5115136126485664,6.474306787297436,1.276930878174251,8.267242251512515,68018.36,0.0010030602653995,0.007075086236,0.113465134587723,0.2882985779424487,0.5384517012682474,0.0597782552829782,4316.285952020823,3122.1318702652347,6.561370849609375
74,43800,2,0.17352656,1.033783,2.0371437,0.17272447,-0.0149155506968042,0.91763616576131,5.957491389099532,1.2959496183890875,7.720608692304306,46251.207,0.0008320210310039,0.0047716717235744,0.0126146963130019,0.0480725827151428,0.8150667597776478,0.1242171189464133,6457.8985057987375,2366.950130830753,6.395792007446289,0.23926076,1.3680458,2.571106,0.23919597,0.003282580171074,0.2379218273657359,5.717802577097742,1.2644413028613397,7.229825740119612,87929.414,0.0007796868682363,0.0091542992740869,0.055859183364443,0.5286478134201259,0.3744741515666148,0.0410120225048323,3256.5606710663,3049.140530220323,6.299201011657715,0.14778326,0.92658997,1.8120766,0.14737317,-0.0197815319922076,0.8516961591756345,6.269924871652416,1.291945544151711,8.100401500152138,33546.074,0.0004062428329899,0.003474979661405,0.052630887753529,0.1406012351819092,0.6940822611236707,0.1126815787816431,5802.698715805145,2813.4387200330325,6.561892032623291,0.21008326,1.2656212,2.4673462,0.21002015,-0.0074190638986917,0.5729499693573894,6.024378993717374,1.2798229510493853,7.710138502015996,67791.32,0.0011160470452893,0.0070597967132925,0.1211593875032047,0.2779812447473437,0.5451104222105844,0.0557431285859947,4317.524458963769,3118.9834324430763,6.530929088592529
75,44400,2,0.17501989,1.1776924,2.1960258,0.17424095,-0.0134975662768796,0.8759212151518949,6.728906142339505,1.2937742588374628,8.705685557141885,47050.69,0.0008218918466118,0.0048580467700958,0.0144462313257029,0.0523144942713722,0.8068482796834938,0.1263644400700876,6416.175034308297,2431.687419887977,6.395241737365723,0.25068638,1.4133453,2.789402,0.25062454,-0.0044811071913699,0.220292481563515,5.637902434925088,1.2641083104122592,7.126919321310743,96527.86,0.0008700067306883,0.0100379288196563,0.0645160938590843,0.5582864266241521,0.3394645218727364,0.0377275791833445,3035.488504889006,3000.0179268416227,6.246485710144043,0.15312743,1.0387421,2.0439148,0.15270852,-0.0265004957252075,0.7802495747971152,6.78351391870861,1.2889794238987573,8.743809863003328,36016.14,0.0004289883877267,0.0037278523668646,0.0786758906350963,0.1670592455840049,0.6453387930718331,0.1089228070602056,5474.27833909246,3024.178376580652,6.549365997314453,0.21891789,1.397419,2.6003838,0.21886073,-0.0117798633061757,0.506398136177256,6.383301826061343,1.2770249942968743,8.151635978058453,73612.86,0.0011631001829452,0.0076494086533784,0.1461163281191197,0.3005364954090528,0.5037529113031244,0.0495890373576584,4013.297041812119,3147.3484097711766,6.473637580871582
76,45000,2,0.17490508,1.0876656,2.1674156,0.17412631,-0.0135850939950718,0.902736770463798,6.218604850445558,1.2959348406737443,8.058906686121215,46988.984,0.0008448328509399,0.0048508150503039,0.0132348385373913,0.0497003451019866,0.8079067711004667,0.1291344134145789,6446.359507505704,2433.117287209281,6.363593101501465,0.2455336,1.5253067,2.9161453,0.24546558,0.0012427480919922,0.255584077242716,6.212211684515558,1.265463284120821,7.861325799972816,92600.445,0.0009289183093502,0.0096386801451444,0.0608564591846734,0.5469701106370147,0.3526903689432603,0.0394783265820216,3127.9856299954185,3026.1622317237798,6.262241363525391,0.15261725,0.9443283,1.8391609,0.1521911,-0.0224868604334452,0.812267843662339,6.187559619837273,1.2911128203470692,7.988837551886086,35776.55,0.0004406702268455,0.0037075672298669,0.0838382118327893,0.1579596492388518,0.6457235923171135,0.1124744016230294,5503.392376754672,3033.281113543725,6.533896446228027,0.21925193,1.440525,2.7208328,0.21919869,-0.013784191565968,0.5580556884662315,6.570181846227017,1.2794670285868592,8.406331044105746,73837.69,0.0012895887774878,0.0076900259591639,0.1517058495806618,0.3038774799844999,0.4952146348514224,0.0491966915691279,3972.092707260732,3157.033489541792,6.444596290588379
77,45600,2,0.175156,1.1567116,2.1740913,0.17437695,-0.0107528470343115,0.913084731302154,6.603893651085439,1.2958825083128425,8.557870269248713,47123.902,0.0008594312249791,0.0048667825758457,0.0147223761601754,0.0498576808642389,0.8102842544015355,0.1251131673243805,6417.963935600157,2424.9247433311893,6.383756637573242,0.24582778,1.5300751,2.8686523,0.24575403,0.0022078569281151,0.2636771230542987,6.224174820185331,1.2665353291492505,7.883137304597972,92822.47,0.0009629334701386,0.0096761239692568,0.068343616948989,0.5413351390472725,0.3521597772960471,0.0381568947507352,3109.734478242246,3026.558078775464,6.250543117523193,0.15481982,1.0056496,1.9738197,0.15439393,-0.0281390131873415,0.7859956026872505,6.495612708675128,1.289914408213393,8.378784423148193,36816.652,0.000451571275048,0.0038157380186021,0.0934583429446799,0.1559675185865504,0.637478361144271,0.1130922379889198,5458.195656596473,3057.723265996105,6.539804458618164,0.22027755,1.3441086,2.6769638,0.22021732,-0.0141846298205803,0.5157528081094753,6.10188643708583,1.2779101666331172,7.797662713628111,74530.09,0.0012142903230971,0.0077594025060534,0.1543127996301198,0.2976081110136109,0.4956663759421554,0.0524063782137428,4003.165257374176,3173.423617566565,6.441961288452148
78,46200,2,0.1611074807133131,1.02905536805457,2.000590342136449,0.16033281933996646,-0.013548315887635677,1.0452765340452461,6.271451663569592,1.3051764941712936,8.16266115680218,39776.113935295565,0.0007497472840558076,0.00410320311374504,0.02243184559289902,0.0452358390681406,0.8136839389703864,0.12737788873756822,6621.427554014075,2356.498396529749,6.3886421321673605,0.20388347924235362,1.3515138640027786,2.6302209934051826,0.2039621038022848,-0.0008181043522877503,0.3285705316401507,5.930768322956135,1.2692781531140385,7.528180463340612,61854.994566062625,0.000877435495903462,0.006478199775240679,0.046461966654532276,0.5230223304024282,0.4567290891708379,0.0369961395227532,3441.488424917942,3066.3878027980077,6.332614714762279,0.15812325904348096,0.8888022684206947,1.7442064916843791,0.15786970931481098,-0.012247828802917669,0.7279240295032317,6.531426743991986,1.2885957508900663,8.525743847889585,38365.377145442486,0.0003893982566044331,0.003989980336622871,0.0904214331507934,0.14037701623151835,0.6418386662684158,0.1088237780702845,5914.007922841711,3081.308626248578,6.5000902762061425,0.21266585113120626,1.3172839158819638,2.511015488446478,0.2125497298900023,-0.006804007714328214,0.6141724015072499,6.9149836255008355,1.283007074241845,8.92293759247394,69770.49507505406,0.0010047385033012314,0.007266091599638694,0.18553290373368134,0.24947088601395662,0.5664603654813649,0.057071998232009834,4740.210865536899,3306.9728033397346,6.606015732089714
79,46800,2,0.16116493946199156,1.0290575739401397,2.000620508452914,0.16038939841243216,-0.013502055350373942,1.0465346156164859,6.271359109332287,1.305736704871499,8.162514193323716,39808.455127803,0.0007496944839111881,0.004105734718659222,0.01789163014592303,0.04523545905143808,0.8145967486503609,0.1272326091497167,6636.054952934563,2347.237811428676,6.400829219788523,0.20672471336098636,1.3514590521156966,2.629994090893028,0.2067877377222159,-0.0006117042906725629,0.3295133658084474,5.930717600155885,1.269394597768575,7.52811899188179,64135.14161196878,0.0008736896114440342,0.006711043999584224,0.04572504952040103,0.5269006370420719,0.4459993775848653,0.0369714671412876,3427.111009115476,3064.6247819347295,6.321158770813867,0.15682620856564292,0.9041824124191709,1.7927698933313112,0.1565354238337255,-0.012537178925953855,0.7375664061815732,6.567703911006926,1.2884449212637936,8.568645132221738,37750.75789161977,0.00038746695435655016,0.00392259457775903,0.10362286740666449,0.14676184326390435,0.6435672794183104,0.10995760288792453,5838.776223274221,3056.792524452881,6.496271361662887,0.2145373007631798,1.3152600984284162,2.515579721962502,0.21441923743617705,-0.0071920383327882245,0.5678539566069986,6.878469625186257,1.2796980467661332,8.873343077033002,71031.67944553561,0.0010060035078171194,0.007395526739759491,0.14722870502155497,0.25223409200764,0.5711689464857073,0.058168931756716225,4660.302383085116,3345.270806980167,6.609863327145458
80,47400,2,0.16137840758564997,1.0290765712819752,2.000963568262414,0.1605911902988783,-0.013491759802736395,1.0460553863018778,6.270590002294322,1.3056609302102247,8.161237491359195,39928.07074816568,0.0007496824161261986,0.004116981972233206,0.01929856648512808,0.04523645174615884,0.8147976292678651,0.12726812396919002,6635.635233268243,2346.511410408365,6.406940965460411,0.20874685905316226,1.3518984212505658,2.6303178963732097,0.20879813336487135,-0.0010025257344116064,0.328497613070565,5.930138285639327,1.2692733091563717,7.5272844320002354,65734.22981581016,0.0008766217430241005,0.006871362567963161,0.04823742729400121,0.5294503152459112,0.43186495215576426,0.03698903902023811,3403.9620707499917,3064.0316899990717,6.306775362529171,0.15727305015735446,0.9221684185479067,1.8156028895612033,0.15702585008397454,-0.012289050594560402,0.7188633884053971,6.608042092827185,1.2871704027936004,8.616118287184122,37961.9917930635,0.0003861325618757243,0.003950266026285573,0.09035172866676769,0.14556059216067146,0.6320319675605361,0.10874526303080614,5885.605231616656,3117.4967709099315,6.505256517424282,0.21640566728208582,1.3155482295468681,2.514809750697303,0.21628448455470847,-0.006248487995384715,0.6442324746590642,6.885917716815207,1.2819987294569903,8.88330861511804,72305.13038591453,0.001001289260859365,0.007534113613290808,0.10637160171888296,0.25397497058231533,0.5670530129928897,0.06150377447700682,4502.195904468617,3616.81551510251,6.593196864239614
81,48000,2,0.1611874887290119,1.0290769794887626,2.001083449857768,0.16040405210223374,-0.013545764751381407,1.044959442714993,6.2706025903661695,1.3055078075755242,8.161256173710742,39821.128702639304,0.0007497471854581854,0.004106154287790888,0.02112021298530877,0.04523597886785836,0.8145733037259458,0.127244225446843,6636.641106601623,2347.7300651980236,6.401640771742694,0.20504508168014488,1.3520147505700795,2.630584037496186,0.20511674377391975,-0.0004555744264041957,0.33009693841790827,5.930167929538382,1.269401725443365,7.527339272653917,62791.905158742855,0.0008719094357017516,0.006570796056877734,0.04693606982094987,0.524205544222903,0.4470773034260934,0.03719598915093737,3458.253827330875,3070.1148443168445,6.312865851003998,0.1599536305997733,0.9505365394510352,1.9129259263232345,0.15974034879136448,-0.012504005681509243,0.8207017209807524,6.667852967835408,1.288308109261419,8.687104577355754,39240.33760756365,0.00040680305645526734,0.004086219170202234,0.0837972490578916,0.14758017805831344,0.6337310591826004,0.10897157419552064,5869.649754114126,3105.2873739611264,6.495147100469401,0.2195512133892045,1.3155197617554566,2.5147995870655704,0.21942057509065116,-0.0070614234495449705,0.6698631756832656,6.888680300207966,1.2818679064853022,8.887093308039546,74481.44929599273,0.0009980500919134795,0.0077547183630812975,0.13651609890291747,0.25383035628502737,0.5659046392515201,0.06116703876809787,4542.989127532658,3586.258811740215,6.591058200162095
82,48600,2,0.1611821073591776,1.0290650708247655,2.0009307902130136,0.1603949699213461,-0.013434548453214379,1.046435410370163,6.271065849762895,1.30570087958901,8.16202734240185,39818.10571696022,0.0007496956744893776,0.004106409338233356,0.020226270277433733,0.04523655394344041,0.8146177666795222,0.12729882232007725,6633.36703355538,2347.1265566883667,6.400871272364648,0.20118426259960595,1.3519170805448306,2.631003040042283,0.20127057395247852,-0.0001346717747075833,0.3283333461427026,5.9304346516044495,1.2692642970175005,7.527704855728602,59652.74920544066,0.0008789525608568671,0.006248615191398011,0.05163726360158652,0.515602063381005,0.462845690044588,0.037318667489837205,3506.410957709413,3076.491159908346,6.330506560164242,0.16401800283441043,0.9281246924010742,1.8811121139340679,0.1638255043308673,-0.012590539987360443,0.8675169940751178,6.612031973223867,1.2885916020811876,8.621122393936934,41215.085637675016,0.0004257788375675632,0.00429312094338915,0.07149462143653704,0.14118172846987181,0.6073902200406025,0.10613084496912381,5985.282983204165,3214.076064153954,6.519006173192637,0.2255581453490537,1.3127398160260473,2.5235072005109194,0.22541533283469264,-0.006577137547268346,0.9892933683571545,6.845457043496702,1.2891873760726977,8.827275781566314,78750.292264557,0.000974178582827657,0.00820134805791711,0.10536742498419213,0.2565500460983943,0.5593410880947501,0.06575511344670926,4332.487114249445,3894.8357995582487,6.576114932553301
83,49200,2,0.16134824170444967,1.029061012307125,2.000692724724028,0.16056237408787824,-0.013537522141396297,1.0459449171255215,6.271202030633362,1.3053472940689639,8.162248813606121,39911.218569148026,0.0007496903170898527,0.00411621403245346,0.019208340546582367,0.045236666841144475,0.8141282812988342,0.1274107216859831,6623.151438372687,2346.2449502401723,6.410256842470381,0.20236849607787366,1.3528754128491238,2.631631884648291,0.20244865159834752,0.000645562352892579,0.32698970379940767,5.92934166382441,1.2691429605639581,7.526137648701558,60623.27695137638,0.0008835950351744455,0.006355113640684698,0.04836421716497692,0.5235446300728671,0.4451238985475853,0.03724463998906715,3463.4400625098724,3074.1128396300064,6.31284934597301,0.16966913782769058,1.02075711009963,2.1646775731523378,0.16951989740477313,-0.01271003493307629,2.6826917876850813,6.80128159099288,1.3021563528030247,8.849867099046538,44033.844432513826,0.0007536570190151515,0.0045778719455378475,0.05494766907366222,0.13091863187942762,0.5693954075216927,0.10193552461503,6153.442114051425,3314.7042746793027,6.550667512509948,0.23402573839541924,1.2962607142505642,2.5654467429717167,0.23386431334017155,-0.006569289753480222,8.997092128134845,6.577260546171061,1.333560159800694,8.449450584733851,85019.3029246722,0.00036391684057665975,0.00883018291944788,0.09140677821795043,0.26107584724345234,0.5485926684092036,0.07256316595112491,4034.8678782240318,4255.819852686696,6.565409971169887
84,49800,2,0.17765824,1.7772675,3.4843445,0.17690761,-0.0131978085001383,0.931224507308808,10.003855753332488,1.2935043475855312,12.94003090962694,48479.926,0.0009276750301514,0.0050107073038816,0.0102729737174969,0.055535071508483,0.8149507656630532,0.1192196334809464,6334.372077316488,2390.1740734127297,6.44895601272583,0.26545963,1.5369415,3.0463219,0.26539686,-0.0066977871386782,0.1804062503113765,5.789737393166083,1.261954791980397,7.306386847641554,108240.086,0.0008958710418293,0.0112822828814387,0.0517622972188741,0.6001778564710861,0.3153330302465395,0.0327225080349416,2826.4926959864065,2881.154102798445,6.182981491088867,0.15167634,2.9675484,5.368614,0.15125227,-0.0166299003480847,1.1984834157374076,19.565004886976368,1.2910203184625906,25.258818840072905,35336.773,0.0006343127079654,0.0036629266105592,0.041308812674846,0.1756888282431468,0.6706792140374618,0.1123194699718469,5674.777109375264,2854.5728148381977,6.584278106689453,0.22456102,2.6231766,5.1169395,0.22450937,-0.0023094746245604,0.610173436386392,11.681353095677354,1.2754535762987258,14.89902358195622,77456.875,0.0015516393743084,0.0080677419900894,0.1121027885367967,0.3377886753229606,0.4961133238644268,0.053990104028183,3973.6132941023257,3122.474846185354,6.455704689025879
85,50400,2,0.17789684,1.3199806,2.5392532,0.17714572,-0.0160037488819542,0.8298508350361589,7.419921589477203,1.2914186349553878,9.582225010612524,48610.234,0.0008311377214014,0.0050146095454692,0.0104400369061896,0.0571754009063613,0.8117311577990196,0.120633354209176,6307.899948817111,2415.1452446474887,6.4571685791015625,0.26478937,1.4250755,2.7701378,0.26473588,0.0011684816971403,0.162196147319138,5.381921172149356,1.2611409257828523,6.787361049560407,107694.195,0.0007973385039994,0.0112157827243208,0.0551509795593139,0.5988916248976629,0.3121122856386523,0.033841357590344,2831.2995044229588,2878.1912876311644,6.211101531982422,0.15802726,1.5921593,3.0226707,0.15762997,-0.0065429378688343,0.8776618486635703,10.07521902336192,1.2894318199398325,12.991308001668193,38357.94,0.0005473375915936,0.0039757015183568,0.0460427004457055,0.1668031632958495,0.6380723781254121,0.1490779805414699,5775.249536426726,2892.4495158680597,6.676246166229248,0.23161148,1.7184258,3.3643723,0.23154862,-0.0054164953224593,0.5076484542089839,7.419432686310268,1.2749813590547745,9.459638369848122,82397.0,0.0014608423819204,0.0085810329765081,0.1250343777143477,0.3208333161116024,0.4766641153693992,0.0774589993261019,4052.6584968630455,3202.397988474503,6.548221111297607
86,51000,2,0.17853364,1.191616,2.240181,0.1777824,-0.0121085806616668,0.7968763023973846,6.674462219491727,1.2906898579857955,8.614660694255587,48958.863,0.0008096012764944,0.0050573581829667,0.0099995537747314,0.0571355489282908,0.8138870671578543,0.1189584105385523,6286.560441110706,2409.059625703969,6.459510803222656,0.26190582,1.5707016,2.9229164,0.2618427,0.0032393555475266,0.1434273096688048,5.997200077673068,1.2601543570910207,7.55739780825518,105361.4,0.0006748580675575,0.0109637910500168,0.0494913857345793,0.5999001382447345,0.3159403432232684,0.0346640659497322,2877.6720898081544,2890.003958867032,6.230250358581543,0.16296451,1.444912,2.8069496,0.16259468,-0.0061438380749396,0.9853151592538048,8.866421130992542,1.2933005682733494,11.466947487333853,40792.21,0.0006949399571286,0.004228567238897,0.0405582288053593,0.1555775666014886,0.624399459414122,0.1794603193861024,5958.120881283878,2867.7683726958376,6.753281116485596,0.23283829,2.7488708,5.490494,0.23278621,-0.0027853929939028,0.766535154040846,11.80592278789232,1.278764337641804,15.096993034174242,83272.19,0.0022529402080521,0.0086508290842175,0.1138205843771977,0.299530335402076,0.4840992179556643,0.1025377641906124,4334.534721134761,3259.8705855428043,6.702256202697754
87,51600,2,0.18021137,1.140213,2.2715569,0.179488,-0.0093839593030144,0.7674523192165301,6.327087147242251,1.288875725875797,8.154829039626534,49883.344,0.0008094315156417,0.0051498557440936,0.0094398156202929,0.0577363945898238,0.816257206151775,0.1165485986095881,6255.103042454626,2394.355445363856,6.47932243347168,0.26306888,1.8115997,3.268528,0.26300406,0.0051937037085501,0.1696284306645581,6.886408227701826,1.2615955931768863,8.687862272918702,106299.25,0.000812412464357,0.0110615845769643,0.0501657428259397,0.5965165778915734,0.3176334643839462,0.0356805497242121,2893.1262244525906,2890.7484119779606,6.255215167999268,0.17439994,1.6025543,3.0534744,0.17405558,-0.0054599413060029,1.4017262415310494,9.18896131176942,1.3064034046498434,12.004490342960096,46717.957,0.0012967269891413,0.004845074377954,0.0325880828706763,0.1351574352817396,0.5821699347113299,0.2500793149283775,6293.605952002856,2826.8545580227096,6.83759880065918,0.24328522,2.4035454,4.436779,0.24324344,0.0069046038252327,0.9442475287020846,9.8795370375352,1.285924187892283,12.7043356417964,90912.31,0.0033078726908986,0.009460718370974,0.0993455802199475,0.2843597726854253,0.4590682322631791,0.1572044685353724,4673.610468135503,3414.4400348185577,6.790548801422119
88,52200,2,0.18073939,1.2901306,2.3609161,0.18007776,-0.0106482973106118,0.7845968527468297,7.138071177691299,1.290027885753504,9.20831086976608,50176.086,0.0008372550775488,0.0051821591332554,0.0098340680766893,0.0572772078538704,0.8152492108397141,0.1176219618373816,6252.049788310854,2405.2982240573283,6.477450370788574,0.26676154,1.6056061,2.9574394,0.26669088,0.0076171927451371,0.1548139499236391,6.018881398234086,1.2608336614702165,7.588808271318906,109304.414,0.0007839763541195,0.0113896988332271,0.0470694105471235,0.6080213524099358,0.309474859158692,0.0354311683690905,2842.9434097517965,2875.4895219049085,6.214349269866943,0.17802241,2.0385742,4.066944,0.17768265,0.0028386444542135,1.293483615307661,11.451222168196816,1.3020074675080835,14.909576775170114,48678.883,0.0012991511420578,0.005046475213021,0.0370696498928178,0.1313560909208858,0.5868546304472777,0.2447128982650336,6290.756088922967,2856.112387339985,6.837395668029785,0.24381493,2.2621155,4.426861,0.24375933,0.0021641861808541,0.8309196740425357,9.278002276314131,1.2836052439165089,11.90929237499497,91308.625,0.0029362986724994,0.0095024434849619,0.0971902509421475,0.2838492072410841,0.4547860169658704,0.1641482829037901,4737.65448124512,3446.309225280531,6.81626033782959
89,52800,2,0.18185969,1.1221886,2.201271,0.18117505,-0.0100673446607292,0.7621021010378715,6.170628503774983,1.2889324081196616,7.953523057026248,50800.043,0.0008336023222068,0.0052497182041406,0.0094254813614838,0.0563499806167167,0.8215463550544562,0.1126599787396972,6214.334835001707,2370.196436719164,6.503672122955322,0.26187304,1.382637,2.736187,0.26180682,0.0058657174174062,0.1593833942041138,5.279799103223368,1.261142241379423,6.658577675097614,105335.016,0.0007495596645357,0.0109792686998844,0.0491162873505807,0.5872973728990316,0.3270006319206105,0.0365820019222082,2945.915719592631,2893.794413664732,6.292439937591553,0.17999344,1.4954567,2.9413223,0.17963366,-0.0095559443676648,1.054170901644354,8.308395744523722,1.2984501998670568,10.788038115111366,49762.77,0.0011064650282471,0.0051618325524032,0.0363410971480124,0.1217757976321671,0.5814988265398052,0.2603785979244149,6375.277302192323,2810.8308861954706,6.846243858337402,0.24297251,2.2587776,4.3055534,0.2429173,-0.0032851940424876,0.6615997556904931,9.29643290228388,1.2800896382489604,11.90026743093928,90678.74,0.0023058119358749,0.0094417342916131,0.0926113275863556,0.2797534716908357,0.4610915284945585,0.1665165217566611,4793.914003404343,3430.524720032821,6.814458847045898
90,53400,2,0.15934340298924252,1.029106244814624,2.0021353521707153,0.1586064327122464,-0.013558173817135196,1.0341350466309482,6.269788869472321,1.302901861811979,8.159861869524947,38753.763699700175,0.00075051856041308,0.0039994604167892765,0.024683796451494044,0.045235342604416535,0.7910155602896334,0.13144147251608346,6460.474973805332,2435.8386146230937,6.525136007163433,0.19470592671031384,1.3532360629047946,2.6339520921999116,0.1948223518110416,-0.000813317863498625,0.32290095745184205,5.929308884855054,1.2690224064493987,7.526077628482271,54223.80629710012,0.000904564082911011,0.005701427121035872,0.04264611165659546,0.5397577500153103,0.5019828522314838,0.033081655158336845,3181.9453061198824,3012.2119907402557,6.278767249224238,0.6057767564396905,11.004638895292114,29.088079409290575,0.6084038288417298,0.5363262224567213,5553.8983138882395,12.934534139766559,2.1342081415885734,20.57231559899519,517913.7158030482,111.09366683069737,0.056700129629891904,-0.07189786759013987,0.013458100510540437,-0.0014715931650226138,0.04564107339062287,8319.534459479353,1403.3993207762219,6.166722124834416,0.4918201005073292,1.2648997391446208,2.6530716596303012,0.49105617463430173,-0.005047705514733167,50.61457557702493,6.639678672822493,2.405342912728779,8.314294763745721,416726.04370366107,-0.12353727799067474,0.04383316692196624,-0.15272333823811263,0.30877174492880805,0.4326473263739963,0.14715095781875248,625.6627808451221,2566.115751109161,6.849044801868243
91,54000,2,0.16010584712419965,1.0290646783236215,2.0008876955925774,0.15935340103625242,-0.013487777215931999,1.04958581081283,6.271219298471084,1.3069019151008412,8.162296772700305,39202.63383987211,0.0007497214546461793,0.004044875258743252,0.020879596596128265,0.04523217123514284,0.8120917041254359,0.12735714067196469,6672.381961252988,2358.755818686992,6.431246412985037,0.19597959160816122,1.3520637315614539,2.630761464911504,0.19609026955847733,5.2211394260297294e-05,0.3300179169843671,5.930483169334266,1.2694179819263804,7.527788356602683,55307.149028622705,0.0008731618802108849,0.005813883642172389,0.04853076691375975,0.5154923019727196,0.48113681740657493,0.03683675239468538,3498.157446278785,3072.197166407865,6.323003505117336,0.18816121655676793,0.9501229056075908,1.956167784244608,0.18816850396341178,-0.012354083450883683,1.195594469038351,6.625512738166178,1.296085477999723,8.638671162109764,53851.66005324412,0.000599987646398299,0.005631580535115622,0.040589026336120715,0.12124167895625758,0.5137385953584642,0.09661631286429298,6341.351605527405,3456.5280673483526,6.61504577385442,0.24830341234174266,1.3072890530608785,2.536896816846853,0.2481097594399895,-0.006657477177580976,1.8370387527328629,6.784983414933565,1.3203116467728038,8.740223529532297,96256.21778095435,0.0008567350336966861,0.010036218813651498,0.03340483766986482,0.2656164871455465,0.5529842903410761,0.07535207701884528,3850.88696420968,4287.113691214512,6.5492899792369315
92,54600,2,0.1602375678611326,1.0290643878680004,2.0007723845640943,0.15948597217639598,-0.013564960422743048,1.0493032641127122,6.271213831768315,1.3068252197371948,8.162286772567876,39279.10094796057,0.0007497151723341476,0.004053072069367393,0.02554082280863334,0.045228516073202836,0.8096571128215382,0.1274152167110325,6678.0989361851025,2374.34596387141,6.428258797128997,0.19034759332301404,1.3520713117564451,2.6311791032368057,0.19048031763348966,0.0006240949514471168,0.3294007791306617,5.930686407151594,1.269341753853402,7.528069858282817,50457.55137288169,0.0008768389697471817,0.005325456268498915,0.04809383429364021,0.5102554586498615,0.4930630237614406,0.03710496326596923,3564.0016399732353,3082.4100050598126,6.334775025258239,0.16827946582311526,0.9747476767325179,1.9937533443819708,0.1681465305504268,-0.012746575782442093,0.8350273017524643,6.706096579830162,1.2855956170148035,8.73159516677012,43332.79326675444,0.00043444445597647454,0.0045025658873453734,0.07571198036365248,0.16255169464454217,0.5916202716258914,0.10762384556996035,5848.349866208243,3284.6638997839204,6.508100811697744,0.23189712858627282,1.3033798760438562,2.549087834224514,0.23173937948695342,-0.006623128140723203,1.8343776774503373,6.693175746335387,1.2874164997002266,8.619054810853548,83415.69103686741,0.0009060047318573893,0.00868592846259983,0.1051052519985988,0.2503157751819642,0.5513662723482413,0.06417674785196958,4498.442813997226,3890.815651758226,6.600564630848893
93,55200,2,0.16000256205202465,1.0290645056191667,2.000882210720626,0.15925575908502518,-0.013506604932651527,1.047545007073762,6.271238528086073,1.3060412604380385,8.162317964067672,39142.452153116516,0.0007498194712003136,0.004039417018163974,0.02418507032704703,0.045228116970218786,0.8101411153770189,0.12730762651750338,6685.831965058309,2370.3543439734303,6.432897133510538,0.18809063378281352,1.3521194177924631,2.6314346665502324,0.18823347772621785,-0.0010171177292769918,0.3288085058664544,5.930719024264888,1.2693378060122729,7.528115831946002,48471.17502184356,0.0008802977351922358,0.005110417924554094,0.048679862150007525,0.5053268638547497,0.5007504803196714,0.037418270036928505,3601.73025159258,3087.78601093209,6.333787892364907,0.19156344851534018,0.9746097963751341,2.0018684068519637,0.19159528867644318,-0.012483744796514068,1.7766158402834742,6.6678975682978425,1.3022865201210605,8.690612912676153,55757.09655669506,0.0007743796290626164,0.00581975037247611,0.04757966426256979,0.13662317679804695,0.5380032199001522,0.10026223084020845,6191.721267216462,3526.8164441692975,6.577872567454173,0.25387898252663654,1.3007487401286697,2.5546492037597703,0.25367269892018485,-0.005464113659131907,5.009751549981596,6.692885780447601,1.3338147209957667,8.610254217850516,100871.47551172895,0.00047953135604528066,0.010502842257287988,0.036301960696915075,0.2621484646648893,0.5350965091232766,0.07878969375276573,3769.31876161005,4671.103838435152,6.548303281872741
94,55800,2,0.1600829927043676,1.0290606590453943,2.000752012554237,0.15932699480613946,-0.013556936509261892,1.0500574884936682,6.271372809725888,1.3066786913045259,8.162548153215491,39189.33498270414,0.0007497052915000207,0.0040432947639460195,0.02826084114956396,0.0452295263399229,0.8109090007302019,0.12724457960058835,6685.774162406118,2364.144588730297,6.435382629054638,0.1860540786352816,1.3521310798895931,2.6316639579693497,0.18620621386424255,-6.70966674145313e-05,0.3275611848363524,5.930779354322752,1.2691650100838567,7.528185914999363,46657.70291539951,0.0008874805931500364,0.004925267330900155,0.045437444972469446,0.5088005891139757,0.49406629143367153,0.03750101533424388,3610.5045735497274,3091.6296198461364,6.335161110943111,0.17246155139974234,0.8994256629774486,1.7721994283192344,0.17237740190078799,-0.012154851703862367,0.5036567775068573,6.540961758057397,1.2798205360490653,8.535752863132505,45458.05221783105,0.00038887886021505815,0.004741850539571811,0.0787367733361973,0.1662407906858502,0.5930910029159574,0.1082197947783563,5801.027506436802,3262.543436743615,6.489892358928854,0.2374207483159793,1.3156452792880566,2.514286672187736,0.23725397336576212,-0.006531444847543055,0.4545841568891109,6.907381909749052,1.2750901349800816,8.913154581208273,87615.4583409501,0.0010020515959222966,0.009124654332278385,0.13004129557452107,0.2511725569426513,0.5561093414073949,0.06270559207636726,4576.661043510945,3700.1883918879844,6.61083821955614
95,56400,2,0.15948428746511073,1.029081155765801,2.001361737102041,0.1587426254811264,-0.013558599271411054,1.0473073332057028,6.270688640263278,1.306056299645994,8.161406681922951,38837.510940227396,0.0007499075614292829,0.004007798013274761,0.03910716928697005,0.045227823957317594,0.8093104503606032,0.1272505417819058,6702.644797551979,2374.023515735264,6.4456764092745935,0.17784119209070184,1.3528681240002032,2.6329707809546683,0.17802874026269794,-4.190819170431627e-06,0.3314586211166915,5.930352488702285,1.26951933338463,7.5276126230150435,39141.420001293605,0.0008665266628697583,0.004161724792349995,0.040800604659882195,0.4982879125678339,0.5334900716950882,0.03771823025324796,3703.9376542161217,3100.580738548564,6.35702248662761,0.263929432838065,6.9889815556585475,18.435619667622877,0.26449746511660266,1.8964046994275499,22783.984662205523,15.130736930969935,1.5759389347008324,20.727505308703847,103581.81899988514,19.401457339393673,0.011315138804054417,0.027955734963286613,0.09356919991665408,0.43344563173286743,0.08749233443022733,6755.3048062767775,3640.243573045905,6.7633089401614495,0.32771050240444033,0.8800945211975953,3.5592068555707113,0.32733418854583224,-1.2197808153597927,9459.002788169144,2.080155450579243,1.9230957182266069,0.7578967887912498,174016.62507230163,-3.65650350570754,0.018363351349156818,0.09556091290874016,0.27546637546720343,0.5210054423574244,0.09107163576796626,3145.454298712996,4933.988634520629,6.3869133355832215
96,57000,2,0.192584,2.1170616,4.1410446,0.1919138,-0.0156550098374989,1.3564938578552317,10.99292615731427,1.295860955231659,14.245303791082328,56968.074,0.0018659438916313,0.0058919438160955,0.0116647926143574,0.0641503194862248,0.8107166817048296,0.1134518831252021,6086.539485377896,2455.1420405225485,6.535286903381348,0.29977566,1.9496918,3.6546707,0.2997352,0.0001255273395908,0.1667081161328778,6.50383614269192,1.2604273470323653,8.197612934893733,138033.33,0.0013463011455187,0.014367657713592,0.0689457323742433,0.6201257457602614,0.2815113350256563,0.0294133096781887,2538.489767577179,2725.4162111151018,6.163661479949951,1.0003892,36.154175,41.445923,1.0003642,-21.83076990238205,533.7565471718133,36.14010841199537,4.889970644849279,176.7240692365045,1537195.9,534.5880237817848,0.152492880821228,0.874564865773973,0.0932011719400424,0.0241301218169028,0.008103148045302,442.5684207085207,1303.118566599238,4.740756034851074,0.4652735,54.696083,58.687115,0.46519887,-42.20201938658747,3730.0563822961785,117.55684157559278,2.105966538811162,247.5707747670553,332512.4,174.80291285233292,0.0313398540019989,0.621480154812229,0.1968227339511233,0.1473966738209572,0.0342965296145071,1511.3834060989411,2617.062999110828,5.774421691894531
97,57600,2,0.18877326,1.1223793,2.2437096,0.18811867,-0.0117523508609064,0.6822704882929727,5.945647735401325,1.285355168726874,7.64226904816781,54735.887,0.0008664000832791,0.0056644836440682,0.0117364149102795,0.0715068561492902,0.8038013590060238,0.1129371737099981,6087.518852970528,2474.9689643205384,6.527979850769043,0.30195466,1.7136574,3.3786774,0.3019044,-0.0060917693399609,0.1306909311603292,5.675214275818641,1.2596693030122197,7.148893211289142,140047.28,0.0010864565926286,0.0145978787913918,0.0547888882521129,0.6503514371088676,0.2677170151592567,0.0271396349642539,2509.652063120758,2672.143130302837,6.168916702270508,0.1743586,1.8802643,3.5461426,0.17402452,-0.0034877375800819,1.0940360155189044,10.78389143903468,1.2897713300060225,13.908754004044088,46695.816,0.0010111257607826,0.0048432825133204,0.0460540951046498,0.1825317737466208,0.5800690710252422,0.1913413733263753,5783.562850537597,2964.325641655771,6.753081798553467,0.2524121,1.793766,3.414631,0.25235978,-0.0100848202789825,0.3957379194430475,7.106497456446781,1.270888062352391,9.031562782571624,97861.42,0.001606380483588,0.0101832384243607,0.1380867512521281,0.3448606382094248,0.4360600699999958,0.0809815199411173,3840.213879536072,3173.489775593141,6.617682456970215
98,58200,2,0.18905221,1.2687683,2.4831772,0.18840912,-0.0087166936078998,0.7516221883474774,6.711205944216917,1.2874984244975314,8.640667079703453,54897.77,0.0009601224391729,0.0056751226074993,0.0122530543314209,0.0715115409992104,0.8039280120658706,0.1122880189259418,6066.978592438422,2479.532272859151,6.525447845458984,0.30096906,1.7253876,3.437996,0.3009135,0.0028533391578087,0.1387032585677619,5.73277382384162,1.2598935243314455,7.222684617138873,139134.55,0.0011380834189316,0.014490257948637,0.0637367682519626,0.643011130122766,0.2655749679933358,0.0276740444742822,2508.803630568648,2677.1117939281003,6.1581621170043945,0.182435,1.6050339,3.1214714,0.18210414,-0.0070178644525097,0.7783322636656109,8.797839354110387,1.2846661637601535,11.30228653248505,51121.97,0.0008621795816997,0.0053050955757498,0.0480817777685584,0.1693593853448722,0.5608489838756457,0.2217056834515202,5943.976168008338,2981.611833714436,6.790946006774902,0.2599148,1.719284,3.3759117,0.25986582,-0.0078750165130436,0.3410668450542418,6.614798975309974,1.269235804106113,8.395739696460147,103765.55,0.0015565513288744,0.0108143500983715,0.1451099073912779,0.3343055179671267,0.4146412878906823,0.1059282158082247,3948.259500975812,3286.581341905337,6.614614009857178
99,58800,2,0.20072263,1.2881279,2.5746346,0.20012896,-0.0091140389871842,0.6291680705181464,6.417452124899767,1.2829927596562238,8.233544611727869,61884.785,0.0010212970350879,0.0064045996405184,0.0108051373413532,0.0675555627430324,0.819832928625434,0.1017909049234276,5876.034277434471,2410.342763061939,6.583823204040527,0.31013492,1.7976761,3.531742,0.31007522,-0.0045531497211469,0.1057448364586655,5.796432407304457,1.258281077257703,7.293541213738031,147738.12,0.0009782769736769,0.0153768192976713,0.0512559208418574,0.6544708429859791,0.2640597928424301,0.0302101991630149,2502.0214327371023,2653.616090845169,6.17713737487793,0.29033798,2.9209137,5.543995,0.29012707,-0.000130039772627,1.4711275770225931,10.060391335491088,1.3168976040135,13.248505245192018,129478.88,0.0104535966554925,0.0134482821449637,0.0190886997567451,0.0762041755809668,0.4352066065128124,0.4694920346856285,7319.177785643837,2496.917667255469,6.874805450439453,0.3424624,2.5642395,5.022621,0.34243074,0.0020982230497816,0.7663410797019568,7.487652868960311,1.2878456261498594,9.64294099744714,180142.83,0.010540801691235,0.0187430456280708,0.0747321068996388,0.2013729732259835,0.329120512224013,0.3946942220266122,6033.932727559288,3696.16607147396,7.029134750366211
100,59400,2,0.20122486,1.3329506,2.5460243,0.20061122,-0.0071670022155904,0.5704001184891885,6.624184351060226,1.2803666498227002,8.481384725417087,62194.855,0.0009352036069275,0.0064332913607358,0.011198923166396,0.0712122779213347,0.8148636142720055,0.1027075207572481,5871.332158659799,2420.5252998122687,6.614222526550293,0.31575805,1.6562462,3.3031464,0.31570053,0.0005165809580503,0.1014412403856184,5.245301546493364,1.2583419587532805,6.600383022286974,153144.03,0.0010083986917849,0.0159460362046957,0.0524669508525889,0.6540319120230831,0.2621512030666712,0.0313461741959603,2499.271890598657,2642.1773126286853,6.178131103515625,0.30225784,2.635765,5.0930977,0.3020556,-0.0053286533196922,1.2706882763692606,8.72025391213324,1.3058868617779156,11.38766501525994,140328.66,0.0106059432048813,0.0145820192992687,0.0179966876032377,0.0699284245459131,0.4288301755484875,0.4832341401047287,7414.724694288155,2454.89474833692,6.850520610809326,0.35553855,2.5530815,5.084133,0.35550404,-0.0019291958484852,0.5961744758235206,7.180885261827059,1.2814101609056228,9.201659338828508,194162.19,0.0095262100125663,0.0202253479510545,0.0737838609902496,0.1883999886262124,0.3045453008998745,0.4331813219798603,6280.286848198812,3730.830769971676,6.978697299957275
101,60000,2,0.19660667,1.3072968,2.545452,0.19598296,-0.0088009536934305,0.6110774025665813,6.649300252731631,1.2817511253569012,8.522748081818044,59372.82,0.0009130386814483,0.0061471844092011,0.0110135637281077,0.0722093847777741,0.8086547828701348,0.1081044146704772,5950.716766364633,2447.354548105694,6.612181186676025,0.31596965,1.7021179,3.2577515,0.31591687,-2.6264318294564077e-05,0.0968689648686433,5.386966569694733,1.2581451992305277,6.777586128098223,153349.34,0.0009655307579806,0.0159562192857265,0.0485340596927709,0.6621431564425923,0.2571477266331418,0.0321713727285144,2491.9274162865327,2654.410571956777,6.141100883483887,0.28340828,2.7485847,5.4522514,0.2832033,-0.0059628028646173,1.3437083214734151,9.698321822830328,1.310041542163024,12.705204477218784,123371.914,0.0086687238797575,0.0128287579864263,0.0204254326588638,0.0773649081224076,0.4223780731027946,0.4798234075916449,7353.596944294897,2577.296524533244,6.890766143798828,0.33083412,3.2180786,5.770302,0.33080235,-0.0046322182883322,0.6863948256579833,9.727166618398154,1.2828300967710646,12.478302094425691,168117.08,0.0082227138522931,0.0175125040113925,0.0747347971453462,0.2104334907283129,0.3202503968672966,0.3945080990385828,6050.595638780796,3761.263162596365,7.033532619476318
102,60600,2,0.15478865245199108,1.029080606257614,2.001328175519066,0.15417715857624104,-0.013462090750229418,1.0528772322250755,6.27127245853322,1.3077527879014317,8.16239516593573,35850.12854240423,0.0007503873613272488,0.00371069324771044,0.022393047392850654,0.04523527191632287,0.803476153709042,0.1291897626961515,6602.236578047812,2397.140825846722,6.5538855332739185,0.16464457664595084,1.3530346003068041,2.6332382870140028,0.16489857963603943,-0.0005253349654228232,0.33028897829422016,5.9306452794319355,1.2694328519474634,7.528019840381679,26382.697633690157,0.0008756932095273272,0.002859056655089256,0.048917955083103405,0.49965934548255886,0.5789398429662256,0.034890291035681587,3519.9313295302454,3053.6457965904783,6.337099989943336,0.5530849262625991,1.1851336641070693,2.7016916048475466,0.5554249788109089,-0.012513839068837306,2.0817377142899067,6.622417572906943,1.335209725561558,8.643231148892749,433775.5746301013,0.03106441572478127,0.04569446135915668,-0.06526203080185813,0.01927018168925858,0.12953964348710803,0.0556264611126228,8040.553794250009,2207.6233457819826,6.365322431933357,0.5205282223619394,1.1495322256583271,2.971198447913571,0.5196941085452238,-0.002108072905317865,22.737544057900983,5.902244504689241,1.4147151724641505,7.464364912366832,470542.22674756806,-0.07063925265170198,0.04904482825830239,-0.14144250911926498,0.3058763427810663,0.4526925430171993,0.1384654288666684,988.044604972004,3246.825916444351,6.728841518585844
103,61200,2,0.1560097137991754,1.0291109705998496,2.002240607623443,0.15537581412835383,-0.013562835998786507,1.049383396146264,6.270131282865262,1.306698121162869,8.160493003430137,36665.88649651233,0.0007504010852770788,0.0037916629640759644,0.024106393094767344,0.04522935561054202,0.7949246350697367,0.13019636152143516,6587.098958512737,2456.2118010947147,6.539841855799361,0.16853520330883026,1.3543031437221806,2.6358877594334564,0.16876911514275714,-0.0010216428340586049,0.32874285459554436,5.929365264971081,1.2693190706244075,7.526190627326511,30231.539859055832,0.0008869206223625183,0.003258839886359584,0.044625223702715065,0.5050658999147014,0.566724361485722,0.035028911864895276,3497.4372019902416,3051.9078138745017,6.324711973884968,1.9951215855630586,13.23284228825142,41.634936527742965,2.005695681091661,0.03086676801298417,2263.044127143295,8.849914108846916,5.210694805336683,19.11991625730002,5402314.2385177575,4855.172527577334,0.5644124555519363,0.0582543069510478,0.1074346543291507,0.2926552263476372,0.07987876049511342,6827.724205933894,3946.3206312551633,7.007725892088825,1.4261925717512005,0.466162603364047,4.599476628321381,1.423090450686117,-1.05521830476218,2321.2330115631266,5.119050336442475,7.257394373890383,0.79254872407253,3904718.204577472,-537.4524548122898,0.42800533641287314,0.25121221303602315,0.29644984719562484,0.5231461220658303,0.10123938306437599,2391.11755335857,4781.398902235198,6.236413458906457
104,61800,2,0.15712256795933205,1.0290767361336082,2.0012816854951874,0.15644862843784024,-0.01348277250825384,1.0495618964788047,6.271144103166288,1.3070356102705876,8.162174024510094,37385.5316889801,0.0007501837238638348,0.0038642085799672557,0.029789494967434847,0.04522547989812671,0.8025087019607793,0.128394097534503,6672.867535443187,2406.6565403458135,6.509259590550296,0.17015249230545448,1.353099616337803,2.633544008429118,0.170379093444097,-0.0010834612123985482,0.3281044354049477,5.930404505605025,1.2692647030731115,7.527662038493386,31809.975332612463,0.0008910402404583748,0.0034160774541594375,0.042605495021353974,0.500772190338675,0.5564510469054883,0.03624232509566183,3608.0110336037787,3075.4309694614913,6.330349828389979,1.6252848111548637,12.342801232615349,37.50394120513586,1.6338206151946753,0.22137800515479758,2970.736277551035,9.190819066553052,5.135651894146266,20.427595143734486,3600394.9769892152,2832.9801356775715,0.3732741281262056,0.10752345758835424,0.11068227294283176,0.30467468849421697,0.08208080010244836,6689.320723756749,4003.5731248870284,7.007050274485588,0.636391668533341,0.6290405956672382,4.090737778278141,0.6352690303143947,-2.3164041973276825,9437.908926142461,3.367623666342501,3.7838508318451387,-0.4405202118302416,722111.0936172507,-72.20825575633063,0.07435964810146692,0.20778889451611263,0.29143000450548434,0.5088857692703856,0.10340440243981852,2448.9647400484655,4845.19591419045,6.259927122763338
105,62400,2,0.1582511435923473,1.029077097239929,2.001048190573072,0.15754833866661927,-0.013479640505254858,1.054590660264736,6.270996506729689,1.3086372059116287,8.161950838913299,38092.14117667071,0.0007497378131928675,0.003933991892985846,0.03030660110969608,0.04521701531088618,0.805704790111929,0.1270426901526541,6780.965365098002,2387.216861424768,6.4520724805731176,0.15986942276913987,1.353658230392897,2.634805109803139,0.16014206982896187,-0.0013998719129588175,0.3291730340721768,5.930251095245222,1.2693650121415976,7.527453754416097,21559.017013894743,0.0008864799269996881,0.00235130280939351,0.04764267817671952,0.4800809524465953,0.5770056935686323,0.037824407758058155,3813.3923571105997,3118.2733481414857,6.376539883831315,0.21146574180904543,0.9919960439125007,2.1010384130609547,0.21161711945667905,-0.01243656640874727,1.7128881235240476,6.6718007567461175,1.2940724966863153,8.693218136166978,67520.61071309779,0.0009641274997532869,0.00706337157647697,0.03986572647843689,0.15991015653918345,0.45748270295324356,0.0972095438283499,6128.274751671819,3692.6250863315167,6.5659663426916755,0.2758820871092914,1.2995237535426727,2.554161996338517,0.27562874443135366,-0.0071729974956266365,3.233118106902101,6.712038499999986,1.3183934355180134,8.639549345708927,120329.99264891304,0.000505253561079977,0.012534220784433451,0.06174889755845911,0.25544162343125076,0.5285552541405238,0.0759108131868538,4076.09170514695,4511.233078383613,6.590059533886707
106,63000,2,0.15753393988748826,1.029173787418724,2.004421721488682,0.15684796478585417,-0.013510698590275655,1.0465424668032688,6.2677281666828515,1.3073543789919422,8.156529954763784,37645.80038554829,0.0007502803057856378,0.0038904257329804622,0.032496391828443036,0.04521816813130249,0.8033268364059175,0.12755362780571664,6757.350270887332,2398.3338505886404,6.479078393900393,0.15244451184867586,1.3559579942960571,2.6383417203725257,0.1527481224250248,-0.0006356400184998657,0.32963198788807796,5.9285520499547,1.2693991416940913,7.5250448878306,13840.15724056121,0.0008844596381194706,0.0016037151833775722,0.051511277763757066,0.47559793114513205,0.587229208861357,0.037678206539696384,3823.4576962365604,3118.0280009753374,6.376243057354026,0.2609535326396065,1.3039695302530356,2.905006762681688,0.2614808263595616,-0.011117374262011457,9.73230314396746,7.0647898572483285,1.3717740783552874,9.203973640585396,101340.356915863,0.008311098677822612,0.010575966949378264,-0.007936365178934784,0.11204574352062598,0.3078395056337251,0.0801566606381307,6859.342863423384,3814.8035204471394,6.601028662853048,0.3338533082990681,1.2798562342533752,2.6096848370726398,0.33346524579990927,-0.00783786548280343,14.109338887773335,6.5681705897821265,1.4697090902759602,8.403849108643398,181110.35875388412,-0.004857941655752177,0.018741919266674806,-0.021925475023954866,0.2742751740121814,0.5031084768849272,0.0984858370430571,2947.46325242854,5076.715862560246,6.571260473337787
107,63600,2,0.15772833901194375,1.0291091022621357,2.001891932444351,0.15704069076507124,-0.013467316900601083,1.0537121249715025,6.269943299407808,1.308374272303381,8.160209347093815,37767.71375861444,0.0007498544689469202,0.0039020867928845574,0.032521510798327824,0.045214117738313075,0.7969436564901604,0.12835320931037142,6723.728963814707,2430.6581382254544,6.505967564255143,0.14677715554397602,1.354483614728766,2.635611382540028,0.14710978631113047,-0.0014650634517368918,0.3310706362778474,5.929982346515347,1.2695199653927527,7.527087800562482,7769.509348907188,0.0008697480989042594,0.0009761165491769183,0.05140566074031603,0.46785983738285264,0.618519088811716,0.03744989452910531,3859.127481925324,3116.870945503779,6.3761848276047,0.30294631097829805,1.163211258350898,2.6667956488034825,0.3037601575168531,-0.012473563428039538,15.090813233591376,6.797584103995735,1.4746998714755666,8.906097618236789,135149.72056640105,0.021915379236695245,0.01414277999999032,-0.021487407737287703,0.0907947090035866,0.18319444336070898,0.06866316020097407,7310.263832797627,3700.4599250964343,6.524225737948884,0.3934768725521545,1.0160784967866285,3.0183364742523784,0.3929488125472795,0.06722285924988704,269.23036458087734,4.264502185128121,1.742020437701912,4.673467691640061,258010.2292383212,-0.24202479670184332,0.026790791010037566,-0.08621067686427561,0.2871824114224854,0.4681149787043428,0.11980527804932872,1920.711520836263,4873.325621123971,6.6167431556763345
108,64200,2,0.19872169,1.2863159,2.4450302,0.1980949,-0.0094852456495498,0.5495458221922354,6.4729517207511975,1.2797237383048885,8.283589973988466,60657.117,0.000857008275087,0.0062723169103264,0.0178746606799658,0.1096050928361292,0.7718769194634064,0.1006341233325268,5802.446794352998,2587.929659531242,6.716464519500732,0.42245018,2.4187088,4.8215866,0.4224073,-0.0180606466034984,0.2608584413143267,5.725429620257972,1.2665431313440183,7.25150355954849,274120.94,0.0083081994292708,0.0284966733306646,0.0581185921183132,0.7832488127244298,0.1436760880619506,0.0149552559600635,1732.2783874163968,2108.7190610144226,5.870375156402588,0.24389873,6.5384865,12.636566,0.24365602,-0.0050976825482742,12.866270027854425,26.80820175398397,1.363734429261225,36.559267718639,91371.41,0.0455292869964676,0.0095420461148023,0.0393684928720034,0.1920831570602979,0.3343258640791947,0.4342180236432751,6440.978591590684,3470.700427332528,6.965526103973389,0.35977298,4.9360275,9.723282,0.35975152,-0.0074204771370232,1.4579140250430953,13.719839449636146,1.285016743457721,17.63022341038322,198814.61,0.0244256476933699,0.0207292810082435,0.1410817536324419,0.3948961752528623,0.2932511455568453,0.1707540663239982,3761.3939394553695,3598.0625314131885,6.582279682159424
109,64800,2,0.21444674,1.4037132,2.758503,0.21384285,-0.0054486178727899,0.4727153001602833,6.545742952453818,1.2762097044089136,8.353740678526771,70636.65,0.0009997178348812,0.0073050148785114,0.0180353281111764,0.103839976654959,0.788181215389892,0.0899304138867419,5587.475983859702,2483.627513035403,6.704385280609131,0.4061653,2.3161888,4.54607,0.40611923,-0.0123400745981687,0.0690572751764708,5.7025767636644655,1.257282074667817,7.169747544390196,253394.33,0.0018794064623672,0.0263940226286649,0.0728023413643221,0.7440666785743368,0.165249242011291,0.0178801490683218,1908.108034925736,2195.0418418750046,5.981037139892578,0.31376302,3.1022072,6.156254,0.313583,0.0023243306882225,1.5443538821799478,9.887102565093953,1.3149027090414755,13.000577947454396,151214.95,0.0149676584189331,0.015736823901534,0.0331778872633377,0.118902349162601,0.4272816947965022,0.4206272237771412,6832.702097188419,2789.180836819312,6.87493896484375,0.42691377,3.1759262,6.2924385,0.42689475,-0.0011047530084962,0.6446857468175522,7.439268644280326,1.2796727755083737,9.51982955380092,279944.22,0.021414538185351,0.0291435681283473,0.1189782219870881,0.2699184997492121,0.2477063476893062,0.3633403517913482,5344.945502026296,3981.9904552362914,6.968732833862305
110,65400,2,0.24195284,1.8445015,3.4654617,0.24140605,-0.0069539933044212,0.6182055290689057,7.623392731957668,1.2817317245264848,9.771144313115157,89919.24,0.0021186331166473,0.009316531009972,0.0146031454671057,0.0870574782916065,0.8250347950626448,0.0732931632484933,5459.68933750098,2278.8090489160354,6.657127380371094,0.41409752,2.2193909,4.4322968,0.4140509,-0.0117223825901085,0.0612245185503654,5.359585059354921,1.2565886585087958,6.734793799914848,263388.28,0.0018002627165597,0.0274377129971981,0.0610256153702239,0.7368435987351701,0.1813486939625742,0.0207800510633266,2030.281378065172,2265.6710592248423,6.018504619598389,0.41765627,3.446865,6.6970825,0.41750607,0.0057292713844636,1.4648843824964857,8.252875169120953,1.3205821967076696,10.898600020018025,267934.88,0.0445737714798801,0.0278881769627332,0.0178050110493963,0.0659645235383932,0.4326778406255442,0.4835418966427117,7473.561622054094,2370.056638150032,6.790323734283447,0.51649976,4.6212196,9.066868,0.5164833,0.0089281660698397,1.0839075881828553,8.947186451707855,1.2954612881359422,11.590733685944349,409761.75,0.0771387763519149,0.0427606962621212,0.0717102131997667,0.1841897804083898,0.2316893768262146,0.5123223992728724,6606.258523638554,3814.9920086357833,7.006420135498047
111,66000,2,0.24747148,1.6906738,3.1466484,0.24651709,-0.0028713876233614,0.5473538660662309,6.831792566356437,1.2787547003660955,8.736186856189748,94067.914,0.0020529048625475,0.0097115524113178,0.013118777089954,0.0766239918599236,0.8272270969736156,0.0830172581116507,5511.770717366355,2275.123488830427,6.680679321289063,0.3823885,2.0558357,4.059601,0.38238814,-0.0028203879647471,0.0886102069441086,5.37630109479439,1.257489591585126,6.760642667949343,224595.4,0.0018945368309418,0.0234029181301593,0.0705945120392338,0.6861156163346381,0.2095680109324822,0.03371780154589,2247.0566075232964,2509.247849232194,6.126543045043945,0.5367789,5.2095413,9.932232,0.5367725,0.0002074017102577,1.2354615508140163,9.705189716311304,1.3060943900230195,12.675893842606907,442570.2,0.1025678058410285,0.0461977049708366,0.0104177548593829,0.0402660283730583,0.3875302372237542,0.561774348751361,7875.976385700719,2046.5667274253644,6.644170761108398,0.5964398,4.7582626,9.061527,0.5964363,0.0107593534851396,0.84646153877698,7.977775465956631,1.28972981674371,10.289174889747962,546417.3,0.1071207566017451,0.0569736585021019,0.0526545443390839,0.1147356599898128,0.2037678790319772,0.6287249366460959,7519.92085615849,3491.526141598644,6.90684986114502
112,66600,2,0.24825773,1.846695,3.5838127,0.24729519,-0.0049306213283182,0.635815495563198,7.438620230801497,1.2813071809704486,9.531157518276409,94666.59,0.0024151394002921,0.0097931558266282,0.0144001785570348,0.0762375085761186,0.8282682001919536,0.0810809888650037,5471.8753953635,2263.287767118384,6.668098449707031,0.37566245,2.6187897,4.608631,0.37566227,-0.0138333002284993,0.0801134642031109,6.971124477773836,1.257012716774479,8.762792118802883,216763.81,0.0015954993787534,0.0225616265088319,0.0739386474357167,0.6780645836900986,0.211772480418357,0.0362206300554397,2289.4315874156605,2544.7300768718437,6.189420700073242,0.5631031,4.697418,9.304047,0.56309867,-4.9537876076503074e-05,1.1819321663134197,8.342021880941251,1.3065044054880115,10.89888833814649,487042.7,0.1188349431456129,0.0507781282067298,0.0100352640462711,0.0366872911409325,0.3798038978257124,0.5734608400807051,7923.599703332391,1996.8835881833304,6.600430488586426,0.6060833,4.590988,9.018326,0.60607755,0.0087150587083107,0.7606068593759869,7.574847148847843,1.288334086878303,9.758933784769704,564229.56,0.1026335694699963,0.058805726468563,0.048676757502969,0.1084926795653185,0.2077266653209778,0.6349586222525369,7616.612639695008,3435.145939102663,6.896556854248047
113,67200,2,0.25709364,3.1933784,5.778599,0.2561345,-0.0230341758763777,0.9609383659931114,12.421071447194532,1.287555712630227,15.992821498885728,101525.21,0.0041981780495692,0.0104821044951677,0.0132940846266959,0.0719037864542511,0.8305124425755214,0.0842774167819338,5445.668173076159,2252.441647465657,6.609621524810791,0.39006877,3.7280083,6.6158295,0.39006752,-0.0096979549954193,0.190850462986996,9.557310305727036,1.2605200915532435,12.047181661608688,233707.98,0.0044183278553414,0.0243651419878005,0.0767803236678765,0.6872093862114346,0.1971911451821287,0.0388148328016558,2207.3643527433937,2537.722894474942,6.103934288024902,0.6238578,5.9844017,11.466694,0.62385654,-0.0001834180919512,1.6225815538345332,9.592573402782111,1.3171117359435855,12.634491006724868,597808.94,0.2457813703643902,0.0621733032166957,0.009678098721563,0.032963543616275,0.3461328034622858,0.611215338191348,8025.01624877961,1948.0028137684176,6.548269271850586,0.65195847,4.64592,9.271526,0.65194935,0.0042207437977479,0.8237733827146356,7.1260978192709015,1.2905450351964407,9.19655016099835,652876.5,0.1488289682204382,0.0679468438029289,0.045441853110041,0.1076507584523116,0.1801246037248299,0.6666404412955823,7761.1972102079135,3420.803995517412,6.808884620666504
114,67800,2,0.2423969,2.6161194,4.6660423,0.24133955,-0.0139307347444987,0.6751023993127441,10.792709476901445,1.2822144034861542,13.838567543981638,90249.62,0.0023306547268997,0.0093102939426898,0.0169139182496488,0.0785462513514916,0.8123826379672031,0.092145607427324,5530.227138561119,2358.716195049706,6.714784622192383,0.3833755,2.150631,4.2723656,0.3833729,-0.0065391351824695,0.1378296219918482,5.609724604727599,1.2602072159854296,7.06941542658717,225756.33,0.0029774190796848,0.0234901532530784,0.0739084784263106,0.6913207962798763,0.1968552902975228,0.0379106871822975,2213.1735235928013,2538.974595956457,6.168262481689453,0.6031693,48.69623,53.374004,0.60316896,-4.952180210925494,350.1623018951286,80.73393334955075,1.3574309756951193,109.59074191856708,558817.1,46.34750576220512,0.0566983073949813,0.0581899995495601,0.0449704623944652,0.3185145687453202,0.5783134588207626,7605.124631237173,2698.2850598419773,6.77197790145874,1.3316156,132.80144,137.92563,1.3316091,-54.13576129098261,4159.2604333847285,99.7295620809999,2.63502850953156,262.7902393267297,2723635.0,13077.705982501308,0.2934350371360779,0.7262414780487144,0.0960286494697239,0.0400930389974467,0.1376100365563377,1792.094779605427,3433.472539926924,5.390546798706055
