ch1_rms,ch1_peak,ch1_p2p,ch1_std,ch1_skewness,ch1_kurtosis,ch1_crest_f,ch1_shape_f,ch1_impulse_f,ch1_energy,ch1_kurt_rms,ch1_total_power,ch1_low_band,ch1_mid_band,ch1_high_band,ch1_bhigh_band,ch1_mean_freq,ch1_freq_std,ch1_spectral_entropy,ch2_rms,ch2_peak,ch2_p2p,ch2_std,ch2_skewness,ch2_kurtosis,ch2_crest_f,ch2_shape_f,ch2_impulse_f,ch2_energy,ch2_kurt_rms,ch2_total_power,ch2_low_band,ch2_mid_band,ch2_high_band,ch2_bhigh_band,ch2_mean_freq,ch2_freq_std,ch2_spectral_entropy,ch3_rms,ch3_peak,ch3_p2p,ch3_std,ch3_skewness,ch3_kurtosis,ch3_crest_f,ch3_shape_f,ch3_impulse_f,ch3_energy,ch3_kurt_rms,ch3_total_power,ch3_low_band,ch3_mid_band,ch3_high_band,ch3_bhigh_band,ch3_mean_freq,ch3_freq_std,ch3_spectral_entropy,ch4_rms,ch4_peak,ch4_p2p,ch4_std,ch4_skewness,ch4_kurtosis,ch4_crest_f,ch4_shape_f,ch4_impulse_f,ch4_energy,ch4_kurt_rms,ch4_total_power,ch4_low_band,ch4_mid_band,ch4_high_band,ch4_bhigh_band,ch4_mean_freq,ch4_freq_std,ch4_spectral_entropy,file_idx,time_sec,bearing_id
0.15622142,1.0061264,2.0012856,0.15507336,-0.016709114911326192,1.067121269569058,6.440387026012772,1.3050092434252256,8.404764600236367,37486.28,0.0006355885952424545,0.003840237157419324,0.005166482423178977,0.01919328345189676,0.8214325922321929,0.15418872531080605,6921.216307651437,2009.4733918095321,6.097478866577148,0.17317867,1.1101723,2.178669,0.17312263,0.016343213482201087,0.7750297591234534,6.410559994676377,1.293991909690552,8.295212769745039,46065.95,0.0006971014827184099,0.00478882621973753,0.021791747500244804,0.3157550432900743,0.5983635528605538,0.06408173419007347,4828.004334857254,3096.616764829829,6.3622026443481445,0.12352248,0.86812973,1.6716003,0.12333047,-0.012292033042625881,1.29779658628763,7.028111081089767,1.3154098120667568,9.244846276435425,23435.986,0.00030212779227736954,0.0024271358270198107,0.007695284044391039,0.02428204465577186,0.8540628780546834,0.11395038438030626,6777.114051370242,1833.0282499442803,6.261348724365234,0.15903266,1.0956764,2.0900726,0.15901361,0.007887333615057652,1.2487030048724863,6.8896315867796725,1.3124324261732294,9.04217589893382,38847.566,0.0007987381433047885,0.004042441491037607,0.02658099046269463,0.10281833403611086,0.807616957926494,0.06297887201838595,6055.865108716353,2299.9754120893144,6.418097496032715,1,0,2
0.15810855,1.0954857,2.055645,0.15721828,-0.008718523044689116,1.1149954001798879,6.928693645911098,1.3064301064953299,9.051853977758402,38397.41,0.0006967780638612527,0.003956680651754141,0.0054817065515108164,0.0366296413708351,0.8171844176057369,0.1406858695402785,6792.330232422475,2279.7040700787284,6.172478675842285,0.20103696,1.1731148,2.2529602,0.20095421,0.003100538841889445,0.3725747082960629,5.835318924776342,1.2709933670938185,7.416651648304655,62078.76,0.0006085790567523805,0.006461186800152063,0.026713143098501337,0.47157832984047926,0.45385236182222305,0.0478512417645696,3851.655054748041,3172.8029004719306,6.352041721343994,0.124713294,0.935936,1.7894745,0.124426164,-0.009734301972010513,1.3754085053396805,7.504700922679804,1.3178346419110583,9.88995485316863,23890.031,0.00033272291281385996,0.002478357870131731,0.00973626958676772,0.04580039229335589,0.8315358418570346,0.11292311418111523,6656.709553996452,2127.2537901821224,6.331092834472656,0.1699429,1.0837555,2.156353,0.16989815,-0.0030349208021903497,1.0446998799934555,6.377174272793572,1.301684065359373,8.301066132963989,44360.586,0.0008713721000662815,0.004619997926056385,0.041982051738806654,0.19495110046105987,0.7058881483589581,0.057175130539151076,5416.809297348731,2744.943179656654,6.5701422691345215,2,600,2
0.15687868,0.98552704,1.9664764,0.155953,-0.014351410038991541,1.1588112566747863,6.282096704446584,1.3079431148776224,8.216625131628687,37802.375,0.0007018889592853568,0.0038892740849405527,0.007432048390704049,0.03852812941541255,0.8146598135331619,0.13935964407986173,6757.126386490933,2300.6918346585794,6.193981170654297,0.19900483,1.1834145,2.3600578,0.19892657,0.0032172586268922284,0.40930284922759563,5.946662026173361,1.2724588958643293,7.566882995940913,60830.09,0.0006419470793582858,0.006324400659650564,0.027058050709679336,0.47006209962609924,0.45490535791122305,0.04796877151748529,3866.584030612419,3156.5790853490125,6.416616916656494,0.12358148,0.8213997,1.6054153,0.12327611,-0.010198981090270778,1.421184707579016,6.646624655357966,1.3197816970217162,8.7720935671857,23458.379,0.00033148512485454084,0.002429747022688389,0.012077879095958243,0.04646676128756168,0.8277713273461279,0.11367882062275489,6638.731729889736,2148.5453993125534,6.348776817321777,0.16809979,1.030159,2.0498276,0.16806236,0.005784368967017158,1.0965127158967327,6.128258646858416,1.304204257520887,7.992501018469483,43403.582,0.000875552846655725,0.004514622502028942,0.042095980291195136,0.1953810221620107,0.7048531222220532,0.05766561392040002,5420.936084288918,2736.7969285916856,6.590863227844238,3,1200,2
0.1605566,1.0465622,1.9964218,0.1596362,-0.013638426216712386,1.0886245553009513,6.518338069510949,1.305041807634859,8.506703697062669,39595.652,0.0007234204342107888,0.004072348587214947,0.005709101457444213,0.04360586974656302,0.8160205328812669,0.13465182502683581,6669.862283691531,2324.212982589104,6.2529296875,0.22269103,1.294899,2.588749,0.22262937,0.003328940327348162,0.38437526747816886,5.814778398669546,1.2724650391257404,7.39910222260378,76172.23,0.0009452927475670381,0.007921953685581684,0.025457146622638697,0.5620912580836038,0.3741786073175941,0.03827000838205891,3311.239768875004,3066.7899244049268,6.367535591125488,0.12683201,0.861454,1.6598701,0.12652247,-0.01100345018850612,1.3408389748762737,6.792086801507432,1.3152420345652016,8.933238063828522,24708.646,0.0003469701415456099,0.0025575142353773117,0.012417094369095646,0.06834364675909434,0.807577445598636,0.11165828658724808,6485.814113444647,2305.3106145771767,6.413568019866943,0.17913654,1.3553619,2.4992943,0.17910035,-0.006185582238071545,0.9460493031880954,7.566082858799936,1.2980620606523052,9.821245106814755,49290.094,0.0009742054166301488,0.005124467425048351,0.04585621746520576,0.2618000837312195,0.6395826876516061,0.05275792705002705,4977.906062556358,2929.7488484303462,6.664919853210449,4,1800,2
0.17806508,1.0807037,2.1465302,0.17727,-0.0056607831605897255,0.7785678306962724,6.069150429535752,1.290555352388895,7.832574571334714,48702.215,0.0007827290592257198,0.00502666924148798,0.007774514018772596,0.07040214909819666,0.8324805990919851,0.08933965447902112,6017.801259210903,2336.0504680604763,6.523974418640137,0.32319763,1.6643524,3.2938004,0.32315356,0.010327279307427242,0.04769507040199006,5.1496429642561505,1.2557615738319765,6.466723753487076,160445.52,0.0005204106554925197,0.016708271577954292,0.030889737082726413,0.7483148897819,0.20451003796356537,0.016284286499248058,2148.8558022311013,2377.6818725533494,5.37558126449585,0.13676922,0.849247,1.673317,0.13642001,0.005690560494952766,1.071310265709208,6.209342842687891,1.3046812894070001,8.1012134264274,28732.137,0.0003748596971603943,0.0029768149834126234,0.030212528644777935,0.13795511849074812,0.7513992408930744,0.08043033990260194,5782.790477374913,2631.3085503879765,6.596503734588623,0.23504023,1.289463,2.5688171,0.23499635,0.0012577262011164905,0.3319643752411423,5.486137540271852,1.269267955410798,6.963378578872905,84854.65,0.0010131186551954065,0.008830231614410877,0.0556233967871453,0.38693758367940906,0.5236243338858645,0.03381095454091122,3838.7248537774867,2858.450472362274,6.398859977722168,5,2400,2
0.18235098,1.2449265,2.3571014,0.1815617,-0.0021240723551952355,0.7449198194657431,6.827089520118326,1.2883545067855344,8.795711551520972,51074.883,0.0008236485142850244,0.00527022173628211,0.007921069423729934,0.07021589603989961,0.8293251772304778,0.09253367948400232,6021.814310301184,2359.8154244999514,6.530955791473389,0.32857952,1.7210007,3.3021927,0.32853583,0.0016105572758926563,0.026053272236862934,5.2376992224722665,1.2544054034971885,6.570198206582229,165833.47,0.00030368561145671744,0.017263494431972504,0.03178410059818469,0.7388184609684734,0.2109926849209285,0.01840352277686831,2176.2218487733735,2402.221763802747,5.405121803283691,0.1417589,0.8919716,1.7773628,0.1413728,0.00014712320184267098,0.9749160647474544,6.29217328742043,1.2988056130721077,8.17230998418168,30866.822,0.0003937028987593128,0.0031975633464753628,0.02751183152219348,0.14485410777772606,0.7384940249324599,0.0891372548312518,5774.203771857092,2680.039743105343,6.628363609313965,0.24493629,1.4927864,2.80056,0.24489564,0.0036761590146938325,0.28004038526438313,6.0945906516817505,1.2664345529382632,7.718400187335807,92150.45,0.001007936539846258,0.009593733586370945,0.0567895388368146,0.38183329829758644,0.5217618968443521,0.03961016335267856,3836.8388223688794,2871.876793695283,6.3899970054626465,6,3000,2
0.18420151,1.3358116,2.5950432,0.18345886,-0.0038584985083670673,0.7788275182773785,7.251903765458075,1.2903055228377192,9.357171479709004,52116.777,0.0008966315582640678,0.005381742492318153,0.008312068005994353,0.06957069805556759,0.8209207865706174,0.10117890536350486,6053.033899789677,2393.750152524141,6.633634567260742,0.32932603,1.7521858,3.485012,0.3292886,0.0006377000129932568,0.05937225552386094,5.320520222514393,1.2560319460764224,6.6827433692440055,166587.84,0.0006983735811255155,0.01734481006860733,0.03425255484061197,0.7191064381124602,0.21368929770961154,0.03294929302282863,2300.8766592919324,2546.179035564543,5.54201602935791,0.14264938,1.19524,2.0588875,0.14221857,0.012913146840913827,0.9270352477202151,8.378865726787849,1.2964377085568675,10.862677483218663,31255.83,0.0003838626255792719,0.0032338500022888184,0.028596042226607925,0.14692944842129635,0.7281173679897561,0.09635434663180245,5772.300072108659,2709.544066780872,6.6865644454956055,0.25049776,1.3953209,2.7601242,0.25045258,-0.008594032920078138,0.2510027173045617,5.570193127893331,1.26574975852366,7.050470606589279,96382.66,0.0009883113856803095,0.010032281279563904,0.05715993335907503,0.3719884645862805,0.5266248486303983,0.04421956750251758,3851.541400304738,2875.1408029210643,6.403409957885742,7,3600,2
0.18304265,3.4072876,5.8856964,0.18226983,0.004682902105514894,1.0662464169013965,18.61472002428167,1.2879652088008833,23.975111762974905,51463.086,0.0011969243994842743,0.005313090980052948,0.008627930801969438,0.07486945294449418,0.810254469348039,0.10624118517066844,6042.015171390178,2465.3586969418216,6.589455604553223,0.32989746,6.5457344,11.047363,0.32986483,-0.0024973756410245174,0.2616471998868586,19.841723969592746,1.257557542837509,24.952109640936794,167166.45,0.003099074352594236,0.0174101572483778,0.03186788160989834,0.7301595579855669,0.21032807613036783,0.02763875042943282,2241.7732704656223,2501.361033587971,5.531182765960693,0.14367752,1.2795448,2.3388863,0.14327869,0.010057086517690238,0.903729343248346,8.90567188351861,1.295395090026148,11.536363631374217,31708.002,0.0003851178505698107,0.003284892300143838,0.03296500053396277,0.16535022663916737,0.6966809734275728,0.10500087532655124,5674.267644235418,2852.5133296942354,6.709416389465332,0.2546168,2.0871162,3.957367,0.25457588,0.002142368408728805,0.2724562626091096,8.197087805207847,1.265401766797214,10.372609391342644,99578.43,0.0011451041719498852,0.010366827249526978,0.059277076760545375,0.3959490880104934,0.49936341639498333,0.04540432106479313,3722.2688340813515,2904.545957699422,6.357734680175781,8,4200,2
0.17822503,1.0983467,2.1595001,0.17739908,-0.006210490791289683,0.772782928140872,6.162696326759692,1.2897084631478355,7.948081608476648,48789.746,0.0007797084875325628,0.005029152147471905,0.008725875597175758,0.0767689466128069,0.8217573999604157,0.09274361892974241,6016.01159115706,2362.757891669954,6.595191955566406,0.33285224,1.6137123,3.2122612,0.3328131,-0.001785517525172254,0.04809353916337855,4.848134083655932,1.2554627291571845,6.086651648004928,170174.38,0.0005903270668787638,0.01772090047597885,0.028217367446196354,0.7482226411721099,0.20603779063349256,0.017520088636234006,2135.851457511913,2358.951428676776,5.395474910736084,0.14445417,1.0196686,1.9319534,0.14395507,0.003736320136056142,0.8712003221802349,7.058768917922841,1.293647994976176,9.131562257734249,32051.719,0.0003793484516936572,0.0033114105463027954,0.03301609168341468,0.16440750149720687,0.6969460848384689,0.10562722357311949,5684.364977455313,2836.837411175826,6.717427730560303,0.2506748,1.4400482,2.7685165,0.25061324,-0.007735177527576362,0.25103293675013205,5.744686491915084,1.2654261617746698,7.269476578091897,96518.95,0.0009912278876059394,0.010044589638710022,0.056518963405298585,0.3913883772480375,0.5023967816423912,0.04968908595059855,3810.873370872416,2927.3252696155746,6.426319122314453,9,4800,2
0.17798758,1.0986328,2.1195412,0.17724662,-0.0027071723127454627,0.8024832475912915,6.172525296870752,1.2918313557569325,7.973861722745307,48659.83,0.0008053686576796784,0.005027723498642445,0.009386941444766893,0.07518059027004753,0.8184944566997595,0.09693347885818879,6099.050941564755,2368.6870091454557,6.59727668762207,0.33186564,1.746273,3.399849,0.33183324,-0.0022283790605964605,0.04283684973500623,5.2619881006306946,1.255119043172885,6.604421470070604,169167.06,0.0005195970487967664,0.01762220822274685,0.029984221290865098,0.7377481158517267,0.2117167630994649,0.02054838935619726,2190.107269806393,2410.2489864435456,5.473516941070557,0.1465831,0.99897385,1.884079,0.14607844,0.005535170474170434,0.8559399824708773,6.815068580139081,1.2937523114289682,8.817010728162023,33003.42,0.00039516535761041985,0.003412247635424137,0.034601175439991305,0.15111882626328407,0.7021507020702059,0.11212660069811507,5765.177176819853,2808.050429816701,6.740914344787598,0.25101203,1.4716148,2.845955,0.25095686,-0.004937906468186733,0.25691939229727767,5.862726394759422,1.2656995480421116,7.42045014817112,96778.805,0.0010199409083166994,0.010071001946926117,0.055978714547595496,0.3743758354804348,0.5146437060183351,0.05499440937837769,3909.0296119043983,2942.2633214948223,6.47017765045166,10,5400,2
0.16751535,1.0154724,2.0134926,0.16670936,-0.01328259062829804,0.9754507298586033,6.061966248146371,1.2977380652139026,7.866844350308414,43102.297,0.0007681106714727971,0.004444052465260029,0.01802001100078297,0.04807977890746395,0.8114948031029742,0.12238258534705558,6438.811906332025,2406.863329564483,6.410684585571289,0.23778635,1.4205933,2.7147293,0.23775546,-0.006535919458080895,0.2676580170778875,5.974242196720095,1.2661775219226472,7.5644511800405745,86849.05,0.0008557126607325217,0.009043586440384388,0.07199011051905083,0.5461449524481219,0.3471223400897072,0.034738290916367966,3064.939738832026,3014.7152727197363,6.261849403381348,0.1443406,0.9324074,1.844883,0.14386246,-0.016240382805880298,0.9232939668418148,6.459771885337572,1.295727471862593,8.370103893855498,32001.346,0.0004007689598684958,0.00331213790923357,0.078858351696662,0.14644741728817956,0.6668700567470003,0.10782014072289471,5583.307080751099,3002.3332162982515,6.5283308029174805,0.2042412,1.3119698,2.5492668,0.20416607,-0.008909801685552691,0.6029464350236831,6.423629262075762,1.2819479322955307,8.234758250391408,64073.42,0.0010491852017270485,0.0066725509241223335,0.16591966021561924,0.24829416431006462,0.5298510857527753,0.055930186993064006,4268.443157593375,3148.562252563608,6.590250015258789,11,6000,2
0.16548936,1.0501862,2.005005,0.1646749,-0.016352901575135137,0.9703091868198017,6.345943647620449,1.2982064420882673,8.238344924519767,42066.02,0.0007277638113674793,0.004339742474257946,0.013957326997642032,0.04696519703889908,0.8168703535185999,0.12218376232199066,6468.234581550601,2359.383614288465,6.404446601867676,0.22801857,1.4770508,2.7017593,0.22799382,0.004296779555927211,0.27729625266420044,6.477765389444791,1.2660656507778165,8.201276253409404,79860.43,0.0007495918367576653,0.008308863267302513,0.05428352664470568,0.5358027629905536,0.37265033049099516,0.03725836382234728,3256.5844754720038,3033.7176957127967,6.346851348876953,0.13763063,0.9296417,1.842308,0.13708912,-0.0108191146599127,1.0110486481290355,6.754613757613,1.2992862688253934,8.776176906549432,29095.203,0.00036277086520380893,0.003009914420545101,0.05472385904828525,0.11374669846904949,0.7191417910021246,0.11238142893987148,5944.033856269692,2754.108527784482,6.558889389038086,0.19710103,1.3004303,2.5539398,0.19702321,0.006746447069486569,0.681496644359044,6.597785506920138,1.2848301327502798,8.477033628757082,59671.78,0.0010285354585347895,0.0062111420556902885,0.133149317216723,0.2491177115827746,0.5607686450905277,0.05695814076501678,4473.594321873556,3089.6959460162025,6.645327091217041,12,6600,2
0.16601953,1.0648727,2.063465,0.16521023,-0.015447665331084761,1.036844042676929,6.414141441301407,1.3000994907734436,8.33902202163503,42335.977,0.0007876805968613516,0.004368247929960489,0.011213201665083794,0.04548606553600823,0.8229147354385761,0.1203639189848137,6491.71935327329,2318.108350705412,6.399151802062988,0.22753486,1.2907028,2.53973,0.22750236,-0.004991347278299707,0.26367223234976533,5.672549769759568,1.2657369269845793,7.179955713774114,79521.96,0.0007067343035237565,0.008281853049993515,0.04376610261946785,0.5431365075724787,0.3754031454113516,0.03768975668226593,3291.7741173836926,3044.3553888232773,6.325407028198242,0.13695875,0.936985,1.778698,0.13635357,-0.008561764191654577,1.0711256206029702,6.841366680448867,1.3009007366529148,8.89993895437362,28811.824,0.00037687689904978904,0.002974729984998703,0.04018341469010704,0.11054103948205232,0.7365839804267063,0.11268730671471044,6062.2599888818095,2650.0655368870675,6.554522514343262,0.19581601,1.1813164,2.3158073,0.19572783,-0.001488410727075735,0.6950408891939346,6.032787484017197,1.28486586042165,7.751322681432302,58896.246,0.0010218876370570206,0.006131385453045368,0.10089629034471098,0.26625861521207966,0.5776695234513018,0.055170643757069496,4565.526517185707,3048.083304466228,6.6503777503967285,13,7200,2
0.166604,1.0791779,2.0871162,0.1657905,-0.011036437065604648,1.023156486546669,6.477502782681733,1.2999950700427765,8.420721683725162,42634.59,0.0007882858502054182,0.004393982235342264,0.008866020363592469,0.04474637968122186,0.8267304858597053,0.11963484543968406,6504.343014691366,2292.8063362210173,6.391293525695801,0.22548656,1.2976646,2.5336266,0.22545634,0.010590719287752057,0.32077204193044206,5.754953345325934,1.2684836185059059,7.300064043844083,78096.68,0.0008292379434777343,0.008133944123983383,0.03879530037916606,0.5374026935745592,0.3853575139477477,0.03844003012091537,3361.4895162043836,3055.2269148591804,6.324105739593506,0.13738193,0.9672165,1.8090248,0.13678096,-0.01151882433503149,1.0630448027529287,7.040347435749544,1.3005886229716048,9.15659577676982,28990.148,0.00037867791147226,0.0029925755225121975,0.034631497705616666,0.10940530170823029,0.7425079438029829,0.11345121070534357,6099.560356363842,2611.9928347293408,6.542817115783691,0.19437656,1.2485504,2.4656296,0.19428219,-0.006365880722947726,0.7308290411701934,6.42335900717235,1.2866090432096617,8.264351786452698,58033.527,0.0010432570950209598,0.006036079488694668,0.08703043544104035,0.2625637208837194,0.5961569793823205,0.05424338673891212,4659.394288871767,3009.9357390151404,6.655778884887695,14,7800,2
0.16561054,1.0601044,2.0511627,0.16479355,-0.013524682403246942,1.0404525918131489,6.401189137741981,1.3014200948579275,8.330636174894007,42127.645,0.0007826618358091889,0.004346529487520456,0.0073921219069866,0.04221812576372778,0.8291977447232798,0.12116876598397552,6539.455220831164,2275.6736198611306,6.358647346496582,0.21698155,1.4075279,2.709961,0.2169535,0.003859483097885489,0.3209816745869407,6.486855474226158,1.2681667640851442,8.226414515875305,72316.41,0.000711494304853067,0.007529308088123798,0.03422977940881013,0.5135064387081637,0.411311080004047,0.04094760327603744,3540.48448977977,3088.876788671585,6.383901596069336,0.1367356,1.0018349,1.913929,0.1361205,-0.010733277908998811,1.105810907554324,7.326803303851716,1.3035465151751835,9.550828914179775,28718.02,0.0003865514555722759,0.0029659103602170944,0.03496470939877855,0.10130370257167914,0.7484288556683903,0.11529808321873039,6150.245574039354,2575.88291535501,6.5363311767578125,0.19030471,1.2188911,2.4029732,0.19021714,-0.0018651615659161906,0.7923968206276903,6.404944651314035,1.289441261055924,8.258799908227163,55627.598,0.0010392999014876688,0.005789637565612793,0.08017589283295366,0.2438579130598837,0.6204584725311469,0.05550200081047914,4815.451910679506,2954.0531169006217,6.683042526245117,15,8400,2
0.16549242,1.0174751,1.9791603,0.16470574,-0.01376325394787226,1.0307740649830066,6.148167730438102,1.3010637881515286,7.999158397603118,42067.566,0.0007731715438627073,0.00434160465374589,0.008269881326509078,0.041631286842755015,0.8278969593820046,0.12217924548254248,6547.389439430224,2282.4362488208,6.356217384338379,0.21617992,1.3245583,2.5167465,0.21614581,0.004024302396328672,0.333344068972643,6.127110438515236,1.2691855365015194,7.776439949146992,71783.055,0.0007280381834425863,0.007472560275346041,0.03836395284246854,0.5054572444698947,0.41423725540114015,0.04193704091510668,3564.0396810638795,3102.156368837836,6.400026798248291,0.13592272,0.8307457,1.6425133,0.13527669,-0.005460011208069299,1.0992469145829586,6.111897460263341,1.3027535278484585,7.962295978264681,28377.576,0.0003752005094225707,0.002928835805505514,0.03125132409408194,0.09575766572395501,0.7565735612581271,0.11641299432382954,6211.501652755949,2526.054813609138,6.533697605133057,0.19087268,1.2251854,2.4127007,0.1907711,-0.0018791462521557142,0.7500155048383612,6.418861870791116,1.2877828588277591,8.266100290431188,55960.137,0.0009955093985617618,0.005821285769343376,0.08312168888133648,0.24681560426044902,0.6159014922089645,0.05415549998765726,4779.2937575166325,2970.143412677978,6.6470537185668945,16,9000,2
0.1811647,1.1842728,2.319336,0.18048984,-0.00835718352306493,0.7881757064801671,6.536995269732839,1.290260092673198,8.434424122576306,50412.51,0.000849018846489228,0.005211845971643925,0.008960483757997423,0.07716893714532982,0.8269397124344137,0.08692701060146289,5957.819284445002,2353.920357006395,6.586799621582031,0.33989835,1.9101143,3.6753654,0.33987415,-0.006013323857666837,0.034990091006620094,5.619663350471705,1.254635649939018,7.05062998017829,177455.45,0.00046702624461090233,0.018482426181435585,0.0286322493904244,0.7598052924218014,0.19511900618101813,0.01644165682216331,2075.776295267477,2322.907590419073,5.387260913848877,0.14647554,0.9601593,1.8299103,0.14585473,0.0060923451548626,0.9020146712812696,6.5550829227430505,1.2949644391453035,8.488599280658864,32955.01,0.00041521593847655366,0.0034035388380289078,0.033122025764090485,0.16949608931564922,0.699026302003224,0.09835279070543138,5633.167232979308,2823.5732858973684,6.699742317199707,0.25643063,1.5007019,2.9603004,0.2563483,-0.002189658223493733,0.25599698452507313,5.8522725159411335,1.265356728930823,7.4052124076119075,101002.25,0.0011069153737529051,0.010512648150324821,0.05502010675538632,0.4106769478705051,0.49122841594318034,0.04306985894626303,3689.414915386136,2894.556373487848,6.372325420379639,17,9600,2
0.17763275,1.4021873,2.759838,0.1769511,-0.007885778053027667,0.7331184241412805,7.893743437858536,1.2872965883026493,10.161588996548925,48466.008,0.000729904905292918,0.00500460434705019,0.008970400638609918,0.07338989183358102,0.8194759689768011,0.09815861061266944,6017.260543242294,2404.4624490331075,6.578574180603027,0.32769156,1.81036,3.3693314,0.32766742,0.007051518617091374,0.05266462070215594,5.524585321401786,1.2560232664883744,6.939007701401972,164938.38,0.0006072673864447861,0.017171591520309448,0.030565826767883438,0.7502081044127078,0.20002703946626021,0.019196642900312692,2123.8693485265226,2367.528199233286,5.4402923583984375,0.14369264,0.9274483,1.7676353,0.14304179,0.0039563034255963025,0.8403957663743133,6.454389430684985,1.2920672533279858,8.339505223672369,31714.678,0.00035827951804818397,0.0032716873101890087,0.03421049470231672,0.16609321654299097,0.6904394384654614,0.10925284248702569,5671.071806541579,2860.391290304707,6.736732482910156,0.24944934,1.5353203,3.0241966,0.2493707,-0.002233919775327226,0.24194893492012604,6.154837958903329,1.264415795033941,7.782274331143028,95577.56,0.0009368135610092882,0.009946297854185104,0.0592672599389314,0.38013061811448107,0.5074247014122005,0.05317087182917926,3833.236499042997,2926.4913090100486,6.4432291984558105,18,10200,2
0.17117041,1.0580063,2.0189285,0.17047952,-0.010227883323341574,0.5067430971029987,6.18101145529638,1.2782115489973558,7.9006402266909435,45003.74,0.00043501340555591,0.004643427208065987,0.010191791104753548,0.0873414284700995,0.7740488465476586,0.12841361596739664,6019.657584995994,2656.9860626365303,6.514631748199463,0.33363724,1.803875,3.4366608,0.3336169,-0.0015462559805949636,0.018364937750318333,5.406695555717207,1.25402621097264,6.7801379416389835,170978.02,0.00022755559977546367,0.01779753714799881,0.03080535621042237,0.7761539008541416,0.1727761334829839,0.020262519517479018,1969.7012704243946,2253.9209070784646,5.298243999481201,0.13947947,1.0274887,1.8767357,0.13879801,0.002824246215494259,0.5530392276647804,7.3665944147255855,1.2792572953750156,9.423769647174113,29882.146,0.00020931344781520994,0.0030801682732999325,0.03712325494957729,0.19819916463332016,0.6315184670185177,0.1331553548219315,5523.441628036142,3081.93663373839,6.769527435302734,0.25004408,1.4241219,2.8242111,0.24996817,-0.004756508466804211,0.1531546785606741,5.695483253011428,1.261071954149415,7.182414195729113,96033.86,0.0005986824932232201,0.009991906583309174,0.064548157519763,0.42498854473183323,0.44890591871822927,0.061551157316497344,3566.805391586483,2970.2849582618737,6.344511032104492,19,10800,2
0.17466903,1.0127068,2.0088196,0.17398681,-0.01064212059865563,0.6040155273862351,5.797861086622143,1.2819941022122592,7.432823718538103,46862.24,0.0005622270160360627,0.0048421332612633705,0.009198815023957113,0.08430484677539458,0.7876763177946455,0.11881575647343169,6020.488963211213,2572.625088824639,6.537444114685059,0.33675337,1.753521,3.3259392,0.33673114,0.0035363016923938787,0.01076348489715162,5.207137122394881,1.2529095779349486,6.524071974288547,174186.75,0.000138420591127247,0.01814866065979004,0.026609477528551806,0.7693569797168073,0.18429376881267345,0.019737878390100477,2030.0739901754955,2286.023851579346,5.3727545738220215,0.1436967,0.87804794,1.75457,0.14305079,-0.003060001329930421,0.6454707456772204,6.110425432189232,1.283318625931949,7.841622769551292,31716.467,0.0002752096695070503,0.003275357186794281,0.036609008080635885,0.18057383041658145,0.6478672335611364,0.1349467376712315,5638.609020085172,3026.849204039427,6.770261764526367,0.25209194,1.4323235,2.7360916,0.25199312,-0.00046345553231041275,0.17510468405629975,5.68175020526658,1.2619998533362884,7.170367925768294,97613.34,0.0007071859673877409,0.010158332996070385,0.056008935465702486,0.40695284960999856,0.47084289443279664,0.06618941272116051,3748.306484620527,2989.754602416716,6.442548751831055,20,11400,2
0.19016628,1.1249542,2.2467613,0.18959506,-0.007577666102431786,0.8226885927004006,5.915634599140814,1.2921175304713237,7.643695169452743,55546.695,0.001075894076425157,0.005750037729740143,0.010134819216956862,0.07382625071277774,0.8162608177061476,0.09977461532465332,6076.914527685177,2424.2503694536476,6.48712158203125,0.35908118,2.0671844,3.976059,0.35906413,-0.0021140709057437994,0.08620129494794648,5.756872177339905,1.2576246744279076,7.239984497770339,198050.73,0.0014331259481817234,0.0206171702593565,0.028772006530682723,0.7544807868339117,0.19992379000145064,0.0168212963161425,2096.8877597567975,2344.9574753142856,5.3610358238220215,0.15771179,0.9821892,1.9302368,0.15711774,0.002721938001999418,0.8474858359384294,6.227747365075636,1.2926141031907017,8.050074075256543,38204.94,0.0005243111353579776,0.003949325066059828,0.03437152867427247,0.15745751053863843,0.6893691756327196,0.11879855714008246,5750.258757968464,2871.2190816343427,6.689851760864258,0.26798847,1.6413689,3.2147408,0.26791078,-0.006601522845106906,0.28997419598520047,6.124774123687237,1.2670357690007417,7.760307891790858,110312.17,0.0014956287693681952,0.01147816888988018,0.06381663101421446,0.38210273117318466,0.4904976148880678,0.06357724678319801,3889.855156824455,3019.4415445732843,6.503118515014648,21,12000,2
0.18311708,1.1465073,2.1974564,0.18248454,-0.007618130556654283,0.8755949014658153,6.261061412169576,1.2939445485894092,8.101466282704573,51504.94,0.0009845065524275226,0.005320903845131397,0.009500057659955817,0.07983755971647709,0.8234725008284742,0.08718630851547796,5984.386242311277,2353.334652730324,6.575966835021973,0.35241356,1.9990921,3.780365,0.3523979,-0.003965303400753861,0.08398054729145121,5.672574216876418,1.2577954621389642,7.134938108653892,190764.03,0.0012953560784010624,0.01986095681786537,0.027119228280778868,0.7598667137706291,0.197460603566802,0.015551610884568532,2081.220811516603,2302.4430313301536,5.354951858520508,0.15569401,0.9460449,1.8627167,0.15504254,-0.0016519758140057723,0.8099014281543662,6.076309132188075,1.2906602781944632,7.8424508349957875,37233.598,0.00047590444190062533,0.003844076069071889,0.034942681721655405,0.16056810638904354,0.6759856234826659,0.1285001962999737,5763.933147040248,2899.55550668914,6.748312950134277,0.26785505,1.5488625,2.9870033,0.2677671,-0.0037482742887320107,0.2482921963480469,5.782465060098193,1.2646898596855505,7.313024925519485,110202.35,0.001278092873810581,0.011458707973361015,0.060080299862422554,0.38634230496834265,0.48130398882507996,0.07226617265696016,3910.7264511855424,3052.463734747702,6.51535701751709,22,12600,2
0.16090865,1.6402245,2.9410362,0.16014689,-0.021615195755745657,0.8032426323034949,10.193512981539381,1.2887575433987604,13.13696674877371,39769.49,0.0005384735335674279,0.004098344594240189,0.030380711561604136,0.05719271863529079,0.77708703910808,0.13531207303307252,6256.8826336792545,2618.8145004613925,6.486902236938477,0.24231562,1.8009186,3.4949303,0.24229273,-0.008133172090945592,0.38302453075525733,7.432119224204496,1.2682384588585622,9.425699430997101,90189.09,0.0013205420395589133,0.009362398646771908,0.09437445604937154,0.5881215768233812,0.282689825957573,0.03480929788436273,2664.7481285385184,2896.992431248723,6.1688642501831055,0.14598036,1.2417793,2.240467,0.14536758,-0.05638702669737505,0.8643798889422949,8.506482264765683,1.2910295196803032,10.982119712524687,32732.568,0.00039253858516213717,0.003372812643647194,0.11185555549171096,0.1967519424908089,0.5678705545419349,0.12351746012524378,5100.081105836297,3276.350841895368,6.572203636169434,0.2124712,1.6231537,2.8794289,0.21237835,-0.012086231119017271,0.42019201020211616,7.6394055811596955,1.273542906489188,9.729110787725633,69341.2,0.0008563436655627285,0.007195719983428717,0.21760350669878145,0.2947352664572831,0.4223029826386298,0.06535367366497227,3651.826336706228,3224.746041075086,6.472742557525635,23,13200,2
0.16477713,2.0950317,4.172611,0.16403316,-0.01779633310490808,1.5408576566839969,12.714335658630205,1.2972649755437813,16.493862337348435,41704.71,0.0011359265664153495,0.004283650312572718,0.026106301824558236,0.058574976432311916,0.7848212681429619,0.13047195316393578,6200.488365322876,2588.5554918994803,6.508408546447754,0.24737687,1.9864082,3.7587166,0.24736167,-0.015149884854061166,0.71265271726574,8.02988654840045,1.2757030890808037,10.243751074804255,93996.01,0.0026687895897746874,0.009763993322849274,0.08790215892677836,0.6028566555226481,0.27531407832809585,0.033922501891793286,2630.055927760937,2865.321331101596,6.1579413414001465,0.14709099,1.9685745,3.4416199,0.1465275,-0.08165436136299074,1.1939591102786178,13.383379719452176,1.2968475758359368,17.35620354578139,33232.523,0.000558899466243506,0.0034187750425189734,0.10284222752192276,0.2042623682390954,0.5681785444028327,0.12471245835311666,5117.383141806757,3271.3496773718175,6.5887346267700195,0.21634138,1.6290665,3.1253815,0.21626554,-0.022461758413712486,0.6122863194471049,7.5300735120764255,1.280538039584569,9.642545573126606,71890.32,0.0013412598022201699,0.007439131382852793,0.1966320056688197,0.31599064132623145,0.42476710925018457,0.06260547066079329,3633.0332325969575,3195.998991042159,6.502694129943848,24,13800,2
0.16314471,2.093792,3.9212227,0.1624256,-0.015463368648796496,1.1792955730627543,12.83395576500821,1.2948794900262006,16.61842609611451,40882.477,0.0008354387758062594,0.004213775508105755,0.02203382841795611,0.05549812525218976,0.7888873857754973,0.13355167753229244,6256.874597104808,2558.898059595882,6.4960126876831055,0.23217109,1.7580032,3.4147263,0.2321529,-0.005051074416467675,0.29986558071218683,7.57201616505533,1.2657264340630865,9.58410101930481,82795.65,0.000871282856720437,0.008628079667687416,0.07864764639380858,0.5737221687249883,0.308207825030959,0.039416537672738,2880.1807638142095,2959.0952787311116,6.297842979431152,0.14029947,1.5581131,2.8095245,0.13962764,-0.018193403951472054,0.8016501922331254,11.105623611096565,1.2874297357169964,14.297710070708394,30234.531,0.00031060540815779726,0.003123335540294647,0.07897657993699995,0.17461801383699024,0.6163125777772793,0.13008780562476274,5455.402511151803,3129.9272077391147,6.617917060852051,0.2057659,1.5773773,2.959919,0.20567067,-0.005380738494605201,0.5184027038243806,7.665882910437549,1.2764027570195824,9.78475408191934,65033.637,0.0009293106189433775,0.006775899324566126,0.1743727618753493,0.3005161178414524,0.4612993365540241,0.0638059421120663,3865.4203904525866,3184.0651613017612,6.5736236572265625,25,14400,2
0.17642058,1.7316818,3.1625748,0.17573136,-0.014866982286761851,1.2723571403047282,9.815644984882347,1.3070712806963567,12.829747661323662,47806.805,0.0012325542854453968,0.004948687739670277,0.01675964757538881,0.04517163038623575,0.8267928995040168,0.11125156270894107,6377.90008150281,2340.57474123359,6.393857955932617,0.2375126,1.4094353,2.7129173,0.2374851,-0.009838515317195736,0.4127105049728699,5.934149396798608,1.2730490942300483,7.5544635146520625,86649.195,0.0013133853373932494,0.009013221599161625,0.08558031681218681,0.49760990865097066,0.3814287498493154,0.03537582263292931,3272.160864601728,3065.0844257780204,6.337189197540283,0.15523325,1.1451721,2.24514,0.15459453,-0.028661574006010444,1.1085056308927843,7.377105910021153,1.3032289783221123,9.614058198152817,37013.547,0.0006436901944289505,0.003822918515652418,0.07716989932393979,0.15545560375754666,0.6614215211942046,0.10594909283916024,5520.176197730697,2985.9119728063324,6.521697998046875,0.22018814,1.3420105,2.6734352,0.22009084,-0.014770463303547044,0.7157152229942056,6.094835501782753,1.28728714112595,7.845803368758497,74469.61,0.0016823484518741954,0.007744205184280872,0.15789573213621874,0.2633644976249395,0.5269641648058359,0.05177073099241451,4167.8418533832655,3134.9470860812917,6.521547794342041,26,15000,2
0.1735532,1.469326,2.8177261,0.17287707,-0.011725694716592152,1.1837159637967032,8.466141974533766,1.3057965151927196,11.0550586875367,46265.414,0.0010739349915654395,0.004779004491865635,0.017166243989051734,0.042821870636126504,0.8265369973074712,0.1134489995410985,6420.8534366046915,2336.4760923782455,6.363677024841309,0.23163787,1.5892029,2.8648376,0.23160128,0.0008148454117352956,0.40412726098926166,6.86072149197351,1.2724875908488515,8.730182962844,82415.77,0.00116347314450938,0.00857728160917759,0.07596589376978273,0.497670738436879,0.3901442172034275,0.03621380968690431,3330.603989141814,3089.533334520472,6.314617156982422,0.1549575,1.136303,2.22826,0.15429586,-0.037127588266272764,1.0698504926206516,7.332997276042678,1.3026196830080745,9.552106587279432,36882.168,0.0006168414223369617,0.0038050611037760973,0.10274635240758058,0.14489055387762653,0.6493037555996255,0.10305536816893239,5415.760252799848,3041.3886733711734,6.496250152587891,0.21808536,1.465702,2.8152466,0.21797958,-0.003866939605306785,0.6895243496243659,6.720772239395054,1.2861261544926472,8.643760955513732,73054.05,0.0015597524816151893,0.007615853101015091,0.17640419516703076,0.24854615610875816,0.5256228094586359,0.04942143556152327,4133.977138174844,3137.5164499066705,6.494043827056885,27,15600,2
0.17596562,2.0022392,3.9684296,0.1753359,-0.010932781997950367,1.5565253333329103,11.378581814782214,1.308817208629342,14.892483689068483,47560.55,0.0014923390732300827,0.004914289806038141,0.01612972831444645,0.040195266768070226,0.8332260529242648,0.11042489842453583,6415.378254399724,2300.477894605372,6.374956130981445,0.22960778,1.8703461,3.499031,0.22957721,-0.0035782745857183855,0.45116027890206345,8.145830700859348,1.2727931967474728,10.36795789795563,80977.51,0.0012539413471975326,0.008423916064202785,0.080390348433942,0.4740422753784891,0.40827033516356215,0.03729203129292255,3443.5322112331114,3106.785096566618,6.361508369445801,0.1541027,1.3277054,2.6014328,0.15348954,-0.02561235487112287,1.0489547458281265,8.615717964676435,1.299139407785688,11.19301873435089,36476.375,0.000591558530119003,0.003767256857827306,0.08424014127339799,0.14001931054805547,0.6726982191623664,0.10303848146659418,5559.746756962391,2954.351206655159,6.508188247680664,0.21678564,1.7189026,3.1636238,0.21668251,-0.009027990194474521,0.7103083607185812,7.929042678533846,1.285875680439993,10.195763149544486,72185.88,0.0015688050058223677,0.007501993328332901,0.1591431762409892,0.2446013781571964,0.5478139969405851,0.04843562154949677,4261.636905955101,3106.3127445325795,6.517277240753174,28,16200,2
0.18656147,1.2397766,2.3139,0.18597242,-0.007083505081775888,0.8335577753871628,6.64540562849515,1.2926488023274887,8.590175626700653,53460.754,0.0010097723702270959,0.005533144809305668,0.009387852188040748,0.07826073453153212,0.8294469487586345,0.08290052532775725,5924.788469484977,2335.340004903041,6.580615520477295,0.35597146,1.8263817,3.602028,0.35593858,-0.0068663621659904,0.060406502011748575,5.130697011644588,1.256599704372573,6.447232348075944,194635.28,0.0009699389176928293,0.020276816561818123,0.03168463089198696,0.7617529268550847,0.19056576899019972,0.0159951948282182,2061.0487916203547,2306.802594033767,5.371944904327393,0.1543104,1.0264397,1.9602776,0.15363103,-0.0063747020859380955,0.8766112474763283,6.651785179680011,1.2935830418978973,8.604636506837583,36574.773,0.0004970360461902176,0.0037747020833194256,0.03849276489272568,0.17610946539244376,0.6841784548139962,0.10121644642944555,5582.6677192452,2884.083116376335,6.6909990310668945,0.26738593,1.4513016,2.8951645,0.26729196,-0.007856818309763357,0.24680788807020004,5.427741002163945,1.2650856497119747,6.8665572522165785,109816.695,0.0012615754742202698,0.011432621628046036,0.06827960665382762,0.40530006308119465,0.4789009719935593,0.04751478104592635,3685.9815834998753,2945.021057393017,6.442220211029053,29,16800,2
0.18810594,1.1348724,2.2220612,0.18752255,-0.0033868030740139255,0.8329872121557997,6.033155739672746,1.2921012540183292,7.7954480969604765,54349.59,0.0010429137213753261,0.005623998120427132,0.010384701947506361,0.07992044403835548,0.8239804712181249,0.08571042637961626,5941.164954715533,2363.620999794676,6.573164939880371,0.3645761,1.7305374,3.4600258,0.3645478,-0.0032319304501833143,0.05182832159922457,4.746711066250894,1.2559413705131126,5.961590801993258,204158.58,0.000915629824665477,0.0212558601051569,0.030866535065816377,0.7680593687511925,0.18554472344194015,0.015527532469806411,2020.8834389236426,2272.0510782063598,5.328778266906738,0.15716484,1.0516167,1.9915581,0.15650249,-0.0008636956060759729,0.8503756062540626,6.691169959171067,1.292415328691179,8.647770622165641,37940.41,0.0005188387369935795,0.003917139023542404,0.04016514458332176,0.1812140928820243,0.6736182105919044,0.10500012955011297,5547.154812700983,2922.9095886155374,6.696272850036621,0.27294895,1.4649391,2.921009,0.2728562,-0.00404858683816367,0.2498849009995574,5.367080967289155,1.2650161016357933,6.789443842428662,114433.734,0.0013869657301307469,0.01190586294978857,0.06542046341925692,0.40247221035271286,0.48295799304178627,0.04914388676589406,3689.5055067824433,2931.910809616759,6.404491424560547,30,17400,2
0.19025041,1.2536049,2.3945808,0.18973996,-0.00818679122862515,0.7852421460694883,6.589236144989653,1.2905127345099823,8.503493155847307,55595.855,0.0010287409357931944,0.005755755119025707,0.009934710037762997,0.07418539179109138,0.8304467737843731,0.0854287162311661,5963.580183517565,2326.8978902303816,6.580183506011963,0.35021824,2.0001411,3.713417,0.35018346,-0.00553934523982407,0.05826033297790323,5.711127907239474,1.2561748741548509,7.174175380179288,188394.73,0.0008764517036138717,0.019620921462774277,0.03084439294037865,0.7486859569794795,0.2029133173909404,0.01755413437874927,2125.7697571569443,2363.087546055202,5.47629976272583,0.15784566,0.9680748,1.8733025,0.15719965,0.00407108825078371,0.8064007344796362,6.133046623988331,1.2908212269470356,7.916666768150146,38269.83,0.0005005892368762823,0.0039527034386992455,0.04125538191465881,0.17100903161253422,0.67836200731015,0.10937062265754426,5617.220413382191,2908.512610829819,6.7112627029418945,0.2722049,1.6326904,3.093052,0.2721149,0.0005396106851176631,0.2477268754923947,5.998019856375403,1.2651525629282736,7.588410193815894,113810.71,0.001360056394486959,0.011843832209706306,0.06419084739532463,0.3814993184508096,0.48998955585049164,0.06431416446041446,3866.946240750017,3017.446211642598,6.463670253753662,31,18000,2
0.1929612,1.162529,2.277279,0.19242449,-0.007477067433966579,0.7097626918444457,6.02467742342145,1.287262181081212,7.755339400424423,57191.46,0.0009839955673308746,0.005929759703576565,0.00968028455721448,0.0772474397669897,0.8158432084159782,0.09722494674450391,5995.837866318187,2432.040518805167,6.523917198181152,0.3718255,1.7627716,3.524208,0.37179384,-0.002852081074386586,0.06725345929935189,4.740857393626581,1.2567659342100161,5.958148071273597,212358.45,0.0012854975313470872,0.022118981927633286,0.027668985142207152,0.774334869461831,0.18117525180995062,0.016818842231576057,2003.6875444273592,2288.2665468136556,5.279077529907227,0.16182618,0.97265244,1.927185,0.16114178,6.874726749696926e-05,0.6933364430642395,6.010476455194644,1.2862981637527882,7.731264827644014,40224.324,0.0004754875403679644,0.004155460745096207,0.039470664845231276,0.18034336662706263,0.6577580764603306,0.12242512534336263,5616.72279916225,2995.2791142141145,6.70662784576416,0.2787478,1.6892433,3.2093048,0.27865168,0.001094860830057114,0.22040687369782397,6.060113603587026,1.2638387740797499,7.659006547568919,119347.71,0.0013306716660609116,0.01242306549102068,0.06110771363382836,0.3971727615314406,0.46916572360385655,0.07254794902245397,3845.220123139818,3072.7570693296534,6.463932991027832,32,18600,2
0.19177449,1.177597,2.3014069,0.19123225,-0.010410486868780051,0.7478291681934301,6.140530272153151,1.288596952940284,7.912668598175385,56490.164,0.001011499618897023,0.005844918545335531,0.01043018764480227,0.07850867423399274,0.8121949506201607,0.09886180675653237,6001.981911310562,2449.424321889143,6.528646945953369,0.3658984,2.0157814,4.025364,0.3658682,-0.006824628258109194,0.06453407841865255,5.509128762463143,1.2568522045699546,6.92416063038047,205642.2,0.0011567277559364102,0.02141847275197506,0.029010030149211417,0.765360069640163,0.18799925731504027,0.017628467379473683,2046.4669881645314,2312.0602334335827,5.308842658996582,0.15996797,1.0493279,2.031517,0.15931724,-0.0018727269589109174,0.7590892365132036,6.559612059982827,1.288423275856037,8.451556858720675,39305.863,0.0004970785347424003,0.004057450219988823,0.03628277930403508,0.16987608203855456,0.6637953115595718,0.1300426743460389,5728.608925555244,2969.251206837692,6.727023124694824,0.2762603,1.7336845,3.3352852,0.27616617,-0.006254598840115642,0.23598663118560337,6.275547460390756,1.2642289320794062,7.933728664092152,117227.125,0.001374552184858519,0.012197189033031464,0.06127942855340226,0.3892937893942503,0.472012117275127,0.07740761612732833,3909.3176060365536,3093.8770024253736,6.478263854980469,33,19200,2
0.18869272,1.1767387,2.2933006,0.188132,-0.002591540977262924,0.7872370273035671,6.2362699887863045,1.290795604114351,8.049749887638274,54689.19,0.0009979897495624452,0.00565954577177763,0.009303919114850009,0.07466444394342923,0.8128526575723023,0.103174530346063,6087.490449041697,2443.899126724265,6.502788543701172,0.35157025,1.818943,3.6043167,0.35153458,-0.003720267983738842,0.0672628932638446,5.173768346155497,1.256630825742766,6.50151678904966,189852.12,0.0010275997940394255,0.019789623096585274,0.02838781979913351,0.7523385394829553,0.20039763383015916,0.018873877319831974,2123.7544463739064,2374.899799660153,5.441969871520996,0.15771478,1.0808945,2.0435333,0.15708302,-0.005447827903205884,0.8080441232208742,6.853475887281447,1.290337052916065,8.843293878682127,38206.395,0.0004999478437618613,0.003943356219679117,0.03301433874325112,0.16717586999422343,0.6720448853808901,0.12776183166142616,5756.499749302248,2941.563605319878,6.712600231170654,0.2686683,1.5600204,3.011036,0.26857632,-0.00307087211908882,0.2622857826345144,5.806492548185756,1.2654998254353105,7.3481153061478555,110872.56,0.0013665968654181882,0.01154052373021841,0.06231298736832789,0.3824144014663376,0.4736892330108833,0.08157648324445212,3979.119417898524,3130.8965341891076,6.53608512878418,34,19800,2
0.1856841,2.3430824,4.4748306,0.18504079,-0.028317871682409405,2.390781085150226,12.618648718832032,1.3143737346432993,16.585620442812463,52959.105,0.002842095567376618,0.005462388973683119,0.010844352261080804,0.03768581754172306,0.8241043285113214,0.12733502444433012,6433.606122747131,2392.3677317323245,6.313294410705566,0.24245659,1.6443253,3.203392,0.24241887,0.001068095463804996,0.4080373997032143,6.781936878290281,1.2708477079275873,8.61880893712033,90294.055,0.0014100545289920136,0.00939374603331089,0.053635453589596004,0.5235134572947095,0.3827485822663443,0.04009591064642785,3298.9751326535898,3083.271531260255,6.301757335662842,0.15478583,2.185154,3.8068771,0.15417235,-0.025987849862496394,1.4372379445065322,14.117274212445572,1.3020985564617291,18.382082373318532,36800.492,0.0008249990336400558,0.003796373028308153,0.045995356834475,0.12922505307446588,0.6958852268146952,0.1288905605678853,5943.113689755624,2816.1784261953267,6.5536699295043945,0.2192441,2.1375656,3.9542198,0.21914266,-0.011432992840359995,1.0138278250910195,9.749706760310264,1.2911474760666442,12.588309276021912,73832.41,0.002342479554003802,0.007665408309549093,0.11851002823922778,0.26885419220287243,0.5453465236836977,0.0672845325556753,4414.358325575289,3119.5044667615975,6.631390571594238,35,20400,2
0.18516582,2.359867,4.511738,0.1845094,-0.024813686467478602,2.8423760982411777,12.744614875451319,1.319654785913986,16.818492015110742,52663.88,0.0033413722157229968,0.005428296513855457,0.01461854929371473,0.04596739664619393,0.8117268174387342,0.12765412647262184,6316.204635158016,2478.169784470841,6.358804702758789,0.24632059,2.1823883,4.361248,0.24628359,-0.005560777066307677,0.59068377511164,8.85995077519218,1.2732675282147006,11.281087623678667,93195.016,0.0021744924747977264,0.009696451015770435,0.06564540864530985,0.5441237248496014,0.3509001597392902,0.03932371918681883,3113.79853078794,3034.2761950942204,6.299883842468262,0.1548498,2.338791,4.419422,0.15428174,-0.056640159342397,1.9939965512400981,15.103609636506112,1.304843189999574,19.707842178734214,36830.914,0.0011464812848965423,0.003795470343902707,0.061463690787202874,0.15532555409328314,0.6609014022250852,0.12230472113288193,5677.631896268037,2980.9060785729657,6.559393882751465,0.22250485,2.279377,4.448509,0.22240968,-0.019524253384204545,1.2368481384495977,10.24416744436614,1.2922277235016524,13.237797175862491,76044.914,0.003031617043690926,0.007892457768321037,0.13827358596351366,0.2937574974888766,0.5091408751910521,0.058822775408850676,4095.7926827238357,3136.930432752457,6.588728904724121,36,21000,2
0.17646478,1.124382,2.2372246,0.17580114,-0.020007607789030817,0.8777668097022779,6.371707779947783,1.2950759918611325,8.251845773011931,47830.76,0.000851160229049761,0.00494375079870224,0.014458553982786853,0.04678109066493627,0.7991732586822127,0.13955005844610474,6492.173726376647,2507.0768739376467,6.284974575042725,0.23823634,1.4407158,2.861786,0.23819831,-0.0006241594683570459,0.307149385420765,6.047422498546962,1.2676638390607455,7.666098820962547,87178.07,0.0009894222422936194,0.00907132402062416,0.061918014758693914,0.5327360870683102,0.363807665258357,0.041530510346274835,3227.95981603712,3083.4094720244925,6.29146146774292,0.1508005,1.0006905,1.9583702,0.15020098,-0.030011826712753032,0.8653286656932884,6.6358565421667555,1.2933143136871348,8.582248249615592,34929.855,0.00044749910868319007,0.003605734324082732,0.07155742663358217,0.14619232178068442,0.6619824825073127,0.12026144878491231,5668.667667255907,2998.5890426907004,6.526615142822266,0.21044031,1.460743,2.7233124,0.21032792,-0.00854114112398158,0.6158689019316013,6.941364823676283,1.2825078885216725,8.902355143513985,68021.95,0.0012078249287973274,0.0070738038048148155,0.1390220170092507,0.2647144391148115,0.5382694139762083,0.05798790891977882,4301.772005106346,3132.991321079571,6.588940620422363,37,21600,2
0.17654291,1.130867,2.2060394,0.1758744,-0.018675902537673636,0.8884092916799382,6.405621259436314,1.29548587304646,8.298391849732825,47873.125,0.0008630067558883682,0.004944914020597935,0.01415101690795255,0.04555668537400434,0.8030682761037516,0.13718793085769154,6495.416095859427,2482.7729007616254,6.291703224182129,0.23681802,1.3840675,2.7359962,0.23677847,-0.008206146784868218,0.32395130495230573,5.844435154274922,1.2687293106592834,7.415006184507416,86143.13,0.0010189167089043503,0.008969190530478954,0.07018334536180175,0.5181057348423111,0.3695098537113482,0.042193239353819294,3265.8954842628978,3096.953887384125,6.30850887298584,0.15134235,1.0287285,2.0053864,0.15071854,-0.019886931230616068,0.8878762185286706,6.797360446010204,1.294319149978503,8.797953794635557,35181.324,0.0004657944241324782,0.0036282213404774666,0.08135712088785549,0.14586261182142318,0.6587321692749274,0.11404313242264041,5591.868923688949,3018.2657888442923,6.511651039123535,0.21101789,1.4746666,2.8429985,0.2108975,-0.0027917204530878642,0.6273114450687225,6.988348633000125,1.2829625250015584,8.965789407827518,68395.85,0.0012438280034592023,0.007108197081834078,0.1482188818373813,0.2596755351528396,0.5390961861211431,0.05300298491131403,4258.414575710785,3127.1998925322687,6.564779281616211,38,22200,2
0.17679305,1.1450768,2.227974,0.17612356,-0.01948896815721954,0.9040514622698761,6.476932930556203,1.2955472779762787,8.391172827864475,48008.88,0.0008831895926589564,0.004964328370988369,0.014752731355065263,0.04581118875178023,0.8008105195607269,0.138588338536099,6496.332898112839,2498.5319282283554,6.286386489868164,0.2325237,1.4059067,2.7489662,0.23247644,0.00718012111182072,0.33678138221548926,6.046294247346902,1.2696419439663897,7.676628782027334,83047.32,0.0009845027529814866,0.00863560475409031,0.0697612662107364,0.5018723826341931,0.3838107082827319,0.04454735203169053,3376.3147961169643,3117.4827205395345,6.371421813964844,0.15152271,0.959301,1.9102097,0.15088253,-0.03475436451265344,0.9086770919050937,6.331070695911225,1.2956204381776348,8.20266458922422,35265.223,0.00047898344862011636,0.0036373601760715246,0.0844692197986696,0.14201981414631784,0.6577219561224015,0.1157844328794157,5599.460722319753,3023.1354258493993,6.511247158050537,0.20944406,1.278305,2.5527,0.20933583,-0.008490655772680872,0.6548801424727642,6.103324429824313,1.284112891503246,7.837357581401518,67379.43,0.0012601841738136492,0.007017593830823898,0.15041818045273148,0.2500085931001639,0.5459769259922996,0.053590357279687625,4309.468991473031,3117.798436162204,6.591732025146484,39,22800,2
0.17545724,1.067543,2.0885468,0.1747664,-0.01738534677878025,0.8946206680828039,6.084348727614079,1.2956130384081188,7.882961541763576,47286.13,0.0008478598946494741,0.004881894215941429,0.011320377470022253,0.042164304057794075,0.8078599069596918,0.13861948083100467,6545.303353507077,2448.268741721602,6.266968727111816,0.23021375,1.3706207,2.6723862,0.23016651,-0.0023791388631781195,0.31645993378773385,5.953687600313906,1.2679945876969332,7.549243654069167,81405.5,0.0008888812448568894,0.008469002321362495,0.05169613117937051,0.5123583579002569,0.3911118815768023,0.04482596923962668,3429.3154942861674,3120.061787436968,6.346235275268555,0.14885399,1.1190414,2.0469666,0.14826623,-0.0273492138814941,0.9271096229757703,7.51771223595274,1.2955841305123053,9.739828670723982,34033.934,0.0004551693189696451,0.0035151068586856127,0.07094241678381068,0.13643643094747865,0.677944600251095,0.11467163362509399,5709.409791086919,2948.256635278852,6.495100975036621,0.20687279,1.4147758,2.75383,0.20677465,-0.0070374220827078525,0.6562576383041803,6.838868665078036,1.283540675608079,8.777966106811617,65735.195,0.0012019540539892027,0.006833797320723534,0.1314182535587813,0.25594343904060607,0.5602962030782781,0.05233547747081118,4395.990956284696,3086.1264830479167,6.595311164855957,40,23400,2
0.1880156,1.1035919,2.1863937,0.18740204,-0.008822513670542431,0.7593335136086972,5.869682876459576,1.289465919955543,7.5687560301815004,54297.39,0.0009488729420885976,0.005616156384348869,0.008681138475225402,0.07424456103861472,0.8130715508322752,0.10399777654391658,6049.815977520678,2463.0884608472857,6.498394966125488,0.34719124,1.8889427,3.7736893,0.34714156,-0.005610832453454808,0.058212499055925626,5.440640422721019,1.2561134122226574,6.834061406080305,185152.16,0.0008458460031237165,0.019273612648248672,0.02847553711677846,0.7511342899623635,0.19990544521947326,0.02048286577629557,2143.3312286432715,2386.717470118115,5.503778457641602,0.15345083,1.0540009,2.040863,0.15285887,-0.0008669235801874033,0.8850494950806338,6.868655205850881,1.2940819805020392,8.888602932231075,36168.438,0.0004907321890742514,0.0037374584935605526,0.03986072958619785,0.17694049905490244,0.6803646736564514,0.1028311072021092,5567.378218638925,2922.3464911045035,6.682435989379883,0.26407027,1.6441345,3.1004906,0.26397797,-0.0059368692479688165,0.2841566554027932,6.226124986546376,1.2667930829855707,7.887212066790445,107110.06,0.0013817704042920706,0.011145834811031818,0.059778822018728243,0.4122736029605337,0.47950153362049447,0.04844122106404359,3696.8141717018843,2939.6233278463847,6.471433639526367,41,24000,2
0.19054338,1.2098312,2.313614,0.18992959,-0.013632773065963525,0.7385624643730733,6.3493741763859735,1.2884918182095635,8.18111667706735,55767.215,0.0009735599992870729,0.00577487051486969,0.009608445670774202,0.07542135226538481,0.8090687854202848,0.1058968151902189,6022.968325451022,2478.458087666801,6.522567272186279,0.35873014,1.8472672,3.679657,0.35868615,0.0009279622925466547,0.06143384059427426,5.14946183370382,1.256450550722827,6.47004415690138,197663.7,0.0010173704559381985,0.020587222650647163,0.03129325025151812,0.7592631144961457,0.18960951645109492,0.01983195016117382,2071.0097754487665,2342.0218464733343,5.424777984619141,0.15717839,1.0457039,2.0881653,0.15659188,-0.003614677352320695,0.7927192020881013,6.652975053292109,1.2895614911845292,8.579420430591428,37946.95,0.0004838276559147778,0.003926064353436232,0.04055404777835536,0.1724177393202685,0.6555494325978454,0.13147542938256276,5697.590699412021,3002.3155254576795,6.731991767883301,0.2702762,1.5626907,3.0355453,0.27017948,-0.0015317057057572037,0.25268880775348634,5.781829104162945,1.2652871507909114,7.315674073593367,112203.59,0.0013483950565246748,0.011685090139508247,0.061716252464477525,0.39405918810792595,0.4754754410489283,0.06874287166547151,3842.1611416597243,3048.9873809336286,6.474077224731445,42,24600,2
0.18798265,1.1007309,2.1258354,0.18736242,-0.006230876198549225,0.7142944374601417,5.855492004837224,1.2874392716129346,7.5385903616831005,54278.36,0.0008919660520165768,0.005617329850792885,0.009258267824538487,0.07898913144972829,0.8094395778623963,0.10230819974828201,5997.513066166091,2467.192817573461,6.536733150482178,0.3658809,1.8465042,3.6560059,0.3658396,0.001593427397097354,0.03553319664114207,5.046735640487746,1.2554017007955776,6.335680506551291,205622.53,0.0006367856461141819,0.02140442654490471,0.02680687565826174,0.7756285692590649,0.18010122600258846,0.01746150022230732,1994.6551653603337,2274.0353498889444,5.305602073669434,0.15596412,1.1704445,2.1191597,0.15537016,0.000812799172478902,0.7529020495736569,7.504575278875503,1.2880493468226377,9.666263286198884,37362.902,0.0004454893124803627,0.0038595846854150295,0.03820369096404771,0.18455415669784958,0.6528208415016512,0.12441829054151181,5619.405132674307,3016.7945259767243,6.714493274688721,0.2715579,1.5267372,2.990818,0.2714631,-0.011704188465938207,0.22418120341232362,5.622142563865859,1.2641759463202964,7.107377396048912,113270.3,0.0012191269875262746,0.011784098111093044,0.05637388733125502,0.40167456471019464,0.46993905590057616,0.07200622867546183,3839.994623837741,3059.2713403854996,6.4512834548950195,43,25200,2
0.18874389,1.3226509,2.5401115,0.18815586,-0.005778790141331809,0.7281212357074143,7.00764890508089,1.2871698019168365,9.020034053103494,54718.863,0.0009240496304124648,0.005666205193847418,0.009110036450929561,0.07951785624976725,0.8100676169171752,0.10130063213592959,5994.1602401152295,2463.9607338526016,6.528063774108887,0.35925645,1.8298149,3.5579681,0.35920963,0.0008516509247055733,0.055987401003581905,5.093339115875248,1.2558573845809586,6.396507540864786,198244.16,0.0009326282927042994,0.020640725269913673,0.028357307803908962,0.7671664377926924,0.18655779658805383,0.01791644989876114,2041.325844983613,2300.10948941294,5.343745708465576,0.15664704,1.2701988,2.4083138,0.15606223,-0.005579887320837282,0.761552418311843,8.108667807172177,1.287721075062792,10.441702426045467,37690.824,0.0004585519968789712,0.0038988732267171144,0.03679960499566941,0.1770897647294598,0.6494318214422146,0.13667591228138162,5716.16248062805,3026.302625915347,6.738115310668945,0.27298757,1.7127037,3.2500267,0.2729116,0.0013199099233299474,0.2294151988025157,6.273925503661921,1.264343242058167,7.932395311760389,114466.125,0.0012740712181296674,0.011920678429305553,0.059768145708360934,0.38294578218782993,0.46766725015532323,0.08961102384915597,3987.9866164734217,3152.988728147849,6.479582786560059,44,25800,2
0.18907109,1.1775017,2.2948265,0.1884793,-0.009588436105176889,0.6969202576593063,6.227825123903624,1.286872172484206,8.014414847091965,54908.734,0.0008906018466710421,0.005682999733835459,0.009293779669114311,0.07795951707346273,0.8027076691931734,0.11003344024755064,6057.736424512024,2499.289679967869,6.5247087478637695,0.35917404,1.8499374,3.6684036,0.35912722,0.00943487571134085,0.06460978816691565,5.1505321036464915,1.2566382634236595,6.472355718452154,198153.22,0.0010752713885061513,0.020646441727876663,0.028975664518175948,0.7605590485928045,0.1900003328888673,0.020462188258911922,2068.895626375002,2338.8483434176833,5.4012064933776855,0.15681146,1.1899948,2.2432327,0.15626463,-0.0008580810732839387,0.7430225395771708,7.588697953158728,1.2874215366757433,9.76985318028598,37769.984,0.00044927597064530487,0.003909257240593433,0.03480472189560599,0.1844722840301492,0.6485168191181964,0.13220315953633904,5661.754357521391,3030.8061372619113,6.724451065063477,0.2729541,1.6756058,3.1624794,0.2728676,-0.007262228491458218,0.2250102946919741,6.138782070156856,1.263588255552758,7.756892927276469,114438.07,0.0012489956257251827,0.011918105185031891,0.05856244619327946,0.39421986517249313,0.4639287212019175,0.08328143626760473,3906.600295440025,3125.2704030910645,6.475415229797363,45,26400,2
0.18763866,1.132679,2.2358894,0.18703395,-0.007941361264008634,0.7156714835651399,6.036490635413517,1.2874898266247323,7.77192028165179,54079.89,0.0008871620598487173,0.005597134120762348,0.009305725494050551,0.07933638865068506,0.8000949934817142,0.11125778861706118,6065.824559660852,2513.9038093602626,6.507802486419678,0.3623284,2.1269798,4.027748,0.3622788,-0.009232977083128384,0.10235890246804047,5.870309278266477,1.2586586771006263,7.388715710374809,201648.95,0.0017641486393231466,0.021018220111727715,0.026743201765182297,0.7662692834517447,0.18784785206501714,0.0191371009841861,2046.1444305578086,2307.6176272913644,5.371035099029541,0.15563817,1.2099266,2.302742,0.15508755,0.0021009504994136357,0.786615417109541,7.773970743583592,1.289434237577926,10.024024038770218,37206.9,0.0004615587120708786,0.0038486849516630173,0.033849512234900854,0.18880552211262053,0.6455700236483887,0.13177193962254052,5650.554660660115,3048.9967808657375,6.708871841430664,0.2694458,1.6631126,3.2933235,0.2693627,-0.00532687828623636,0.24036600806521236,6.172345602575715,1.2649327306267706,7.807601977467215,111515.2,0.00126694793482168,0.011605577543377876,0.05945637481939494,0.38522945342923615,0.4676217202905144,0.08768597637678802,3978.131572964438,3144.3094409740365,6.515454292297363,46,27000,2
0.17395988,1.0774612,2.136898,0.17325571,-0.019877736769468246,0.9215682117710369,6.193734072817041,1.2957548786960154,8.025561142244557,46482.496,0.0008439639464159858,0.004793536849319935,0.013132481145093269,0.04310025278772351,0.8003206124748008,0.14341081954901946,6581.585177002137,2470.811311292537,6.259446144104004,0.23985222,1.3440132,2.6453018,0.23979957,-7.64501852541105e-05,0.25931064084504296,5.6035054214392055,1.2655148556041758,7.091319354319418,88364.68,0.0008582134315946768,0.009178444743156433,0.05467782244048775,0.5489343275290591,0.35483847233351007,0.041541729403466454,3161.724290766139,3089.0535781360495,6.242393970489502,0.15130465,0.9399414,1.872158,0.15084282,-0.029819651139837196,0.8482564033505522,6.212244123709432,1.2923341517633549,8.028295240213975,35163.797,0.0004445659712762433,0.003630479797720909,0.06388604906200324,0.15986306360742794,0.6561600383806706,0.12008607884234165,5630.766778961821,3018.021080840329,6.503178119659424,0.2120278,1.3888359,2.6532173,0.21194512,0.00036317694671201704,0.5751586917496243,6.55025372573725,1.2805711788845842,8.38806613560005,69052.09,0.0011624089383827866,0.007158250547945499,0.1404330446155568,0.280582786084296,0.5169263058512091,0.062052264738154624,4229.812270348947,3177.2489074906953,6.519332408905029,47,27600,2
0.17366521,1.0655403,2.1266937,0.17294435,-0.020256741608372455,0.8871967929423112,6.135600273679273,1.2945704126309023,7.942966578080992,46325.156,0.0008069957965650535,0.004781820811331272,0.013520733072107015,0.04426688074757676,0.8025726654835929,0.1396013095388776,6541.221607738826,2465.990717003541,6.2826151847839355,0.23791608,1.3360023,2.6416779,0.23786017,0.0032754385993823045,0.26183569498550696,5.615435231656567,1.2657012275657302,7.107463266053442,86943.84,0.0008389267644466989,0.009042127057909966,0.05678576430711859,0.5387288067786749,0.36372849780350724,0.040748588148025525,3201.5318847224717,3082.0224581244765,6.243157863616943,0.14791746,1.0099411,1.9610405,0.1473846,-0.024917314780233464,0.8776736491857391,6.8277340024137025,1.2932376797316447,8.829882879166048,33607.03,0.0004201562936940754,0.003472591284662485,0.06398483879727425,0.14765209957540043,0.67729964567031,0.11105807696417802,5682.171634863975,2948.168012948849,6.511481285095215,0.20692459,1.2080193,2.4075508,0.20684317,-0.0038042720985202723,0.6126107578583593,5.8379686592585145,1.282004378562432,7.484301383115836,65768.12,0.0011231377157442052,0.0068408227525651455,0.1322104406345492,0.2639047673442745,0.5474327551834764,0.05644574863773245,4347.256349651362,3119.193311254252,6.576406478881836,48,28200,2
0.17357315,1.1282921,2.1953583,0.17283842,-0.02175965129352268,0.9247400766865428,6.500383704121192,1.2967843840228586,8.429596077709592,46276.055,0.0008393630989648396,0.004774800967425108,0.014735411195895918,0.044829197331657404,0.8035494522448482,0.13684869675293473,6516.786229911003,2467.7943106235216,6.288538932800293,0.23818156,1.4689445,2.8054237,0.23812057,-0.008774689912127907,0.2914967331518068,6.167331098001934,1.2664753336612813,7.810772710174389,87137.98,0.0009381369517864713,0.009070121683180332,0.06418917391882831,0.5347925945165007,0.36077443101139567,0.040236012786034836,3181.289836049228,3080.8750009489886,6.227801322937012,0.14755042,1.0792732,2.0140648,0.1470245,-0.029447587464579286,0.9416677045779362,7.31460629784697,1.2957463033373051,9.477874070867218,33440.45,0.00044633347920280524,0.003456378821283579,0.062451322087357534,0.14849253624897252,0.6795145768666819,0.10953497139377052,5684.614443088703,2937.6598757233505,6.504364967346191,0.20855786,1.376915,2.6005745,0.20847118,-0.0036218417543452874,0.6325467646390037,6.60207668129078,1.28325333827896,8.472136940880691,66810.44,0.0011967374411500442,0.006951048970222473,0.14084399523566674,0.2676543738641734,0.5389260884541645,0.05256947957020844,4262.300097307672,3124.343815443656,6.545405387878418,49,28800,2
0.17228672,1.3246536,2.3284912,0.17158452,-0.014801807168691285,0.8968789514585058,7.688657793967222,1.295521228078971,9.960819387577184,45592.65,0.0007902072946277344,0.004709118511527777,0.01449974097996659,0.04717661630274727,0.7994843144408343,0.13880319949429432,6506.795367678595,2491.182328413328,6.298697471618652,0.23704152,1.5175819,2.9719353,0.23698759,-0.006187506349064823,0.30886073730387364,6.402177778412927,1.267868580106134,8.117120049537686,86305.82,0.000975125207291585,0.008986979722976685,0.06556789456679225,0.5382729672957608,0.35507245509275565,0.041079564833533734,3153.9750140728493,3083.7960754591363,6.225870132446289,0.14854889,0.9665489,1.8980026,0.14798045,-0.026299465177245466,0.9218264543731531,6.506604960339677,1.2960570741265671,8.432931387452019,33894.56,0.0004488763936327439,0.003497687168419361,0.07051566879342583,0.16425188107071625,0.6565519395355786,0.1086755843542214,5537.129973079361,3029.8784586898155,6.502860069274902,0.20989995,1.3226509,2.520752,0.20981424,-0.0060657448758050705,0.6077116794066364,6.301339890857104,1.2824652610784628,8.081249508310687,67673.07,0.001179632961202458,0.007054771296679974,0.13762092732533976,0.29205724402833977,0.5186801905481847,0.05163569323927087,4130.2668344044105,3150.0493113927505,6.494542598724365,50,29400,2
0.17365447,1.1785507,2.3480415,0.17293327,-0.014265717580202635,0.9225492650805416,6.786757297223242,1.2959207547761293,8.795099639150596,46319.42,0.0008389448325057032,0.004786159843206406,0.015932761508900842,0.04782176413645419,0.8004118423732879,0.1357957375521376,6476.2754600920825,2492.643414666371,6.312480926513672,0.2423693,1.5332222,2.9629707,0.24231505,0.0016076264564849915,0.3718424102052178,6.325975424206651,1.2705562907012051,8.037507870080146,90229.055,0.0012831260253210648,0.009413332678377628,0.07427053592838465,0.5424995762466321,0.34368229336000006,0.039539852574417285,3076.604670527042,3061.4094986052805,6.202231407165527,0.15282093,1.1153221,2.1683693,0.1523211,-0.04049994751300901,0.9542244528726846,7.298228808513075,1.298229644086078,9.474776988596691,35872.105,0.0005204534519325634,0.0037156008183956146,0.09236857877359513,0.17627516352801786,0.6261431606928831,0.10520773905103024,5316.195852241727,3134.5812318468966,6.480686187744141,0.21561371,1.3780594,2.752304,0.2155309,-0.01666804004472302,0.6348742949838972,6.391334765410514,1.2835221873250122,8.203419978064144,71407.52,0.0013721235437743446,0.0074486201629042625,0.16420826977894593,0.2848393858251647,0.5019832092645626,0.04896280520654829,3998.4243511375294,3157.357548704788,6.46452522277832,51,30000,2
0.17425889,1.1303902,2.1601677,0.17355803,-0.014377222882700321,0.8726654053419742,6.486843693941969,1.295420865251409,8.403192670805174,46642.426,0.000804687973894558,0.004817680921405554,0.013557816090550808,0.04591214037547896,0.801857713200151,0.13863363722875935,6514.36843450759,2477.2618217210256,6.293216228485107,0.23848921,1.4090538,2.7801514,0.23843291,-0.009667917485146867,0.3552512145713651,5.90824968100722,1.2701403446469133,7.504306286125993,87363.234,0.0011492394238177715,0.009081349708139896,0.07126348254911473,0.5265802312510314,0.35991170155071367,0.04223641873081537,3195.427465207348,3094.732539174311,6.247428894042969,0.1520324,1.0356903,2.0238876,0.15150186,-0.03166456500050547,0.9390671103489474,6.81229969801616,1.2973629042027774,8.838024920576082,35502.88,0.0005016967577865049,0.0036720880307257175,0.08687239155258973,0.16210216678870812,0.6419047827443557,0.10911544353816947,5441.581575627129,3086.9401405047206,6.482839584350586,0.21380247,1.3484001,2.5813103,0.21370636,0.005159016276228393,0.6423217096294627,6.30675644149447,1.2845872885592906,8.101579156821115,70212.86,0.001342157516323839,0.007295538671314716,0.15117329042004446,0.28156956794006105,0.5169949032453309,0.05025579160672088,4103.720406618311,3146.0559065714665,6.495354652404785,52,30600,2
0.18757889,1.2495995,2.3007393,0.18693508,-0.007705860471170417,0.6562884386156314,6.661727652022293,1.2847005062802421,8.558324887299753,54045.45,0.0008125134706796538,0.005591989494860172,0.010155293790870695,0.07764078097450863,0.8055584838424786,0.10664034074703732,5997.305503941785,2511.7748033770517,6.5249128341674805,0.3465448,2.0915031,4.0517807,0.34649292,0.000876725010919446,0.09545196734044659,6.035303747434665,1.2580555118539072,7.592747145194632,184463.3,0.0013766465193144697,0.019217826426029205,0.03289210207115656,0.7564759439206612,0.19048865023570963,0.02014151973553133,2084.7999160105005,2375.846418968969,5.695385456085205,0.1529077,1.2294769,2.2967339,0.15234195,-0.007384872571434941,0.7604031947560927,8.040647619165807,1.2885354390201502,10.360659410035897,35912.855,0.00041568212413635973,0.0037136911414563656,0.04969489531759337,0.18532415487196566,0.6530299777892978,0.11194762539507001,5485.092117480337,3024.49271631035,6.728158950805664,0.25840685,1.61829,3.0518532,0.25832283,-0.005208453732180229,0.2802402432098732,6.262566034186403,1.2669489237616494,7.934351297029428,102565.01,0.0012495296729104837,0.01067831926047802,0.08067697093496773,0.424363919031288,0.44631549868057324,0.048639299507958735,3568.8919014328703,3000.53876070725,6.6050214767456055,53,31200,2
0.18829641,1.1081696,2.1716118,0.1877047,-0.007661206440379001,0.6566659787797149,5.8852400351117815,1.2848560978465822,7.561686546444365,54459.703,0.0008254915897834277,0.005638770759105682,0.010749650851480077,0.07685041819842328,0.8107864221768869,0.10160850851039455,5993.980587844396,2462.230698370519,6.546387672424316,0.35857293,1.7456055,3.4651756,0.35851952,0.0005417376663083848,0.021767331871538786,4.86820203708655,1.2539184328934223,6.104328269369157,197490.5,0.00035984477332483646,0.02058836817741394,0.03075305263999893,0.7630026373662993,0.1861167248122261,0.02012547603350125,2054.351009547089,2333.202401235195,5.3963942527771,0.15274265,0.96673965,1.9191742,0.15217628,-0.0011506277444979388,0.7740476009759387,6.329205553778682,1.2895277744593243,8.161686351913254,35835.37,0.0004213170162020709,0.0037064203061163425,0.04261248884926615,0.18790107058497507,0.6629174251745932,0.10656537951817092,5519.932908664349,2983.9504022868955,6.6802978515625,0.26321435,1.5280724,3.039837,0.26313812,0.0013837547532987973,0.2437398428621087,5.805429524045405,1.2649963773838782,7.343847317102749,106416.82,0.0011699431944615381,0.011085737496614456,0.07025706593884361,0.41498023220224595,0.4602167312295199,0.054541234425763516,3675.811672217372,2998.3765530535065,6.481446266174316,54,31800,2
0.19131485,1.2336731,2.314663,0.19072346,-0.006534201268051232,0.6726917543718485,6.448391850933221,1.2856695095213342,8.290500788234018,56219.707,0.0009011784479655104,0.005822096019983292,0.00927297755849435,0.07871697473208973,0.8085325463449062,0.10347277852178685,5979.442312518878,2470.338297794008,6.558751106262207,0.36736163,1.9742966,3.7472725,0.36731166,0.0019223072191671036,0.04052403601120025,5.374258991365889,1.255820822013273,6.749106344267705,207290.22,0.0007380535773340517,0.021595383062958717,0.029270028555821892,0.7675978461828181,0.18265173689566255,0.020478506947470346,2029.8109606916316,2316.3860217208785,5.315699577331543,0.15604141,1.0231972,1.9242287,0.15550776,0.0016307896158338588,0.7520619683448264,6.557215490531579,1.287950495419421,8.445368939656172,37399.945,0.00044587500824908933,0.003874346148222685,0.03887063488055436,0.18511501366300126,0.6529296839276287,0.12308136201998712,5620.44445645398,3014.7960918708204,6.708624839782715,0.27114245,1.702404,3.130436,0.27105835,0.0066044217843574,0.22073663409823574,6.278633255897823,1.2639073441487374,7.935610683375025,112923.99,0.0011930660804877348,0.011763384565711021,0.06429465526602147,0.4065513705079163,0.45479357739460113,0.07435408283442183,3813.781682205214,3097.927077335944,6.4673004150390625,55,32400,2
0.191372,1.1561394,2.238083,0.19081983,-0.006805955512481208,0.6406602861370212,6.041319162098559,1.28401000991933,7.757114277292543,56253.305,0.0008592933496543222,0.005821140017360449,0.010183087086736107,0.077075243673105,0.8093820851557988,0.10335474047371575,5972.995977079127,2471.9113736093177,6.553169250488281,0.3639524,2.0505905,3.7958145,0.3638986,0.0015078096282705189,0.0295617134074595,5.63422723605699,1.255133809364239,7.071709093635388,203460.61,0.0005186900828364706,0.021181950345635414,0.029197374104240732,0.7651369731170854,0.1854024802820463,0.02026110321745597,2036.760099251411,2324.4729989826624,5.377232551574707,0.15589762,1.1827469,2.1284103,0.1553862,-0.0016036986054126876,0.7369020390973806,7.586689953184488,1.2875026512356202,9.767883428890327,37331.047,0.0004352789538188763,0.0038616571109741926,0.0413921102124851,0.1913663258997221,0.6441969163198081,0.12304145932005733,5575.136797815016,3058.433232647388,6.703248023986816,0.27284777,1.6050339,2.9794693,0.2727715,-0.008626151383829021,0.20980979212718998,5.882525134185561,1.2634349428551348,7.432187806780866,114348.91,0.0011628063598591656,0.011900991201400757,0.061339377212617584,0.4024845225176479,0.4524428043022418,0.08372751473011254,3878.078271610995,3150.019208386549,6.492315292358398,56,33000,2
0.19242987,1.1829376,2.3308754,0.19184466,-0.007531878027070802,0.6861729045207494,6.14737005126996,1.2858028447832186,7.9043058998991516,56876.938,0.0009408567691709752,0.0058856550604105,0.010802750167714446,0.07555865914426432,0.8045668177086512,0.10906569308525907,6023.889232267897,2493.455536123111,6.548846244812012,0.36268258,1.7884254,3.4770966,0.36262962,0.00879842743565828,0.040862678141423636,4.931103779171403,1.2553552114607078,6.19028682745348,202043.39,0.0007070231228353756,0.0210636705160141,0.03117758747452898,0.7581456627909565,0.18886105920398497,0.021813047276704512,2062.523198379725,2352.848925511557,5.35651969909668,0.15500484,1.1377335,2.1544456,0.15449274,-0.002460129476245236,0.7997220073841325,7.339986477811799,1.2901914642373962,9.469987901351788,36904.703,0.00046165774900452705,0.0038196872919797897,0.03843571445329327,0.18770218907943573,0.6538527603047407,0.12000597573319485,5596.66343882823,3022.250551014684,6.6898627281188965,0.27088133,1.6126633,3.163433,0.27080962,-0.002194996486435106,0.22789346500469598,5.953394051798911,1.2637295128775698,7.523479765075834,112706.586,0.0012270100845004856,0.011733826249837875,0.06225142073109651,0.38792727254990167,0.4631650276212333,0.08664910588113128,3947.748696741681,3153.6302696591383,6.473502159118652,57,33600,2
0.19478673,1.2917519,2.4952888,0.19419827,-0.009747463758903226,0.6161103593448471,6.631621561793616,1.282832030840955,8.507256555928047,58278.71,0.0008869435009255539,0.006035377737134695,0.011434827893598534,0.07878774579886039,0.8003363969084872,0.10943350659311143,6041.878734114142,2485.1496096742853,6.610257148742676,0.37201318,2.0785332,3.9919853,0.37196127,-0.007991829281707163,0.026741588749714218,5.5872567862019915,1.2544209055587416,7.008771717355566,212572.89,0.0005121775274629724,0.02214839495718479,0.029423644998528137,0.7665503388862511,0.18131885505229747,0.022703084872199523,2032.761012931361,2328.1845112891265,5.379516124725342,0.15789302,1.2443542,2.2542953,0.15740074,0.0004251541136410275,0.7257933614039951,7.880996083291182,1.2858568405741768,10.133832724302444,38292.793,0.00045109154172316083,0.003965779673308134,0.04207542108342172,0.1978098377850771,0.6342080210958922,0.12590369255273048,5535.52541079862,3088.739806503667,6.719821453094482,0.27651936,1.6884804,3.264904,0.27643895,-0.0021215188904771237,0.22794737435155366,6.1061923058048615,1.2634052430350957,7.71459537416232,117447.09,0.0013327133700691,0.012229805812239647,0.062394025149688295,0.3917446347260876,0.4500474197322565,0.09580700000907182,3953.6236299181423,3201.115713964978,6.513449668884277,58,34200,2
0.18997158,2.0162582,3.8864136,0.18932834,-0.009147142820641142,0.7778650805951859,10.613472962880104,1.2874460053851309,13.664273369395008,55433.016,0.0010131151856389378,0.005734184291213751,0.009923030885424811,0.07346448779613073,0.8019722483463649,0.1146344359466149,6133.036738865109,2479.536305570928,6.567103862762451,0.35017484,4.507351,7.7469826,0.35012177,-0.0030161714379286692,0.15927832176044587,12.871715360019373,1.258720233598441,16.201888564822493,188348.03,0.0023949499825248926,0.01961243711411953,0.02917028591462883,0.7428678150317561,0.20465718338374883,0.023301416803196834,2161.0886448403307,2415.2071453987273,5.727475166320801,0.15731166,5.891609,11.239529,0.15684758,0.0037083956846524326,7.885106442886597,37.45182701853723,1.3006339369520938,48.711117221478524,38011.33,0.00482893377434234,0.003923722542822361,0.03364046572124541,0.18072025646553116,0.6491971994979735,0.13643805041068693,5703.2977422341755,3017.037312179494,6.76586389541626,0.27155238,5.8930397,11.406231,0.27149045,-0.009254598910050019,2.080681934776849,21.70129983290563,1.2732032489183776,27.630165453109036,113265.71,0.011314104231665277,0.011777292937040329,0.057930483598612845,0.38654322563975946,0.4648033350198723,0.09071551740001282,3980.1716585609133,3164.433609881724,6.625312805175781,59,34800,2
0.17600103,1.2726784,2.3828506,0.17528147,-0.01700280297351742,0.8819611321519596,7.231084927700135,1.294979860269996,9.3641093493268,47579.69,0.000846272554680871,0.0049139345064759254,0.012621168072314375,0.046450409482279756,0.8024525532088835,0.1384440048297787,6503.1659462542875,2481.6858536674677,6.291019439697266,0.24539542,1.4468193,2.8286934,0.24533746,-0.0015099712620718021,0.24049970909110163,5.895869180156355,1.2646851723922075,7.4564183305383285,92496.25,0.0008721283034646091,0.009622536599636078,0.05232041560142753,0.5598778856032292,0.3486885556522377,0.039106885247946144,3097.2491432342003,3040.979398780792,6.2263922691345215,0.14923689,0.927639,1.810646,0.14874887,-0.029503941914348488,0.8354275607784407,6.215882828298464,1.2920256381713278,8.031079978084335,34209.25,0.000414394069893152,0.0035384036600589752,0.059862480413852524,0.15047671533796647,0.6734227225409408,0.11623405933600818,5715.329719697121,2940.9504442287084,6.524575233459473,0.21244793,1.4777184,2.8064728,0.21238153,-0.006232336761304854,0.5723084897228423,6.955673224447991,1.2801729567930429,8.904464758269699,69326.016,0.0011658432817987262,0.007219086866825819,0.12134953904598728,0.30303154811449085,0.5177682894276874,0.05784501947257245,4197.205468572041,3156.8786908870825,6.519135475158691,60,35400,2
0.17590131,1.1484146,2.261734,0.17518313,-0.016265234255865273,0.8802801536138429,6.528743990514991,1.295010880483206,8.454794503654323,47525.793,0.0008427469560550307,0.0049122292548418045,0.012583719076772573,0.04522626673514222,0.8018368113737075,0.14032236862448824,6514.20630997001,2489.0146536144134,6.27841329574585,0.23858298,1.3251305,2.645111,0.23851518,-0.0019360180277860563,0.2628764329182278,5.554170052589815,1.266228726884416,7.032849674619828,87431.945,0.0008517448464375548,0.009106196463108063,0.05664927829060619,0.5343272816835394,0.3674379997191024,0.041579415648638415,3228.9096627949843,3073.7918426449914,6.292288303375244,0.14707714,0.9697914,1.9197464,0.14656082,-0.015474706504312664,0.8594869147407778,6.593760194804704,1.2924875433269427,8.52235291552806,33226.27,0.00040217957565594263,0.0034376373514533043,0.05497818589430287,0.1351840710526294,0.6885297474247615,0.12130425326349498,5847.553466899015,2873.043723349033,6.531411170959473,0.20750947,1.2601852,2.5079727,0.20743383,-0.005045428613776918,0.5880998511124194,6.072904642278406,1.280303457946182,7.775160813323934,66140.44,0.0010904425230285144,0.006887366063892841,0.12055973607266038,0.2778022942151826,0.5441125880907338,0.057519672577562755,4345.412567428106,3120.2211750456977,6.554704189300537,61,36000,2
0.17589916,1.1565208,2.2605896,0.17518859,-0.01999347003177904,0.882242575516949,6.574908171860998,1.2956270202243512,8.51862868300543,47524.633,0.0008445844920446807,0.004911146126687527,0.011255750040660328,0.04559188282013115,0.8038866720036442,0.1392364282595739,6495.558790329093,2483.460073327154,6.287408351898193,0.23809335,1.3393402,2.5655746,0.23801939,-0.006121090627986656,0.24243803961699628,5.625273576293667,1.2650342112825685,7.1161635218652215,87073.445,0.0007790938920055952,0.009059496223926544,0.052458135050688304,0.5418547404917767,0.3632475152669288,0.04243384260332879,3219.8235182191534,3075.4190966528054,6.271839141845703,0.14739749,0.9523392,1.8809319,0.14693336,-0.019755294331567134,0.8486918420886527,6.4610271381222075,1.2923146386784874,8.34967995155095,33371.164,0.00040059946093255907,0.0034533864818513393,0.0545133885065506,0.13761763100054575,0.6845172879526439,0.12334795038722048,5837.295002748338,2876.5692639767844,6.544482231140137,0.20840488,1.4658928,2.662468,0.20832536,-0.013605282612380124,0.5616764596876891,7.0338696743470415,1.2794840535273584,8.999724082959897,66712.46,0.001059541057726359,0.006941920146346092,0.1126885775338318,0.29104024369854126,0.5391503763060187,0.05711448844938424,4305.366849309762,3119.929625166136,6.561695098876953,62,36600,2
0.17433105,1.1240005,2.218628,0.17360929,-0.015743883862886585,0.8747290490527528,6.447506183954531,1.2946350891595308,8.347167743368482,46681.062,0.00080792784056075,0.00481739966198802,0.01099789449788896,0.044652691235546105,0.8022022007004043,0.14211802434236998,6523.00539632668,2488.746020627891,6.27940559387207,0.23009796,1.4427185,2.7851105,0.2300175,0.0013387400925232626,0.28210116482968894,6.270018553086341,1.2665362915717209,7.941206046346373,81323.625,0.0007907805628917338,0.00845007598400116,0.05362075948313992,0.5152902503468139,0.3846985076474599,0.04638436893270237,3375.250883076813,3114.635745570332,6.339517116546631,0.14555448,0.9680748,1.9334793,0.1450734,-0.01604728124155014,0.8630186459749796,6.650944574460683,1.292378706796921,8.59553914817855,32541.861,0.0003873669126919785,0.0033633490093052387,0.050220158908202396,0.13421257408538906,0.6910992326753522,0.12446460735490082,5888.908870426012,2850.4847491651317,6.537651538848877,0.2053179,1.2131691,2.3882866,0.20524605,-0.006777509755868328,0.5846892640710282,5.908735187472523,1.2801008535721417,7.563776957052165,64750.754,0.0010390402477517143,0.006735607981681824,0.11579351128985557,0.27910144536240694,0.5478563953356694,0.05724208875049178,4354.783949745449,3112.6173831132883,6.570062637329102,63,37200,2
0.17438038,1.1055946,2.0925522,0.17365716,-0.019712736945257246,0.881085317803306,6.340132154981528,1.2949795934260226,8.210341760372314,46707.484,0.0008147200657092418,0.004821315407752991,0.01227853349167602,0.046804083285764714,0.7994836335047042,0.14140522859627466,6520.253993865624,2497.896863988624,6.276524066925049,0.23328488,1.520443,2.7770996,0.23320992,0.00028365020995716947,0.32283166738909763,6.51753765754545,1.2684872360669726,8.267413329217677,83591.93,0.0009561421501719514,0.008697571232914925,0.06295569916909272,0.51643745444566,0.37550913128706387,0.0450923142131438,3312.5066527739777,3109.202570328755,6.325342655181885,0.14856726,0.8998871,1.7922401,0.1481143,-0.02563623276502646,0.8407978404954326,6.057102278955195,1.2919495373768117,7.825470487192869,33902.945,0.00040962271784036994,0.0035081026144325733,0.07224495169102646,0.14481531251940627,0.6632152810187325,0.11972074609590691,5676.083487430937,2988.734961043862,6.519810676574707,0.20905265,1.2473106,2.48909,0.20897809,-0.000370904149176995,0.571445453671164,5.966490383017325,1.280103909936876,7.6377276679377815,67127.83,0.001091434073901585,0.006983927451074123,0.13496869053473307,0.2853266163386711,0.5255958678713238,0.05410296177949367,4207.69248193277,3150.913330694084,6.504412651062012,64,37800,2
0.17405301,1.0476112,2.0902634,0.17333058,-0.017182905657903483,0.8928568697199997,6.01892042289252,1.2955944022416654,7.798079607482389,46532.28,0.0008194227747739275,0.004805016331374645,0.012019821437595456,0.04441915686273966,0.8028854231238775,0.1406453180700936,6544.273361802293,2472.515115328923,6.266989707946777,0.23441815,1.384449,2.6890755,0.23434477,0.001628222743717525,0.2796514875295206,5.905895012388089,1.2666069736705126,7.480447808488561,84406.07,0.0008444658637229777,0.008785742335021496,0.059906794511806714,0.5211667971157624,0.3747866539445335,0.04413375515829203,3304.363116124741,3105.3180719881675,6.268440246582031,0.14751107,0.96378326,1.8756866,0.14701918,-0.016806664911068806,0.878849752708279,6.533633691226807,1.2933294365105028,8.450140780297687,33422.613,0.0004161146720169681,0.003459606086835265,0.07286324115535205,0.1348430182339167,0.6769634617575845,0.11532670326458835,5721.047170099288,2948.319838877861,6.497203826904297,0.20551671,1.2681961,2.4429321,0.20544428,-0.0030665092086719827,0.6083260784151459,6.17076879313859,1.2813974114044062,7.9072071579413565,64876.215,0.0010852380138403493,0.006757750175893307,0.13632762265317389,0.2645299203214247,0.5453485965925172,0.053788145249279315,4328.866383700498,3131.665333003368,6.519430637359619,65,38400,2
0.19273193,1.2851715,2.4882317,0.19212978,-0.001547436073494398,0.6630213181766491,6.668181534539993,1.2846402114293252,8.566214136425026,57055.633,0.0009148337758086228,0.0059012179262936115,0.009757898508924534,0.08143452112360926,0.8180340853875964,0.09076753468836038,5913.595507271156,2369.792036210056,6.666529178619385,0.37298074,2.0263672,3.9255142,0.37293327,0.006985792246309748,0.04696681801855851,5.4329002824189665,1.2558636254534685,6.82298184542415,213680.08,0.0009089432732994499,0.022249821573495865,0.02898442979282022,0.7675074560473288,0.1806645920877386,0.0228406574024571,2040.666240685997,2319.8329967603468,5.433605194091797,0.15979071,1.2454987,2.3879051,0.15932308,-0.002381560973230157,0.7115473885308674,7.794562401165837,1.286232103732418,10.025616394987885,39218.8,0.0004638845739833168,0.004058090969920158,0.04136581428668757,0.19736323767748384,0.6287757535040529,0.13249186656859568,5571.37684178219,3088.053893515054,6.745410442352295,0.27715278,1.6139984,3.0478477,0.27709833,-0.01084353576035353,0.22826687333187667,5.823497177953685,1.2641840699659224,7.361972363887116,117985.8,0.0013468518472316883,0.012288037687540054,0.064445242139398,0.41812492322759287,0.4430232875043623,0.07440012849757344,3748.735785259722,3104.6979325669145,6.497543811798096,66,39000,2
0.19693753,1.167202,2.3209572,0.19630243,-0.0030770754471847674,0.6282597862135479,5.926762606075992,1.2831609814627665,7.604990522547911,59572.83,0.0009450465908242592,0.0061704497784376144,0.009759801119131245,0.08067113539316909,0.8157983507772344,0.09376309339553611,5936.724727236927,2388.9029462422973,6.653980255126953,0.37182528,2.0905495,3.8197517,0.37177432,0.0010800065159250621,0.04800515500158742,5.622397383329703,1.2555202539419332,7.059033790499554,212358.22,0.0009175791163220531,0.022110555320978165,0.028815306564191737,0.7604624365542831,0.1875938143789971,0.02312529126688067,2075.314365557438,2343.6754312010744,5.467111587524414,0.16085275,1.4822006,2.6903152,0.16037478,0.00616899341887998,0.7579045844643009,9.214643001171563,1.2868365346651596,11.857739267877898,39741.855,0.000507374273679444,0.004119134042412043,0.045547612814865045,0.19426181008520405,0.6430035564578879,0.11718376672658791,5501.633937274221,3040.167142726815,6.7312517166137695,0.2814324,1.7802238,3.351593,0.28137287,-0.007693982653260509,0.24432739850641338,6.325582656217332,1.2645300104913335,7.998889102658722,121657.64,0.0015327399864757652,0.012674903497099876,0.061326276629536776,0.39417280802299615,0.46433789915109913,0.08015594389023001,3865.3883756020246,3101.636546783317,6.490355968475342,67,39600,2
0.19274905,1.1151314,2.2263527,0.19213173,-0.00653931853757049,0.6407913344348155,5.785405216909537,1.28409482579761,7.429008904214579,57065.777,0.000884475167460533,0.005906358826905489,0.010302976365607092,0.07573448558215921,0.8196436889139397,0.0943132500495288,5971.593931644616,2369.131488696336,6.6444621086120605,0.3568256,1.8013954,3.588295,0.35677359,-0.006803510858330872,0.09415371690240626,5.048391892464647,1.2580771522986929,6.35126649577753,195570.42,0.001526375688676523,0.020380008965730667,0.03447386900853142,0.7446467711270955,0.1981771310683412,0.022699304084621213,2111.472194662142,2382.719249520251,5.5238213539123535,0.15801792,1.2081146,2.1510124,0.15756057,-0.0001473553884462213,0.6973719169908104,7.645428035834447,1.2856965151254214,9.829700182376751,38353.402,0.0004348002659070355,0.003974806983023882,0.042796709168055974,0.20241054675804065,0.6450546184086258,0.10973521855035652,5444.656352785823,3035.277335775519,6.688549518585205,0.27581438,1.5110016,2.9939651,0.27575177,-0.0031521271140049286,0.20814154050906275,5.478327720907506,1.2634262489760604,6.9214630431128334,116849.01,0.001204554380365339,0.012173335067927837,0.06413052990980583,0.38215620370452086,0.4680029154190263,0.08570334110201941,3932.1328920415817,3139.165830214997,6.482056617736816,68,40200,2
0.19367081,1.0971069,2.1896362,0.1930295,-0.006374890156584155,0.671051030587237,5.664802753338674,1.2853747278994785,7.281394297714511,57612.87,0.0009440874334082718,0.005951360799372196,0.010059338064457647,0.07753870167587892,0.8154975762393916,0.09689883766157774,5991.384606442676,2379.414466614197,6.643636703491211,0.35989103,1.8940926,3.7586212,0.35984084,-0.003364922701016388,0.08817373231119463,5.26296133160522,1.2577342297034455,6.619406616383904,198945.1,0.0014791877460441044,0.020711425691843033,0.031295405031619476,0.7476752262943319,0.19845898082043315,0.02256713756264832,2114.9730574265823,2372.5328146993406,5.503268241882324,0.15891719,1.8030167,3.1097412,0.15845428,-0.0016480815990809077,0.758700522440793,11.345636541687853,1.2875346662933267,14.607900358679363,38791.176,0.00048389805561031103,0.004011946730315685,0.03911817848992284,0.18787667177715486,0.6510263369777265,0.12197548278621191,5590.745678763863,3012.715712709357,6.718748092651367,0.28028548,1.8712044,3.5154343,0.2802194,-0.0021489111990319475,0.23801931455709235,6.676066102251398,1.2646367189165797,8.442798330851529,120668.07,0.0014689756117266728,0.01255292072892189,0.06093998031653788,0.3780758767155009,0.4593825276391355,0.10159352835346609,4039.6735413107162,3213.5768239677595,6.507486820220947,69,40800,2
0.19713801,3.858471,7.012081,0.19650234,-0.001432253859231082,1.1924799700800985,19.572435007536562,1.2886149090399472,25.221331557054945,59694.17,0.0018010782385846171,0.006181866861879826,0.01024436289527641,0.07849033342815316,0.8126362946012767,0.09862347120439895,5986.231568618954,2380.4570413883166,6.6724419593811035,0.37059474,4.3575287,7.243347,0.3705458,0.02217661709379245,0.235409002527871,11.758204359629026,1.2587525903640489,14.800670195752827,210954.97,0.004440379309987818,0.021981894969940186,0.02938636884432945,0.7491487479153226,0.19901414572231485,0.022447520174482826,2104.7679690557025,2341.494970656943,5.565016746520996,0.17871833,9.908676,17.266083,0.17830348,0.14702160162491446,40.92857241817163,55.44297684464287,1.363705815451762,75.60790994941993,49060.207,0.04175446970745565,0.005121228750795126,0.0308155846292106,0.16649041096500736,0.5457115110154839,0.256974855272567,6262.700042950806,3282.3983726545202,6.880040645599365,0.3270416,14.629555,28.56903,0.32698894,0.0102252838508081,50.48177105878468,44.73300925517786,1.3686041171951389,61.22178064135186,164284.72,0.5774927787388442,0.01724475994706154,0.04621245291748512,0.3013498019420832,0.3963875306119856,0.2560413405898699,5121.747306539013,3697.057923825319,6.708662986755371,70,41400,2
0.19591984,2.5176048,4.4504166,0.19529521,-0.004802013310035865,0.8633296955549099,12.850177951522026,1.287565338167522,16.545443719748743,58958.723,0.0012720095230636195,0.006097032688558102,0.010259415173035207,0.07481062036866133,0.81429493807825,0.10062970860191767,6032.739581999904,2369.2695197400635,6.658806800842285,0.36235934,3.875637,6.7775726,0.3623106,0.0019840872562696455,0.20406118553681907,10.695562590964535,1.2601973404597406,13.478519531891395,201683.39,0.0035181817308607916,0.020996926352381706,0.031734660799743755,0.7386199007706586,0.20620730424253747,0.023434485925382578,2153.656144843068,2380.614611094043,5.601415634155273,0.17833567,7.220745,13.489437,0.17792284,0.006652407465039914,24.37683219351764,40.48962959573228,1.3609125009604437,55.102843076399004,48850.34,0.024656424931034485,0.00510992668569088,0.03262053668916343,0.15468944272099971,0.5426776490342181,0.2700057702203026,6376.639973239254,3277.7608816270463,6.877939701080322,0.3232777,13.370609,24.948978,0.3232245,-0.0026764267637325585,25.997949297333818,41.35951472229403,1.3551334326779532,56.047661159690016,160525.03,0.2839501788851968,0.016865117475390434,0.04798288959735,0.30318005372611273,0.3955713862796106,0.2532454695035856,5103.236244907971,3707.494746162219,6.70588493347168,71,42000,2
0.17416614,1.4879227,2.6221275,0.17343667,-0.011480158601668901,0.9122522259162951,8.543122350459482,1.295786133990531,11.070059482773551,46592.79,0.0008394017459551304,0.00480988435447216,0.010610894526558556,0.04612844156177643,0.8157640880204408,0.12747183985806537,6478.7159933964585,2376.405129719651,6.372134685516357,0.2468789,1.419735,2.7910233,0.24681778,-0.003963777356730142,0.21088051552051246,5.750734121414826,1.2635831025157624,7.266530462910037,93617.96,0.0007833798547588808,0.009747322648763657,0.05078005118478381,0.5590552858235094,0.3526267834825868,0.03753260344816809,3094.425483445036,3007.0824908715276,6.244497776031494,0.14816271,1.1720657,2.1263123,0.14775462,-0.01104072874478661,0.8156689267016723,7.910666274646949,1.2906429070272563,10.209845317301722,33718.562,0.0003930696777452633,0.003491260576993227,0.04091840280658071,0.1492428733437818,0.6975735000352751,0.11226160978721628,5827.20192725496,2798.0236945949127,6.558326244354248,0.21542764,1.2059212,2.374649,0.21536155,-0.007387929585906859,0.5089467582842935,5.597801606713512,1.2768247856001054,7.147411836357083,71284.33,0.0010961702831243129,0.007423766888678074,0.11411535093076465,0.3058653021983967,0.5240132330537745,0.0560007976757189,4189.81169693971,3122.403944616661,6.522822380065918,72,42600,2
0.17329463,1.1016846,2.1475792,0.17252633,-0.015913060082882305,0.8616335858388888,6.357291897900356,1.294057559795792,8.226701640353966,46127.664,0.0007770752485700168,0.004758643917739391,0.011296443009786671,0.047817660970212894,0.8132253198422965,0.1276358826478924,6465.5875359359,2384.7253228254503,6.38255500793457,0.24082543,1.3256073,2.6376724,0.240764,0.00020081684740408344,0.21889611583692092,5.504432410763232,1.2640614382347581,6.95794074984428,89083.22,0.0007362875039159833,0.009277326054871082,0.051114095121978356,0.5434865776525207,0.36490366913423045,0.040490051999093314,3198.1662407618123,3032.2289170905137,6.2918782234191895,0.14703807,1.008606,1.962471,0.14660123,-0.01593273771672496,0.8176440418666178,6.859488436707407,1.290869144564442,8.854701970502393,33208.62,0.00038219366001548337,0.003438232932239771,0.04313983186234126,0.14525206640980828,0.697477459484887,0.11412697670929173,5843.802525162796,2788.7405948873884,6.566804885864258,0.21043475,1.3624191,2.5787354,0.2103633,-0.0029081583717664133,0.5115136126485664,6.474306787297436,1.276930878174251,8.267242251512515,68018.36,0.0010030602653995529,0.007075086236000061,0.11346513458772303,0.28829857794244873,0.5384517012682474,0.059778255282978233,4316.285952020823,3122.1318702652347,6.561370849609375,73,43200,2
0.17352656,1.033783,2.0371437,0.17272447,-0.014915550696804258,0.9176361657613099,5.957491389099532,1.2959496183890875,7.720608692304306,46251.207,0.0008320210310039571,0.0047716717235744,0.012614696313001942,0.048072582715142836,0.8150667597776478,0.12421711894641332,6457.8985057987375,2366.950130830753,6.395792007446289,0.23926076,1.3680458,2.571106,0.23919597,0.003282580171074096,0.23792182736573597,5.717802577097742,1.2644413028613397,7.229825740119612,87929.414,0.0007796868682363845,0.009154299274086952,0.05585918336444304,0.5286478134201259,0.3744741515666148,0.04101202250483233,3256.5606710663,3049.140530220323,6.299201011657715,0.14778326,0.92658997,1.8120766,0.14737317,-0.019781531992207647,0.8516961591756345,6.269924871652416,1.291945544151711,8.100401500152138,33546.074,0.0004062428329899539,0.0034749796614050865,0.05263088775352907,0.14060123518190928,0.6940822611236707,0.11268157878164313,5802.698715805145,2813.4387200330325,6.561892032623291,0.21008326,1.2656212,2.4673462,0.21002015,-0.007419063898691764,0.5729499693573894,6.024378993717374,1.2798229510493853,7.710138502015996,67791.32,0.001116047045289325,0.007059796713292599,0.12115938750320479,0.27798124474734376,0.5451104222105844,0.05574312858599478,4317.524458963769,3118.9834324430763,6.530929088592529,74,43800,2
0.17501989,1.1776924,2.1960258,0.17424095,-0.01349756627687968,0.8759212151518949,6.728906142339505,1.2937742588374628,8.705685557141885,47050.69,0.0008218918466118057,0.004858046770095825,0.014446231325702965,0.05231449427137223,0.8068482796834938,0.1263644400700876,6416.175034308297,2431.687419887977,6.395241737365723,0.25068638,1.4133453,2.789402,0.25062454,-0.004481107191369997,0.220292481563515,5.6379024349250875,1.2641083104122592,7.126919321310743,96527.86,0.0008700067306883352,0.010037928819656372,0.0645160938590843,0.5582864266241521,0.3394645218727364,0.03772757918334458,3035.488504889006,3000.0179268416227,6.246485710144043,0.15312743,1.0387421,2.0439148,0.15270852,-0.026500495725207587,0.7802495747971152,6.78351391870861,1.2889794238987573,8.743809863003328,36016.14,0.00042898838772678345,0.0037278523668646812,0.07867589063509631,0.16705924558400498,0.6453387930718331,0.1089228070602056,5474.27833909246,3024.178376580652,6.549365997314453,0.21891789,1.397419,2.6003838,0.21886073,-0.011779863306175744,0.506398136177256,6.383301826061343,1.2770249942968745,8.151635978058453,73612.86,0.001163100182945248,0.007649408653378487,0.14611632811911973,0.3005364954090528,0.5037529113031244,0.049589037357658454,4013.297041812119,3147.3484097711766,6.473637580871582,75,44400,2
0.17490508,1.0876656,2.1674156,0.17412631,-0.013585093995071894,0.9027367704637981,6.218604850445558,1.2959348406737445,8.058906686121215,46988.984,0.0008448328509399382,0.004850815050303936,0.013234838537391347,0.049700345101986614,0.8079067711004667,0.12913441341457893,6446.359507505704,2433.117287209281,6.363593101501465,0.2455336,1.5253067,2.9161453,0.24546558,0.001242748091992244,0.25558407724271603,6.212211684515558,1.2654632841208213,7.861325799972816,92600.445,0.0009289183093502484,0.009638680145144463,0.06085645918467349,0.5469701106370147,0.35269036894326034,0.03947832658202167,3127.9856299954185,3026.1622317237793,6.262241363525391,0.15261725,0.9443283,1.8391609,0.1521911,-0.022486860433445298,0.812267843662339,6.187559619837273,1.2911128203470692,7.988837551886086,35776.55,0.0004406702268455438,0.0037075672298669815,0.08383821183278935,0.15795964923885186,0.6457235923171135,0.11247440162302945,5503.392376754672,3033.2811135437255,6.533896446228027,0.21925193,1.440525,2.7208328,0.21919869,-0.013784191565968084,0.5580556884662315,6.570181846227017,1.2794670285868592,8.406331044105746,73837.69,0.0012895887774878553,0.007690025959163904,0.15170584958066186,0.3038774799844999,0.4952146348514224,0.04919669156912796,3972.092707260732,3157.0334895417914,6.444596290588379,76,45000,2
0.175156,1.1567116,2.1740913,0.17437695,-0.010752847034311572,0.913084731302154,6.603893651085439,1.2958825083128425,8.557870269248713,47123.902,0.0008594312249791848,0.004866782575845718,0.014722376160175495,0.049857680864238925,0.8102842544015355,0.1251131673243805,6417.963935600157,2424.9247433311893,6.383756637573242,0.24582778,1.5300751,2.8686523,0.24575403,0.00220785692811514,0.2636771230542987,6.224174820185331,1.2665353291492505,7.883137304597972,92822.47,0.0009629334701386048,0.009676123969256878,0.06834361694898905,0.5413351390472725,0.3521597772960471,0.038156894750735255,3109.734478242246,3026.558078775464,6.250543117523193,0.15481982,1.0056496,1.9738197,0.15439393,-0.028139013187341588,0.7859956026872505,6.495612708675128,1.289914408213393,8.378784423148193,36816.652,0.0004515712750480135,0.003815738018602133,0.09345834294467997,0.15596751858655045,0.637478361144271,0.1130922379889198,5458.195656596473,3057.723265996105,6.539804458618164,0.22027755,1.3441086,2.6769638,0.22021732,-0.014184629820580353,0.5157528081094753,6.10188643708583,1.2779101666331172,7.797662713628111,74530.09,0.001214290323097135,0.007759402506053448,0.1543127996301198,0.2976081110136109,0.4956663759421554,0.052406378213742874,4003.1652573741762,3173.423617566565,6.441961288452148,77,45600,2
0.20127694,1.1608124,2.2997856,0.20063323,-0.006121520276909563,0.568631391673553,5.767239705239551,1.2805259843757972,7.38510030071975,62227.062,0.0009332692212270992,0.006434381939470768,0.011259720751948397,0.08314268152738925,0.8151796277861425,0.09041204668247545,5898.338799206623,2386.315492576901,6.660671234130859,0.3869492,1.9341469,3.8637161,0.38688713,-0.00014354572474697597,0.047416881245863074,4.998451539170997,1.2558595557879177,6.2773531296269445,229984.8,0.0010630381463460597,0.023947114124894142,0.031369489570081475,0.7679478931323979,0.1769577573433812,0.02372213512527112,2020.6388258337654,2305.8928183685484,5.423609256744385,0.16380948,1.0461807,1.9899368,0.16339755,0.001477601249331277,0.6283325086233895,6.386570154898651,1.2824346158277486,8.190358643104416,41216.324,0.0004524240033381134,0.004271308891475201,0.042598650956397595,0.20322096887213306,0.6335863376332624,0.12059155526828932,5473.825674502372,3071.655424873996,6.717166423797607,0.2859747,1.7209053,3.3783913,0.28591618,-0.003172545633893796,0.20089409746181097,6.017683510719529,1.2631734212364567,7.6013778681803785,125616.43,0.001343623827712333,0.01308230310678482,0.07157769307895313,0.41369505093151443,0.44590046736767563,0.06882163620559009,3679.2201767368165,3056.776055989952,6.473507404327393,78,46200,2
0.20090035,1.1876106,2.3218155,0.20025079,-0.003360580219137542,0.5451724464460668,5.911441416701413,1.279162652926776,7.561695085246638,61994.414,0.0008880892993377148,0.00641535734757781,0.010141188811194262,0.08383256361257331,0.8185377306713026,0.08748266568522486,5870.127139253966,2356.479363651351,6.6791887283325195,0.38039696,1.9162178,3.8002968,0.38034075,0.0015314476441170117,0.030546520812110955,5.037416158740704,1.2544277186334358,6.319074459832918,222262.03,0.0006396021459697963,0.023141076788306236,0.031902562030712935,0.7635085192402609,0.18066205501558327,0.023923945876590604,2032.2098582242581,2317.5171128422257,5.464980125427246,0.16262056,1.2589455,2.3911476,0.16218144,0.008197060162708904,0.6356011380767721,7.741613177511004,1.2823031795099438,9.927095192119484,40620.207,0.00044451504857598946,0.004206778481602669,0.04574591668726606,0.21223670814530912,0.6350398626427511,0.10697443363554103,5343.417574976327,3054.6858768851716,6.710643768310547,0.2892525,2.1683693,4.1065216,0.28919846,-0.0080588574869464,0.1800868204352022,7.496458525441018,1.2616787665689178,9.45812254604617,128512.516,0.0012606378836962804,0.013379053212702274,0.06466804945119871,0.3973039435651949,0.45947530804258424,0.07854590314128251,3788.1713544239765,3078.9082782806795,6.46231746673584,79,46800,2
0.19950126,1.4183998,2.5723457,0.1988868,-0.0027461171892687944,0.5541084443175874,7.109728544351205,1.27934705850617,9.09581030003866,61133.953,0.0008777631612725756,0.006330836098641157,0.01048780303080289,0.08203042623445479,0.8192767431905749,0.08819877755492694,5870.9366467108985,2354.1390153626517,6.688475131988525,0.37573364,2.0599365,3.8908005,0.3756831,-0.0016401760538119331,0.048721630896002566,5.482438311251637,1.2559191184925318,6.885499091075166,216845.98,0.0009710512555960399,0.022586101666092873,0.030085153614245845,0.7605899839352455,0.1855417872241713,0.02378021455101746,2050.84026575456,2321.4276027596475,5.516922950744629,0.16303015,1.5077591,2.5797844,0.16262843,0.0024348779643804676,0.6215024038735741,9.248345271500076,1.2811925355414069,11.848910928028245,40825.082,0.0004390505233948494,0.004233277402818203,0.0425820331761162,0.21054047319745095,0.6253402579171082,0.12153451296858224,5424.591893989921,3096.704123993246,6.725990295410156,0.2925249,2.1046638,3.9836884,0.29247326,0.003822888381213291,0.21439775180203968,7.194819381185158,1.2627179619662532,9.08502766575648,131436.77,0.0015698986248246865,0.01369678508490324,0.057297890748611434,0.38697719713570033,0.4476090703497436,0.10810913561641056,4003.741548184462,3235.8325894917634,6.510788440704346,80,47400,2
0.20075256,1.4233589,2.659893,0.20015174,-0.0059692623332243,0.5745440672254118,7.090116027872662,1.2797196984849633,9.073361145457804,61903.246,0.000933184853411471,0.00641220435500145,0.010936585653348286,0.08288888920679156,0.8184514799773762,0.0877168937730339,5868.996632864895,2358.065326823877,6.680421829223633,0.3842704,2.0979881,3.965187,0.38421208,0.0027984845106985203,0.02010451458035245,5.459666239450349,1.2543400746824975,6.848278158551482,226811.52,0.0004383704997608739,0.023626573383808136,0.03102653195678973,0.7665935060167071,0.1802899147066407,0.02208744073344638,2007.1459271776366,2281.3189582214645,5.494928359985352,0.16548726,1.9001961,3.3838272,0.16510251,0.007426691549314193,0.6982703137295827,11.482431213846542,1.282183958463867,14.722589106647792,42064.945,0.0005236991104925089,0.0043634697794914246,0.041019423488648545,0.21339224346476846,0.6267689593973866,0.11881653871998482,5396.934357205591,3088.253027274692,6.708723545074463,0.29803425,2.110958,3.982067,0.29797927,-0.006414077354106553,0.22591163353414956,7.082937931272777,1.2626588705363118,8.943334408409692,136434.3,0.001782392326962312,0.014202555641531944,0.06273561663461426,0.38783503707921896,0.44429830845354557,0.1051239885254901,3948.1220500020995,3218.174025415276,6.517008304595947,81,48000,2
0.20078783,1.2786865,2.5484085,0.20021313,0.0006683936660816552,0.5470222871026427,6.368346827412988,1.2792498375062018,8.146706644191775,61924.992,0.000889108050895956,0.006410287693142891,0.01071635304905008,0.08184489735311692,0.8186150531470779,0.08881777136586674,5875.311291810267,2356.1209186136766,6.679252624511719,0.39317393,2.06604,4.0822983,0.39312282,0.005402697946665497,0.051660898875005135,5.2547736904621765,1.2560299343589065,6.600153053518903,237443.72,0.0012345276632114276,0.024741867557168007,0.02762577382473204,0.7764416360847649,0.17484607799423244,0.02108397830812169,1968.3887733817737,2239.2773853526623,5.431222438812256,0.1692128,1.5901566,3.1209946,0.16882585,0.009436242147265935,0.7335606663297036,9.397377294600291,1.2824310004626793,12.051487965710741,43980.246,0.0006014076072123444,0.004561604466289282,0.03808643624181921,0.20435726836687715,0.6046199502531794,0.15293341003883923,5597.375258240454,3163.5543502277756,6.74947452545166,0.30855525,2.7256012,5.371189,0.30850422,-0.0003156618374339406,0.3694067902463849,8.833430113143901,1.265965001858282,11.182813369637463,146236.94,0.003348394417623137,0.015226523391902447,0.0571167486386265,0.371702064063132,0.42537558818334154,0.14579706660253272,4235.1309074980845,3396.4991034614263,6.560467720031738,82,48600,2
0.19969897,1.2293816,2.3745537,0.19908158,-0.005477323556989933,0.5561683189844673,6.156173779893929,1.2801103249249903,7.880581617714186,61255.18,0.0008845238420114439,0.006336607038974762,0.010465574879886575,0.08163994293143614,0.8168143028864342,0.09107408198001873,5895.013967526895,2353.2805231783077,6.6935133934021,0.39044294,2.3795128,4.2580605,0.39039347,0.011734512867962066,0.07570301718981698,6.09439320738979,1.2575219224889456,7.663833062580008,234156.58,0.001759314473423275,0.02437320165336132,0.029993436126113583,0.7673500333610438,0.18096430311739592,0.021689495273297568,2002.9720133070646,2254.9585924466833,5.494987964630127,0.17439282,2.8716087,5.4636955,0.1740159,0.01221122412988466,2.1018781888661078,16.466324381464837,1.2942516283517618,21.31156714380139,46714.15,0.0019441149475180255,0.004834289662539959,0.034141587893327906,0.1898651916785773,0.5726715584279544,0.20331878409419626,5888.865584762587,3233.2071548118665,6.80355167388916,0.32338604,6.369114,12.061787,0.32333803,-0.00021683776020157874,3.966688338166488,19.695079778043215,1.2860077451710985,25.328025136404573,160632.61,0.04338235962608795,0.016668224707245827,0.05459840607538289,0.3448553893465752,0.3943878904876264,0.20615014942299614,4640.919695777068,3605.109959062578,6.5916008949279785,83,49200,2
0.17765824,1.7772675,3.4843445,0.17690761,-0.013197808500138316,0.9312245073088081,10.003855753332488,1.2935043475855312,12.940030909626941,48479.926,0.0009276750301514251,0.005010707303881645,0.010272973717496964,0.055535071508483067,0.8149507656630532,0.11921963348094643,6334.372077316488,2390.1740734127297,6.44895601272583,0.26545963,1.5369415,3.0463219,0.26539686,-0.0066977871386782765,0.18040625031137658,5.789737393166083,1.261954791980397,7.306386847641554,108240.086,0.0008958710418293057,0.011282282881438732,0.051762297218874105,0.6001778564710861,0.3153330302465395,0.03272250803494167,2826.4926959864065,2881.154102798445,6.182981491088867,0.15167634,2.9675484,5.368614,0.15125227,-0.016629900348084762,1.1984834157374076,19.565004886976368,1.2910203184625906,25.258818840072905,35336.773,0.0006343127079654057,0.003662926610559225,0.041308812674846096,0.17568882824314683,0.6706792140374618,0.11231946997184693,5674.777109375264,2854.5728148381977,6.584278106689453,0.22456102,2.6231766,5.1169395,0.22450937,-0.0023094746245604864,0.610173436386392,11.681353095677354,1.2754535762987258,14.89902358195622,77456.875,0.0015516393743084296,0.008067741990089417,0.11210278853679678,0.33778867532296064,0.49611332386442686,0.05399010402818305,3973.6132941023257,3122.474846185354,6.455704689025879,84,49800,2
0.17789684,1.3199806,2.5392532,0.17714572,-0.016003748881954265,0.8298508350361589,7.419921589477203,1.2914186349553878,9.582225010612524,48610.234,0.0008311377214014244,0.005014609545469284,0.01044003690618968,0.057175400906361334,0.8117311577990196,0.12063335420917608,6307.899948817111,2415.1452446474887,6.4571685791015625,0.26478937,1.4250755,2.7701378,0.26473588,0.0011684816971403,0.162196147319138,5.381921172149356,1.2611409257828525,6.787361049560407,107694.195,0.0007973385039994201,0.011215782724320889,0.05515097955931397,0.5988916248976629,0.3121122856386523,0.033841357590344075,2831.2995044229588,2878.1912876311644,6.211101531982422,0.15802726,1.5921593,3.0226707,0.15762997,-0.006542937868834394,0.8776618486635703,10.07521902336192,1.2894318199398325,12.991308001668191,38357.94,0.0005473375915936287,0.0039757015183568,0.04604270044570551,0.16680316329584957,0.6380723781254121,0.14907798054146995,5775.249536426726,2892.4495158680593,6.676246166229248,0.23161148,1.7184258,3.3643723,0.23154862,-0.005416495322459317,0.5076484542089839,7.419432686310268,1.2749813590547743,9.459638369848122,82397.0,0.0014608423819204791,0.00858103297650814,0.12503437771434775,0.3208333161116024,0.47666411536939923,0.07745899932610198,4052.6584968630455,3202.397988474503,6.548221111297607,85,50400,2
0.17853364,1.191616,2.240181,0.1777824,-0.012108580661666835,0.7968763023973846,6.674462219491727,1.2906898579857955,8.614660694255587,48958.863,0.0008096012764944249,0.005057358182966709,0.009999553774731485,0.057135548928290876,0.8138870671578543,0.11895841053855237,6286.560441110706,2409.059625703969,6.459510803222656,0.26190582,1.5707016,2.9229164,0.2618427,0.0032393555475266657,0.1434273096688048,5.997200077673068,1.2601543570910207,7.55739780825518,105361.4,0.0006748580675575364,0.01096379105001688,0.049491385734579306,0.5999001382447345,0.3159403432232684,0.03466406594973223,2877.6720898081544,2890.003958867032,6.230250358581543,0.16296451,1.444912,2.8069496,0.16259468,-0.00614383807493969,0.9853151592538048,8.866421130992542,1.2933005682733494,11.466947487333853,40792.21,0.0006949399571286283,0.004228567238897085,0.0405582288053593,0.15557756660148866,0.624399459414122,0.1794603193861024,5958.120881283878,2867.7683726958376,6.753281116485596,0.23283829,2.7488708,5.490494,0.23278621,-0.0027853929939028015,0.766535154040846,11.805922787892321,1.2787643376418039,15.096993034174242,83272.19,0.002252940208052155,0.008650829084217548,0.11382058437719772,0.299530335402076,0.4840992179556643,0.10253776419061246,4334.534721134761,3259.8705855428043,6.702256202697754,86,51000,2
0.18021137,1.140213,2.2715569,0.179488,-0.009383959303014472,0.7674523192165301,6.327087147242251,1.288875725875797,8.154829039626534,49883.344,0.0008094315156417421,0.0051498557440936565,0.00943981562029296,0.05773639458982383,0.816257206151775,0.1165485986095881,6255.103042454626,2394.3554453638562,6.47932243347168,0.26306888,1.8115997,3.268528,0.26300406,0.005193703708550116,0.16962843066455813,6.886408227701826,1.2615955931768865,8.687862272918702,106299.25,0.0008124124643570752,0.011061584576964378,0.050165742825939774,0.5965165778915734,0.31763346438394624,0.035680549724212106,2893.1262244525906,2890.7484119779606,6.255215167999268,0.17439994,1.6025543,3.0534744,0.17405558,-0.005459941306002912,1.4017262415310494,9.18896131176942,1.3064034046498434,12.004490342960096,46717.957,0.0012967269891413801,0.004845074377954006,0.03258808287067632,0.13515743528173965,0.5821699347113299,0.25007931492837754,6293.605952002856,2826.8545580227096,6.83759880065918,0.24328522,2.4035454,4.436779,0.24324344,0.006904603825232784,0.9442475287020846,9.879537037535199,1.285924187892283,12.704335641796401,90912.31,0.003307872690898639,0.009460718370974064,0.09934558021994756,0.2843597726854253,0.45906823226317917,0.15720446853537245,4673.610468135503,3414.4400348185577,6.790548801422119,87,51600,2
0.18073939,1.2901306,2.3609161,0.18007776,-0.01064829731061184,0.7845968527468297,7.138071177691299,1.290027885753504,9.208310869766079,50176.086,0.0008372550775488213,0.005182159133255482,0.009834068076689371,0.05727720785387042,0.8152492108397141,0.1176219618373816,6252.049788310854,2405.2982240573283,6.477450370788574,0.26676154,1.6056061,2.9574394,0.26669088,0.007617192745137158,0.15481394992363917,6.018881398234086,1.2608336614702165,7.588808271318906,109304.414,0.000783976354119556,0.011389698833227158,0.04706941054712352,0.6080213524099358,0.30947485915869205,0.03543116836909053,2842.9434097517965,2875.4895219049085,6.214349269866943,0.17802241,2.0385742,4.066944,0.17768265,0.0028386444542135123,1.293483615307661,11.451222168196816,1.3020074675080837,14.909576775170114,48678.883,0.0012991511420578131,0.00504647521302104,0.037069649892817885,0.1313560909208858,0.5868546304472777,0.24471289826503365,6290.756088922967,2856.112387339985,6.837395668029785,0.24381493,2.2621155,4.426861,0.24375933,0.00216418618085417,0.8309196740425357,9.278002276314133,1.2836052439165087,11.90929237499497,91308.625,0.0029362986724994215,0.009502443484961987,0.09719025094214756,0.2838492072410841,0.4547860169658704,0.1641482829037901,4737.65448124512,3446.309225280531,6.81626033782959,88,52200,2
0.18185969,1.1221886,2.201271,0.18117505,-0.010067344660729241,0.7621021010378715,6.170628503774983,1.2889324081196616,7.953523057026248,50800.043,0.0008336023222068098,0.005249718204140663,0.00942548136148387,0.056349980616716706,0.8215463550544562,0.1126599787396972,6214.334835001707,2370.1964367191636,6.503672122955322,0.26187304,1.382637,2.736187,0.26180682,0.005865717417406277,0.15938339420411385,5.279799103223368,1.261142241379423,6.658577675097614,105335.016,0.0007495596645357566,0.010979268699884415,0.04911628735058078,0.5872973728990316,0.3270006319206105,0.03658200192220821,2945.915719592631,2893.7944136647316,6.292439937591553,0.17999344,1.4954567,2.9413223,0.17963366,-0.00955594436766488,1.054170901644354,8.308395744523722,1.2984501998670568,10.788038115111366,49762.77,0.0011064650282471868,0.005161832552403212,0.03634109714801248,0.1217757976321671,0.5814988265398052,0.2603785979244149,6375.277302192323,2810.8308861954706,6.846243858337402,0.24297251,2.2587776,4.3055534,0.2429173,-0.0032851940424876995,0.6615997556904931,9.296432902283879,1.2800896382489604,11.90026743093928,90678.74,0.0023058119358749176,0.009441734291613102,0.0926113275863556,0.2797534716908357,0.4610915284945585,0.16651652175666112,4793.914003404343,3430.524720032821,6.814458847045898,89,52800,2
0.21283887,1.7788887,3.4280777,0.21230255,-0.006709865204421472,0.7763822633019721,8.357912608150322,1.286061540603623,10.74878996511875,69581.39,0.0015932334282908007,0.00721399113535881,0.0118145135792413,0.08404396146299653,0.7317857401886002,0.17234912592092366,6208.765792141916,2641.937027304779,6.868064880371094,0.40811378,2.4974823,4.906559,0.40806195,-0.00010470204941477598,0.14886394720811946,6.1195736009114245,1.2590042907525563,7.704569421142432,255831.34,0.004129662465050046,0.026636069640517235,0.03412980971864361,0.748791392162631,0.16133446609079205,0.0557411370895885,2229.520719186725,2663.095393690902,5.618068695068359,0.5741437,140.98596,227.89374,0.5740286,-12.737831992627346,4186.726760507595,245.55866416402418,2.019320210986767,495.8615735301896,506328.53,454.94307290758115,0.05474796146154404,0.003901191060834982,0.024004234077214054,0.09265122383746059,0.8794094619884398,9643.612424048883,1910.2406649995532,6.147778034210205,0.7749068,13.302994,26.040554,0.7748878,0.018943854070549333,22.662188783749464,17.167217441332706,1.7701213120755823,30.388057461977883,922338.25,8.171462132192612,0.09691798686981201,0.010560097998739758,0.06192730447675175,0.06011742903135606,0.8673676087570267,9289.198563550906,2628.6385185985873,5.766707420349121,90,53400,2
0.20784174,1.2739182,2.5169373,0.2072535,-0.0025084268360504444,0.4882780266996116,6.12927007645375,1.276326991719659,7.822952838155179,66352.42,0.0009111675637815628,0.006872706115245819,0.010877307163172928,0.08980126326829967,0.8093220119610885,0.08999368791640558,5800.063745799827,2393.5885469020654,6.725405693054199,0.40517655,2.1140099,4.014778,0.40512446,0.0069193063542592435,0.021518464255340763,5.2175029783691125,1.254140180265055,6.543480125841448,252162.1,0.0005799472353448368,0.026246778666973114,0.029872957065050706,0.7765672764674324,0.16853129684041854,0.02502586156573967,1975.0312499861382,2267.589384352406,5.45831823348999,0.19134328,1.894474,3.7410736,0.19101283,0.003945109242316485,0.9808724730614973,9.900917619759436,1.2889613319443598,12.761899962703199,56236.414,0.0013148172196794134,0.005843349266797304,0.030718439820644067,0.17620078321902707,0.5258718632893404,0.26720198039862364,6214.591572706071,3331.3747050900597,6.913508892059326,0.34839305,3.9307594,7.507229,0.34834865,-0.0013273461458126513,0.7502328973991865,11.282542513819685,1.2800235241332154,14.441919829763753,186436.19,0.011052844220629309,0.019433248788118362,0.04413551291013324,0.31792069236156745,0.4070489380462487,0.2308737220658132,4891.768374650664,3623.1945098169817,6.638482570648193,91,54000,2
0.20697843,1.2703896,2.4327278,0.2063574,-0.00711490613970085,0.49354656231271754,6.137787329884118,1.2765136379247652,7.834969233316761,65802.35,0.000905791927617652,0.006811108440160751,0.012025651435081868,0.09643684197883708,0.8003654810859633,0.09116471853231486,5789.037496114601,2443.81750939348,6.7208662033081055,0.41816464,2.1164894,4.131508,0.4181215,0.011560298990376444,0.03256106154276317,5.06137823377232,1.2550775026998158,6.352421953877358,268587.5,0.0009956066351846193,0.027937568724155426,0.030189026180761934,0.7825617239634262,0.1644139244316125,0.022831998053969287,1922.0394391884222,2200.2520961925443,5.415807723999023,0.173119,2.2351265,4.05159,0.17276417,0.01305979724745244,0.7090692424385145,12.910925880247708,1.2798202319084173,16.523664154306456,46034.203,0.0006368945352981543,0.004762174561619759,0.03909186860385067,0.23453287724870803,0.5913596008103172,0.1350026234983985,5360.012714893999,3212.413817125574,6.73084831237793,0.31965783,4.7950745,9.452057,0.3196073,-0.0008948026867289084,0.749037483116358,15.000647495831522,1.2651651146844292,18.978295909463753,156950.2,0.007820687843397555,0.016337499022483826,0.05706945560130477,0.408683238892488,0.40238419160955946,0.1318049257665876,4008.858697381624,3394.175880413378,6.489360809326172,92,54600,2
0.20851868,1.2718201,2.5129318,0.2079135,-0.0036321102250526515,0.5263320799734887,6.099309877190466,1.2784214850381834,7.797488790943291,66785.34,0.0009950381723103298,0.006913723889738321,0.011691646920952245,0.09716137328764458,0.8021460607770444,0.08899529698400437,5774.122911357538,2430.9571464036608,6.727913856506348,0.42336947,2.132225,4.202938,0.42332694,-0.0017585941126378934,0.04315875070002262,5.036322176049609,1.2551260464962775,6.321219141721605,275315.28,0.0013865866085811555,0.02868196740746498,0.029765104281102708,0.7882033292028593,0.16175992695874133,0.020269267134420767,1891.675221230639,2164.805961292369,5.41937255859375,0.19446188,2.2332191,4.1186333,0.19413611,0.0069561813492658746,1.418858790435218,11.484097152793838,1.2943650590709375,14.864614089628821,58084.49,0.002028976954798251,0.006023545749485493,0.032385031098257584,0.19792033387702995,0.5462750625935612,0.22341487345876987,5955.219417580635,3380.0268926792346,6.850017547607422,0.35815853,5.376816,10.33926,0.35811546,0.01370019556813937,2.17548614673405,15.012390780771156,1.2861227279209193,19.307776983634167,197034.31,0.03579789681380075,0.020503055304288864,0.04465812109241435,0.33849271231201883,0.3554784585673319,0.261348041603265,5002.982496886271,3845.1004706479066,6.64135217666626,93,55200,2
0.20799153,1.22509,2.4178505,0.20743199,-0.006636019696491529,0.4794828411307557,5.890095876372976,1.276870230221842,7.520888077729243,66448.086,0.000897337115281914,0.00688458327203989,0.012695757827454511,0.09460280440411985,0.8049710067395675,0.08772403483990455,5774.234394525313,2410.9503049343484,6.731690406799316,0.42806602,2.1360397,4.267025,0.42802367,0.005951088561137026,0.06547736839759244,4.9899773815646595,1.2572507952143206,6.273653031088298,281457.44,0.002198539213597395,0.029322903603315353,0.03211060993318904,0.784227066710711,0.16406755891441643,0.019592441889859043,1884.6135931212712,2139.4635261634653,5.4144134521484375,0.17695244,1.1931419,2.2212029,0.17662032,-0.0006815676856307955,0.4592750648344994,6.7427268050175595,1.274787696882512,8.59554517452489,48095.484,0.00045029700195773503,0.004991319961845875,0.03981298928520604,0.2397420908880805,0.5925962827784481,0.1278453336495498,5277.983210863651,3197.1024816520303,6.699748516082764,0.32933232,2.0832062,3.9002419,0.32928923,0.0002597277572114458,0.1292035037229482,6.325544255253309,1.259597418828779,7.967639216628473,166594.22,0.0015198884516913992,0.017343346029520035,0.06156763544552193,0.4036008809861178,0.4160584613584967,0.11876319521160997,3902.2120941594144,3284.013352629127,6.459482192993164,94,55800,2
0.2119155,1.4740944,2.863121,0.21138197,-0.006735257338246462,0.5307638897863525,6.956048233728558,1.2783848855495152,8.892506925193953,68978.95,0.0010704150428233075,0.0071513354778289795,0.015367869889816968,0.09769330872606134,0.7990901569567591,0.08784425476144855,5741.696236202871,2442.778632901677,6.747331142425537,0.44700596,2.3771286,4.6322823,0.4469691,0.006461586851917974,-0.004260404190441491,5.317890202361844,1.252893933417914,6.662752373136623,306914.8,-0.00017009989584283391,0.031966060400009155,0.03546481593614786,0.7962605921979353,0.15045699573369783,0.017815705985254754,1809.418076931989,2080.4452571042966,5.335465431213379,0.26079497,85.43443,139.88751,0.26058146,-44.32237513737605,17175.13379888992,327.59233750010236,1.5328319081881163,502.14398780001267,104469.516,79.45055861686832,0.011286077089607716,0.027706621238271816,0.13712566735480552,0.4583565659986273,0.37678004058771414,6932.146147609983,3458.538848729438,7.166740417480469,0.4874727,98.38304,170.59593,0.48744237,-15.277696438100591,4249.119712020286,201.8226636265513,1.5522950699362,313.28832574953026,364999.16,239.93864865348888,0.03852448984980583,0.055347764925329564,0.2594919768059381,0.3148539081752839,0.37022691161179594,5853.590165362706,3997.020262562958,7.110721588134766,95,56400,2
0.192584,2.1170616,4.1410446,0.1919138,-0.015655009837498974,1.3564938578552317,10.99292615731427,1.2958609552316587,14.245303791082328,56968.074,0.0018659438916313377,0.005891943816095591,0.011664792614357412,0.06415031948622482,0.8107166817048296,0.11345188312520219,6086.539485377896,2455.1420405225485,6.535286903381348,0.29977566,1.9496918,3.6546707,0.2997352,0.0001255273395908878,0.16670811613287784,6.50383614269192,1.2604273470323653,8.197612934893733,138033.33,0.0013463011455187505,0.014367657713592052,0.06894573237424334,0.6201257457602614,0.28151133502565634,0.029413309678188733,2538.489767577179,2725.4162111151018,6.163661479949951,1.0003892,36.154175,41.445923,1.0003642,-21.830769902382052,533.7565471718133,36.14010841199537,4.889970644849279,176.7240692365045,1537195.9,534.5880237817848,0.15249288082122803,0.874564865773973,0.09320117194004249,0.024130121816902852,0.008103148045302056,442.56842070852065,1303.118566599238,4.740756034851074,0.4652735,54.696083,58.687115,0.46519887,-42.20201938658747,3730.0563822961785,117.55684157559278,2.105966538811162,247.5707747670553,332512.4,174.80291285233292,0.0313398540019989,0.621480154812229,0.19682273395112332,0.1473966738209572,0.03429652961450716,1511.3834060989411,2617.0629991108276,5.774421691894531,96,57000,2
0.18877326,1.1223793,2.2437096,0.18811867,-0.01175235086090648,0.6822704882929727,5.945647735401325,1.285355168726874,7.64226904816781,54735.887,0.0008664000832791718,0.005664483644068241,0.011736414910279585,0.07150685614929024,0.8038013590060238,0.11293717370999812,6087.518852970528,2474.9689643205384,6.527979850769043,0.30195466,1.7136574,3.3786774,0.3019044,-0.006091769339960974,0.13069093116032926,5.675214275818641,1.2596693030122197,7.148893211289142,140047.28,0.0010864565926286026,0.01459787879139185,0.054788888252112915,0.6503514371088676,0.2677170151592567,0.027139634964253964,2509.652063120758,2672.143130302837,6.168916702270508,0.1743586,1.8802643,3.5461426,0.17402452,-0.003487737580081915,1.0940360155189044,10.78389143903468,1.2897713300060223,13.908754004044088,46695.816,0.0010111257607826939,0.004843282513320446,0.046054095104649855,0.1825317737466208,0.5800690710252422,0.19134137332637532,5783.562850537597,2964.325641655771,6.753081798553467,0.2524121,1.793766,3.414631,0.25235978,-0.010084820278982585,0.3957379194430475,7.106497456446781,1.270888062352391,9.031562782571624,97861.42,0.0016063804835880523,0.010183238424360752,0.1380867512521281,0.34486063820942486,0.4360600699999958,0.08098151994111731,3840.213879536072,3173.489775593141,6.617682456970215,97,57600,2
0.18905221,1.2687683,2.4831772,0.18840912,-0.008716693607899813,0.7516221883474774,6.711205944216917,1.2874984244975314,8.640667079703453,54897.77,0.0009601224391729766,0.005675122607499361,0.012253054331420984,0.07151154099921041,0.8039280120658706,0.11228801892594187,6066.978592438422,2479.532272859151,6.525447845458984,0.30096906,1.7253876,3.437996,0.3009135,0.0028533391578087616,0.1387032585677619,5.73277382384162,1.2598935243314455,7.222684617138873,139134.55,0.0011380834189316626,0.014490257948637009,0.06373676825196263,0.643011130122766,0.2655749679933358,0.02767404447428228,2508.803630568648,2677.1117939281003,6.1581621170043945,0.182435,1.6050339,3.1214714,0.18210414,-0.0070178644525097115,0.7783322636656109,8.797839354110387,1.2846661637601537,11.30228653248505,51121.97,0.000862179581699735,0.005305095575749874,0.04808177776855841,0.16935938534487222,0.5608489838756457,0.22170568345152025,5943.976168008338,2981.6118337144358,6.790946006774902,0.2599148,1.719284,3.3759117,0.25986582,-0.007875016513043688,0.3410668450542418,6.614798975309974,1.269235804106113,8.395739696460147,103765.55,0.0015565513288744708,0.010814350098371506,0.14510990739127796,0.33430551796712676,0.4146412878906823,0.10592821580822476,3948.259500975812,3286.581341905337,6.614614009857178,98,58200,2
0.20072263,1.2881279,2.5746346,0.20012896,-0.009114038987184213,0.6291680705181464,6.417452124899767,1.2829927596562238,8.233544611727869,61884.785,0.0010212970350879688,0.006404599640518427,0.010805137341353252,0.06755556274303244,0.819832928625434,0.1017909049234276,5876.034277434471,2410.342763061939,6.583823204040527,0.31013492,1.7976761,3.531742,0.31007522,-0.004553149721146977,0.1057448364586655,5.796432407304457,1.2582810772577033,7.293541213738031,147738.12,0.000978276973676944,0.015376819297671318,0.05125592084185745,0.6544708429859791,0.26405979284243014,0.030210199163014925,2502.0214327371023,2653.616090845169,6.17713737487793,0.29033798,2.9209137,5.543995,0.29012707,-0.0001300397726270959,1.4711275770225933,10.060391335491087,1.3168976040135,13.248505245192018,129478.88,0.010453596655492553,0.013448282144963741,0.01908869975674512,0.07620417558096684,0.4352066065128124,0.46949203468562856,7319.177785643837,2496.9176672554695,6.874805450439453,0.3424624,2.5642395,5.022621,0.34243074,0.002098223049781638,0.7663410797019568,7.487652868960311,1.2878456261498594,9.64294099744714,180142.83,0.010540801691235065,0.01874304562807083,0.07473210689963887,0.20137297322598352,0.32912051222401306,0.39469422202661225,6033.932727559288,3696.1660714739596,7.029134750366211,99,58800,2
0.20122486,1.3329506,2.5460243,0.20061122,-0.007167002215590482,0.5704001184891885,6.624184351060226,1.2803666498227002,8.481384725417087,62194.855,0.0009352036069275254,0.006433291360735893,0.011198923166396086,0.07121227792133472,0.8148636142720055,0.10270752075724816,5871.332158659799,2420.5252998122687,6.614222526550293,0.31575805,1.6562462,3.3031464,0.31570053,0.0005165809580503271,0.10144124038561841,5.245301546493364,1.2583419587532805,6.600383022286974,153144.03,0.0010083986917849824,0.0159460362046957,0.0524669508525889,0.6540319120230831,0.2621512030666712,0.031346174195960336,2499.271890598657,2642.1773126286853,6.178131103515625,0.30225784,2.635765,5.0930977,0.3020556,-0.00532865331969224,1.2706882763692606,8.72025391213324,1.3058868617779156,11.387665015259941,140328.66,0.010605943204881339,0.014582019299268723,0.017996687603237704,0.06992842454591314,0.4288301755484875,0.4832341401047287,7414.724694288155,2454.89474833692,6.850520610809326,0.35553855,2.5530815,5.084133,0.35550404,-0.0019291958484852155,0.5961744758235206,7.180885261827059,1.2814101609056228,9.201659338828508,194162.19,0.009526210012566353,0.020225347951054573,0.07378386099024964,0.18839998862621243,0.3045453008998745,0.43318132197986037,6280.286848198812,3730.830769971676,6.978697299957275,100,59400,2
0.19660667,1.3072968,2.545452,0.19598296,-0.008800953693430527,0.6110774025665813,6.6493002527316305,1.2817511253569012,8.522748081818044,59372.82,0.0009130386814483048,0.006147184409201145,0.011013563728107762,0.07220938477777415,0.8086547828701348,0.10810441467047725,5950.716766364633,2447.354548105694,6.612181186676025,0.31596965,1.7021179,3.2577515,0.31591687,-2.6264318294564074e-05,0.09686896486864338,5.386966569694733,1.2581451992305277,6.777586128098223,153349.34,0.0009655307579806054,0.015956219285726547,0.04853405969277091,0.6621431564425923,0.25714772663314184,0.03217137272851446,2491.9274162865327,2654.410571956777,6.141100883483887,0.28340828,2.7485847,5.4522514,0.2832033,-0.00596280286461738,1.3437083214734153,9.698321822830328,1.310041542163024,12.705204477218784,123371.914,0.008668723879757562,0.012828757986426353,0.02042543265886383,0.07736490812240768,0.4223780731027946,0.47982340759164493,7353.596944294897,2577.296524533244,6.890766143798828,0.33083412,3.2180786,5.770302,0.33080235,-0.0046322182883322335,0.6863948256579833,9.727166618398154,1.2828300967710646,12.478302094425691,168117.08,0.00822271385229314,0.017512504011392593,0.07473479714534628,0.2104334907283129,0.3202503968672966,0.39450809903858286,6050.595638780796,3761.263162596365,7.033532619476318,101,60000,2
0.24269113,1.4674187,2.8386116,0.24224174,-0.0009753968217296103,0.42690420452817035,6.046445430444045,1.2742563035879666,7.704721204075728,90468.836,0.0014809692575669215,0.009384028613567352,0.011250162389244034,0.08417228858422932,0.7776265716680537,0.12694621656952113,5935.352166454134,2517.2589208499494,6.911747932434082,0.477439,2.4315834,4.7070503,0.47738883,0.002232358515627766,0.016668298499121548,5.092972032662595,1.2539573341845784,6.386369633167577,350128.1,0.0008660895264376375,0.03647550940513611,0.029592872180876147,0.7946907566892591,0.1347660351172083,0.04094717949050877,1957.5074952425186,2389.9059094367726,5.407411575317383,0.5258446,5.14555,9.900284,0.525742,0.0076550482592989706,1.648866174948215,9.785305447325186,1.323055078401808,12.946498065821084,424723.25,0.1260709416390122,0.04420863837003708,0.005483196569827886,0.032211223597222234,0.2028135866596589,0.7594859631858295,9160.021882213085,2466.9082094496853,6.486984729766846,0.8251884,38.810635,76.79119,0.8251672,0.05596145263020158,10.13920536435648,47.03245306170879,1.3226646539945983,62.20816325545763,1045917.56,4.7012827658676635,0.10886652767658234,0.012595031809067805,0.07910258839724002,0.11790779559286699,0.7903707806854642,8795.109259141098,3022.017474750002,6.116293907165527,102,60600,2
0.23468818,1.8362999,3.5049438,0.23413956,-0.0069881154116096505,0.4920523722466421,7.8244243667957285,1.2768229456253157,9.990404567877187,84600.64,0.0014927125394425408,0.008775554597377777,0.011672263920664503,0.09491274641589104,0.7461666955896634,0.1472430216076423,5964.547881778346,2707.5761863381704,6.890409469604492,0.46846673,2.846527,5.4475784,0.46842164,-0.0017953165847306046,0.04433346481246003,6.076263102250609,1.2553564222447886,7.627875908675626,337092.22,0.002135239933237133,0.0350915789604187,0.032698156036803094,0.788502046300264,0.1389832761166973,0.03981331352255761,1975.6109070056127,2401.3651174935108,5.4521484375,1.8476638,171.81033,331.5507,1.8475646,-0.9997549499290405,1706.0105982474843,92.98787850590028,4.700239661968519,437.06531463597906,5243691.0,19882.614292719598,0.540946900844574,0.03492990133519951,0.15670447837867507,0.3399712723683202,0.468218295176425,7057.679351464157,3670.3991750914206,7.584201335906982,2.4114382,189.90297,336.54974,2.4112532,-13.20542763289007,1042.6745601194605,78.75091605401158,3.961744505535076,311.9910089829638,8931893.0,35257.648368096685,0.977692186832428,0.08342549661628612,0.13501977357355927,0.32102548851993995,0.4603635394183155,6882.0901976171635,3908.839429276431,7.54841947555542,103,61200,2
0.22739443,1.4204025,2.8046608,0.22688799,-0.0022097338522684366,0.48872394774708283,6.2464261566199415,1.2760016305128294,7.9704499607600825,79423.836,0.0013067211611444878,0.008230386301875114,0.013072358484761048,0.10194871232202257,0.7740674480321332,0.11090262476714285,5799.127225642679,2547.9170360246326,6.843941688537598,0.46473706,2.4528503,4.7924995,0.46469167,-0.002296989757611616,0.055756854222124286,5.277931469475474,1.2560249413816604,6.629213564578617,331746.12,0.0026009229057049918,0.034547269344329834,0.034159191054329754,0.7934169186822946,0.14253000847575814,0.029888052108150112,1886.6204093584843,2246.2676406633736,5.431788444519043,1.508659,159.49774,297.42212,1.5086259,-5.423919063213598,2239.4840540123473,105.72153227008272,4.6348455867595,490.0029772677698,3496016.0,11601.451587331767,0.3579077124595642,0.046675830329303475,0.1612903007558742,0.35007798064583245,0.44177202172509816,6817.7680483529375,3710.0281889641024,7.583047389984131,1.0281205,153.89081,255.39084,1.0280812,-29.087028935908798,4239.643879407697,149.68168172053385,2.392779573655462,358.1552705716399,1623600.8,4737.022890667118,0.16690467298030853,0.07559242175256203,0.16479706150801607,0.27991288644563644,0.4795563399422895,6803.218481844612,3945.7073992973847,7.480034828186035,104,61800,2
0.21999764,1.4247894,2.6341438,0.21945462,-0.0020228083850602173,0.39495459533548516,6.476384928720574,1.2721039796731592,8.23863504175816,74340.805,0.0009251652122145356,0.007705976255238056,0.013199753262307204,0.1173153187292778,0.7858254224237964,0.08365318689030458,5590.64045171799,2485.2854895047003,6.757049560546875,0.4884511,2.6355743,5.1449776,0.48840863,-0.004864749772451845,0.036636159107998445,5.395779385565223,1.2547915120605668,6.770578173972483,366465.72,0.0020854235857650032,0.0382332019507885,0.030515384315532905,0.8171015186453688,0.13543377581590177,0.016947214143522526,1721.3282609397065,1963.790878134812,5.264982223510742,0.21270499,2.4737358,4.937935,0.21238464,0.0058605770520499334,1.3708194766346224,11.629891014552603,1.2872071748985423,14.970079157290577,69493.88,0.002806021214525752,0.007214470766484737,0.03054600273455869,0.23080287505487038,0.4785684243752731,0.2600773363899578,5845.239986552309,3494.796268886806,6.829681873321533,0.39669645,5.6476593,10.261536,0.39666352,-0.007819083964217823,1.3773828359579117,14.236727668156043,1.2791570872642737,18.211011096219085,241717.34,0.034110486658208046,0.025160305202007294,0.049248460299159684,0.3782771348272895,0.3366200181745824,0.23582689335829896,4584.713090993481,3752.7119683001574,6.5199127197265625,105,62400,2
0.22469826,2.59943,5.0977707,0.22418872,-0.003876429551767588,0.5450260484978591,11.568536753612243,1.2752258734224564,14.752497385910617,77551.58,0.0013893641863562103,0.008033368736505508,0.013739232256441006,0.11522248926312854,0.7770772535818995,0.09395560496428094,5636.186554018395,2521.102656383154,6.798083305358887,0.50557387,3.3878326,6.133461,0.5055388,0.0013372026178514386,0.028423987172517595,6.700964687832547,1.2543718452109298,8.40550144018642,392609.2,0.0018570494721719551,0.0408211275935173,0.02771690968990049,0.8222330901204493,0.13190423603311094,0.018143084828424163,1713.2276142972264,1965.4085491261158,5.266054153442383,0.25806716,6.7894936,11.57999,0.257832,-0.024774479659964165,7.416025773897813,26.309017925949096,1.3549180751676846,35.646563927917185,102295.53,0.03289290313589874,0.010578226298093796,0.019149825469185137,0.16321559883735506,0.35273915493055547,0.46488074250483946,7112.48775080213,3579.3657007729257,6.889567852020264,0.49823168,9.996128,19.119072,0.49820662,-0.016191496273717278,6.263223439577105,20.063212556622865,1.3475048575127022,27.035276377413414,381288.66,0.38594307889131946,0.039392415434122086,0.03415455115187365,0.26655808443194096,0.263256950486876,0.4359534763398023,6123.540951591448,4079.5016046080896,6.574585914611816,106,63000,2
0.22342415,1.8136024,3.2503128,0.22288601,-0.0012873060377302371,0.4113362925127735,8.117307081631946,1.2727438561642677,10.331252716792001,76674.59,0.0010249849739600986,0.007945737801492214,0.013745420590554999,0.1225755701747507,0.7535944012832696,0.11007816492007304,5701.031499278504,2625.246358193835,6.838939666748047,0.5186435,2.9055595,5.370331,0.5186016,-0.005393797071686199,0.0026819026268398716,5.602228792295351,1.2528861620632248,7.0189549305925505,413170.25,0.00019405228362023933,0.042993687093257904,0.027793311124963655,0.8310906392043783,0.12110179940330214,0.02001059074620103,1684.520352071714,1973.0374738903813,5.26626443862915,0.29655915,4.8422813,9.611988,0.29636672,0.006719743616222247,11.455385110603114,16.32821398396283,1.4446099188006765,23.58789987761215,135087.11,0.08860434842124582,0.013993902131915092,0.015919211958954096,0.13320792822716238,0.24792986585731772,0.6029165228157407,7894.122978912114,3500.2193852335204,6.758389472961426,0.60266095,68.31712,84.3111,0.60264146,0.9290176998863274,120.8692700877488,113.35913328995125,1.4705051739021837,166.69519201221718,557875.56,15.944397699517198,0.05784570053219795,0.022558228811517315,0.18999342921676723,0.1623706830485414,0.6249493731697623,7523.465051223912,3961.963414432557,6.4423089027404785,107,63600,2
0.19872169,1.2863159,2.4450302,0.1980949,-0.009485245649549865,0.5495458221922354,6.4729517207511975,1.2797237383048883,8.283589973988466,60657.117,0.0008570082750870682,0.006272316910326481,0.017874660679965834,0.10960509283612926,0.7718769194634064,0.10063412333252682,5802.446794352998,2587.929659531242,6.716464519500732,0.42245018,2.4187088,4.8215866,0.4224073,-0.018060646603498442,0.2608584413143267,5.725429620257972,1.2665431313440183,7.25150355954849,274120.94,0.008308199429270802,0.028496673330664635,0.0581185921183132,0.7832488127244298,0.14367608806195062,0.014955255960063557,1732.2783874163968,2108.7190610144226,5.870375156402588,0.24389873,6.5384865,12.636566,0.24365602,-0.005097682548274263,12.866270027854423,26.80820175398397,1.363734429261225,36.559267718639,91371.41,0.0455292869964676,0.00954204611480236,0.03936849287200344,0.19208315706029794,0.3343258640791947,0.4342180236432751,6440.978591590684,3470.700427332528,6.965526103973389,0.35977298,4.9360275,9.723282,0.35975152,-0.007420477137023213,1.4579140250430953,13.719839449636146,1.2850167434577213,17.63022341038322,198814.61,0.02442564769336997,0.02072928100824356,0.14108175363244194,0.39489617525286236,0.2932511455568453,0.1707540663239982,3761.3939394553695,3598.0625314131885,6.582279682159424,108,64200,2
0.21444674,1.4037132,2.758503,0.21384285,-0.005448617872789911,0.4727153001602833,6.545742952453818,1.2762097044089136,8.353740678526771,70636.65,0.0009997178348812312,0.007305014878511429,0.01803532811117645,0.10383997665495909,0.788181215389892,0.08993041388674196,5587.475983859702,2483.627513035403,6.704385280609131,0.4061653,2.3161888,4.54607,0.40611923,-0.012340074598168748,0.06905727517647087,5.7025767636644655,1.257282074667817,7.169747544390196,253394.33,0.0018794064623672085,0.02639402262866497,0.07280234136432215,0.7440666785743368,0.16524924201129107,0.01788014906832189,1908.1080349257359,2195.0418418750046,5.981037139892578,0.31376302,3.1022072,6.156254,0.313583,0.0023243306882225643,1.5443538821799478,9.887102565093953,1.3149027090414755,13.000577947454396,151214.95,0.014967658418933116,0.01573682390153408,0.033177887263337764,0.118902349162601,0.42728169479650224,0.42062722377714123,6832.702097188419,2789.180836819312,6.87493896484375,0.42691377,3.1759262,6.2924385,0.42689475,-0.001104753008496243,0.6446857468175522,7.439268644280326,1.2796727755083737,9.519829553800921,279944.22,0.02141453818535105,0.029143568128347397,0.1189782219870881,0.2699184997492121,0.24770634768930624,0.36334035179134827,5344.945502026296,3981.9904552362914,6.968732833862305,109,64800,2
0.24195284,1.8445015,3.4654617,0.24140605,-0.006953993304421223,0.6182055290689057,7.623392731957668,1.2817317245264848,9.771144313115157,89919.24,0.0021186331166473398,0.009316531009972095,0.014603145467105724,0.08705747829160658,0.8250347950626448,0.07329316324849332,5459.6893375009795,2278.8090489160354,6.657127380371094,0.41409752,2.2193909,4.4322968,0.4140509,-0.011722382590108516,0.06122451855036548,5.359585059354921,1.2565886585087958,6.734793799914848,263388.28,0.0018002627165597993,0.027437712997198105,0.06102561537022392,0.7368435987351701,0.18134869396257422,0.020780051063326647,2030.281378065172,2265.6710592248423,6.018504619598389,0.41765627,3.446865,6.6970825,0.41750607,0.005729271384463608,1.4648843824964857,8.252875169120953,1.3205821967076696,10.898600020018025,267934.88,0.04457377147988017,0.02788817696273327,0.017805011049396385,0.06596452353839324,0.43267784062554426,0.4835418966427117,7473.561622054094,2370.056638150032,6.790323734283447,0.51649976,4.6212196,9.066868,0.5164833,0.008928166069839755,1.0839075881828553,8.947186451707855,1.2954612881359422,11.590733685944349,409761.75,0.07713877635191496,0.0427606962621212,0.0717102131997667,0.1841897804083898,0.23168937682621468,0.5123223992728724,6606.258523638554,3814.9920086357833,7.006420135498047,110,65400,2
0.24747148,1.6906738,3.1466484,0.24651709,-0.0028713876233614015,0.5473538660662309,6.831792566356437,1.2787547003660957,8.736186856189748,94067.914,0.002052904862547548,0.009711552411317825,0.013118777089954048,0.07662399185992362,0.8272270969736156,0.08301725811165078,5511.770717366355,2275.123488830427,6.6806793212890625,0.3823885,2.0558357,4.059601,0.38238814,-0.0028203879647471894,0.0886102069441086,5.37630109479439,1.257489591585126,6.760642667949343,224595.4,0.001894536830941841,0.023402918130159378,0.07059451203923386,0.6861156163346381,0.2095680109324822,0.03371780154589009,2247.0566075232964,2509.247849232194,6.126543045043945,0.5367789,5.2095413,9.932232,0.5367725,0.00020740171025770903,1.2354615508140165,9.705189716311303,1.3060943900230197,12.675893842606907,442570.2,0.10256780584102856,0.04619770497083664,0.010417754859382941,0.04026602837305839,0.38753023722375424,0.561774348751361,7875.976385700719,2046.5667274253644,6.644170761108398,0.5964398,4.7582626,9.061527,0.5964363,0.010759353485139683,0.84646153877698,7.977775465956631,1.28972981674371,10.289174889747962,546417.3,0.10712075660174517,0.0569736585021019,0.05265454433908398,0.11473565998981289,0.2037678790319772,0.6287249366460959,7519.92085615849,3491.5261415986433,6.9068498611450195,111,66000,2
0.24825773,1.846695,3.5838127,0.24729519,-0.004930621328318234,0.635815495563198,7.438620230801497,1.2813071809704486,9.531157518276407,94666.59,0.002415139400292144,0.009793155826628208,0.014400178557034817,0.07623750857611865,0.8282682001919536,0.08108098886500373,5471.8753953635,2263.2877671183837,6.668098449707031,0.37566245,2.6187897,4.608631,0.37566227,-0.013833300228499384,0.08011346420311094,6.971124477773836,1.2570127167744787,8.762792118802883,216763.81,0.0015954993787534247,0.022561626508831978,0.07393864743571671,0.6780645836900986,0.21177248041835706,0.03622063005543977,2289.4315874156605,2544.7300768718433,6.189420700073242,0.5631031,4.697418,9.304047,0.56309867,-4.9537876076503074e-05,1.1819321663134197,8.342021880941251,1.3065044054880117,10.89888833814649,487042.7,0.11883494314561292,0.05077812820672989,0.010035264046271175,0.03668729114093252,0.37980389782571244,0.5734608400807051,7923.599703332391,1996.8835881833306,6.600430488586426,0.6060833,4.590988,9.018326,0.60607755,0.008715058708310732,0.7606068593759869,7.574847148847843,1.288334086878303,9.758933784769704,564229.56,0.10263356946999634,0.05880572646856308,0.04867675750296908,0.1084926795653185,0.20772666532097783,0.6349586222525369,7616.612639695008,3435.145939102663,6.896556854248047,112,66600,2
0.25709364,3.1933784,5.778599,0.2561345,-0.02303417587637776,0.9609383659931114,12.421071447194533,1.287555712630227,15.992821498885727,101525.21,0.004198178049569292,0.010482104495167732,0.013294084626695976,0.0719037864542511,0.8305124425755214,0.08427741678193389,5445.668173076159,2252.441647465657,6.609621524810791,0.39006877,3.7280083,6.6158295,0.39006752,-0.00969795499541934,0.19085046298699604,9.557310305727036,1.2605200915532437,12.047181661608688,233707.98,0.004418327855341443,0.024365141987800598,0.07678032366787658,0.6872093862114346,0.1971911451821287,0.038814832801655895,2207.3643527433937,2537.722894474942,6.103934288024902,0.6238578,5.9844017,11.466694,0.62385654,-0.00018341809195122192,1.6225815538345332,9.592573402782113,1.3171117359435855,12.634491006724868,597808.94,0.24578137036439024,0.062173303216695786,0.00967809872156304,0.032963543616275064,0.34613280346228587,0.611215338191348,8025.01624877961,1948.0028137684176,6.548269271850586,0.65195847,4.64592,9.271526,0.65194935,0.0042207437977479926,0.8237733827146356,7.1260978192709015,1.2905450351964407,9.19655016099835,652876.5,0.14882896822043826,0.06794684380292892,0.045441853110041015,0.10765075845231163,0.18012460372482997,0.6666404412955823,7761.1972102079135,3420.803995517412,6.808884620666504,113,67200,2
0.2423969,2.6161194,4.6660423,0.24133955,-0.013930734744498713,0.6751023993127441,10.792709476901443,1.2822144034861542,13.838567543981638,90249.62,0.002330654726899754,0.009310293942689896,0.01691391824964887,0.07854625135149161,0.8123826379672031,0.09214560742732406,5530.227138561119,2358.716195049706,6.714784622192383,0.3833755,2.150631,4.2723656,0.3833729,-0.00653913518246952,0.13782962199184823,5.609724604727599,1.2602072159854296,7.06941542658717,225756.33,0.0029774190796848323,0.02349015325307846,0.07390847842631068,0.6913207962798763,0.19685529029752286,0.03791068718229752,2213.1735235928013,2538.974595956457,6.168262481689453,0.6031693,48.69623,53.374004,0.60316896,-4.952180210925494,350.1623018951286,80.73393334955075,1.3574309756951193,109.59074191856709,558817.1,46.34750576220512,0.056698307394981384,0.058189999549560174,0.04497046239446525,0.3185145687453202,0.5783134588207626,7605.124631237173,2698.2850598419773,6.77197790145874,1.3316156,132.80144,137.92563,1.3316091,-54.135761290982614,4159.2604333847285,99.7295620809999,2.63502850953156,262.7902393267297,2723635.0,13077.705982501308,0.2934350371360779,0.7262414780487144,0.09602864946972398,0.04009303899744676,0.13761003655633772,1792.094779605427,3433.4725399269237,5.390546798706055,114,67800,2
