file_idx,time_sec,bearing_id,ch1_rms,ch1_peak,ch1_p2p,ch1_std,ch1_skewness,ch1_kurtosis,ch1_crest_f,ch1_shape_f,ch1_impulse_f,ch1_energy,ch1_kurt_rms,ch1_total_power,ch1_low_band,ch1_mid_band,ch1_high_band,ch1_bhigh_band,ch1_mean_freq,ch1_freq_std,ch1_spectral_entropy,ch2_rms,ch2_peak,ch2_p2p,ch2_std,ch2_skewness,ch2_kurtosis,ch2_crest_f,ch2_shape_f,ch2_impulse_f,ch2_energy,ch2_kurt_rms,ch2_total_power,ch2_low_band,ch2_mid_band,ch2_high_band,ch2_bhigh_band,ch2_mean_freq,ch2_freq_std,ch2_spectral_entropy,ch3_rms,ch3_peak,ch3_p2p,ch3_std,ch3_skewness,ch3_kurtosis,ch3_crest_f,ch3_shape_f,ch3_impulse_f,ch3_energy,ch3_kurt_rms,ch3_total_power,ch3_low_band,ch3_mid_band,ch3_high_band,ch3_bhigh_band,ch3_mean_freq,ch3_freq_std,ch3_spectral_entropy,ch4_rms,ch4_peak,ch4_p2p,ch4_std,ch4_skewness,ch4_kurtosis,ch4_crest_f,ch4_shape_f,ch4_impulse_f,ch4_energy,ch4_kurt_rms,ch4_total_power,ch4_low_band,ch4_mid_band,ch4_high_band,ch4_bhigh_band,ch4_mean_freq,ch4_freq_std,ch4_spectral_entropy
1,0,1,0.15052731,0.9567261,1.9044876,0.14936176,-0.0094440751889136,1.1134841270159086,6.355830399878898,1.3080441595638737,8.313706833795342,34803.41,0.0005716698284647,0.0035693063400685,0.0042068655821063,0.0051416363228672,0.8389305084246161,0.1517001668323185,7064.389399734635,2045.5503692896136,5.966656684875488,0.19604431,1.1429787,2.279663,0.19575377,-0.0026097044500926,0.3330545114200394,5.830205746854778,1.2687342418431176,7.3969816680629155,59033.652,0.00049196283595,0.0061281006783246,0.0424231796809738,0.4500597491848404,0.4546532536198065,0.0528583462249143,3920.320304609523,3207.1996581481744,6.387151718139648,0.12516488,0.90789795,1.6874313,0.12514141,-0.0106433801634982,1.0966882309162689,7.253615706172516,1.3070700068137229,9.480983530566789,24063.355,0.000269161630768,0.0025055678561329,0.0090940190093049,0.0572181259489299,0.8216411310859174,0.1120385933190053,6599.688593867542,2149.022990322907,6.366364479064941,0.17066519,1.0206223,2.0404816,0.1706652,-0.0065684718452548,0.8312475419363765,5.9802602725345855,1.293216655883023,7.733772191002588,44738.465,0.0007051965265959,0.0046600131317973,0.0488927047864652,0.2095001729287376,0.6812215218984186,0.0603816030904564,5282.379148641203,2834.620647249229,6.566431999206543
2,600,1,0.15066566,0.97703934,1.8996239,0.14937635,-0.0123913880827492,1.1333665333198253,6.484817873083467,1.3081419960648637,8.483062596668812,34867.414,0.0005840196352482,0.0035714209079742,0.0027274932964467,0.0051744612996961,0.8380327285970134,0.1540462904389384,7082.907369827329,2039.4760735470063,5.955685615539551,0.19876969,1.1962891,2.2761345,0.19850093,-0.0045805312662137,0.329538295707152,6.018468262853095,1.268210260821394,7.632683205416604,60686.42,0.0005144065865252,0.0063026007264852,0.0416585317249384,0.4637924858064432,0.4424739255309816,0.0520704067053695,3845.0459299400327,3202.5576528724787,6.383569240570068,0.12615693,0.8316994,1.6396523,0.1261459,-0.0157986545005838,1.091687186449244,6.592577963645475,1.3054300815742528,8.606149588934553,24446.314,0.0002765302255555,0.0025468058884143,0.0101029636145921,0.0638549682483058,0.8129052674116656,0.1131323085792518,6564.129436031017,2197.752143830845,6.3839545249938965,0.17217861,1.043129,2.054119,0.1721783,-0.006638777372917,0.814291159072797,6.058412019097096,1.291545491584605,7.824714729472284,45535.45,0.0007156431538981,0.0047444524243474,0.0546570631924382,0.2125144793250624,0.6721026094917798,0.0607225229966646,5232.81311351979,2852.3312294704747,6.615906238555908
3,1200,1,0.14839254,1.0100365,1.8917084,0.1471732,-0.0096919847570037,1.1425847279044596,6.806517677646102,1.3092601998827578,8.911502695200515,33823.25,0.0005540343946597,0.0034691705368459,0.0021133356659077,0.0051882410148981,0.8398976398477385,0.152782598771233,7086.478833528147,2019.264952575876,5.965282440185547,0.20185612,1.1563301,2.2545815,0.2016234,0.0022252456515413,0.3023667405130852,5.728486708738235,1.2676124147629804,7.2615008698372865,62585.69,0.0005019976859021,0.006507409736514,0.040104847510996,0.4891137506586711,0.4217979804935624,0.0489792215863472,3689.93399300914,3182.622108203092,6.342225074768066,0.12521203,0.8559227,1.6132355,0.12519993,-0.0119255416212135,1.0835018214720886,6.835786532517679,1.305509729236627,8.924185825257808,24081.486,0.000266326175795,0.0025109781417995,0.0103668201719952,0.0688879754679235,0.8096771411562634,0.1110638727911133,6528.143159357926,2216.8385800216583,6.40157413482666,0.17110246,1.1883736,2.2486687,0.17110245,-0.0076363277201588,0.8024152323235207,6.945391296552517,1.290829734567604,8.965317603849428,44968.016,0.0006877399002883,0.0046882317401468,0.0558413441769125,0.2166816349837647,0.6674760705897491,0.0599972191195718,5190.08313360406,2867.713778653904,6.621513366699219
4,1800,1,0.150413,0.96588135,1.8713951,0.14920296,-0.0083143940879591,1.2000761357486391,6.421528096817575,1.3135787296358936,8.43518271979491,34750.574,0.0006142573598068,0.0035622282885015,0.0164685995467131,0.0372568882825705,0.8236591491848385,0.1226120047860811,6638.258860430798,2258.2051497939265,6.183799743652344,0.36873347,1.9861221,3.8842201,0.36857006,-0.0211901203629084,0.2130745654223163,5.38633543262783,1.264047340668785,6.8085829795817245,208841.27,0.0039389623752608,0.0217240322381258,0.0457677337912796,0.7877120991052904,0.1529808772988932,0.0135382796196906,1875.638974813244,2128.2609489053625,5.267632961273193,0.14756863,1.2070656,2.4054527,0.14754887,-0.0280079557572857,1.1828818470678089,8.17968966071255,1.3059194973040862,10.68201620989355,33448.703,0.0005609414428693,0.0034832903183996,0.0305876589535691,0.1439310862279767,0.7141275846313866,0.1113509648813806,5760.141324997196,2614.4394165081685,6.700390815734863,0.2501423,1.9483566,3.3011436,0.25013986,-0.0626136879237395,0.57131413618333,7.788992829201128,1.2757898272764872,9.93711781626403,96109.33,0.0022367815272824,0.0100100748240947,0.0738073147464151,0.4693432019445838,0.4261814682467328,0.0306644446090571,3366.3646307627723,2817.094806547986,6.444604873657227
5,2400,1,0.15096511978975458,0.9544062869248646,1.8378125364384759,0.1498308791989504,-0.012948729756487415,1.167396904414908,6.324872634334676,1.3129948730625531,8.297915219571163,35014.59590169828,0.0005983322937978151,0.0036082572826092686,0.014947293205698686,0.017901996782522935,0.8325195765651652,0.13547104752659367,6771.377816503208,2148.292015945527,6.092077582412431,0.3484872014719704,1.921804806605313,3.7799306539976194,0.34831536975303634,-0.025754661122793298,0.17618043108535322,5.480417390052381,1.2619921936112546,6.919682701272615,191585.07091295993,0.002704316896264944,0.0199393567888241,0.05931664476598238,0.7352950206052081,0.18500445880908128,0.020519033323857093,2072.940442994911,2340.885948534176,5.44175924354651,0.14611917585288756,1.1614471411536245,2.2891714513384485,0.1460967969782595,-0.022871987208696813,1.134414907329903,7.674306046347911,1.3040694257780905,10.035324473502698,32697.434487399038,0.0004964379628599042,0.0034074437562644803,0.047832150426551756,0.14145127599244672,0.7056890260130533,0.10321570684481159,5790.305190264687,2634.364676469213,6.6233217788465435,0.24090950552007198,1.7661666659310555,3.198896256598134,0.240907613214426,-0.04423898592503968,0.5539379509295121,7.3051732587296545,1.2755233195138267,9.325964745018204,89097.49710579572,0.0017836016321384665,0.009286733021469266,0.1192288893429657,0.4049052094055918,0.4350381786107804,0.034153313151431386,3469.0505346115424,2920.725610896911,6.389148100269893
6,3000,1,0.15093296886570734,0.9541533972567492,1.8364658565992333,0.14982483727755194,-0.013616431931311603,1.1267086074321018,6.319352748641315,1.3114784292232355,8.291323125246775,34999.89416993869,0.0005786578322610781,0.0035930558402588915,0.0051575152691880075,0.016903699398013006,0.8324441460828381,0.1413580907862026,6881.532877497576,2151.652331515299,6.039109932297594,0.3578164730192836,1.911708816965369,3.808239657982243,0.3576542548339676,-0.018192930953856906,0.1757510336791118,5.406430727854019,1.2619717311760446,6.8217906409422095,203869.31695603247,0.0030134491320906653,0.02120153631648644,0.05858091754112334,0.7411060716558334,0.17988716886876144,0.020419100186485132,2041.9879965237828,2311.390403045346,5.432640419318683,0.15090662870800456,1.1579390194817278,2.3223570068022754,0.15088361375631973,-0.02077420002975751,0.9072389015257482,7.988959150961684,1.2949971198952355,10.417342279699126,34959.516117601794,0.00046720067967975223,0.003640055575520163,0.05090068298224176,0.15632109447079073,0.6862108904570325,0.1037614343434609,5617.566625460384,2770.2296568000324,6.624860157293838,0.24822121740345024,1.7745318134129064,3.200907551685222,0.2482196688892676,-0.045527219213405544,0.4652810667511325,7.229911166538894,1.2728392514897398,9.215401738543276,95337.66919781655,0.0017616621623451378,0.009928755303049324,0.12244895798922445,0.4175065298180608,0.42315815281356894,0.03487548133679391,3374.875313133629,2908.7668669674963,6.37513743373511
7,3600,1,0.15104640806711073,0.9529078541183346,1.8310859196013916,0.14991597391646264,-0.011929503800284657,1.1560866046116198,6.294428459276073,1.3121578406552268,8.255895396770626,35051.80142154322,0.00059506689658765,0.0036096044449141166,0.009836736110973856,0.016953419734898487,0.8323995712051174,0.14023609656404537,6843.1950646071355,2146.387979351646,6.049345217202228,0.36264241071109127,1.9089359647650377,3.767740004826256,0.3624770548000593,-0.02708319809292526,0.1728572888071043,5.374161766661187,1.2619060143657028,6.781736479827605,210430.75106639642,0.0035180552223335825,0.021897675390711416,0.05891603189446437,0.7417082232683632,0.17876391851357445,0.02052740121030864,2038.2740403896469,2306.751811159927,5.488925100737001,0.15658959626162858,1.160483199572839,2.263569714094408,0.1565677348934219,-0.019923502431129003,0.8126922197641232,7.343120133957523,1.2906376172647196,9.457579707374581,37747.27062730746,0.0004735176786650703,0.003932212888047916,0.05160482322218116,0.1674688993790958,0.6733167952278305,0.10421442837089102,5514.67702581025,2835.061764929723,6.627633919003863,0.25434796638587387,1.7595395129653997,3.194969415599373,0.25434654604110146,-0.04380594645691772,0.4311647991392602,7.028768413241831,1.2724528842270233,8.947716254681627,100778.60847735638,0.0018232122899382388,0.010499189994932597,0.12034116015013027,0.42468584767932294,0.41701473457635774,0.038828350669529416,3357.7044242327406,2925.0303899568535,6.39214123814921
8,4200,1,0.1517746330820863,0.949095596459644,1.8179523554153492,0.15068327940056842,-0.016960714101739178,1.1563248576452003,6.222551804599078,1.312477019961935,8.154917880458031,35387.60151513006,0.0006134503879996881,0.0036048285576370537,0.0073076903314151145,0.01685641228782346,0.8324995278173943,0.13956582008323212,6864.669105480679,2151.372596738425,6.0385126316188025,0.36294888764059546,1.983980333534745,3.922650406449996,0.36278497738904447,-0.009299560840028923,0.17273533469038713,5.483027859026732,1.2619397261415435,6.925851584641885,210852.20769031314,0.0035449103339150563,0.021940085749577305,0.05889772770916493,0.7408968761108592,0.17910680425602613,0.020997917307834034,2041.0395705960811,2316.788715659688,5.473537481175802,0.15661725035310908,1.1579010941286474,2.3059748856344076,0.15658273022972974,-0.017200120014264807,0.8554855135994072,7.723836346223986,1.292028525542741,10.01338323044337,37761.11590001775,0.0004886705758215097,0.003934122021200581,0.052687390864109396,0.16831237058622253,0.6764467649508017,0.10206099672683011,5471.2543081401545,2832.303501038664,6.6234686071851465,0.25514392016168386,1.7488252511939315,3.2033019840748134,0.2551410275115022,-0.04180716663315867,0.4535174445581148,6.946979191137698,1.2724541073255045,8.839498066396096,101499.66044309386,0.0019143025542401255,0.010572977279320328,0.12293053665864903,0.4265628763375785,0.41567697704526096,0.0355201839903799,3324.2324457084515,2902.160414016255,6.376632289373177
9,4800,1,0.15075142663162988,0.9531252921954305,1.8307254418494043,0.14963532852085337,-0.013488932481594454,1.1789540114944828,6.296405818922903,1.3139013203546492,8.25727740430557,34917.0522306766,0.0005983408640240193,0.0035999816362107355,0.0050605633497245815,0.0169945871034519,0.8324424228593945,0.1413663664476365,6898.27629250579,2151.9507585782185,6.03464945588089,0.3622629457565237,1.9219825387263985,3.7375346124084725,0.36210093292887274,-0.014013547863486402,0.1781772830821579,5.39561478179583,1.262035413816777,6.804277462970782,209909.71341012965,0.0028612804642512016,0.02185734386054126,0.057989010166575886,0.7411421739731061,0.1800396365396048,0.02084500297430681,2044.220344626579,2313.4973135449327,5.458671805681741,0.15812236266643512,1.1592727365690418,2.2959869942062867,0.1580968881959804,-0.015970475497228964,0.8107253257630043,7.4551431846665,1.289971321275131,9.612968232535923,38518.23124707011,0.00048282632876004686,0.0040104842335339334,0.05234004801968705,0.16935237330153116,0.6742634475065814,0.10270449651406084,5459.299969770569,2836.894701989395,6.624682050581188,0.2566380447237978,1.8106852274435092,3.3118744787811303,0.2566355744605998,-0.03115210764313195,0.410000682588808,7.3210017528403295,1.2711780379948001,9.329173890027317,102861.98563549004,0.001815925328806869,0.010712481576465326,0.12114585457919268,0.4319353597379181,0.4129474319358958,0.035024342989834235,3303.499344679847,2888.361661501627,6.363324504816063
10,5400,1,0.15361705883323779,0.9517970287605795,1.8234819179594703,0.15254420601810129,-0.015627911477882526,0.9727625404474588,6.29360251126933,1.301625296117349,8.263172731195313,36257.113155533356,0.0005597417559360404,0.0037072974348674177,0.005988825346163898,0.01822447132776895,0.831290200204996,0.16026071575329148,7082.6289307261,2115.3682252909675,5.893808255733898,0.27324526556140144,1.6543682124630736,3.1483242264925257,0.273057729668447,-0.021046862818992467,0.18019089944386726,5.594503764779459,1.262092190860159,7.0666401319677306,111783.96829951965,0.0014872039700300475,0.011613336131988198,0.08530323068695228,0.6187008781367851,0.2648437876541806,0.03176176104750112,2540.3153623406324,2787.9707461929015,5.935424306781462,0.14962512982809723,1.161443982916864,2.2715005725012496,0.14959815623857992,-0.009860452375614217,0.67912084255762,7.508157989465205,1.2853634534055176,9.6541554549506,34346.26170294773,0.00039343695761607123,0.003574560826338072,0.08066305999842244,0.11489791546262074,0.7147437236587609,0.09485845663051964,5687.693089837754,2788.0301851162735,6.5731756820084595,0.2136903734790733,1.5995515364453645,2.9724992294415555,0.21368750994592178,-0.016643952211673675,0.3877776933749472,6.5117671492121065,1.2729139279630304,8.265015537843592,68288.22450732559,0.00102624190536281,0.007119835891687145,0.2099114733493634,0.2869430448965862,0.46391058544902647,0.04422866872607291,3754.895021928819,3163.246792337229,6.444190341055072
11,6000,1,0.15443632,0.97522736,1.8199921,0.1534153,-0.0226349580829065,0.959578122195324,6.314753909773868,1.3022385675530568,8.223316085967234,36634.49,0.0005458560350753,0.003771265503019,0.0018816524547205,0.0058423553084987,0.8247987244209937,0.1674473753530534,7094.788847482387,2159.140138406955,5.877496242523193,0.26561168,1.4883041,2.9331207,0.26540422,-0.0205703884972294,0.1780370419167214,5.603308361126329,1.26182086925021,7.070371426940013,108364.13,0.000886133253108,0.0112686762586236,0.0940366534516025,0.5890848981955985,0.2802308355968925,0.0366428398014401,2659.133781823528,2928.511127524478,6.079043388366699,0.15362129,1.0996819,2.170086,0.15359335,-0.0105605093979591,0.6408023079833147,7.158395049107811,1.2833495867893892,9.18672332840752,36248.832,0.0003568861173584,0.0037765456363558,0.08697474248844,0.1386713215425027,0.6848828676607261,0.0894664904011768,5502.650903112688,2923.800509837558,6.4815216064453125,0.2177298,1.4125824,2.7608871,0.21772818,-0.0125925539418133,0.402152158061567,6.487776834813752,1.273279909644022,8.260755902060172,72816.03,0.0009037783908205,0.0075954855419695,0.2311747996361242,0.2617134834956447,0.4618409910973463,0.0452662118642906,3718.636231465721,3172.7389549732284,6.380097389221191
12,6600,1,0.15419096,1.0253906,1.8835068,0.15314393,-0.0186072898378294,0.9529991845860986,6.650134620805416,1.3009008487896212,8.65116577282712,36518.168,0.0005386766504099,0.0037521589547395,0.0018982868768753,0.0058309544930598,0.8257655408152056,0.1664763827944071,7090.387628375894,2147.673561812666,5.89507532119751,0.25946477,1.728344,3.0968666,0.259274,-0.0088397175303925,0.1620200807057821,6.661189339562825,1.2615194596883366,8.40321997655939,103406.53,0.0007343150672023,0.0107566379010677,0.084951142656095,0.5863369071197124,0.2904312972744717,0.0382759422985594,2738.8749159717063,2961.795980237833,6.100794315338135,0.14898041,1.0572433,2.027607,0.14893785,-0.0056546237127535,0.6718968609171005,7.096526012499393,1.284077697823267,9.112490784734316,34091.766,0.0003309933434784,0.0035472740419209,0.0653450139641218,0.1394155633981757,0.7012193815248937,0.0940160287999957,5658.626100115648,2848.088546609152,6.486870765686035,0.20980427,1.2787819,2.5416374,0.20980331,-0.0135811038311353,0.4170509335439738,6.0951186123644,1.2736812528847925,7.763238310714709,67611.38,0.0008080651213384,0.0070401788689196,0.1996804744895988,0.2581130653396609,0.4934886132463275,0.0487132539508199,3936.865815488012,3175.315406210705,6.410279750823975
13,7200,1,0.15298036,0.93250275,1.803112,0.15198179,-0.0246261059147314,0.9338221447432632,6.095571760796394,1.3004835863578272,7.927191024433809,35946.992,0.0005114543227214,0.0036915594246238,0.0019167178338759,0.0059457896473779,0.8212963539473735,0.1708103788299125,7105.138406978401,2180.31299980201,5.876565456390381,0.25446638,1.3446808,2.618885,0.25427094,-0.0104452074381443,0.1464039411362572,5.28431599317474,1.2603476937212124,6.660075474918074,99460.836,0.0006138672245146,0.0103334039449691,0.0893626838602102,0.5787363564619333,0.2919119332688407,0.0399842185800708,2767.7337818531323,2989.421518352838,6.105584144592285,0.14694537,0.95443726,1.9007683,0.14690886,-0.0127450201751118,0.6527210382692341,6.495184172243999,1.2838223087017608,8.338662339510172,33166.758,0.0003043345536135,0.0034505226649343,0.0762379720481283,0.1396897255592208,0.6877637080407305,0.0963037863315226,5605.687949714811,2919.856335191253,6.469274997711182,0.2090851,1.2477875,2.445221,0.20908312,-0.0129028122703217,0.3565428072756269,5.967844837830144,1.270414163405907,7.581634607024504,67148.664,0.0006814030543957,0.0069808168336749,0.2130178124313378,0.2600760512968944,0.478969314575522,0.0479316601882217,3843.85567082208,3203.8060934064306,6.330982208251953
14,7800,1,0.15554973,1.001358,1.9280434,0.15448095,-0.0248133150724191,0.9673015872931324,6.437542521747109,1.3016552303126807,8.379460893846279,37164.625,0.0005662901411218,0.0038138139061629,0.0018792722862843,0.0058802211858473,0.8262875324309793,0.1659203186631094,7079.654943648761,2155.1702013822432,5.887147426605225,0.25438344,1.3908386,2.766323,0.25419414,-0.0234366620192977,0.1996339988071209,5.467488751915667,1.262686791481946,6.903725829647161,99396.0,0.0008359684410389,0.0103371432051062,0.0846104905551532,0.574649916431059,0.300694909967584,0.0400393645423737,2820.1698756611263,3007.2878219335357,6.108985900878906,0.14750096,1.0986328,2.1292686,0.14746934,-0.0176924409335918,0.6743112076928788,7.44830947171234,1.2846910990847291,9.5687768816022,33418.035,0.0003191830273075,0.0034761168062686,0.0726979710447558,0.1331359384814718,0.6979302076089935,0.0962283724336376,5662.08186526933,2876.257145995759,6.466394901275635,0.2087545,1.3285637,2.6486397,0.20875368,-0.0160861885040006,0.4203220278976038,6.36423992469939,1.2735165697887676,8.104964998254719,66936.484,0.0007982253054594,0.0069654155522584,0.2027078810971039,0.2528877132291879,0.4959705151995686,0.048427301098347,3948.0765782197104,3199.967469709867,6.367354869842529
15,8400,1,0.1553708,1.0344505,1.8838882,0.15428331,-0.0219951260745283,0.994579318506323,6.657946794157224,1.3027805645808226,8.673843683497054,37079.176,0.0005795848846281,0.0038070988375693,0.00188593701646,0.0057853684906521,0.8274429686112541,0.1648540656570235,7073.856004304174,2147.857533601331,5.891392707824707,0.24843699,1.5758514,2.9802322,0.24824913,-0.0073656462708671,0.2267656751019822,6.343062910700051,1.2639836849741988,8.01752803192209,94803.36,0.0008638579497801,0.0098658613860607,0.0877877667565597,0.5573608272822196,0.3134167274590028,0.0414293006359736,2906.097402833148,3039.7227129241965,6.15891170501709,0.14791968,1.0767937,2.1478653,0.14789525,-0.0131704590700652,0.7211653543865784,7.279583330681716,1.2868965898895786,9.368070964134652,33608.04,0.0003452540196933,0.0034989695996046,0.0867928015264365,0.1260867076741262,0.6922003383710778,0.0949156438792983,5609.733489552678,2905.9859272467334,6.458403587341309,0.20720841,1.4996529,2.6831627,0.2072081,-0.0125163775601338,0.4713310199708296,7.2374131109157505,1.2763705438772623,9.237620908688546,65948.664,0.0008688714662217,0.0068725841119885,0.2048260212855346,0.2427938569290977,0.5037645771995085,0.0486099799492403,3989.03288196708,3194.691166981223,6.3759765625
16,9000,1,0.14840588,0.8983612,1.7821312,0.14732476,-0.0101039048944407,1.3232991177962132,6.053407099820145,1.3231159794033736,8.009359663659835,33829.332,0.0006418927254446,0.0034760332200676,0.0012273155242352,0.0043450476939964,0.8564112444017018,0.1380128629936201,6969.954482686774,1950.855198514064,5.978992462158203,0.44871452,2.349949,4.6447754,0.4485926,0.0106828619386115,0.1163046883052341,5.237068903955231,1.259131516123894,6.594158509097144,309265.47,0.0047149569498335,0.032207254320383,0.0392885795011818,0.8353554288648626,0.1110669378695821,0.0142872121107546,1629.8114533583766,1928.3928923418548,5.078821659088135,0.16705261,1.1795044,2.321148,0.16702351,-0.0100366359286379,0.657969656942603,7.060676169381778,1.2844416773760237,9.069026742463937,42864.5,0.000512411591192,0.0044647175818681,0.0439319146737387,0.2205605487168159,0.6310595594622737,0.1044455813276164,5184.677485114813,2942.9695396883644,6.680263519287109,0.29403445,1.9285202,3.663826,0.2940324,-0.0406003202098368,0.3123193178294894,6.558823955683253,1.2672110945532802,8.311414483891916,132796.81,0.0023344884068882,0.0138240857049822,0.0714440964979542,0.5354343338740469,0.3634255642560945,0.0296914536436536,2927.162276565972,2720.836889266446,6.285233497619629
17,9600,1,0.15115244245851508,0.9522555388957402,1.8303649712292351,0.15005070135024826,-0.014036876078936786,1.193583520473185,6.281829332939268,1.3150945979097093,8.235836263099081,35100.418521281455,0.000615359481757215,0.0036161944247411646,0.004677896706733443,0.01693782419857901,0.8323888819501527,0.14249074601390838,6890.452894692265,2148.2119996726024,6.012001410550637,0.370080578802479,1.912988577699661,3.823590765168486,0.36991134758245775,0.008467318313822332,0.17581886092406085,5.338928161235508,1.2619776791876212,6.7312532668513025,220820.08670843186,0.0034128748697817607,0.022995828386072115,0.060292043878417904,0.7423348046044873,0.17532727935219686,0.02164601447011745,2031.1084146569572,2311.1686664455256,5.475051709355494,0.1602628290253851,1.160755000145912,2.3016129226063518,0.16023668299864646,-0.01816302149898997,0.8312134220579985,7.1499675303316135,1.2913976256123683,9.186482241453136,39608.40287755839,0.0005052372577306124,0.004129415639121289,0.05171440904311639,0.18343773766873106,0.6667023912052487,0.1003700754098229,5335.11146628006,2881.9703700267964,6.6042340948281435,0.2625072012040152,1.735933780105157,3.208780395569328,0.2625056738888451,-0.04191372977509295,0.3976675421522058,6.7591481893250975,1.2716585207959972,8.588300722449189,108324.73431575962,0.0019292046960667055,0.011283562570397015,0.12315382297673234,0.43302445303160464,0.41246466798555637,0.03191029895160915,3263.340971099591,2846.856663205177,6.35258053331461
18,10200,1,0.15111966227195806,0.9523075353886572,1.8305350009074453,0.1500190943172637,-0.014446766673241643,1.1737439629053594,6.28261690943197,1.3139544730889379,8.237877723959594,35085.37908419824,0.0006051761231719941,0.003613328193458047,0.0045288667328736015,0.017215415328142726,0.8322117829358424,0.14545498322973346,6906.91910710032,2140.5103545380866,5.982368397146544,0.36298072703665557,1.9074073492404007,3.7535628726743915,0.3628063730441157,0.00300764067507058,0.1742330669155386,5.369984737767814,1.2619527128456767,6.773947969285359,210896.02495621672,0.00336310989610615,0.021947471506813355,0.058694714088329034,0.739917801277747,0.1787959604330957,0.022401551964491048,2054.0550044984816,2338.6484093907357,5.491662300499223,0.1594320073044525,1.1600091260313445,2.318738552816577,0.15941107670906257,-0.011014908267328906,0.7561006464407727,7.2921160862702035,1.2882255182586726,9.367036479871633,39183.3720400976,0.0004709784219341322,0.004080648087975974,0.05280846911719468,0.18768665388363096,0.6617774367815761,0.10015793366250818,5281.823978995413,2921.804002043815,6.604888015367576,0.2602269711220345,1.744623612502675,3.2225147882504523,0.2602253060483366,-0.041730258157911926,0.44569033889968945,6.845207782385536,1.272611350558168,8.705379167797153,106181.32031736206,0.00203650599918674,0.011061316870835964,0.11867384109726842,0.4384754031621171,0.4107077781279806,0.03263423689169957,3261.72908442281,2856.0266642149936,6.351419343161372
19,10800,1,0.16890027935702415,0.9464934273744299,1.7940521206108584,0.1681148972546283,-0.013311829808083084,0.7030846779328033,6.3102310246679085,1.2863523495395883,8.297965885246237,44571.19455289174,0.0006419330522942151,0.004390492189106808,0.038034907989602774,0.1457852362677907,0.8276390031290928,0.12607526661070984,4905.8284137161545,2009.2267616139045,7.0780397159147395,0.3669095013017033,2.0056298056700106,3.995071319958234,0.3667454627202829,-0.010215323229599947,0.17155265301322722,5.490380779873293,1.261893360064407,6.938073389646101,216349.87442328766,0.003859731595469279,0.02251956441272252,0.05979440299243777,0.7384356188833217,0.17907175982765505,0.0224336963221189,2049.155883255428,2337.425223053531,5.482858348268328,0.16237355386611152,1.1598605861697777,2.302678653550709,0.16236083537051504,-0.013235310108994548,0.7776186077629977,7.192692626550081,1.289402707153316,9.233413995226575,40698.88674465988,0.0004987035127921964,0.004239245091849199,0.053075505940220216,0.18417445630678642,0.6690473859198444,0.09845469202515386,5284.110351925567,2886.380147078211,6.60135277151528,0.2619092920558349,1.7707503045462216,3.2313454050903947,0.26190694804020875,-0.06761607240541388,0.44110794460558994,6.984119201770563,1.272570805510334,8.889066832767849,107760.11722941758,0.0020711735376800215,0.011222559594071688,0.12202725759978875,0.4443649493823051,0.4045075121091017,0.03201563446399309,3225.8518380404626,2852.609457269478,6.337886116669921
20,11400,1,0.16772696818845956,0.9464012532377795,1.7954940244869895,0.16692677750516877,-0.011181294284997586,0.7159159424816682,6.301274942740462,1.2869250328157917,8.285362485851394,43863.24905943363,0.0006352528557761771,0.004333648606434288,0.04031063962709369,0.1397668662559576,0.8277869279166492,0.12660215623685084,5031.873053540144,2010.9424713485143,7.059319108569834,0.36539778699225955,2.01064220187932,3.95917690427126,0.36522976197181356,-0.00387881191210225,0.18094737358289184,5.506962930619793,1.2620871497146793,6.950226412451883,214240.26949225782,0.002595789537557356,0.02227497622635856,0.06016034072020665,0.7371733943832234,0.18006361721723863,0.022354566165787106,2053.730084779571,2339.5865646771217,5.510993254499781,0.1637311230619161,1.1613649706599483,2.278365699963733,0.1637131852026361,-0.016621194534011785,0.766950634153019,6.926325232859919,1.2882274760577348,8.844463516657196,41408.37765962353,0.0005036212415711926,0.004313429218734514,0.054696802011363205,0.18780031603497252,0.6664918725743436,0.09726648128568738,5211.338606980941,2899.6599924051384,6.601763665839095,0.26162463946519204,1.705357104360844,3.1525594605037472,0.2616223068939646,-0.026675516453579472,0.3340529572889655,6.580530354298064,1.2697079346795634,8.346086884662881,107491.94576423639,0.0016748632150935137,0.011192948188554645,0.1222173115613778,0.44385122816315126,0.40464712418835236,0.032280116724304,3228.5750454212757,2855.668048155285,6.3515962415506335
21,12000,1,0.16799445963266924,0.9454865947546823,1.7906582095603294,0.16717470756442038,-0.012649561002835479,0.7193299379625433,6.288533742590146,1.2869747087130443,8.268021654315516,44023.62425427118,0.0006456463375421011,0.004344773347211442,0.045147284165439956,0.1416977157860988,0.8277218916227445,0.12451880299219459,4967.881812494964,2011.2266617061816,7.105719156996807,0.36917851817337255,2.0502440347334305,4.1189183715252415,0.36901286145516243,-0.006123002891219448,0.17355811519036246,5.54069062586115,1.2619548229988322,7.00222292224454,219542.2493230005,0.00368838686561623,0.022836573582511198,0.062242222910270185,0.7367598899019645,0.1782342048061208,0.02228853909812168,2041.1558461054751,2328.2770834476196,5.502467876521727,0.16393171442104862,1.15912103515672,2.3316261295098952,0.163910341951756,-0.014187208222858991,0.7370691399793834,7.234638016678674,1.2873270173557974,9.27845066474434,41513.74582858395,0.0004922850387046949,0.004324861053561824,0.05592361529919467,0.19493363479816342,0.658433991976007,0.09711033772146363,5137.290636172323,2931.358725337774,6.6008506298484715,0.2628055557159704,1.733431885872184,3.250615674839951,0.2628048136645402,-0.02852469163272988,0.4006138960633942,6.7395879923472055,1.2717251176053292,8.562660686981031,108607.16483544483,0.00194834551425681,0.011310587633857248,0.12211245105421992,0.4478679397761288,0.40183350915522276,0.03195189627182044,3205.3305052377136,2844.1080773387457,6.3436864992059405
22,12600,1,0.16373707070902188,0.9442386888377372,1.7808573440290238,0.16283215625331798,-0.013296553689052798,0.7493300204550968,6.237354177166075,1.2884908163999638,8.197164049139069,41542.53404211264,0.0005941158649054427,0.004140344592416318,0.0409840569713425,0.08805357392220851,0.8290639130135781,0.1385551396847433,5610.747332474018,2027.5293092915829,6.841268509241363,0.2978751610402889,1.7808166768204934,3.4371501596036778,0.29769528127956346,-0.027126865688759494,0.16266350036833174,5.625861555644061,1.2617381586359007,7.128362131306378,134130.67821745446,0.0022079827573221445,0.013940718187342074,0.07434028956306124,0.6672519656226605,0.23052442278338828,0.02818975262626293,2330.926583655656,2637.484654442614,5.951830012466075,0.15562916431655813,1.1605527271774903,2.2919472270924968,0.15561481491997242,-0.010543969095427621,0.7135450718996288,7.374308494599505,1.2857843817905783,9.466481846243944,37268.32053405828,0.0004336353585248379,0.0038806993767818068,0.06384265198114666,0.1370516295280144,0.7013227902478533,0.09928296386709039,5687.031618238216,2794.6703657184216,6.6204494565046295,0.22854671784658853,1.690192918967234,3.1056097250686947,0.22854464273741015,-0.03185470720172877,0.464314131218019,6.9783157538480305,1.27395116197036,8.886408642029274,79172.96951448775,0.00133509411561638,0.00824876456164391,0.1818899042330151,0.3425446887036795,0.44086757227022344,0.04034485807958858,3546.3947512490054,3065.9024713489143,6.498751572418604
23,13200,1,0.1751817,1.0396957,1.9859314,0.17421794,-0.014279077235346,0.6142232703162582,5.934956272143164,1.2842150257142224,7.621760021686627,47137.734,0.0005784705177895,0.0048519107513129,0.0189554898952706,0.0793716244890468,0.7541149924655491,0.1475332933965936,6344.818062940955,2655.609388153265,6.420790195465088,0.26896873,1.513958,2.8866768,0.26877397,0.0038378956157829,0.1309754790485957,5.628750861604543,1.2598555459571688,7.091412989830041,111120.67,0.0006854837635677,0.0115515869110822,0.0893434388432537,0.5928563907092272,0.2793615543920087,0.0384341162026682,2648.4790463464337,2931.0835659505183,6.058147430419922,0.15453178,1.250267,2.3628235,0.15451638,-0.0008146402162185,0.7129196390162122,8.090679171887304,1.2842333420757883,10.390319952643043,36679.79,0.0004065479469322,0.0038218612316995,0.0650665415834082,0.1439157017306723,0.6985079105895386,0.0925065408841688,5621.621478044855,2856.8800171307644,6.485818386077881,0.21698873,1.3816833,2.592945,0.21698831,-0.0160962004843059,0.4261522479954158,6.367535151884898,1.2738016187553138,8.110976583989727,72321.19,0.0009447425485375,0.007533208001405,0.2102478073972574,0.2770054299320353,0.4660577033783741,0.046684909863046,3777.866149309503,3146.179241558855,6.434698104858398
24,13800,1,0.15460335,1.044178,1.9458771,0.15348633,-0.0188517110442065,0.9731771699546692,6.753915927805799,1.303309382329762,8.802441996232652,36713.77,0.0005559906407978,0.003764274297282,0.0018377014016668,0.0061976880515295,0.8176157811358676,0.1743199987661185,7100.066207427362,2216.137681132376,5.856784820556641,0.2625035,1.4568329,2.866745,0.2622952,-0.0030605392847292,0.1371403247966869,5.5497654673479655,1.2602028950756905,6.993830508969641,105842.836,0.0006511868147069,0.0110108666121959,0.0885241563951491,0.5858243052652864,0.285504259191916,0.0401426323259458,2703.402647795083,2959.6100203903434,6.071479797363281,0.15184334,1.0808945,2.034378,0.15181932,-0.0013353657785441,0.7100095552718142,7.118484589896587,1.2850456246314506,9.14757747631326,35414.633,0.0003774393509373,0.0036853174678981,0.065766013465078,0.1485296478982839,0.6909104932711462,0.0947904413844148,5609.838323581421,2882.556921952248,6.475898265838623,0.21403717,1.2728691,2.5391579,0.21403672,-0.0111243155687435,0.4373984499069383,5.946953697641584,1.2743743838783508,7.5786454544204815,70367.09,0.0009179816496522,0.007328980602324,0.2103831050819166,0.275926296050011,0.4664588286728082,0.047227747373831,3784.053307199728,3161.012154204137,6.393488883972168
25,14400,1,0.15440468,1.0128975,1.897335,0.15325326,-0.0256184141917595,1.024455952139122,6.560017865367246,1.304489696118171,8.557475711778112,36619.48,0.0005822844385253,0.0037581955548375,0.0017990534091325,0.0059419100099068,0.8228873001870123,0.1693389272934434,7092.727896407118,2179.6481438276373,5.873779773712158,0.2579106,1.4703751,2.7842522,0.2576851,-0.002732865148155,0.1740649438121937,5.701103437861964,1.26194978269721,7.194506244572119,102171.47,0.0007701727414999,0.0106160892173647,0.0925929378076836,0.5698041282077373,0.2956197940600069,0.0419777171765658,2781.2876044533505,3000.857409172312,6.09747314453125,0.1506877,1.2350082,2.2259712,0.15066627,-0.0044395368299977,0.7070471780205692,8.195813489811597,1.2850763800605514,10.532246331208418,34877.617,0.0003645520518483,0.0036315522156655,0.068400190833511,0.1481885632054484,0.690650389060642,0.0927561763572113,5594.344580043439,2889.122408468011,6.462146759033203,0.21161592,1.3231277,2.5936127,0.21161582,-0.0108392194058327,0.4696602954262747,6.252496249610627,1.2760379031046356,7.978422203560445,68784.07,0.0009418401384784,0.0071649886667728,0.2164299924776066,0.2572126595240225,0.4794224178452897,0.0469300719205226,3852.126920408981,3167.797288381425,6.411297798156738
26,15000,1,0.15390693,0.9203911,1.817894,0.15280539,-0.0225356035451211,1.0063880901853102,5.980179733376941,1.303721484644586,7.796488800490308,36383.754,0.0005646744670027,0.0037323762662708,0.0018077223742654,0.0059598296730084,0.8230483963481608,0.1691547152917685,7083.332994107803,2177.983747835093,5.879304885864258,0.25349957,1.4413834,2.8704643,0.25329447,-0.0040893900216402,0.1452483974079297,5.685940122013292,1.2606570744806886,7.1680206399179225,98706.47,0.00059981903008,0.0102584017440676,0.0919576538454827,0.5628087018142002,0.3022550868416987,0.0429738166528314,2825.200102883363,3021.383417073943,6.104538917541504,0.14992014,1.140976,2.1335602,0.14989027,-0.0113844742344676,0.6830387471953423,7.610558425230297,1.2848482278771232,9.77841250587768,34523.21,0.0003450525234855,0.0035917754285037,0.0813943881486987,0.1409384387233156,0.6848177018527872,0.0928464729203512,5551.193281447368,2917.261353052736,6.468040943145752,0.21038872,1.4439583,2.7119637,0.21038759,-0.0124343800506064,0.445701489834641,6.863287548019825,1.27497762978216,8.750538090529322,67988.6,0.0008732405442475,0.0070775654166936,0.2184398224148358,0.2528214437529176,0.4817050262508521,0.0470296364368055,3852.911161736034,3172.3650152896944,6.382364273071289
27,15600,1,0.15296048,0.9241104,1.8324852,0.151795,-0.0197360389011429,0.9868922101484454,6.041497889294009,1.3025653929653738,7.869446072319175,35937.65,0.0005402399091369,0.0036845710128545,0.0018300872644465,0.0058590476902997,0.8244332802484485,0.1678495703081969,7083.818685224853,2167.8162524474315,5.887225151062012,0.24583478,1.3876915,2.7310371,0.24561125,-0.0079556366159062,0.1993869223058739,5.6448134899601525,1.2626147494572495,7.127224770387934,92827.766,0.0007282323901906,0.009643324650824,0.0990757371540982,0.5407249410585662,0.3157971782021758,0.0443972482389275,2921.976722346186,3056.0974385606355,6.196707248687744,0.15059729,1.0917664,1.9726753,0.15057313,-0.0147729166924849,0.6587291489549782,7.249575096477206,1.284803289846029,9.314277934001607,34835.78,0.0003388250409988,0.0036281852517277,0.1092619927508353,0.1374269176221245,0.663422370067377,0.0898854705383166,5386.456698110147,3018.08265813189,6.459588527679443,0.21147804,1.2156487,2.4233818,0.21147743,-0.0095289072418546,0.432663769673828,5.7483446190838965,1.2747746606674193,7.327844061226711,68694.47,0.0008653895237533,0.007158507592976,0.2605242689018555,0.2239711325772755,0.4697142246503069,0.0457860641649593,3761.7838419320537,3192.102961310069,6.348122596740723
28,16200,1,0.15331104,0.9147644,1.7632484,0.15223317,-0.0179120612576886,1.0189918729114238,5.966722165323868,1.3043795761913373,7.782870529307371,36102.57,0.0005629430791272,0.0037096973974257,0.001770344802016,0.0056853596372404,0.8248816967857876,0.1676388870741399,7085.452771722331,2163.4121792470346,5.887260437011719,0.25562885,1.5447617,3.0676842,0.25541124,-0.003865510078909,0.2981800937107293,6.042986279980945,1.266703147988765,7.654669744134723,100371.63,0.0012732630597379,0.0104249343276023,0.1022569371140416,0.5609758820683278,0.2959013820719568,0.0408616054383617,2779.8732049690207,2993.703205423712,6.242417812347412,0.15345249,1.2195587,2.2273064,0.15342319,-0.0182208270823373,0.7212618012166367,7.947467970010809,1.285992557657243,10.22038466171982,36169.21,0.0003999342922745,0.0037626586854457,0.0986812069119764,0.1482681440819138,0.660218782713376,0.0928273333690568,5381.739846167653,3019.011513743689,6.525465965270996,0.21729612,1.7700195,3.1777382,0.21729569,-0.0105875205572055,0.5134986533347163,8.145656271700904,1.2772558099861755,10.404086799228187,72526.24,0.0011448464026406,0.007540076971054,0.232963825990929,0.2572415766467923,0.4643190371632749,0.0454703492215478,3712.642044502788,3163.799456406234,6.460458278656006
29,16800,1,0.1501946097975216,0.9532647357809777,1.8361189792245938,0.14904744956878124,-0.012988900932366912,1.1981750266522255,6.294483541466074,1.314777360921099,8.253878808382414,34664.68258562917,0.0005930968639935312,0.0035788725316468484,0.004688889841847219,0.01684444263329949,0.8324910099636569,0.1407673633123785,6873.602145071233,2152.2947352813267,6.036732229142496,0.3791584353599824,2.0546165878516263,4.050967293276139,0.3789909581545575,-0.018438381577552045,0.17492095155933737,5.486886632971668,1.2619985973231262,6.928000571487219,233953.77829748462,0.00390277529765604,0.024354118530399108,0.05824631494477352,0.7480709744558425,0.17091190543929435,0.022306581175108746,2011.6766087440121,2297.6590324313775,5.452275968244052,0.16397356646467412,1.161788472645343,2.2791835599103276,0.1639538267014634,-0.014434808542177062,0.701384425093063,6.857457634046361,1.2859375866332179,8.730601685876744,41535.75183095798,0.00047734512155290436,0.004324100124853652,0.05404898238790683,0.19937100922854892,0.6519503704596239,0.09886653501651897,5156.015695940361,2939.5880429468752,6.593475009228712,0.26834445488328984,1.7510215855401932,3.226460791135797,0.2683439233744402,-0.03487515114638608,0.3729658276615305,6.772856066164932,1.2705858711974156,8.60281670616324,113933.80602240178,0.0019935840452766935,0.011864199763738918,0.120052992430585,0.4491678679786486,0.4029692745857193,0.03024179997443061,3185.399956751784,2802.7243893618725,6.323359460806008
30,17400,1,0.15022751437317944,0.9536712506623543,1.8360781709607323,0.14909745666177932,-0.013074239314413653,1.1949887672623474,6.3033381162564055,1.3144759271613804,8.266557968323871,34679.52438626349,0.0005925117987455381,0.003579264462733445,0.006612543440255202,0.01703012604298948,0.8324154827778167,0.14119355777367046,6865.621088021205,2148.45236559598,6.043840310153527,0.37239839586595086,2.0454448947038038,4.093543950050839,0.37222825345780314,-0.008373847152700585,0.17240498036817575,5.514048247652898,1.2618901937317313,6.969954595585271,224125.9886185737,0.003988194593798901,0.02332441665047498,0.0597258456312057,0.7439424527568338,0.17347498208667506,0.022377694764749392,2024.7487876227756,2311.6014085940847,5.484663614384074,0.16471439594093548,1.1585205459809538,2.3129143640011276,0.16469802850424384,-0.014077612358497617,0.7081103253393696,7.287467539084537,1.2860783289559672,9.344800665545383,41926.218743221034,0.0004849162629163863,0.00436643111433817,0.05482908356742564,0.19947803556244678,0.6552116928624393,0.09710258093128285,5124.496592508521,2927.378047215992,6.590333782879701,0.26614254647916247,1.773481378707332,3.231115542794728,0.26614088557836646,-0.04136855409524485,0.42786959489328485,6.9391187840371185,1.2719453683572006,8.827273113103262,111797.36908061348,0.002152380966016932,0.011639774779025242,0.11841788751171292,0.44804066582862545,0.40455152028097474,0.030779907814807682,3203.557296344254,2814.446781680763,6.335638550532915
31,18000,1,0.15042793082404796,0.9512936124507058,1.8266717876906926,0.1492763605490785,-0.013200833644217508,1.2068211183180693,6.255139066049358,1.3148767302975677,8.198504450160767,34770.11338098429,0.000602791859165061,0.0035860407307930064,0.004981631755158803,0.016625702672393567,0.8325137956598399,0.14039875115044279,6883.716403565074,2153.1470521291785,6.0314140208337115,0.3776137698025527,2.047648951930217,4.162894689465258,0.3774480757271491,-0.01096481275858497,0.1755127857800483,5.486213841481482,1.262002630008323,6.926895107576112,231683.73166270496,0.0037447175817810624,0.024110910596150163,0.059837627117498904,0.7459254709868596,0.17173612525598192,0.021970499651237468,2009.0500945011056,2297.726616669304,5.44805624616294,0.16438263310047296,1.16202550941609,2.285528231043161,0.16436947706201,-0.009865682577404578,0.6941262031104077,6.808796639182793,1.2856527280491006,8.659304399869558,41751.12413121362,0.00047677420661101336,0.0043518352951279395,0.054623682403183244,0.20127976079162177,0.6575873264324317,0.09547675043342571,5100.927817128213,2919.024532132877,6.587222484759095,0.2674898096029854,1.769260635013328,3.2435664907914283,0.26748896259616306,-0.026857121289623514,0.342260923342738,6.894463788704476,1.2691524238906442,8.758368850906509,113101.60905697214,0.0018437379385479896,0.011784961998743074,0.12007823886395985,0.45569126888645195,0.3982923982860663,0.029684158830289686,3165.0424344597677,2803.062715765972,6.316550229183209
32,18600,1,0.1503024990499287,0.9534821738580737,1.8358877300187735,0.14918345210745093,-0.012783728717590712,1.1745591976178518,6.300003224425089,1.3132863818508291,8.262812983875053,34713.37815327105,0.0005853280464562399,0.0035835911615017934,0.005300501423507766,0.016599113656363212,0.8324945245780188,0.14062566433725368,6886.302500457104,2153.3157848350884,6.045165465340109,0.37388155074251594,1.9777947860429688,3.955158630647721,0.3737087883197254,-0.01938789835657851,0.17483430915189768,5.409994496819445,1.2619673888694838,6.826766379988067,226258.52962189371,0.0036978575259276874,0.023544391279734157,0.06076178131505179,0.7426659980204966,0.173664311984227,0.022359040744722787,2021.2508446308084,2312.7066742227066,5.470315947057188,0.16440614684138868,1.163425595871295,2.27809306265638,0.1643895628749701,-0.008754089676602933,0.6777824531984035,6.611385137071202,1.284231387831606,8.368675753418568,41763.51758715817,0.0004698709917365391,0.0043508404440905325,0.05392072245517496,0.20436258931251244,0.6565026365570565,0.09499605928061633,5075.994880206057,2928.092972271947,6.582828998326825,0.26482598603201246,1.7404028287562543,3.2418042198865917,0.26482533398013286,-0.02856499803611501,0.3469774360255362,6.755352975371146,1.2695287540608216,8.57616994552975,110531.86884514839,0.0017972069036791103,0.011512496929227269,0.11837079537797957,0.4557024076666084,0.3989412784760789,0.030450090775536738,3179.2922037374683,2820.504433948343,6.320885453308737
33,19200,1,0.15042754668123673,0.9525887873208944,1.8305145967755145,0.1493104807248288,-0.013075913911685923,1.1770074353296094,6.282326364805606,1.3137173008004228,8.23766432110724,34769.941044934225,0.000589458903864331,0.0035888677152046255,0.008143741004143022,0.01684650799754361,0.8324075406406439,0.14084336338549217,6861.813085591363,2148.297865310333,6.048989407284852,0.367195070361128,2.002856953469679,4.025728274011614,0.36702095325583234,-0.023261125411859526,0.17037234938690704,5.48463071432654,1.2618655665392708,6.931789291493974,216749.93109745445,0.004027620628043281,0.0225523956341205,0.06276176097934523,0.7365877682588766,0.17702822755468342,0.023012495260323215,2044.8601917145875,2338.508917855303,5.506641898431063,0.16348834325567463,1.162199335055707,2.2916498234755536,0.16346990355829086,-0.006708111975068005,0.6841169020111181,6.817789030891674,1.2850971874927286,8.668395960045713,41281.02936886399,0.0004670678098053314,0.004300143520256532,0.05654344182695047,0.19694243782960097,0.6601541592912915,0.09528266055977214,5115.42299466975,2922.978735866782,6.585905080148594,0.2622241769226832,1.7353799152613525,3.1759289880596495,0.2622236803708576,-0.03583156738607114,0.3841194708976251,6.759565902170529,1.2716341441067385,8.588771440650211,108057.24591905766,0.0018717667546666967,0.011250744032697744,0.12330582154329796,0.4466800432857039,0.40209017376131706,0.03178100552589945,3209.3032706787444,2844.2149736806455,6.341426226082135
34,19800,1,0.15072105374002312,0.9526644180426066,1.8303989757385135,0.14958114026997948,-0.013014989876336116,1.1758420499764288,6.286520027439627,1.313770895267022,8.24350628071716,34903.2154792193,0.0005961620057765699,0.0035983577969025495,0.009052401493642375,0.016868053976860187,0.8323741332267506,0.14104969632161418,6866.268968840156,2146.7421818714693,6.0370474523772835,0.37159161589302236,1.9213426210832203,3.798396958879637,0.371418296022334,-0.009924730421413458,0.17554660318726417,5.342735194241815,1.2619517194813419,6.737536503167507,222971.57993837202,0.0035062736425889524,0.023191831697986172,0.06148014315183392,0.7400596160342292,0.1752001025636817,0.022695838929616973,2030.4135979205698,2326.7082498100463,5.502279827968005,0.16510616798739608,1.1633434253776187,2.257150744032805,0.16509313577172427,-0.009068354618754305,0.6739599712593611,6.597789184299273,1.2849480980136125,8.353940287425246,42133.47205667567,0.0004724308931321477,0.0043890939455205015,0.05519457873594996,0.20205686681686735,0.6548577143907075,0.09602164782365392,5098.178906248726,2946.9555791005087,6.586953693264135,0.26529071154011313,1.7350361453691463,3.183016475795504,0.2652895253332766,-0.041554531666885705,0.3727631832547736,6.716315655412638,1.2703769474132591,8.527457398931777,110977.55273136994,0.001909588980212525,0.011555041745823186,0.11925235783029271,0.4525296068655822,0.3999512145275235,0.03214663429990729,3196.224164033236,2840.945829611885,6.336383836724959
35,20400,1,0.1542991,0.96406937,1.8589973,0.1531333,-0.018777765316786,0.979840536674828,6.248055860230412,1.3017407017307,8.133348620001662,36569.414,0.0005554038948235,0.0037488345988094,0.0032482611102225,0.0061448682527284,0.8215350455994019,0.1690371173682176,7072.146427965919,2191.706569407698,5.896836280822754,0.2609478,1.7286301,3.106594,0.26072434,-0.0103877581987997,0.1658418212758801,6.624428745896676,1.2612931403735552,8.35534653612489,104592.01,0.0007689685460751,0.0108723025768995,0.0927045558926578,0.5788404465237224,0.2873718117687249,0.0410775803398319,2728.8231339381537,2976.218633704043,6.0828857421875,0.15359473,1.1918068,2.3322105,0.15357396,-0.0094435697856052,0.7206983859031282,7.759424919581347,1.2842709955166765,9.965204366172523,36236.305,0.0004011057008722,0.0037735037039965,0.0627581164232568,0.1417705075956704,0.7046193095900206,0.090846759801495,5636.028005511364,2808.734417243521,6.496049880981445,0.21430577,1.3504028,2.670002,0.2143057,-0.0158314062942277,0.4336495406495659,6.301290024728942,1.2740995876190262,8.028471022012491,70543.82,0.0009146909346818,0.0073496242985129,0.1963447141433791,0.2726910604184526,0.4831320622704271,0.0478266310412688,3864.1458599505618,3124.222784594669,6.46519136428833
36,21000,1,0.15404163,0.9191513,1.8143654,0.15289794,-0.0227275427374583,1.0095085167186673,5.966901857546793,1.302270542173875,7.770520517176208,36447.477,0.0005684109597152,0.0037411469966173,0.0030799395528726,0.0060850457783547,0.825825996424538,0.164973820140288,7065.989754322441,2155.6730385660007,5.914299488067627,0.2638055,1.4558792,2.8759003,0.2635853,-0.01380265615589,0.1623519348816553,5.518759706996059,1.2615506172553963,6.96219471487148,106895.375,0.000786308388199,0.0111122317612171,0.1059506097459497,0.5726638135912855,0.2808904211631094,0.0404894091468623,2684.670406242677,2971.561898054408,6.072266578674316,0.15347232,1.1770248,2.117443,0.15345457,-0.0130410640274212,0.6233351838040311,7.669297284934823,1.28237713867426,9.834931507961072,36178.566,0.0003458134380891,0.0037659243680536,0.0810356172906967,0.1492015806933388,0.680735727279994,0.0890220434098549,5482.462624251609,2912.809569204392,6.483685493469238,0.22118162,1.415062,2.7778625,0.22118141,0.0008961671916329,0.4092195705041161,6.397737637834273,1.2735235656208528,8.147669648478272,75143.13,0.0009793828703525,0.0078196097165346,0.2395493721765982,0.2691544323890376,0.4459657367571287,0.0453243918471303,3625.340442719614,3170.9735438642933,6.330055236816406
37,21600,1,0.15398987,0.9343147,1.8325806,0.15288338,-0.0219417778532292,1.0324049323260684,6.0673780019801296,1.304299343692226,7.913677145966723,36422.98,0.0005805219417251,0.0037387660704553,0.0020829356989014,0.0059387726019585,0.8275907935310958,0.1643506227469233,7077.072557032766,2141.1638511148103,5.908540725708008,0.2529108,1.4446259,2.8045654,0.252697,-0.0066365305652232,0.1985265604896118,5.711997650773206,1.2627190109924271,7.212648024403928,98248.516,0.0008122469149159,0.010215563699603,0.0904786307590301,0.5639154706064284,0.3028618560325681,0.0427375383064804,2842.0200844070964,3029.9923176793213,6.101540565490723,0.150142,1.0658264,2.0103455,0.15012343,-0.0145550295079804,0.7074180651359065,7.0987892942451465,1.2856157287146628,9.126315171573603,34625.465,0.000359488434437,0.0036043676082044,0.0703184706433011,0.13901019986207,0.698753236186982,0.0919137650440465,5619.437362694026,2854.290858405245,6.472646236419678,0.21078889,1.4317513,2.6629448,0.21078888,-0.0060985791546011,0.4405470538075704,6.792346818313826,1.2745659198270531,8.65729377030959,68247.484,0.0008697274447223,0.0071019334718585,0.2090479287812892,0.2532918535168811,0.488907525499822,0.0487465286465231,3915.927376482309,3171.582230508473,6.393464088439941
38,22200,1,0.15354156,1.0526657,1.9874573,0.15243869,-0.0183833277383193,1.007867175793975,6.855900621073361,1.302435873603123,8.929370914802032,36211.22,0.0005601536269557,0.003718742635101,0.0019660169213307,0.0059547885492504,0.8275314272025982,0.164510679288524,7066.43160301861,2141.993979304912,5.915604591369629,0.24817136,1.3568878,2.6932716,0.24792339,-0.0123095294381708,0.1813179945942336,5.467543963176379,1.2619977127953157,6.900027976164228,94600.74,0.0006877768359412,0.0098395980894565,0.0985616512355644,0.5457831417116259,0.3115442905195328,0.0441043263927384,2902.14848425478,3051.192309213519,6.16184139251709,0.149519,1.0873795,2.1012306,0.14950083,-0.0128831834494407,0.675057607351679,7.272517079296191,1.2840449697480345,9.338238973139395,34338.71,0.0003373854348838,0.0035750460810959,0.0749930021244241,0.1354943884577182,0.696355306119777,0.093151816101195,5603.078532409273,2869.9553827793,6.477598667144775,0.2122311,1.2935638,2.4707794,0.2122307,-0.0242174871001455,0.4266396947793844,6.095072047270549,1.2745534481739358,7.768495094753853,69184.57,0.0008655603560597,0.007198080420494,0.2171370560504045,0.252147076902379,0.4826317654668953,0.0480773249097381,3856.2243928709167,3170.516248413561,6.374894618988037
39,22800,1,0.15340193,1.0264397,1.8854141,0.152307,-0.0212517123866638,1.011851075121183,6.691178477587775,1.3032040352945615,8.719970792925356,36145.387,0.0005603248048945,0.0037144478410482,0.0019798908898722,0.0059193532761211,0.8269201884866156,0.1651454056588391,7072.987815946542,2149.190792461058,5.9066667556762695,0.24391676,1.348877,2.5816917,0.24368425,-0.002547541995449,0.2019504828429115,5.530070694071406,1.2632570793828208,6.985900953801814,91384.914,0.0007148443693663,0.009505208581686,0.0952335187345797,0.5398111332414,0.3199730505025829,0.0449760572999887,2962.475896883343,3075.6981374056013,6.166450500488281,0.14907028,1.095295,2.1181107,0.1490512,-0.0144728004593397,0.6830447890796743,7.347507286332062,1.2850985436717566,9.442270913346295,34132.914,0.0003372977357125,0.0035574280191212,0.0823205595121234,0.1394900083952212,0.6850091401086278,0.0931752602994426,5546.418232354835,2920.587981877358,6.472824573516846,0.20935504,1.211071,2.3517609,0.20935501,-0.0109585701701419,0.4426232669868732,5.784771202013369,1.274823762802218,7.374563790735818,67322.16,0.000850291686659,0.0070157996378839,0.2153734340173751,0.2456530345656827,0.4905626557619779,0.0484045534622136,3906.37932559982,3180.5793929940887,6.389489650726318
40,23400,1,0.15355392,0.9902954,1.8574715,0.15240876,-0.0215282812464061,1.032586869908644,6.449170578140326,1.3040050703181043,8.409751133296096,36217.047,0.0005740770786569,0.0037145391106605,0.0019632616757943,0.005842809122904,0.8284383729218703,0.1637200585450126,7070.120332557226,2136.151883423936,5.912515640258789,0.24079807,1.4550209,2.7693748,0.24055602,-0.0098792421169577,0.1949215583092023,6.042494021362081,1.2630853226792746,7.632185510791407,89062.98,0.0006553478651396,0.0092483647167682,0.1027211473979083,0.5215728921943952,0.3299912409631311,0.0457080164045399,3026.4251563791227,3092.0405447791404,6.2318501472473145,0.14967865,1.0467529,2.0745277,0.14965586,-0.0110510116340853,0.7223089937002705,6.993335035002383,1.2863827392852871,8.996105479126241,34412.08,0.0003625454203343,0.0035804575309157,0.0994955731136995,0.1309054286331157,0.6779191864277574,0.0916743898214678,5488.362498242141,2953.289319564288,6.470378875732422,0.21036148,1.3548851,2.5287628,0.2103614,-0.0128170114929216,0.4415305308094286,6.440747121195241,1.2749763918605264,8.211800525506618,67971.0,0.0008646206741325,0.0070675686001777,0.2302038881207246,0.2349000044997931,0.4870672932802866,0.047822179954766,3876.589121236528,3190.7305568253378,6.377752780914307
41,24000,1,0.15078370560328086,0.9541935749004826,1.8362686119026914,0.14966770654748876,-0.012937077193110281,1.213652134662792,6.318964702149558,1.3152582856028712,8.287916256964161,34931.76202923003,0.0006150679412653965,0.0036017474094103634,0.004640025228512319,0.016831409740834576,0.8324577871653015,0.14137533743060662,6876.94165650157,2150.3720807667396,6.031450548848042,0.374664188367035,1.9731022554651676,3.975476063643793,0.3744910132669964,-0.0027778696295728076,0.17215888974150434,5.399066135543794,1.2618886448082618,6.81593248943588,227389.19639502993,0.004129033987899951,0.02366686001706133,0.062355226104567646,0.7417361396050111,0.17274115562817852,0.02245456559446067,2023.6549285194342,2314.3709833192747,5.495854252619495,0.1636658694118693,1.160849813528613,2.284809488310392,0.1636463705395936,-0.009857666857662047,0.7153489259907528,7.001486101903202,1.2870742074363084,8.94385363499451,41374.12597103904,0.0004813418853961397,0.004308850802164638,0.058137418431299104,0.19937723629496962,0.6445530695485919,0.10000523776049333,5136.946158157947,2988.22494230308,6.598093857471113,0.26896335716003006,1.7182867854551134,3.1793003352058262,0.26896293162359386,-0.023320952414318197,0.39562727162624306,6.56839523079827,1.2714691401774278,8.335516067329792,114538.8095325784,0.0021069932065968123,0.011925864916198004,0.12727190003823224,0.43641689534877504,0.4082050084061568,0.030267788711052807,3211.124095242797,2809.706700415113,6.337903678011228
42,24600,1,0.15112231102810395,0.952373712517982,1.828923067353104,0.14999807732687756,-0.013280861571286913,1.2176948815352968,6.284011929807338,1.3156984517442403,8.238411094893182,35086.59570337715,0.000625918278655673,0.003612680687281895,0.006853038396887973,0.017013806734884465,0.8324037767565391,0.1413128513258243,6869.540420978598,2147.3197201793887,6.031686628051778,0.3803747154510952,2.07487961524871,4.121582149615708,0.3801994943084349,-0.011937378123913918,0.17190448747739193,5.507638433373644,1.261911566938149,6.960253360005004,235751.38414941178,0.004450216611043682,0.024545830854445266,0.05959887230618871,0.7473906154643924,0.17052220481747135,0.02193066393613445,2007.362223188422,2294.198896814868,5.4541216866649584,0.1664114738830508,1.1588018278922967,2.297052699162911,0.16639302781054754,-0.010321828346791934,0.7090152451906733,7.1808045910874565,1.286475410904634,9.195520137557684,42827.827009613415,0.0004963609703808269,0.004458941751823904,0.05655123927828924,0.20380897531974004,0.6483268289727948,0.09737373708896668,5085.126816564509,2968.0080286425527,6.58558374548572,0.2713800214699369,1.8244361432890073,3.3205709624149855,0.27138011369417586,-0.03857374734247049,0.392180759664854,7.1678591522492985,1.2708303723547743,9.12544547945151,116920.09603004268,0.002166037207083379,0.01217629675517996,0.12248170430235444,0.4480859039598909,0.40265523938068193,0.029546491639127686,3179.5819053227096,2798.644762445016,6.322982391680876
43,25200,1,0.15096319541719555,0.9534349058961364,1.832881497474927,0.1498494423537747,-0.013233595063118135,1.1819057315543002,6.304664895133717,1.3136791145829554,8.269044804234563,35013.71588782566,0.0006050302582807977,0.003608663931272688,0.011541639190135308,0.017544979355552714,0.832309596144613,0.1407310944071865,6826.175973319679,2141.408585952482,6.047732573013963,0.38064952987007294,2.0476133905955867,4.069253125002895,0.38047251378226254,0.001177832087265053,0.17403030533240949,5.46875507474177,1.261937694683927,6.906852000360287,236158.80413883735,0.0041137877755083145,0.024577854581408605,0.059975356066254655,0.7466572980851991,0.17085718592076177,0.02193680752817308,2006.6097624601155,2292.512954444129,5.461468043943388,0.16559196912032856,1.159013578884994,2.316433648797534,0.1655780511264477,-0.009205050381347184,0.6886227138878427,7.18360228546862,1.2857274454375285,9.194170237529146,42391.20918831603,0.00048190782909232583,0.004416683936046349,0.05674011190572771,0.21318512831465128,0.6437648885801459,0.09533914720543807,4985.668052954079,2989.921726964955,6.577111806604391,0.27043291234387534,1.7837372806225256,3.287106615564641,0.27043270907553874,-0.04107859624100504,0.39144281829713484,6.94009321998041,1.2710336425733537,8.825291536853143,115983.26761077647,0.0021336139689146277,0.012074378323738578,0.12104208375271483,0.4536253075377523,0.39967699539128476,0.02887396751479257,3160.9138165502586,2790.60760717913,6.317523241711712
44,25800,1,0.15093055425375113,0.9518773862784855,1.8268282241233733,0.1497918068716735,-0.013612555619030006,1.1961892412954183,6.271992974541766,1.3138706722713418,8.223033647331937,34998.79231923567,0.0006108285227422901,0.003604306386076209,0.012685122430568683,0.017417131171376752,0.8323288571291695,0.14002423991110405,6821.966075927802,2142.523423462025,6.05765060534968,0.37716559239896386,1.9753418740262108,3.937279052894028,0.3769888069243278,-0.01116682579861276,0.17353002228871292,5.3885231520985695,1.261915255747191,6.800534787471284,231027.79222859605,0.004035477314837435,0.02404045388988521,0.06155545073570129,0.7430458509415419,0.1727130199858362,0.02205828315066984,2013.7393609680535,2302.6645762643057,5.483894801924897,0.1650869326087306,1.160252482589607,2.299927618118518,0.16507241149220103,-0.011042708921604107,0.6663365577366125,7.030439609466611,1.2846832596513758,8.968535850489605,42123.28262388328,0.00046896769490553734,0.004384215438907675,0.05784497821933944,0.2126420316977535,0.6461285669292613,0.09406050144216763,4967.265167707017,2981.1201875721936,6.572494533531906,0.2690937545819555,1.7703301346692335,3.3012049434900153,0.26909356403370593,-0.03350742836429262,0.37105164680116065,6.878642323598219,1.2702007210574136,8.741177892643925,114666.51894289188,0.0020064883654111014,0.011935172799558101,0.12356841091365142,0.456269770097273,0.3962631661995033,0.028608107635568647,3142.356651793357,2795.458307363684,6.314471851578305
45,26400,1,0.150973808734294,0.9530236634750865,1.8311743398836973,0.14986207108150762,-0.012834583937153225,1.171471849859222,6.296207798981297,1.3130902692392856,8.257645317301542,35018.57063102299,0.0006004445001188236,0.0036092371103257593,0.014102620820605274,0.01773751344535386,0.8322397057631199,0.1408003794680277,6821.801958024823,2139.4056426297493,6.067222297993959,0.37430907802351715,1.9764439026394172,3.932673815425015,0.37413010181663275,-0.003818671603430074,0.17417673029625874,5.4057178119708755,1.2619483388703696,6.821966300834924,226875.698330379,0.003812695048465659,0.023617723041765376,0.0614638716274868,0.7414694753784375,0.1739153549097967,0.02254662536341838,2023.6150279907934,2318.1252849329253,5.494061231525851,0.16438902476665732,1.1619496587099292,2.3056526897201417,0.16437550798265396,-0.010899486750958032,0.6567742592344539,6.819207158805846,1.2842978901886208,8.665051357781541,41754.49111052142,0.0004607114777220036,0.004352283289472241,0.05614862711284854,0.2130357979083071,0.6471932572742558,0.0942571174013828,4986.3814351919755,2981.5030967675016,6.574019748059188,0.26861248665741133,1.7600742527802482,3.2317285022212285,0.26861202136736306,-0.033967169210075615,0.38258068345696294,6.8236826325429165,1.2706888069539328,8.670296122695275,114195.58591824162,0.0020415333223847815,0.011891470308591275,0.12277890475565083,0.4564850662676333,0.39640679259361433,0.028956835267199065,3146.5377854319786,2801.9579692176526,6.31235521023787
46,27000,1,0.15059802194384822,0.9527187775618806,1.833534436828527,0.14947269334092717,-0.013954792761208961,1.1842384019238226,6.286568758748539,1.3132163684662994,8.244025369177708,34847.26273050781,0.000596919481076491,0.003593996824325177,0.012326571430398354,0.01745628287942967,0.8322836633846652,0.14092929964124298,6830.886792074362,2141.679528310645,6.068890410648432,0.37412644623694197,1.909860261257159,3.780020890575251,0.3739446559616959,-0.01264543268863441,0.18159226679606022,5.313195504223341,1.2620606218867794,6.69312573776445,226611.89824377018,0.0027073378755301195,0.023583849589178453,0.06045049913491723,0.7429715783969754,0.17345083794901925,0.022578744267371095,2021.5029457351802,2315.2665140619224,5.501252995400231,0.16389740126574315,1.1584257325982528,2.3050578824862553,0.16388120544386672,-0.00944432884349642,0.6726760470145213,7.333945291029484,1.284530148607759,9.399755031103728,41495.70790274105,0.0004646534312190774,0.004323368387783942,0.056163479915795844,0.21558121628935367,0.6437710727887269,0.09462748738955908,4970.999665416461,2993.0697122793163,6.578720167600813,0.2681381601551517,1.7152119213755885,3.1562181355195085,0.2681380898783777,-0.03079799619153529,0.34258215366940215,6.559951216054625,1.2693014959804116,8.317681148957305,113732.59356466241,0.001861278112697919,0.011846239369973147,0.12160652685221342,0.45795775032980535,0.3956876578116712,0.029591155380380867,3146.211716851188,2803.9524721260595,6.316921872853303
47,27600,1,0.15447713,0.97284317,1.866436,0.15327138,-0.0238357478763355,0.9759586815200648,6.297651586251415,1.3018732758769171,8.198744300977667,36653.85,0.0005557612327886,0.0037573233712464,0.0047296722309053,0.0063174634474563,0.8185852635834455,0.1703347917676396,7068.046915534438,2222.3037895286866,5.889512062072754,0.2656071,1.5481949,2.977848,0.265373,-0.0015582534033539,0.184747625914639,5.828891435910101,1.262308677930186,7.357860242289965,108360.39,0.0009194698929186,0.0112777492031455,0.0915443022610885,0.5943533410855937,0.2743173665550525,0.0397799190485538,2641.8047260748385,2952.749699381129,6.01422119140625,0.15419634,1.2241364,2.387333,0.15418285,-0.012610046080896,0.7302886294417554,7.93881604074349,1.2845410597628186,10.19773517030484,36520.723,0.0004128485514887,0.0038003232330083,0.0631362207000715,0.1439887873019069,0.7030565120733493,0.0898143556931961,5605.676495582414,2826.1735676947374,6.494723320007324,0.21484327,1.298809,2.5720596,0.21484312,-0.0207434952810724,0.4500221461051268,6.045379184495975,1.2750247436943738,7.708008045283161,70898.125,0.000958784330175,0.0073791099712252,0.1941473356849165,0.2751689992343478,0.4839552764184986,0.0467236753461966,3854.339970923614,3112.4719893657248,6.509635925292969
48,28200,1,0.15014629,0.9293556,1.8073082,0.14896226,-0.0147237512954686,1.094063857454875,6.189667538552645,1.3058026308522692,8.082484155996763,34627.445,0.0005560336836537,0.0035511965397745,0.0041368828875363,0.0056083628470269,0.8438912676409289,0.1463343528778627,7003.076850105829,2012.5475474781747,6.017275333404541,0.25538486,1.4276505,2.8345108,0.25512525,-0.0038392501889837,0.2086977264671956,5.590192144161751,1.2635872999098905,7.063695797446485,100180.11,0.0008877656232404,0.0104196034371852,0.0973813689332069,0.5681367494023012,0.294710592533508,0.0397657306063285,2757.9621126504976,2979.461170492179,6.108637809753418,0.14897226,1.1935234,2.1624565,0.14896092,-0.0094127635751512,0.6786911739532284,8.01171589411387,1.284179304391309,10.288479743953006,34088.04,0.0003342672304835,0.0035507115535438,0.0693584637110821,0.1472660668075281,0.7003714705844273,0.0829976872185545,5543.905539804862,2805.191368449905,6.491907119750977,0.21138436,1.374054,2.5880814,0.21138433,-0.0054025344184584,0.4351435862279764,6.500263221604686,1.2747427175686616,8.28616320405918,68633.62,0.0008688082965728,0.0071540488861501,0.2177141543682305,0.2537761168328648,0.4827877037726586,0.0457154710773415,3838.259616148659,3155.4419590482257,6.365158081054688
49,28800,1,0.15027055,0.96559525,1.9050598,0.14905557,-0.0115031036640163,1.0876464167549589,6.425711731819428,1.3049834468177808,8.38544744410297,34684.78,0.0005546043274053,0.0035548382438719,0.0032501472523385,0.0055431514318977,0.8450547989968058,0.1461207470367213,7010.671943511385,1999.206516420507,6.016716957092285,0.25268555,1.4652252,2.8393745,0.25242993,-0.0190445370594958,0.2017579291758826,5.798611111088164,1.2625229015663657,7.320879325054968,98073.58,0.0008225308941966,0.0101901087909936,0.0969033078045781,0.5623591034937998,0.2996496792755113,0.0410821457457555,2802.2356830632198,3005.8335012923803,6.099102020263672,0.14703704,0.9727478,1.9123077,0.14702035,-0.009779100281923,0.6681507413744909,6.615664836267467,1.2842039998771195,8.49586324463887,33208.152,0.0003123068495228,0.0034589995630085,0.0714292733712934,0.1432438885741172,0.700858020204899,0.0844643161002665,5557.665096251255,2818.760524280652,6.481948852539063,0.20814696,1.2896538,2.5468826,0.20814677,-0.0111226044375385,0.4409546354365443,6.195880933836746,1.274468721440177,7.896456451980425,66547.445,0.0008277023686965,0.006923927925527,0.2164756363623056,0.2419802727765384,0.4952060397070199,0.0463330616096001,3917.4317498506302,3167.594736725626,6.359519004821777
50,29400,1,0.15016694,1.0275841,1.9506454,0.14901662,-0.0143666894647159,1.0962431253614566,6.842944597605463,1.3058569321840834,8.935906639394224,34636.97,0.0005574478563357,0.0035472714807838,0.0032946735442289,0.00550111983995,0.8435577892940197,0.1476178692451755,7015.334812367377,2011.9420312829825,6.011450290679932,0.24969424,1.4725685,2.855873,0.2494028,-0.0213251019314754,0.1950859899428292,5.897486837627023,1.262483952136345,7.445482490469256,95765.32,0.0007583334261193,0.0099518317729234,0.0984278004014631,0.5542412858200642,0.3051439877556294,0.0421812524511462,2846.4170769415314,3021.966050054989,6.138551235198975,0.14784154,1.0608673,2.0074844,0.14783074,-0.0075290096276497,0.6733745931545991,7.175705071312807,1.285094963685124,9.221462448096265,33572.543,0.0003216937860089,0.0034915911965072,0.0888072583794887,0.1438335665723702,0.6830929955959807,0.0842615530153897,5449.416032205168,2902.79245261808,6.478388786315918,0.21006386,1.1992455,2.3910522,0.21006386,-0.0127008973308657,0.4113114639467867,5.708956571114487,1.272668649173825,7.265610047586894,67778.805,0.0008008961000533,0.007050709798932,0.2356369347205939,0.2343833752472158,0.4843882129784887,0.0455856814984849,3841.105809041874,3176.117107703596,6.345194816589356
51,30000,1,0.1499306,0.97112656,1.8312454,0.1487482,-0.0169818759436333,1.0999409996776368,6.477173972632513,1.306208268068371,8.460538196826276,34528.023,0.0005558152572344,0.0035404772497713,0.0019034926774078,0.0052709642375858,0.8466999124414007,0.1460965942897182,7015.53249692539,1980.2251053033149,6.011910438537598,0.25006428,1.5827179,2.9759407,0.24976733,-0.0170040855028673,0.20794554516424,6.329244115380138,1.2626932175189003,7.991893616543871,96049.375,0.0008131230762319,0.0099681159481406,0.0982453770896479,0.5564924003824349,0.3040381304957171,0.041218538677302,2825.915446230216,3017.4868599818005,6.093827724456787,0.14710535,1.017952,1.9361496,0.14710078,-0.0075499558553521,0.661777572390899,6.919884000000366,1.2851385217180888,8.893009494281578,33239.016,0.0003099031055456,0.0034617835190147,0.0959999520849824,0.1433354415879948,0.6764634726000054,0.0841966776337774,5410.042687300378,2929.434656203519,6.468929290771484,0.20943506,1.2845993,2.5476456,0.20943354,-0.0085638005046445,0.423585912383583,6.133640186071709,1.273903820131425,7.813667664385683,67373.63,0.0008149651828462,0.0070121083408594,0.2300960434480684,0.2398059805262701,0.4846990261480257,0.0453929397955823,3840.944323459732,3183.115533464465,6.340023517608643
52,30600,1,0.15025856,0.99315643,1.8299103,0.14898497,-0.0180208260246105,1.0964928607981772,6.609649789551695,1.3063161489908646,8.634292259322914,34679.246,0.0005589367329415,0.0035497504286468,0.0022050033102337,0.0050197199064217,0.8451852679314801,0.147562498392452,7024.215316979221,1993.6369832249811,6.008330821990967,0.24634565,1.3994217,2.7439117,0.24603675,-0.0218276526820801,0.2086776292121577,5.680724090023762,1.263325187777,7.17660182776773,93213.97,0.0007685206025837,0.00968330912292,0.1065268739862216,0.5388978024087008,0.3122497324482821,0.0423200097163533,2882.543971574126,3045.1192049447554,6.1273603439331055,0.14758508,0.9990692,1.9617081,0.14758267,-0.016397273747655,0.6589732117403737,6.769445936740771,1.2850657368417155,8.69918303076688,33456.164,0.0003126349806355,0.0034797857515513,0.1192396460253074,0.1371002108191258,0.6597572147596393,0.0838983949915084,5305.475326141094,3011.0014851693327,6.4559245109558105,0.2106294,1.3545036,2.6435852,0.21062872,-0.0013732092336817,0.4161238438476364,6.430743326864928,1.273766136201675,8.191263080404333,68144.25,0.0008190277066632,0.0070996480062603,0.2598011638857492,0.222203004511814,0.4739297752543091,0.0440602843446083,3763.617837033882,3203.896047583311,6.2782087326049805
53,31200,1,0.15033016099083918,0.9520924615770511,1.829235933086647,0.14916214228774552,-0.012618970694313324,1.2424599660797382,6.2710137716619005,1.3178641370376654,8.218307762169228,34725.87801698684,0.0006161226388701937,0.003582513754234933,0.004745606562454934,0.016495777931869907,0.8328198567843126,0.13524010099929876,6845.587136223924,2165.6301846213605,6.093126748157397,0.378387790574646,2.0309763519456636,4.055482341510951,0.37819675184257845,0.0016457174729136454,0.17177060123572396,5.458723192066843,1.261909743666074,6.894827868521732,232819.42483025172,0.004370678426669273,0.024201323682315458,0.062411151773112294,0.7413477208542213,0.17251110276621712,0.022969709536055004,2023.9936674085538,2319.722572091761,5.498207264813237,0.16345732512936026,1.1612701572772473,2.272045821128223,0.16345873039343548,-0.009048033210916535,0.6897961546402747,6.950200266221966,1.286403934718221,8.866051145083983,41264.769688973385,0.00046927169971626946,0.004300029089033897,0.05644382648042773,0.21051121751744306,0.6409751504697425,0.09773005705837942,5046.910263142844,3001.6711361647035,6.590971726695701,0.2705996994635114,1.7679428304003293,3.257243417898636,0.270599648369717,-0.03627938009541316,0.42766895356232343,6.843867114062121,1.2720394911082622,8.701627319608818,116147.90541074844,0.0022976109400547934,0.012089271617432586,0.12405797340964947,0.4424187690978897,0.40615739555945224,0.029205432900669216,3188.6394448991487,2796.626378360208,6.327227239147484
54,31800,1,0.1512573353969947,0.9510430855611207,1.8251142627775605,0.1500896254095154,-0.013011034676372215,1.1615488522465738,6.2576877991502835,1.312063741927678,8.20451093899926,35148.60734760168,0.0006028778624034522,0.003616745225013068,0.03792812486579336,0.03550602079800185,0.8314007318102415,0.13407676199982257,6456.802185222924,2100.3870610926406,6.234585542324474,0.38355318171330577,2.0084026578703416,3.979313911455499,0.3833646363361044,-0.003278778376464805,0.1683825626999625,5.39951478555845,1.261869555037074,6.817450791650912,240491.3345161648,0.0052255142266726395,0.0250229211011699,0.05898053652967977,0.747843259822982,0.17004523213573763,0.022559744366742095,2006.0405913544064,2297.0731335890828,5.462153109197825,0.16475470397882955,1.163460362987615,2.270434893532358,0.16475204795224346,-0.00808388681000833,0.6913931814760371,6.59400043592798,1.28574032375158,8.353650384101943,41947.5159517859,0.0004778982389281246,0.0043694106075662575,0.05617073602640348,0.21672461451973296,0.6355164856806146,0.09757949164688276,4989.654417517531,3014.0282136960627,6.583734721028553,0.27266233314458144,1.8090809679465467,3.3244786616129978,0.2726623015577493,-0.03231649427386016,0.39129710449322086,7.058295107324265,1.2710155727739016,8.981402904864769,118195.83619387055,0.0022022156350399117,0.012305114958193242,0.11780874544838141,0.4567240065220548,0.3991308400087798,0.029220062988046067,3151.0645915072173,2781.4335925476253,6.308357649300884
55,32400,1,0.1504600707725863,0.9537397920571689,1.8338473025620698,0.1492643916139891,-0.013050922512024414,1.223105256126778,6.306767077931971,1.3148679831653927,8.271069539524163,34784.67467719671,0.0006109050844778051,0.003586704567431098,0.015507359675558713,0.018292053369311067,0.8323666580468202,0.13765507675579666,6773.187488865934,2143.7365667699364,6.1120692293671315,0.3825223534695621,2.083091525121846,4.120634097429418,0.38233183360233947,-0.0014891675964094162,0.17634691928185808,5.506372210045448,1.2620050649037056,6.953701827681702,238947.3853056132,0.00380671193761422,0.024858887057292167,0.06100976904383619,0.7448426771700073,0.17107804541993724,0.022396198471413237,2006.7704427972799,2297.406979334008,5.484636281745451,0.1669375312994953,1.1598574246190227,2.3244388321208778,0.16694115998295073,-0.008235212304557022,0.6423421727056942,7.014488482002429,1.2835002733575243,8.937601296908506,43109.32417871971,0.00046915458838388003,0.004494540760266781,0.05699368024581175,0.21779665793927577,0.6394527747747085,0.09512043535877124,4942.118991524193,2996.1307171208227,6.573381129170367,0.27215999972217464,1.809386527833258,3.2817239532455416,0.27215989147963415,-0.03284985887364013,0.36122177102655967,7.0673743880770905,1.2692075234896403,8.986605938777448,117695.06771385955,0.002050138658485702,0.012247965983030195,0.12069014039306317,0.45565941181919,0.3979230835398196,0.029722975530679714,3151.4920286389406,2789.702134103579,6.317736833310045
56,33000,1,0.15243105997639422,0.9518797495526691,1.8267398038410676,0.1513058011731253,-0.012049485470985834,1.134401185006889,6.28527538036636,1.310049636870112,8.244792038764896,35694.1184137603,0.0006192130250408593,0.0036616006357354895,0.05103084351660305,0.04853658624097997,0.8306816704416116,0.13269854683078894,6267.733020444089,2073.482917040962,6.276473028092083,0.3881145037006198,2.1387970884345266,4.285793546815686,0.38792515002897565,-0.024098666821026397,0.17214193205609388,5.5487202954046335,1.2619182925001406,7.0149186960858,247400.48129557655,0.004822851261913452,0.025758681861620097,0.060325079334994154,0.7484311308221094,0.16887593018268965,0.021704185007454097,1992.7725379732192,2276.1895947535377,5.456969528948325,0.1660307859000813,1.161213265933632,2.3052809351989625,0.16603440804435926,-0.007337974068203313,0.7049518426330227,6.860819039139931,1.2859946251083203,8.735780581575954,42624.718762427874,0.0004920219643441005,0.004441463744846881,0.05759865244807305,0.22616897814916692,0.6333024748261447,0.09395907552914737,4876.458489100353,3023.588848566404,6.5741133581570566,0.2744500479062224,1.7941650474576136,3.267070131467583,0.2744501321389493,-0.044734067318304496,0.38093083874512856,6.945774769179879,1.27083762708613,8.832093934941579,119988.53721996263,0.0022102565259799296,0.012494537017670414,0.12146840661392055,0.4620000503467172,0.39301628703079944,0.028982385938349994,3122.1610296528715,2781.9923787077564,6.307127927084009
57,33600,1,0.15278134700118118,0.9521704550772937,1.825889626922744,0.1516670042851476,-0.013931328703171614,1.0658171525191316,6.294110122182265,1.3068955602908836,8.259658888047479,35859.1672156064,0.0005919284310214228,0.003676589714877095,0.06008656890320293,0.07009874450269012,0.8298071665529876,0.12995653345427594,5980.838744065551,2048.001954157873,6.375004640972524,0.39382568273421836,2.06417930657625,4.1358045894301085,0.39363850244771426,0.014275245720124065,0.172303143635071,5.419434800686035,1.2619082244447875,6.842276517938997,256228.9854885191,0.005119095122573218,0.02667265664379944,0.05822144920271727,0.7535926613072788,0.16621807118171786,0.02137915294810913,1975.703446845219,2254.4535204889344,5.412228623456432,0.1667467991501451,1.1606032954195955,2.32166305636683,0.16675081929578897,-0.006548357356802505,0.6815398052849666,6.91862178768541,1.2845646759499711,8.808443079337385,43007.158522187936,0.0004859960536114018,0.00448159018179789,0.05751955790262092,0.23580895549157374,0.6229184749578003,0.09435734288935128,4792.739999501802,3047.7161784466502,6.568970428381158,0.27685307060256925,1.7653454512060351,3.2647523265384923,0.2768513741605965,-0.02866557197911448,0.3580778106269184,6.747241184831698,1.2700013563160575,8.567041516767308,122424.20694626006,0.002173321187346756,0.012756492308788815,0.1184795052513179,0.4701088655368477,0.38893296603891425,0.028519290488929365,3091.3744793174355,2755.6631970852404,6.286068737804229
58,34200,1,0.15387976495557062,0.9509816359714695,1.8267466075956504,0.15276354259166708,-0.011916225924345015,1.0365909371118711,6.279675518888614,1.3045826684179,8.241475361639537,36383.4208133268,0.0006018749579895062,0.0037182256724729397,0.05906106743608868,0.09823740816319339,0.8289542794345892,0.1264700868510682,5711.324244486962,2027.1202345004062,6.454839322072903,0.3942262526598887,2.1231909930045827,4.142351238934237,0.39403703568645887,-0.0027651092513766113,0.17879811736998108,5.493813990319261,1.2620429742871564,6.9349728096017795,256855.62275561344,0.0038136825331257615,0.0267307042262872,0.058379793225968785,0.7528740247372165,0.16657789177667998,0.021569339177097975,1979.8403996584432,2259.310839115845,5.422688933587857,0.16739024413083103,1.154560474994858,2.35628607130846,0.16739477322022603,-0.009081256712803357,0.6879988963399515,7.726660511886518,1.2855729804653149,9.967213729026493,43352.33609810341,0.0004931095562920167,0.004517182573469462,0.05469045036380129,0.24321505981026298,0.6199807711371057,0.09387749400072534,4755.1203725026535,3054.326964433153,6.56053786874773,0.2780375751646068,1.8222780189482406,3.3451856108821434,0.2780373608434822,-0.03036159446922606,0.3507473187028645,7.058243107521337,1.2696137525256892,8.976084469412285,123635.73867304012,0.0021721474864275707,0.01287217924158732,0.11676402350683227,0.4725811389596307,0.388428398711015,0.027884247599382486,3084.038895755035,2747.1178810199367,6.28040027949071
59,34800,1,0.153901653778804,0.9514519637166808,1.825005438363324,0.15276288279902359,-0.015699211268967384,0.985730910466699,6.289135918363699,1.300935864561175,8.257553386349128,36393.97144631471,0.0005732056743065271,0.003718830302786038,0.0354677590621919,0.03714202613091562,0.8303459241108682,0.15234980635991358,6649.968620678464,2072.9212616129,6.16545492231265,0.27362090473456946,1.600475606247941,2.9994639838222215,0.27338807878487803,-0.018064497942332686,0.17971765351143076,5.459470950119063,1.262083113214375,6.887122442869659,112097.19124018727,0.0014969894008781705,0.01164423969516017,0.08374695457000189,0.625126200824913,0.2592758225781844,0.03231980925048563,2513.685658300509,2784.6318179935483,5.894620831878986,0.1448005604553132,1.163729002009933,2.228153631503507,0.1447978712672075,-0.012045277805264052,0.7797549703836242,7.37184639287527,1.2889722504447507,9.486440442809043,32088.269203578016,0.00039816528874600423,0.0033433667476549973,0.06784727061055548,0.1255862939421116,0.7176106305188668,0.09533359528469637,5759.94181467108,2737.420516413423,6.57018420931361,0.21014951839015894,1.6088142986370177,2.976349442979816,0.21014445260665487,-0.012284690245113493,0.45660378238458577,6.652979099704346,1.2754115088040416,8.459952162294279,65861.73595324814,0.0010567569130870127,0.006862259580412438,0.20352731189420348,0.2865498277336702,0.46749252078345416,0.04545415174042147,3806.023720131632,3159.7651141854594,6.447246299992722
60,35400,1,0.15572864,0.9990692,1.9293785,0.15445165,-0.020111873351416,0.9913751503739494,6.4154494997660905,1.3014972027551914,8.349689578416376,37250.168,0.0005830582862752,0.0038185552693903,0.0166243250191059,0.0190440694236972,0.8117239215779496,0.152576038475778,6865.37035046938,2309.6802727364275,6.055398941040039,0.26940948,1.4493942,2.8094292,0.2691309,-0.0008042710839581,0.1609497875344763,5.379893233099667,1.2616652523862624,6.787624353775031,111485.125,0.0008478946354327,0.0115898428484797,0.0832410720118681,0.6070864724524584,0.271740147972869,0.0379273303778059,2611.6463736741266,2923.9082478261653,5.975232124328613,0.15265237,1.1810303,2.339077,0.15265007,-0.0048322176443097,0.7284663061352443,7.736730777871577,1.2854237176587084,9.94497723908138,35793.016,0.0003955702766093,0.00373050943017,0.0705826449454845,0.1428816664968833,0.6997801078810129,0.0867508370540003,5569.294922942642,2836.891002549457,6.476205825805664,0.21530412,1.438427,2.7070045,0.2152956,-0.0102869529832997,0.4207143671651621,6.680907742230186,1.2737260856971944,8.509646467454461,71202.6,0.0009040588793882,0.0074187396094202,0.2005027485317831,0.274833033284985,0.4785870515238336,0.0460714663830878,3832.1389490633537,3136.028223858006,6.426206588745117
61,36000,1,0.1531654,0.9712219,1.8591881,0.15189536,-0.0158295322460607,1.0393432581489446,6.34100079810966,1.3038319603592825,8.26759950129307,36034.008,0.000572007444896,0.0036899086553603,0.0142458416104666,0.0116971998613936,0.8215741795953256,0.1524508681640021,6924.746623422247,2230.3460761876,6.024791240692139,0.26547933,1.403904,2.768898,0.26520708,0.0019275092857111,0.1523367808502369,5.2881856414837705,1.260509673915964,6.665809158578899,108256.164,0.000756706737968,0.0112518006935715,0.0838847415265012,0.604002771449827,0.2743389723027135,0.0377681603842896,2626.285360646842,2929.3254796034344,5.97160005569458,0.15195191,1.1027336,2.1250725,0.15195039,-0.0081136003748799,0.6692056556604387,7.257122459578888,1.2832624574345286,9.312792801443802,35465.29,0.0003567666461203,0.0036930367350578,0.075089578677029,0.1512202492524347,0.688154163563407,0.0855312797975273,5496.015146026376,2881.258953608382,6.474428176879883,0.21337587,1.581192,2.848339,0.21336909,-0.0076449805433762,0.4373584508124324,7.4103601460383075,1.2740065565911685,9.440847412798938,69932.94,0.0009066062587281,0.0072767538949847,0.2035874953565273,0.2730396545026849,0.4773834670877508,0.0459833115800607,3823.863213688399,3145.1039145757863,6.414047718048096
62,36600,1,0.1499473,0.94394684,1.8800735,0.14864662,-0.0160441989447263,1.1097513761122313,6.295190609563123,1.3073118404202644,8.229777221639218,34535.723,0.0005610225258074,0.0035384590737521,0.0035518516573472,0.0049991691500815,0.8455010490738188,0.1459217054476533,7013.320712741019,2000.934711562971,6.011878490447998,0.25945526,1.5455246,2.9346466,0.25916785,-0.0182393759832652,0.1883894324093717,5.956805715290633,1.2625227544824864,7.520602759614733,103398.97,0.0008537023571919,0.0107566723600029,0.0922879431915671,0.5849077423490355,0.2848651402359042,0.0379345447570334,2691.686132122643,2948.071025846821,6.040343284606934,0.1523263,1.077652,2.0975113,0.15232413,-0.0136987569671484,0.7055497858544659,7.07462842788836,1.2854170614414098,9.093848084625815,35640.273,0.0003798632203236,0.0037159528583288,0.0905133247491868,0.1542071921607562,0.672726000038513,0.0825497076951786,5378.043486111451,2929.9925628143787,6.485762596130371,0.2118952,1.3380051,2.5323868,0.21188648,-0.0196565951599122,0.4246176652150701,6.314466211964169,1.274283193371534,8.046418169056329,68965.75,0.0008560172453526,0.0071884747594594,0.2231734981291044,0.2477158645445303,0.4831485536926448,0.045956188617245,3848.0417576981536,3152.360352559695,6.420319557189941
63,37200,1,0.14936142,0.9378433,1.8176079,0.1480529,-0.0140902174424459,1.0665689803684248,6.279020000506673,1.305154843875163,8.19509336850518,34266.367,0.0005308143386145,0.0035104511771351,0.0022482013878832,0.0047940320286639,0.8458050733953876,0.1471252128530207,7019.088935141567,1994.2310419926869,6.008842468261719,0.25268173,1.5102386,2.909851,0.2523706,-0.0101668147809066,0.2057456983596202,5.976841437799986,1.262648518931314,7.546649989355322,98070.625,0.0008387376636751,0.0101970452815294,0.0916831206046469,0.569455148060959,0.2981644477729961,0.0406919947354348,2792.4716199552413,2988.896470795956,6.096660614013672,0.14952677,1.2022018,2.1790504,0.14952445,-0.0046477725712022,0.6531030784900449,8.040043959967644,1.2837657917173355,10.321533399779074,34342.28,0.0003264807621775,0.0035795932635664,0.0921248379174306,0.1433209591282741,0.6791500401765053,0.0854001785606263,5432.333263269476,2913.67276582295,6.484088897705078,0.20884468,1.2770653,2.3720741,0.20883523,-0.0027211912450196,0.4101504156577102,6.114904616194856,1.2730161873097,7.784372560308133,66994.33,0.0007802554212654,0.0069778310135006,0.2172092906236946,0.2427328252362988,0.4933958647195467,0.0466558630297897,3902.934125684319,3150.607569554825,6.412232398986816
64,37800,1,0.14928417,0.90494156,1.7564774,0.14797723,-0.0155185623472996,1.1250445997283958,6.061872229464406,1.3078096801751815,7.927775181731765,34230.934,0.0005587592941256,0.0035047940909862,0.0022345472368987,0.0048874274498284,0.8449052198296975,0.1479455125261994,7029.771083442054,1995.3020224263264,6.004393577575684,0.24580036,1.4823914,2.848053,0.2454856,-0.0084312955922716,0.2129043564699309,6.030875427360206,1.263595051657217,7.6205843472044625,92801.766,0.0007771674698729,0.0096419909968972,0.0957150718112219,0.5503399059547883,0.3122003467460307,0.0417390127792976,2887.1483430464477,3026.075259264882,6.160164833068848,0.14756033,1.1128426,2.059269,0.1475553,-0.0070344558563027,0.6853788780145322,7.541610763822562,1.2858130984568084,9.697101903651625,33444.94,0.0003249444822357,0.0034842318855226,0.0938951126725564,0.1359521517703567,0.6828071357086024,0.0873415817627468,5478.507043951464,2900.745164993116,6.488177299499512,0.20666309,1.2862206,2.462101,0.2066559,-0.0163505684680973,0.4290152893114505,6.223755626307182,1.2740319936264526,7.929263788466359,65601.99,0.0007825722058323,0.006831576116383,0.2202168908069055,0.2348934590225748,0.4975381197903156,0.047344560558627,3941.302473172118,3165.390966377104,6.395941734313965
65,38400,1,0.14562957,0.92954636,1.8125534,0.14427269,-0.0095008261625825,1.3953515854071892,6.382950639138368,1.3238955931843333,8.450360222726436,32575.443,0.000627598529773,0.0033311445731669,0.001458478962224,0.0037904076271037,0.8633052671674836,0.1314415400233227,6953.522668461046,1890.7954767717172,6.019662857055664,0.50828046,3.0722618,5.921364,0.5081157,0.0011761185590074,0.227064380854459,6.044422471158251,1.265540341091195,7.649460475863947,396824.1,0.0151552343491534,0.0413010939955711,0.0362970793632011,0.8549579053139722,0.0917107450920268,0.0170314515083263,1551.0670577626188,1850.726646795236,4.988962173461914,0.17530474,1.1694908,2.3382187,0.1753039,-0.0032998348373176,0.5986500194786326,6.671187611643256,1.2802628758015266,8.540873836742632,47203.97,0.0005653893759016,0.0049213790334761,0.052905718836463,0.3097745571836715,0.5417820044939364,0.0955350521791752,4627.259526592483,3152.601078667516,6.566983222961426,0.32728732,2.035427,3.8122177,0.32728636,-0.0391723028328584,0.2956481013338874,6.219083331341396,1.2661167909721665,7.874085830290516,164531.69,0.0033922808000158,0.0171356424689292,0.0675520113382555,0.6101404317296779,0.2989448594920909,0.023359198598841,2539.178509955373,2567.22811134996,6.014529228210449
66,39000,1,0.14974255785428922,0.9527376854901353,1.8350035485911715,0.14848469833766634,-0.013369293972898221,1.2765105378984853,6.27927841794426,1.3185750175496285,8.229378359328795,34461.71728606353,0.0006152722652007975,0.0035579231699143896,0.0044903431238563956,0.01659231182722355,0.8328727362360617,0.13435498826554107,6827.849859038927,2167.16732782414,6.111960321768846,0.3989724250837573,2.0639304517859047,4.1787875475213,0.39878708335069424,-0.004157736223036702,0.1736716136796868,5.392962351899406,1.2619429687267973,6.805155434119507,264354.1923449055,0.005131046247302899,0.027506685721159548,0.05730158669796662,0.7549131782784322,0.16502259427054652,0.02214572214400248,1980.7201341049263,2261.6485226610885,5.450596650927079,0.16828892447237406,1.1605938140813254,2.304636569358163,0.16829300939533315,-0.005703292859128171,0.6534890447458587,6.862773705740584,1.2842693887243593,8.726898783407904,43836.827138951376,0.00048254364726389764,0.004564780902190634,0.055995621993637223,0.2366150702818472,0.6193032984066602,0.09624480414040605,4812.0048622968525,3046.8251094756956,6.576118999508733,0.2802641132547551,1.7879771493454855,3.270977830665595,0.28026294871256646,-0.04251398873766001,0.3531442030932473,6.833163539514692,1.2695103524317108,8.678760317826038,125932.67231214503,0.0022531910529990495,0.013104953428289299,0.11629507921024682,0.4682712854151785,0.39195811301474115,0.02792858845845228,3094.60290529109,2736.8686228054444,6.2964307858260415
67,39600,1,0.14919122511612393,0.9543495643792337,1.839560502293567,0.14794698586670282,-0.012651645098661983,1.2600247422405801,6.3088279264790765,1.3178511810277478,8.271654213141153,34216.50655386994,0.0005940608493780228,0.003539423646287311,0.005105912277935709,0.01594653475064882,0.8330956635923854,0.13065106798361414,6822.35465875679,2179.1841966334955,6.150097598065084,0.4036188997669787,2.0926897306290355,4.169802664027353,0.4034345187872782,-0.013646832073718924,0.18001096397583954,5.406170100961741,1.2620686807050059,6.816761488938512,271827.4889410592,0.003911743022352358,0.028303408555638454,0.058045489763939515,0.756160693727638,0.16355243856992938,0.02154848845472207,1961.8010299205487,2241.0539993372745,5.42803257376913,0.1698595319561965,1.1565926595053888,2.3270411137691314,0.16986389597851356,-0.010196781412762205,0.6318567061482689,7.348024079090171,1.2825293817519632,9.405133939124065,44690.26664632505,0.00048167690924596183,0.004659628816859169,0.0577456988377702,0.24696034142352719,0.613929435920282,0.09341455274414906,4682.3473116820605,3052.268866454891,6.562627894202053,0.283055059536706,1.7944706473967416,3.320379443978321,0.28305255377284505,-0.028401610155693122,0.33813766071588897,6.834212237955045,1.2688754314189519,8.677956329282704,128847.91100029444,0.002258046838599695,0.013410184877795245,0.11856759772431383,0.472786590001,0.3871840003129412,0.02785692407692974,3062.992353773171,2727.42099070834,6.28227891468514
68,40200,1,0.14903280096227572,0.9528393142104794,1.834398214124198,0.14777842367308572,-0.013066574717132426,1.276464730876047,6.274901477149654,1.3183374654819686,8.223397229547826,34146.51721721758,0.0005966729805995081,0.003534450852617294,0.0050816770240695724,0.016132522084255096,0.8331230550853541,0.13005863884737606,6811.649270507279,2179.9835696541145,6.158235904369205,0.41428340439985967,2.096493526049345,4.27942737046682,0.414095669500838,-0.0024046149021474256,0.17595357392141903,5.360033312113747,1.261965867086313,6.760021020239523,289474.60570507834,0.005471230419973196,0.030138826504570726,0.05696966315987381,0.7607588197555639,0.16058765744791953,0.020990953850548364,1938.740467227396,2212.108500632578,5.437305335417681,0.17213551716456943,1.1615103522847547,2.287089600032113,0.17214063323105194,-0.005004776441851934,0.5712308350902207,6.602510750263153,1.280453634829115,8.331642191548442,45942.06330187502,0.0004640278459124425,0.004788841517498288,0.05635520303197742,0.2573551693689599,0.6067343375437325,0.09279914174613643,4597.829399504284,3064.6898493973567,6.557393154522476,0.289827837222834,1.7682866002925355,3.3019519959509336,0.28982682729730436,-0.042197549407394445,0.31858385070739054,6.610039704751355,1.2687985054270583,8.382164418885651,136089.1504427578,0.0023535662044639714,0.014172942618262362,0.11482948919126601,0.48659413826083253,0.37948619183630405,0.02690652224721684,3002.3528396275246,2691.830891181788,6.264391903300926
69,40800,1,0.14880512866432571,0.9527660467629507,1.8328474929656486,0.14755907597941917,-0.012845268086856296,1.2878417376317681,6.271180538429412,1.318502921215542,8.218007087263992,34046.307470834276,0.0005953687828754112,0.003525351962766971,0.005456728306622647,0.0161472614353197,0.8331091287920244,0.1301423128053015,6810.627591006919,2179.653443690967,6.168758678275523,0.43063184264028204,2.241783049007069,4.60157417775211,0.4304476349331795,0.012867197927333767,0.16848418511688257,5.454153159491749,1.2617656042892724,6.8959175391923,317864.73899398476,0.009127309967064519,0.03309389745765999,0.05721504387887781,0.7656791019514411,0.15616829558489015,0.020107728894227322,1902.1241750629779,2167.7961302058484,5.457080390130579,0.17875158172380615,1.159778412362107,2.3209938982287075,0.17875827876276584,0.0015581531747074166,0.5729512113797871,6.607444362087094,1.2805583424526548,8.339322345218736,49682.32815964334,0.0005043454448222705,0.005174893929616555,0.05622093144414522,0.29158792951063106,0.5778983336190173,0.09080998658296445,4279.133807702851,3097.308307324017,6.532259968366283,0.306566917246443,1.8160709958071564,3.336259204695116,0.3065679375712858,-0.07450755923348612,0.40493147346416364,6.67632831606328,1.2734481335728205,8.484590199988244,154999.7427208179,0.0037079054296059646,0.016132110899580863,0.11571211557650873,0.5078769753168036,0.3642538476682079,0.02406460107640891,2869.5982242500695,2594.951553578598,6.223426148386649
70,41400,1,0.1492767718909301,0.9532600097282636,1.8339901314855844,0.14803057937061603,-0.012735325564113734,1.2845101276331048,6.28619382844798,1.3184059772440104,8.23927832261999,34254.38675101722,0.0006062726682081193,0.003543018767242109,0.009504643116968041,0.016463487556415017,0.8330317347271717,0.1296668020970736,6781.567549886889,2174.8175069010717,6.174126267048127,0.44304019099537445,2.247151021286646,4.497277169523867,0.44285270334710414,-0.008273508238414402,0.17862152849122404,5.404585187427131,1.2620166638407997,6.817156060113296,340493.3953903733,0.006384368951051016,0.03548455045775746,0.06718058057117736,0.7568772409949756,0.15420271306268588,0.020076331124596232,1887.5542215698047,2155.8569321977625,5.441218275962892,0.18497925552287678,1.1626449612683964,2.2900141035823656,0.1849877538799288,-0.007918093732287029,0.5104077357902953,6.055343443984985,1.2777544409873467,7.539233192453652,53340.88470304661,0.000501289007258074,0.005562042779673858,0.06303851230180452,0.297651733964556,0.5659248119473439,0.09008127174384634,4144.7728501293695,3098.714935938726,6.5201865159840455,0.3180072616645372,1.8040389694751058,3.3332135292775256,0.3180085262306596,-0.03890751334268998,0.2994098851461554,6.503296271873296,1.2693128476039433,8.242988848440529,168754.55851294028,0.003245533005650735,0.01756973950670327,0.15220924008459372,0.48639488742282044,0.3586712755514134,0.023174404812059415,2811.0648046178076,2560.2488275421306,6.222112759942085
71,42000,1,0.15141611808413336,0.953134745787818,1.832194553612049,0.15019845783539318,-0.014656346847410394,1.0763675994861641,6.302275810490244,1.3047126571133478,8.272739931876712,35221.72550024369,0.0005659331753062092,0.0036212682925460087,0.007150628625657178,0.017708460608394344,0.8320332975884238,0.14717869487553728,6954.0191098339865,2142.6012883716994,6.076377977141684,0.28870733544648997,1.7590250338987725,3.2659857168962203,0.28848526535206287,-0.025949177342707054,0.18064578534498224,5.670709381434442,1.2621293731928707,7.1660542970525825,125383.36691458442,0.001570222747975002,0.013030391214323915,0.08626899877848201,0.6518076778964939,0.23280079041312468,0.02858804992104169,2329.438144320814,2681.7011947184783,5.820899457647211,0.15127092780332185,1.1627239735253123,2.273656774711821,0.15126844516330384,-0.008563000031310912,0.7082309000314618,7.236254119037126,1.2850741698365757,9.264531308585529,35134.88038850245,0.00040965086985236696,0.00366403903642461,0.0820542719274344,0.1368516060629753,0.6986916902760232,0.09187442297078702,5459.010084007848,2807.387668880975,6.570572601210053,0.22322660917367448,1.6377675898554127,3.035098883383571,0.2232221560610469,-0.005258380869484219,0.3803429431129814,6.664631224817111,1.2724347504345108,8.465835624204605,75144.42983581492,0.0011273039143308698,0.007830070819021817,0.22106488937155883,0.31534224653401255,0.4383565932497175,0.038711326516435135,3531.4295632675376,3097.4919639988107,6.418663432326734
72,42600,1,0.1494791,0.9607315,1.782608,0.14810579,-0.01281451640629,1.0893492365621134,6.427195958077591,1.305582547194629,8.391234870322101,34320.39,0.0005438624831687,0.0035142700653523,0.0030690501869537,0.0051006324861634,0.84545851135451,0.1463454062295267,7007.787205206989,2000.579302950042,6.015519142150879,0.2865608,1.8488884,3.5432816,0.286288,-0.0048663467907566,0.1354428310728135,6.451993341897752,1.259857680429255,8.128593365896664,126131.85,0.0009133204224371,0.0131123894825577,0.0903751768215924,0.6409186919817951,0.2364066242786964,0.0322954539118273,2354.665199676561,2783.3195129559717,5.862757205963135,0.15417069,1.2472153,2.4541855,0.15416259,-0.0132077230888023,0.6449986223724324,8.089833774988072,1.282051139061854,10.37158060611179,36508.574,0.000364389684202,0.0038035060279071,0.0910884097357872,0.1670621954815974,0.6653842992474257,0.0764611086621433,5264.088325833572,2930.375916629146,6.480310440063477,0.22730342,1.531887,2.9665947,0.22729065,0.004033235816977,0.3373272335733981,6.7393930303175225,1.2693113881754754,8.554388322810093,79360.266,0.0009004824461661,0.0082649728283286,0.2406864337283849,0.2964121876756636,0.4244921683057214,0.0384048472213269,3433.1750714934883,3099.9118887116288,6.353095054626465
73,43200,1,0.14858112,0.91018677,1.7656326,0.14708558,-0.0146133892287778,1.1050091716470654,6.125857602572722,1.3064594278675328,8.003184418708999,33909.27,0.0005385429724923,0.0034618021454662,0.0028082503406697,0.0049270700759633,0.8447511274383339,0.1474871886639665,7020.347135122157,1999.2021269454915,6.0111188888549805,0.27449068,1.4840126,2.9493332,0.27419007,-0.0120957211988829,0.1538406278139668,5.406422471846011,1.260272250016466,6.813564213157778,115730.14,0.0008733362418505,0.0120280571281909,0.0876909055021671,0.6254577612474723,0.2524686744565256,0.0343782549262058,2473.0367875468487,2841.466044196511,5.947274208068848,0.15002118,1.1467934,2.0402908,0.15001164,-0.0100792194271872,0.6292180329184496,7.644209714710563,1.2826050980499826,9.804502350716326,34569.758,0.0003187215839245,0.0036021084524691,0.0876046025537521,0.168717985895578,0.6635289985099911,0.0801444941254229,5301.623880599952,2947.426345332118,6.457845687866211,0.21820378,1.4398575,2.873516,0.21818873,-0.0047935184529247,0.3958865612221074,6.598682492460578,1.272225356667092,8.395011187542028,73133.4,0.0008974698393099,0.0076228356920182,0.2237960306769706,0.2928625163521669,0.4424397438257845,0.0408971350744444,3584.358385601968,3128.165714922267,6.363211154937744
74,43800,1,0.14885937,0.94537735,1.7990112,0.14750512,-0.014189005994873,1.138495106184795,6.3508086211255845,1.3082149300963553,8.308222656396948,34036.39,0.0005590309299228,0.0034833394456654,0.0022169998895434,0.0048739648495792,0.8454726670807294,0.1474108820685588,7023.143649368143,1993.421186091605,6.00873613357544,0.27488074,1.5813828,3.042984,0.27459013,-0.0091845281360038,0.1629220127654207,5.752977703482538,1.2614084293945764,7.256854569318324,116059.27,0.0009301585736268,0.0120668970048427,0.0869637787450279,0.6214011758005626,0.2547687178932499,0.0368618582764866,2511.160366831951,2866.14743812473,5.961098670959473,0.15030603,0.9987831,1.9934654,0.1502999,-0.0069342848754422,0.625952636162141,6.644996905337808,1.28278950559734,8.524132294950853,34701.164,0.0003194825202284,0.003617858979851,0.0998135222581581,0.164161944934689,0.6552243554970725,0.0807963961233655,5260.441759534475,2980.9284510080743,6.461902141571045,0.22039182,1.3298035,2.6192665,0.22038673,-0.006351790357073,0.4244732099467145,6.033814855642694,1.2746114869216567,7.6907697249956115,74607.445,0.0010014567751131,0.0077720959670841,0.2330761293179993,0.2922423177095124,0.434617846354323,0.040058890861113,3529.345524688483,3133.113329175725,6.3227739334106445
75,44400,1,0.14800999,1.0035515,1.8802643,0.1466172,-0.0154218139838166,1.1212941326773036,6.780295792210579,1.3073205966361872,8.864020340502451,33649.086,0.0005381255542999,0.003436392173171,0.0021269086489196,0.0048876013574461,0.8458150010086767,0.1471463511937517,7022.036424096738,1989.8102527830592,6.00606632232666,0.26818633,1.5202522,2.8868675,0.26788256,-0.0243163185260489,0.2005852067463309,5.668641736024843,1.2625083353768922,7.156707442023386,110475.13,0.0010376370120383,0.0114758424460887,0.0895740349856031,0.6122543557816803,0.2617512715956792,0.0364160616931685,2539.108543144829,2887.9323786000305,5.924304008483887,0.14553675,1.0120392,1.9732475,0.145521,-0.0080698904020598,0.6637252738642543,6.953839361561326,1.2853347914762123,8.938011665812919,32533.932,0.0002977687046198,0.0033843391574919,0.100528023324777,0.1611408066847554,0.6550813151897584,0.0832462082914392,5278.641960289328,3007.098281509494,6.426759719848633,0.21358466,1.3631821,2.56176,0.21356753,-0.005192099742661,0.3968492380584871,6.382396836901754,1.2730350761204643,8.125015043134276,70069.875,0.0008258587867163,0.0072873225435614,0.256158859924134,0.2557079322659832,0.4473829868711472,0.040745220611728,3582.22943898957,3184.774046575712,6.183245658874512
76,45000,1,0.14790915,0.90055466,1.7539978,0.14646181,-0.0169549666049465,1.1333343615626683,6.088566257414622,1.308588704496132,7.967429031082931,33603.25,0.0005424231493466,0.0034309569746255,0.0022047575848217,0.0049343137126419,0.8460801167578624,0.1467541942187308,7021.659672507079,1984.0099594787052,6.011859893798828,0.26925462,1.7356873,3.4277916,0.2689447,-0.0330925140301473,0.2084646433517627,6.446267197308651,1.2615902244595265,8.132547680408905,111357.01,0.001095683429702,0.0115694534033536,0.0962933622700909,0.6092984434462279,0.2597585804235509,0.0346451863612836,2511.458894110306,2866.0509423540834,5.910337448120117,0.14712307,1.1536598,2.128315,0.14710644,-0.0079321174511033,0.6967627600563673,7.841461109760256,1.2867579206936923,10.090062192864146,33247.02,0.0003264435024155,0.0034613152965903,0.1137874358049533,0.1614207523213477,0.6415699304951488,0.0832178366899719,5200.937243729238,3048.053787307929,6.430995941162109,0.21709166,1.5398979,2.8324127,0.21708438,-0.0093485317347015,0.4058324896819658,7.093307433159203,1.273472722570486,9.033133528976329,72389.83,0.0009014038481128,0.0075293136760592,0.2673044189301312,0.2591685499595857,0.4334515857409537,0.0400691600915,3484.066608928273,3189.9748646301564,6.130951881408691
77,45600,1,0.1438828,0.8817673,1.7587662,0.14250407,-0.0103987207765939,1.3008523904184806,6.1283718166800005,1.317920216755652,8.076705113054269,31798.668,0.0005575239082956,0.003250662703067,0.0014134104884349,0.0040124494892928,0.8652844357073373,0.1292847861829021,6962.50137533088,1847.2566711066384,6.036480903625488,0.52634287,3.3967018,6.5107346,0.5261713,0.0218027382506986,0.5639227516221363,6.453401411992041,1.2830753701595587,8.28020040549564,425528.6,0.0432807312349339,0.0441798977553844,0.0443751411838615,0.8595940064821934,0.0837373289857618,0.0122917789362003,1413.786589366169,1726.2154197240866,5.413515567779541,0.18119249,1.5991211,2.8037071,0.18118784,-0.0263908553228857,0.6632691213935358,8.825537504324371,1.2824342286339063,11.3181713817003,50427.98,0.0007149086105875,0.005248153116554,0.0508088587958737,0.3637411500290516,0.4794867901275154,0.1059613486474566,4347.371704028975,3227.1146688933222,6.677512168884277,0.3557941,2.6563644,4.940796,0.35578975,-0.0608537520887418,0.4312689512260492,7.466015952275748,1.2755002145825896,9.522904949231515,194441.39,0.0069110362424493,0.0202565025538206,0.1161170577536851,0.6333668562822268,0.2335158016889947,0.0169980773549471,2106.2030440405624,2420.2763330386024,6.071849822998047
78,46200,1,0.14868996264952333,0.9533356399543227,1.831378381203004,0.14742474145585946,-0.012678691437048023,1.2573355243279711,6.282447071533742,1.3178654153791496,8.234433246501514,33995.78257435467,0.0005804676327637647,0.0035212376944109285,0.004797294732794143,0.01622977053216894,0.8331576248441229,0.1295035462070504,6802.379131659341,2181.831952555737,6.165318280481262,0.44656635357030605,2.2087579010496325,4.562925652710177,0.44638288536793214,0.016174811224559563,0.17252118574712752,5.348214675745883,1.2618804229337892,6.748159188560798,347094.12905543204,0.009231779291254315,0.03612821929477596,0.060752219056095236,0.7641950720942954,0.1539349624623948,0.019941109388053217,1881.0723665340402,2149.2220822080753,5.479883463880643,0.18576788017097018,1.1556666399636895,2.353088956438587,0.18577305049676804,-0.007391967646271208,0.5101697591373211,6.892492417800437,1.2774944939802544,8.723157413834777,53813.709448618785,0.0005059000045806092,0.005605798710335198,0.061639027227225564,0.31367782341107325,0.5505539433910258,0.09055581867158834,4035.392227828199,3105.64454893871,6.526342505040237,0.329364206492038,1.860742357289174,3.4262318948239647,0.3293644028479082,-0.01929818472910215,0.36968552918962827,6.659505436033653,1.2737597772661058,8.463308838122508,183075.96131210818,0.004668711651673444,0.0190573034510381,0.13247877289906507,0.50632301633239,0.3565442896806394,0.02136440674103323,2774.0253356377866,2491.3293269017495,6.191752056325265
79,46800,1,0.1488210468107219,0.9535743494816835,1.838179810813228,0.14756558494504846,-0.01370007420089155,1.2743465267234324,6.288822629360695,1.3182475039190267,8.243116830047494,34053.29844770741,0.0005904353063585577,0.0035262053806113724,0.004961002626310586,0.01614187906071772,0.8331736790730736,0.1292173872774917,6813.583858882427,2182.2654717597698,6.1648136527277195,0.47555924697615987,2.506126888041436,5.193899808707261,0.47537253253357414,0.009592484469227438,0.16092474435253412,5.533196984213902,1.2616430896541737,7.008691620273523,404222.30472451926,0.019717559370840004,0.04206985348390621,0.05994799337399234,0.7705652017475892,0.14920464622198595,0.019036998915772468,1833.014957364731,2098.1534511544382,5.493154881229126,0.21384398550851047,1.1468900093684438,2.466152799054594,0.21385658897656076,-0.003943559115631108,0.5140669872399555,7.020954201475431,1.2818474909814093,8.935316315346538,72043.74846866562,0.0007284440415455367,0.007508470391178743,0.056013850403322074,0.4011533068262868,0.4822714349541884,0.0857213784757437,3265.9372690540226,2971.672273673261,6.389213387707363,0.3785112674067771,2.014828890581044,3.6606167170983177,0.3785148531836077,-0.018139905805301393,0.7514847941109324,6.851731564640873,1.2939336416633165,8.787973866991868,252710.6882600748,0.01884792096286184,0.026287553632034267,0.12389998892026707,0.5458006787346901,0.3337130006920247,0.017721354724493148,2571.6387631304005,2283.6986719345487,6.055560998988311
80,47400,1,0.1486561141801008,0.9535459879610414,1.8377241161561702,0.1474090065133217,-0.012579280881382037,1.2475661500261435,6.286700031802709,1.3169406974834061,8.24118336519813,33980.953607255986,0.0005758179146274804,0.003520777954945338,0.006089744114189979,0.016235928115740424,0.8331303640377544,0.12946021947368275,6795.2680447895245,2180.0104979328394,6.172538651314126,0.465632264048968,2.2540120104801984,4.6663195850106565,0.4654457166815249,0.0023376074029198644,0.1800883220608443,5.320955976075649,1.2620395355945142,6.704430453514625,384088.6739592223,0.007253301674758797,0.04000803475233007,0.061459086542108875,0.7665174010741831,0.15119641888037572,0.019515263418392742,1862.3783741477014,2116.166011425251,5.439524964334945,0.20162865748290074,1.1583435587905822,2.3520976023861984,0.20163644249271134,-0.003597892059829882,0.48707818931547636,6.107724524367328,1.278978628721652,7.6206170046998345,63778.323530929825,0.0005929415440774793,0.006646612566232623,0.06158278464974338,0.3763190808005698,0.4976730210088666,0.08687445035449308,3447.0650010921313,3035.3843523473415,6.412428579466494,0.3463940603431439,1.910990457057481,3.5408383149632154,0.34639534699690133,-0.0019943010640236006,0.327223958259649,6.720715542836059,1.2714682667529071,8.536861308308497,205796.17287066023,0.005165720712079093,0.0214104313822005,0.12451217360423666,0.5298787388401193,0.34435157637216884,0.019806047108148574,2676.736572087737,2405.7131320334133,6.113153489191557
81,48000,1,0.14913165737086478,0.9537539726935765,1.835663284567536,0.14787907541152395,-0.01263094111042061,1.2642171866517962,6.295498881531183,1.3175346683061167,8.253106486481265,34190.1640719377,0.0005942512454642862,0.0035364256960518977,0.008487384519841447,0.016167128002014575,0.8334537821992233,0.1229067419005691,6746.486858706184,2194.610963829748,6.226941717103248,0.48013032799105987,2.346297736932345,4.866109191128457,0.47994721061500567,0.04001763572279837,0.17482650036470715,5.358521693651125,1.261931008992856,6.759621719487297,413693.9859433179,0.011762705067231004,0.04310111777166668,0.06617448799027573,0.7632526731808034,0.14968689173382138,0.019177903378708335,1847.3387552850568,2098.2906870432207,5.489548722219814,0.20654047611810686,1.155401159178132,2.374824368699166,0.20655155653826154,0.015114735389929253,0.518646355715149,6.305644325315471,1.2800313833851105,7.907655864553752,67040.0440360747,0.0006668806757176808,0.006987181681138805,0.06216795466287836,0.3783024459724842,0.4958336952626392,0.08654971656201782,3424.714229529425,3017.7165742690067,6.418762787747472,0.3542929646871268,1.8702151743800086,3.46936972040809,0.3542951882068085,-0.004042843713564993,0.3127669509736836,6.481358389274885,1.2721735649072026,8.222558904029206,216841.60973756164,0.005450453856037403,0.02256459984794177,0.12964683019166698,0.5279201587582572,0.34285866401252085,0.019485566900641058,2665.1130523037214,2392.738605202099,6.130768799498479
82,48600,1,0.14938043557241382,0.9536972491566392,1.8355544601532996,0.1481175941588549,-0.012179287380082102,1.2237583310270113,6.2964946863112665,1.3149783824972896,8.25654495602978,34300.37004256917,0.0005839065014459816,0.003545537421779731,0.007846583358845785,0.016293515849823404,0.8330411686347218,0.1302767195312606,6797.352410305965,2176.5287506156474,6.166478383158642,0.5557140016988015,2.5105350397702946,5.331427407188581,0.5555304193980533,0.08944507231188238,0.18343601187499659,5.259692905169983,1.262085826323185,6.6206729080732405,588658.7965652226,0.012148194050470261,0.061303142774771405,0.06757802341020355,0.7700698992463875,0.142483415025656,0.017853488887203752,1781.6044981955972,1999.7287098089207,5.428424851798642,0.21795107525707236,1.1491149821951316,2.4834023387759685,0.2179652248456424,-0.006678207843576093,0.46427898707982707,6.671976280133819,1.2781370739559363,8.415100144009736,74938.327973241,0.0006979906147425475,0.007808235823122574,0.06481001532028602,0.3971674887596519,0.4767755721703176,0.08548715765471425,3246.9353080196965,2929.0728868731603,6.446232963498397,0.40580841355609265,1.9738053429988955,3.6663824363765816,0.4058126845454417,-0.03057266866252381,0.5586333999460598,6.492178053238598,1.285755335048221,8.277451069150047,296761.7622880731,0.01928004274122461,0.030869669611085584,0.13149670372794753,0.5500600174830538,0.32618917590394525,0.01703366041642925,2536.890396354451,2190.448420888609,6.082499382677293
83,49200,1,0.14937892461068972,0.9534656301953089,1.8381390025493667,0.14814631737904926,-0.012861855623481598,1.2446007800481267,6.291522045778463,1.3168256040581514,8.2480697545738,34299.69976533619,0.000592478536486619,0.0035462949401624416,0.0065144592788688276,0.01629180873570866,0.8331030333418207,0.12973000585066174,6801.980576483132,2179.516462973035,6.1673834661804126,0.5423782475445643,2.8031759721256995,5.638358651527795,0.5421938112479951,0.1495352927601817,0.1642316496334232,5.539309430521149,1.2617453979509636,7.01150250585463,555274.3007980856,0.03491081737097478,0.05778876925203913,0.06298133742400534,0.7748107860710762,0.14236376324487612,0.018153587166215176,1782.4281057090288,2017.2243066039202,5.456441899692354,0.25136138399326763,1.146520233861915,2.4862276991246626,0.2513822023887559,-0.013417518627890729,0.3530325457038256,6.129144984174333,1.2756502818056947,7.63134321094981,100645.45292264925,0.0007840995048496199,0.01048373433472629,0.051441532790238095,0.46748801924441424,0.4279407603113118,0.08325737755975834,2712.2522933328455,2708.065758794508,6.28705169236512,0.424112823504903,2.003102424135705,3.744421308416476,0.4241182295048263,-0.06446950058837891,0.6141394444881052,6.470451520460415,1.2849049319892012,8.245800065840688,328450.6202871569,0.02637105292557065,0.03413299605562799,0.12163112922685104,0.5649983868075746,0.32114521847933836,0.016548641566546965,2474.569846191877,2144.5434658399763,6.005174655276425
84,49800,1,0.15177576,1.0066986,1.9439697,0.15034786,-0.022450082294646,1.0211159728405637,6.632802182745772,1.3034368865332873,8.645439026126303,35383.117,0.000541857092776,0.0036165257915854,0.0023854504049643,0.0050623248256121,0.8512929361588094,0.1412324581173983,7004.5402747170965,1958.338657444624,6.013055801391602,0.31365836,1.9841194,3.5449982,0.313395,-0.0250081200485229,0.1771135883893149,6.325734268212401,1.2612137247381563,7.978102878141392,151114.1,0.0017142704268522,0.0157035980373621,0.0948646362890696,0.6639588390009661,0.2137012568651831,0.0274707901541136,2164.2786429766784,2651.5734482745384,5.771254539489746,0.15690206,1.0214806,2.023697,0.15688485,-0.0117263522027388,0.5500315591343292,6.510306881023064,1.2796201699850862,8.330719997802905,37813.645,0.0003333513283111,0.0039390046149492,0.1200752223848805,0.1730080383078922,0.6345868893670034,0.0723261332076613,5047.854238441151,3028.634608237161,6.397568702697754,0.23621103,1.4136314,2.7199745,0.23619163,-0.0252678801198972,0.3144646233308839,5.984612273087954,1.269416924490844,7.596968106005631,85702.125,0.0009789770278577,0.0089313462376594,0.3062616006397476,0.2577877801078631,0.4023035549228599,0.0336426129476949,3222.918141815556,3112.462511425957,6.165463447570801
85,50400,1,0.15003282,0.97198486,1.863575,0.14857058,-0.0146625264337481,1.0399625835938189,6.478481669379929,1.3042444839432417,8.449523981672494,34575.12,0.0005269419617769,0.0035312548279762,0.0022172357183264,0.0048532626215402,0.8533024881697531,0.1396002992755949,7003.5220982342125,1937.8634684149813,6.015018463134766,0.30307165,1.6824722,3.3117294,0.30280706,-0.0193234145681996,0.1943254577846249,5.551400933586694,1.262821298881595,7.01042733758758,141085.31,0.0016394981875509,0.0146758873015642,0.0872772036619538,0.6598125892027137,0.2242016557158594,0.0287039743442127,2245.996108605732,2687.8276136388267,5.878715515136719,0.15502101,1.1090279,2.0676613,0.15501033,-0.0115964588789858,0.5625951307045898,7.154048663818069,1.280039786816885,9.157466926570374,36912.41,0.0003249063788553,0.0038422257639467,0.117190723964808,0.180166848877927,0.6291745709882501,0.0734640382438204,5049.169247120819,3030.688186670496,6.424087524414063,0.2302004,1.4450073,2.7655602,0.23019518,-0.0078737251634195,0.3401071363353858,6.277171350150907,1.2706459683730928,7.976062468890984,81396.055,0.0009550805537801,0.0084714405238628,0.2759967964107468,0.2784254639551549,0.4104995635026758,0.0350733353611906,3328.561909664736,3111.675355696064,6.277281761169434
86,51000,1,0.14905204,0.9455681,1.785469,0.14760078,-0.0175778660426118,1.0060260604269295,6.343878905610334,1.3036240236679797,8.270032944649648,34124.56,0.0004965476311503,0.0034869001246988,0.0022166254465261,0.0047413465485014,0.8532047212446262,0.139812696464379,7009.070857936335,1935.58489098456,6.014299392700195,0.3062495,1.9564629,3.5953522,0.30598527,-0.0274314215349797,0.1542051786583438,6.388460599736167,1.25958744332978,8.046824753660987,144059.53,0.0013564397503628,0.0149989714846014,0.0940139141620011,0.6606347596827803,0.2172535394557788,0.0280933741895205,2202.160830974022,2664.0426710110773,5.811934471130371,0.1530613,1.0816574,2.0648956,0.15305041,-0.0078557084022099,0.5434168865703928,7.0668248996546605,1.2796008532500436,9.042715171425836,35985.04,0.0002982598026917,0.0037512723356485,0.1180204522615211,0.1856203905363769,0.6215570129463577,0.0747976518818715,5016.430539058386,3071.8339805423648,6.409810543060303,0.23108959,1.4268875,2.6382446,0.23108335,-0.006591256250247,0.3022984264560278,6.174607432447539,1.2692067016102606,7.836853133108854,82026.086,0.0008620995723687,0.0085482439026236,0.3060829654948017,0.2633695940699072,0.3962936314382436,0.0342481741742757,3206.5812835976567,3143.6179607757003,6.077286720275879
87,51600,1,0.15308113,1.2636185,2.214241,0.150859,-0.0234570465513936,1.0172100649972222,8.254566951054608,1.3030331530603132,10.755974401450404,35994.367,0.0005585953695224,0.0036427064333111,0.0032767440546653,0.0103982392772362,0.8373607287555955,0.1489362463282322,7003.944145894326,2040.673499079039,6.098116397857666,0.30574742,1.5974998,3.1822205,0.30567494,-0.0215390458057328,0.1492889055104478,5.224900506173415,1.2601191902556903,6.583997395027325,143587.56,0.0013046040901923,0.0149527229368686,0.0921278318511544,0.6539279333248283,0.2221447299333402,0.0317941464121187,2272.885140154106,2726.441414215052,5.860860824584961,0.15636091,1.3905525,2.476406,0.15603127,-0.0453885616147501,0.6891627987299334,8.89322354665236,1.2828533637497943,11.408701741474822,37553.254,0.000411940579821,0.0038977100048214,0.1208682254028574,0.1848283002633767,0.6029989359009296,0.0912965784555109,5062.189083520784,3162.8524054604413,6.503887176513672,0.23351647,1.8699646,3.4849167,0.23337123,-0.0122750557760106,0.3341525623579615,8.007848880303783,1.269510048151935,10.16604461767141,83757.99,0.0009936074987403,0.0087087135761976,0.2943894230276948,0.2687171622560229,0.3959359569897333,0.0409503660559271,3278.1635568032293,3198.5277797412678,6.124408721923828
88,52200,1,0.15307693,2.9533386,4.145336,0.15082741,-0.0263911073264332,1.169528017388772,19.29316578036713,1.30459072775773,25.16968518632411,35992.395,0.0006421694279756,0.0036428074818104,0.0033961348229005,0.0111618489195083,0.8341081233949724,0.1513059881255941,7004.293306056073,2059.66865187221,6.103278160095215,0.3049267,3.2574654,4.9661636,0.3048619,-0.0274764673294862,0.2173104618387804,10.682781903397476,1.262649707336586,13.488611443909637,142817.72,0.0018787215298815,0.0148651860654354,0.0916049854549872,0.6537593384389532,0.2225431811100603,0.0320870149016981,2280.5843154531035,2728.617136226332,5.858320236206055,0.15597102,2.3745537,3.594017,0.15557502,-0.0714502927994662,0.9159837293446214,15.224326117759228,1.2859983946780351,19.57845894761877,37366.207,0.0005420800366817,0.0038750045932829,0.1223288648413768,0.183298185414012,0.5987388824207506,0.0956263836636653,5081.032968601816,3180.2513618120643,6.522895812988281,0.23342906,2.1925926,3.7345886,0.23326556,-0.0164626353342938,0.3783295632740144,9.392972008734136,1.270966391974771,11.938151743911986,83695.3,0.0011232849992318,0.0087094465270638,0.2924049506400851,0.2743260394028425,0.3912734768438148,0.0419891036840601,3264.752645119482,3206.319293069724,6.107138633728027
89,52800,1,0.15157655,1.7798424,2.9491425,0.14919694,-0.0217583716328139,1.113747371417397,11.742201485747035,1.3063248262450728,15.33912931570433,35290.293,0.0005879152835388,0.0035589623730629,0.0033665111912348,0.0110518487368907,0.8291027902511968,0.1564529704491703,7030.122740158633,2087.9014630616093,6.087810039520264,0.29816377,1.8177032,3.4500122,0.29809818,-0.0238119967373818,0.175556473613931,6.09632497312222,1.261453452490924,7.690230184877455,136552.9,0.0013875107041105,0.0142115214839577,0.0958653147593624,0.6468707863921817,0.2248288525583622,0.0324304466275398,2309.925126818823,2738.96956385292,5.9335618019104,0.15518148,2.108574,3.5517693,0.15479238,-0.0770966820648054,1.1071438902034814,13.587793340315066,1.2912312342848475,17.544983166135516,36988.867,0.0006420423165236,0.0038292575627565,0.1302561523861653,0.176124169809591,0.5931641165928424,0.1004477249536668,5093.201358655748,3210.2394863627937,6.543176651000977,0.23270626,2.2928238,4.501915,0.2325505,-0.0137350676198208,0.3723036447744841,9.852866680161158,1.2702007233330217,12.515118384098308,83177.79,0.0010917660384558,0.0086570139974355,0.3065715152455894,0.270226648682482,0.3816320720845116,0.0415634132831506,3204.038971542956,3202.5366331550863,6.098697185516357
90,53400,1,0.1510574640630678,0.9157259270740141,1.700593650904707,0.14945806670176248,-0.01453684936339535,1.2997139946049532,5.522958674852246,1.3167472909088305,7.1655437407748614,35056.86736806998,0.0006625821814114456,0.0035939085188642977,0.007278842620845338,0.02370239124466043,0.8324990819305703,0.13501542951844406,6791.813633430839,2161.2989581502616,6.3070395351957576,0.5132767363132941,2.5400762952149623,5.237514896276172,0.5131455610091693,0.0984187005112601,0.1723823520738328,5.41830167119422,1.2618826454015157,6.8420049150750835,486162.4806394264,0.018683408844543906,0.050647048101483724,0.06259509228417018,0.7691602421343915,0.1476572781273066,0.019076918980769464,1826.7202286689544,2078.7064356948595,5.479037682711105,0.23793760839802763,1.1029088914007432,2.827773715586374,0.2377840293634344,-0.016679950076732043,0.5187251153870632,10.561291810698165,1.2805960951009925,13.952778715686607,89854.29258970698,0.0010156559961036218,0.009357369127942532,0.053379895627143875,0.4364811203336314,0.44890463189204344,0.08634039072828081,3008.4807921054226,2917.88736689651,6.337837983261941,0.3908413924016393,1.9150202108026342,3.57824872495641,0.3908034066103755,-0.0005534063580020735,0.4846423600287381,6.384594891312332,1.2792839820197848,8.11478009131999,272133.20986919047,0.013823895851321216,0.028318200652178206,0.12137896788628615,0.5484363411573735,0.3329396061521359,0.018350777197336098,2573.7308538882316,2287.396016583184,6.042791333905875
91,54000,1,7.750220717261067,-7.204369927085457,-33.11575836673088,7.849324078526475,-0.8339892193972545,38.12245522059978,5.556905889180696,4.188307016682278,1.3146419869585033,246509873.77765906,6891995.222880416,17.0498492818189,1.6699649625851611,0.034813656556784714,0.799121271953731,0.046631556887151177,-4243.907359560818,2464.1249630870498,2.632855346543078,10.137630651361622,129.9131603279542,243.42379529440606,10.135889774161354,-3.8633081000049567,-4.996457972442865,8.396347997223458,1.1449444087609275,29.227324429945938,303045252.9648798,2381167.7546304087,27.18324881694385,0.502109370010908,0.3287611575373516,0.11869226019441743,0.014678366946998435,1259.6600520010193,1554.9012753846812,4.968155134424451,0.24272203362179415,1.103452492546889,3.0320668453562507,0.24257005237225396,0.013654133176236573,0.5556171799274229,10.315232236963062,1.2831606248226082,13.63120113795104,93629.19150068238,0.0011664625527917705,0.009747494746675096,0.054083178655259474,0.4389002242991579,0.44633749580906024,0.08608351146144186,2966.5465193075975,2899.034502048637,6.343745770544217,0.4179820761185049,2.0771281417103578,3.7867163122784326,0.4179528742931349,-0.060159016254369126,0.5900332682561357,6.759238489750777,1.2846880721585314,8.632004101786972,317644.7330963917,0.023558585571703282,0.03304833113894324,0.12862576487989047,0.5533513427532126,0.3252742684864051,0.017382590143960742,2504.638367052354,2203.2014295372132,6.0276130523368865
92,54600,1,0.1838246190325612,0.9107768477937226,1.6758772436911713,0.18301027589371674,-0.0159699120030937,0.581517188947219,5.925259854925676,1.2795967655206462,7.785251775171943,54587.0687774854,0.0006938289739231776,0.0051963057289129404,0.1135653355361997,0.31123530542780037,0.8204021600320888,0.11180250208182782,3020.566173444625,1938.3370374498766,7.257511996996154,0.5514731760830028,2.6048470167757043,5.53514523972601,0.5513403779914915,-0.07136524313702156,0.1758137705813907,5.347674304591067,1.261938388060382,6.74475991053962,577925.5608599195,0.02215652307603142,0.06027664458206944,0.07024552636420613,0.7656185777822625,0.14338144340747572,0.0185280704900016,1799.9081765155902,2026.170283239344,5.438074585199074,0.21928332793431943,1.1227629728100887,2.73922111296046,0.21909753666748805,-0.017049494390639897,0.4818400162243658,9.358749512894766,1.2754683138744993,12.195827461771895,75889.75300687266,0.0007357418467305095,0.00790170822778877,0.06953965088833644,0.37481742284128616,0.4887319165563351,0.08744733274009557,3404.762199461688,3017.732199662215,6.476269316066839,0.40558449087197035,2.037651578669345,3.8066570070284063,0.40555172127741085,-0.09438574087521637,0.5615501236992255,6.716432591035784,1.2800378568967359,8.559374522626982,296384.77557462,0.019336996964466526,0.03084725086704915,0.1537001155290897,0.5309885590423005,0.3267198292008968,0.017724346092352603,2539.5958670885784,2217.7796724110817,6.108150220220707
93,55200,1,0.18588913420613967,0.9353828095313896,1.7461088292101805,0.18514688463523155,-0.012600373866728227,0.5666183332370824,6.256038460436204,1.2782938715468548,8.23140151222924,56120.17027878678,0.0006859025947871982,0.005323889781352395,0.11559748587574857,0.32717370297928394,0.8200567042934392,0.10638335012620392,2840.5920694294755,1946.5247959387696,7.295129763755233,0.5672747499536673,2.741107054648093,5.841624827742766,0.5671370822110606,0.016994050674672925,0.17915459937774542,5.407054672981547,1.2620020938795258,6.821158119163432,618471.611003942,0.02019959116294009,0.06452328034866646,0.07703532348072768,0.7578273104878229,0.14408307414941424,0.018352014946056303,1798.366312401985,2014.2005049072045,5.426229712925583,0.21721853510767086,1.137765730807959,2.6037526479702846,0.21706894720985745,-0.004978143252139962,0.42267883881054846,7.876055047073393,1.2725907173436706,10.0769141161788,74417.78612642486,0.0006327661329113886,0.0077523155421205005,0.07870166615725152,0.36495264424874635,0.4896817425267225,0.08677394628639093,3418.598539123686,2981.493571506425,6.498181167232577,0.4020855134862218,2.025600427308339,3.6830667552998815,0.4020579375665196,-0.10747151440431764,0.634127211313047,6.70054953848012,1.2797336455112434,8.537203398836784,290527.8475912281,0.021121578548088073,0.030255031827613785,0.1702346854399288,0.5160481827156653,0.32797212804636827,0.017647680661313562,2559.083790818941,2223.1707085542653,6.154553994384527
94,55800,1,0.19012705989401882,0.9279544608408399,1.7079051838131978,0.189446193581282,-0.022108431815695752,0.5881214807938456,6.189330467915134,1.2793539065254351,8.140764826500579,59379.63532799212,0.0008602455144430506,0.005589847012494381,0.11782734886302183,0.33523386637926594,0.8194132600689685,0.11133909610498827,2795.701319683647,1938.480238772955,7.340087632060818,0.572637626209858,2.8177510497836007,5.981996677469815,0.5725027729214281,-0.022248152550490403,0.18010363591336143,5.449530562247358,1.2620307977684773,6.876478912121658,632576.1874396033,0.01957090550895471,0.06598329789071407,0.0819625623607207,0.7506683356245747,0.1450270203537828,0.019244115216475496,1807.354562531583,2043.5714464579232,5.455261785687185,0.2168437126213348,1.1269948443692575,2.745491433189057,0.21669188956467617,-0.020147262620545815,0.40601104592999276,9.014374440334514,1.2717314571991387,11.674276184691113,74152.15959372853,0.0006065396761637911,0.007717897432757201,0.08502920624538338,0.35421813626325327,0.4921435628822549,0.08716492145843788,3457.621246804684,3001.065255534702,6.509835961953556,0.39247135414493206,2.0929607819118408,3.7898961008162755,0.39243868193701487,-0.06471816850634438,0.42998177966248086,7.020234170115887,1.274656735404898,8.94456508582477,274759.3520211565,0.012384631213926675,0.02858064010290126,0.17931389316415997,0.5050827070113645,0.33031641985902677,0.01847035056313149,2582.851246182152,2264.368946261223,6.1778323375499316
95,56400,1,0.19325017021722407,0.9298641355727668,1.6991721511605067,0.1926495091057489,-0.016730603294308657,0.5945300322273545,6.230237306561211,1.279641783229259,8.195521629582359,61878.40905224868,0.0009742536342595694,0.0057963393194062525,0.09219903667810048,0.3491165449765698,0.8189813570247939,0.11983075018380149,2898.185309135085,1925.726271791987,7.365162084565279,0.5967380830709901,2.7392585362159148,5.875893896133484,0.5965995157462022,-0.014411337548472632,0.17611176283938865,5.321010247791608,1.2619218792108813,6.709817958737369,698112.3122053712,0.03221323510455087,0.07270327033172952,0.06432695669908167,0.7684792605901669,0.14546505965970025,0.019941491538607022,1819.2492542851005,2057.43253715115,5.451839302009417,0.22954882686729558,1.1494215498845246,2.46825941667052,0.2294356045141,-0.019448982253036005,0.3210490402355447,6.345843065646266,1.268267644926885,7.892275807015109,83426.05452644563,0.000554565483332747,0.008688981027348625,0.06496419613691594,0.4028045415198428,0.47120512440076934,0.08541709575693256,3227.3677365151925,2902.765809136206,6.46813817644806,0.4166628199148291,1.9867541290959125,3.7123935808282162,0.41663973511244723,0.00787278298877125,0.4368213706472595,6.4640828020527685,1.2764516808152846,8.212327927390367,315344.7927362131,0.016728397683292,0.03280430562728308,0.13080933357700608,0.5536110934455059,0.32373809247294427,0.017392111442656278,2528.0704380173165,2178.4211708260036,6.093757772981416
96,57000,1,0.18123196,1.793766,3.2502174,0.17946735,-0.0135891978572571,0.6335623961694181,9.897625204974942,1.2824380964742634,12.693091627553793,50449.957,0.0006834843080971,0.005150306969881,0.0212952664693467,0.120831901750467,0.6891254225529478,0.1687137664452442,6252.151698422333,2850.963878850025,6.704257965087891,0.33694914,1.8428802,3.6343575,0.33689532,-0.0082620450807992,0.1594989338659389,5.469312816554097,1.2615757320624226,6.899952320443102,174389.34,0.0020559625170024,0.0181533060967922,0.0918391612513438,0.6858827565689912,0.1858076487213136,0.0364588965976364,2099.730326350958,2669.414880628032,5.855754852294922,0.16741858,1.6265869,2.8223991,0.16718997,-0.0577285295408154,1.0254067441953083,9.715689100810115,1.2889226908148663,12.522772139011646,43052.51,0.0008055839955062,0.0044755446724593,0.0975157171253317,0.2014121813578852,0.6069567675133217,0.0941087593908188,5115.044312515546,3120.663492042413,6.563932418823242,0.25129732,2.222538,3.9299011,0.25118995,-0.0080702066257866,0.3458658760853779,8.84425648103088,1.2693241900883112,11.226228694762492,96998.92,0.0013793014016844,0.0101106381043791,0.243157767208821,0.3648283264110252,0.3534982726134692,0.038510273834725,3057.22317198818,3025.250657279324,6.344191551208496
97,57600,1,0.18180004,1.3998032,2.559185,0.18005571,-0.0146190221559314,0.6369665031831664,7.699685764204277,1.2830646924423823,9.879194947006091,50766.727,0.0006958128891225,0.0051876106299459,0.021337951663116,0.1268048982957015,0.6756296435358387,0.1761908264502926,6285.938322875846,2887.8159869565766,6.715376377105713,0.34040603,1.8630028,3.541851,0.34035298,-0.0043344849013728,0.1142894024158058,5.472884175449955,1.259084606820866,6.890824220242787,177985.94,0.0015345991121081,0.018555549904704,0.0847125458010437,0.694558787989192,0.1838943061665502,0.0368225556812236,2106.7860977211944,2668.501860820378,5.832031726837158,0.1665174,1.6320229,2.937603,0.16632284,-0.0557863199002425,0.9358441420445964,9.800914450802606,1.2863633417692322,12.607537065404513,42590.277,0.0007195186923357,0.0044284434989094,0.0998561515482697,0.2107257773175285,0.5927472209521425,0.0966633709946064,5065.457078869314,3171.730164261221,6.547274589538574,0.24961929,1.5964508,3.0257225,0.24951799,-0.0079706540643033,0.2962812045251106,6.395542604779023,1.2672065362223088,8.104473391496697,95707.836,0.001150314720672,0.0099722854793071,0.2483023368068641,0.3620192226510073,0.3509655237113574,0.0387068813315363,3045.369895035365,3059.428364343121,6.271151542663574
98,58200,1,0.1830252,1.5183449,2.9312134,0.18125515,-0.0160105004136786,0.6821478906613709,8.2958243493826,1.2839130235629284,10.651116923420972,51453.273,0.0007654592311057,0.0052525391802191,0.0235238813484814,0.1289925004244769,0.6656606151603914,0.1817833244421391,6292.06861812238,2919.6433032355617,6.734270095825195,0.33195215,1.9365311,3.7352562,0.33190495,-0.0197570235103589,0.1577839292483478,5.833765619054208,1.260960461176336,7.356147785419408,169255.27,0.0019158642546313,0.0176466926932334,0.093883727885213,0.6712210454426666,0.1949465938021653,0.0399353200569812,2198.6847692190127,2734.042988461591,5.931802749633789,0.1699563,1.899147,3.205967,0.16976082,-0.0742590968216732,0.9533122298473904,11.174325816416614,1.2856332724211357,14.366085066544198,44367.58,0.0007953974637125,0.0046045021153986,0.1290973522116717,0.2110915117350417,0.5625801657399326,0.0972242511565387,4889.996729687647,3254.2807861167444,6.534614562988281,0.25306684,1.8550873,3.3637047,0.25296307,-0.0039080346686646,0.3109475240610688,7.330424232917008,1.2688233515047185,9.301013443197917,98369.79,0.0012753460943922,0.0102346250787377,0.2834789971281834,0.3395859352523169,0.3382277787836154,0.0387009388374325,2956.041026124032,3071.6892643591345,6.2079620361328125
99,58800,1,0.15256861,2.6109695,3.8592339,0.15057063,-0.0206968867619909,1.1529781485111812,17.11341257370331,1.3061488220547048,22.352663674625266,35753.75,0.0006247148331124,0.0036261803470551,0.0030146546843055,0.0109131197284639,0.8155851493346864,0.1704544228281791,7085.4147079147,2189.554575712066,6.002682209014893,0.33272243,1.8325806,3.6554337,0.33267224,-0.0074986704848186,0.0948385676251457,5.507836040395072,1.2580324377097856,6.929036400424851,170041.69,0.0011622867292078,0.0176961589604616,0.091683623569152,0.6806651149290542,0.1924105628268902,0.0352278079214007,2149.038869798719,2669.8020898215977,5.906674385070801,0.16880864,1.9990921,3.3109665,0.16864227,-0.0520918953033996,0.8404639149464366,11.842356607426868,1.2831547202625408,15.195575779942091,43770.406,0.0006824922845873,0.004550227895379,0.1282045357972932,0.2206347719526492,0.5569782243949161,0.0941763657312724,4830.273062104943,3254.4818572096838,6.493138313293457,0.2525453,1.8708229,3.5108566,0.2524402,-0.0154042626927372,0.2850076742007208,7.407870697375699,1.267135743368125,9.386777742931274,97964.75,0.0011593476776055,0.0101895192638039,0.2811125314403064,0.3427791857619143,0.3385633584360346,0.0375389032852827,2938.503555560394,3065.5223003999386,6.148563385009766
100,59400,1,0.16360533,1.2730598,2.4321556,0.16165783,-0.0097996607957295,1.3238292745631766,7.781285771592482,1.31588908884317,10.23930904407174,41113.66,0.0009484660686007,0.0041788388043642,0.0026934278335023,0.01006293916271,0.8419151550227167,0.1452942660150629,7049.62080478813,2049.1829241486626,6.006160259246826,0.33210945,1.8273354,3.621292,0.332057,-0.0076870655509897,0.157705335993485,5.502208234487025,1.2608381507747357,6.937394055569032,169415.7,0.0019185420765319,0.0176320876926183,0.1085002833718388,0.6376959810670373,0.2216921231356321,0.0321008437409662,2296.322731680824,2744.282589835336,5.994612693786621,0.18092644,2.053547,3.754425,0.18074603,-0.0423712015485089,0.8352683782771071,11.350175690989838,1.2853435744893429,14.588875393819556,50280.004,0.0008950230338625,0.0052275750786066,0.1619889201064205,0.2063024022483406,0.5490201343455597,0.0826777090116569,4682.748572069123,3290.7723767121734,6.458061218261719,0.26775098,1.8503189,3.573513,0.26765883,-0.0074353749274408,0.377946403042432,6.910596253499255,1.27172847485734,8.788402033850277,110116.734,0.0019424707275871,0.0114629790186882,0.3272351213694061,0.2858238721976668,0.354203755489774,0.0327309085806347,2984.984795884475,3104.6873455144864,6.083586692810059
101,60000,1,0.1640991,1.5886307,2.5457382,0.16202526,-0.0242717464817676,1.3333251447233438,9.68092270380563,1.3156467466067925,12.736674459491326,41362.2,0.0009668538635492,0.0042026322335004,0.0029653264508266,0.0118083682766433,0.837923668987521,0.1472733106621204,7041.619837522354,2069.7438721132366,6.040012836456299,0.32770923,2.012539,3.9095879,0.32768768,-0.0129103935754414,0.1894259024231597,6.141233566764092,1.2622896809828192,7.752015759855283,164956.16,0.0021847112620406,0.0171776004135608,0.0973410401135939,0.6435720981946826,0.2268100001234237,0.0322687356969614,2340.771030918441,2750.060481553931,6.018805503845215,0.17801912,3.2327652,4.775238,0.17771758,-0.1708693439242835,1.8749711556565165,18.159651470714813,1.2962537669585998,23.539516625701587,48677.082,0.0018830471867196,0.0050532473251223,0.1401393791295401,0.1993414020880949,0.5620825217566373,0.0984285990675274,4910.910848431758,3288.948038688168,6.544794082641602,0.2614451,2.6641846,4.368782,0.26127145,-0.0176137414934522,0.4495294401134049,10.19022547593508,1.2729384770326346,12.97153009800557,104991.04,0.0021002945232132,0.0109199276193976,0.2979945387359865,0.2932729066731923,0.3711793239902054,0.0375464982047346,3137.207805920946,3155.653792544049,6.142014503479004
102,60600,1,0.15456728912507217,0.9188929623065799,1.7116459722383666,0.15312497551910453,-0.012194463800305895,1.438474006612654,5.65988019802485,1.3236129640291063,7.345509212776242,36716.72973430921,0.0008601392276513908,0.0037321640913594014,0.007102272524450478,0.0237235174524817,0.8326510604926322,0.1324201517256646,6857.746549390781,2158.9047766984086,6.2083922502699345,0.6138692448517622,3.011316538266696,6.339450936596605,0.6137354949925825,-0.013816710458350737,0.17535238895115762,5.467144395930019,1.2618961203827215,6.906795781857486,746836.3060553519,0.03888949218150301,0.07777871463027185,0.06200961361635607,0.773780527918758,0.14282999535690832,0.019680557293460018,1811.4378572586527,2056.8187263923573,5.460122840800938,0.24392700502209608,1.1195424528370503,2.8134982120344323,0.24379359588921987,-0.03210357784079931,0.5031472826488887,8.781433619587936,1.2728408476510347,11.356004870626526,94592.32874673886,0.0010651750672801348,0.009844509070136318,0.059167161623480125,0.39607870424061553,0.4773412377260041,0.08835664862878656,3387.374908652084,3004.9375604600928,6.48790430865173,0.42794479617550196,2.093037181896623,3.9097702521267927,0.4279126004419404,0.017442345896291768,0.3817742341794136,6.73980050277028,1.2738570992665856,8.570017744259667,335303.04129429476,0.01632999372722761,0.034873528942673225,0.12333301056846357,0.5514952507068244,0.32982220379313637,0.01756775366494083,2574.8964537206784,2239.193467811371,6.114614935448602
103,61200,1,0.15551189629785095,0.9510525391535082,1.8207613432626535,0.15441574862513432,-0.012249737724284424,1.3896103918364926,6.29446515105243,1.3238309644412782,8.246616261919238,37181.157055588745,0.0008688666196825033,0.0037819129955663135,0.005062583965428295,0.016900176591254548,0.8329722272977781,0.13218590343135392,6924.226008815084,2160.8014251652394,5.95657488391552,0.5727708210167095,2.7410004451962675,5.815798986663057,0.5726050516315464,0.021063165880356123,0.17525934935610574,5.390306155154334,1.2619522954877243,6.801155874562142,632928.7401537698,0.027695848054205316,0.0659567782711647,0.061121947889430456,0.7666477633022846,0.15051804323543902,0.02034405896196457,1861.9932421538535,2107.940813302468,5.4960934678727185,0.2364479620192071,1.15280957239567,2.430364961942514,0.23646822742809126,-0.011394408424233332,0.37425285466601305,5.861869090169689,1.2714961008856458,7.230236489246025,88695.08076883496,0.0007037364943990689,0.009252241864331429,0.06344508527770162,0.3850493609282082,0.4926248807198441,0.08451728187362464,3395.6529051560965,2934.667200135801,6.473298883141582,0.40000855671399127,2.0132246110578738,3.7442872756395635,0.4000142942287492,-0.030295174464941402,0.2851151326187063,6.672423699180348,1.269064725232259,8.46526489747988,287080.962068511,0.008549944170796712,0.02986971334954313,0.12472117637171523,0.5389855529285632,0.3384237064262692,0.017623890114430347,2644.9889814144126,2322.6136698886094,6.167813663721963
104,61800,1,0.1991119041531405,0.9322110482461099,1.7135775824126518,0.19879193397465755,-0.013481705536704589,0.6286158632470065,6.286646640503519,1.2812061111729314,8.2701467717805,66789.93881143685,0.0013643382505882666,0.006211057515930604,0.06089163925088263,0.3207400358079386,0.8209333871810005,0.11719793096047734,3318.379977851647,1944.0089752063368,7.4102011262360445,0.6151220492786411,3.0515226528772894,6.42022474615136,0.6149596054045915,0.032361792429714514,0.16943468712980556,5.491608578866932,1.2617894277042505,6.945060212416205,750469.1603161445,0.05361487107515085,0.07811771957288183,0.05574284223375919,0.7757532342569016,0.14792725772613788,0.019564418496012394,1830.596461716562,2063.0090994004204,5.399450286908702,0.2318843554922281,1.1431385311382847,2.548360782523141,0.23190282050062458,-0.0057839045344896005,0.38841963984278494,6.902331800249041,1.272004973131623,8.699705031396194,85191.39358558915,0.0006935888671557946,0.008880597277272024,0.05869263251064648,0.3808383798340458,0.5041578654555641,0.08369725577205005,3480.792625069304,2915.6746416401784,6.486118290991205,0.40594808631031487,1.9224686385719352,3.596867691420462,0.4059540220584138,-0.01720372237941713,0.19410563271856057,6.31233861502537,1.2655099154615057,7.980670126677074,296997.02448973706,0.00576772283250087,0.030890006582208255,0.11919827889799042,0.5462573790887651,0.33653077418803334,0.01714544232504125,2646.481045314692,2291.373586499526,6.168673598345467
105,62400,1,0.20172567769370373,0.9269192669482768,1.6887931661805593,0.20145287029255315,-0.012461580985929562,0.6349508984448526,6.24164883014649,1.281172190432961,8.209514541803124,69073.23233884166,0.0015225284826418403,0.006399269382778887,0.05816767345916623,0.35710404880509444,0.8195392982350916,0.11833825530545844,3080.295456410626,1928.7078869673437,7.364655427477606,0.6590186910711162,3.158276922087576,6.641460831384515,0.6588542521856782,0.035017904207129996,0.16916112777379386,5.441654779279663,1.2617135558936052,6.881690901773397,883765.7152860303,0.07651147142898732,0.09210240395632124,0.052761187087751335,0.7849868881396735,0.14257793617284129,0.018729384716827953,1799.6269993145547,2009.6926580357826,5.364156853291434,0.24375603442096225,1.1470954405736258,2.4797343521710906,0.24377806562146725,-0.004246558942140602,0.4155293605056925,6.240414866147783,1.274835388076596,7.783748718040923,94455.3704141216,0.0008617081482037196,0.009847538772982521,0.055253245127878714,0.4140944501771053,0.47835039822802833,0.08240923819156502,3215.6921495766383,2827.8706788199543,6.452325158172988,0.42688503216822826,2.001097079738294,3.7352842018203654,0.42689190657825793,0.0031286423041236786,0.25592165431796376,6.446262065949689,1.2688080276159135,8.166284057140377,333400.4272313035,0.010147262100610704,0.03469329457705237,0.11388750421578112,0.561431087212865,0.328711573792863,0.016289525176660307,2584.7712369381743,2206.756331990196,6.142207372019913
106,63000,1,0.20843554407923942,0.9043624195628586,1.5911858182788077,0.20825265620961647,-0.016859103556165187,0.6667490476962635,6.045120814211144,1.2818765974800828,7.943720906729302,75197.96168969829,0.0021419429356093816,0.006902100031584256,0.053780582462663165,0.3750571199573297,0.819333736825518,0.11170311581524398,2844.500663048577,1941.6380267813495,7.356213397498767,0.6819217794316206,3.2848675572314514,7.304356437107571,0.6817552335887477,-0.01016068938281958,0.16707641592510733,5.462241496672837,1.2617683647467006,6.906655172836656,957946.9362498967,0.09907537943763273,0.09981384811051483,0.05219549094174091,0.78395525272835,0.14429594166971066,0.018721027607578315,1812.4681730164175,2010.3459255418381,5.407122667900621,0.2589498098826395,1.1447630147892063,2.5720789288762305,0.25897406161659353,-0.008609214752027012,0.4491472887316222,6.127593664771519,1.2761829586211844,7.632292643894826,107020.4780193596,0.0011404281813707515,0.01115142884199131,0.054226976821145065,0.4314772750638044,0.464832143087501,0.0813843945644364,3054.1599030552557,2759.2401624604354,6.43501640355049,0.4468448838856591,2.0514979794761645,3.8890249991703145,0.44685276199200086,-0.01731582354344654,0.3744076967950654,6.48368228247573,1.272131157263675,8.225506761308528,370207.3892699302,0.019568438511373173,0.0385213642869309,0.10931753260534693,0.5690758666501861,0.326035231234299,0.015649378355523023,2560.5845373406037,2168.2076719110696,6.129471544643897
107,63600,1,0.21319401986134512,0.9142534927617691,1.6152356786295778,0.21309308779085534,-0.01629840632441138,0.6161928268561452,6.170324886557823,1.2798315695611664,8.114720246877088,79771.11511468752,0.0019855321833947815,0.007274584830979182,0.07071216984660415,0.3641616450039265,0.8182680797773216,0.1308017128145782,3031.2730097035446,1909.8371209399206,7.441519163412357,0.7216896904979182,3.5663816312789978,7.918985889352435,0.7215209838443215,-0.03060842682560995,0.1560663007114878,5.529427715965236,1.2615857722661856,7.006630969010162,1094300.8787217082,0.19032971965633297,0.11417634223888463,0.06139854630865649,0.7719120586975518,0.14481751497544465,0.020259756724738214,1811.2825557970418,2048.51767104704,5.458988864289763,0.26698409977345455,1.1473862038232387,2.507467447352914,0.2670119501342872,-0.0059469873788745445,0.3622009013844475,5.7493045769255025,1.271264118907076,7.070368477283306,113986.41341116186,0.0009711008111834617,0.011902723531030612,0.06286545473349822,0.432916680393598,0.4547828208539928,0.08089239166245388,2931.504336846044,2691.434497399636,6.440385820257889,0.46847576692566817,2.244927360816023,4.101476893065015,0.4684841803700363,-0.03925513295524686,0.33963776382406763,6.925962591842254,1.271349883606752,8.807749221954001,412413.06841772434,0.02181843447004851,0.042949771497063235,0.12339358229522598,0.5627118730950864,0.32251563875012357,0.015129562220036384,2519.6940168498722,2098.260151176751,6.152373675334964
108,64200,1,0.21353374,1.7086983,3.227234,0.21264145,-0.004020464980044,0.6060918331235623,8.002005860811023,1.2798084021402631,10.241034334689536,70036.48,0.0012600984959809,0.0072266883216798,0.0201061028749766,0.1563855277070856,0.689537504910482,0.1339457684314395,5848.398206914352,2796.035757278114,6.837247371673584,0.4465946,2.7471542,5.0807953,0.44647494,-0.0047650200027411,0.1924840824157079,6.151337837488599,1.2628790422961231,7.768395637064901,306350.16,0.0076568241878291,0.0319183766841888,0.0876073716035906,0.7452842685547962,0.141975034145783,0.0251233503481381,1742.9807901490185,2329.3190632005108,5.669286727905273,0.18788858,1.3698578,2.6435852,0.18788214,0.0028392361972577,0.5550749262225643,7.2907986516215315,1.2774068284352968,9.313315982377768,54224.05,0.0006917563018484,0.0056423265486955,0.0861102378824547,0.2864985890161092,0.5703927783906623,0.0569958876843763,4622.293129998164,3061.741266266374,6.45174503326416,0.31092912,1.970005,3.5954475,0.31092808,-0.0451512190958299,0.3246330135962814,6.335865350955609,1.2685179263421065,8.037158776602858,148495.73,0.0030341585553888,0.0154692409560084,0.2565182082331489,0.438655883235979,0.2840734339448864,0.0207502149599008,2520.732741955199,2755.7074998263065,6.220922946929932
109,64800,1,0.2220825,2.0298958,4.025173,0.2211703,-0.0051189817303897,0.6155382012015007,9.140278148263452,1.2781604826433115,11.682742329531134,75756.49,0.0014973120789514,0.0078351618722081,0.0209196760059933,0.174599242382958,0.6619775414197255,0.1424774344485496,5786.619444340877,2865.431036048757,6.897487640380859,0.4680314,2.606964,5.02491,0.4679325,-0.007578543318689,0.1488572626380673,5.570062341244073,1.2600652188565755,7.01864182307948,336466.0,0.0071428250792295,0.0350118465721607,0.0769215116006562,0.7642792336920042,0.1306431686732197,0.0281424001959952,1745.6891755966972,2333.638673496137,5.709425926208496,0.1919884,1.3604164,2.715397,0.19198674,-0.0029631766391737,0.5096853071812992,7.085930489760496,1.275149722755012,9.035622299526448,56616.258,0.0006924716757093,0.0058944839984178,0.0939781011647199,0.3056996242581168,0.5440471190013442,0.056271254805868,4447.773694716802,3125.433313625546,6.415372848510742,0.31908804,1.8159866,3.5985947,0.31908393,-0.0364075934890779,0.2306162630666008,5.691177341373416,1.2640216168202838,7.193771184676334,156391.19,0.0023907383360253,0.0162723269313573,0.2295919284110222,0.4799902164723235,0.2702982118135809,0.0201162145959674,2447.790818009981,2714.254034229342,6.20211935043335
110,65400,1,0.22346425,2.2612572,4.138088,0.22264205,-0.0123392311976641,0.6259919733129884,10.119100329953213,1.278776284884507,12.940065526369064,76702.11,0.00156099310896,0.0079300580546259,0.0266964326051338,0.1741248802605141,0.6633403347554877,0.1358181485435908,5717.956540428965,2849.5886208783754,6.9300947189331055,1.6661397,128.15332,130.89932,1.6660112,-35.084262410221264,1521.9352868618032,76.91631057721683,3.7842088006111054,291.0673793970157,4263969.0,11728.48346734457,0.434428870677948,0.7477627448237966,0.2361828183736446,0.0136523201870795,0.0024013054581116,444.93271992750346,867.607401697845,5.125182151794434,0.19317587,1.4262199,2.700138,0.19317193,-0.0095402274316539,0.5111818269807915,7.383013007014567,1.2762349109344069,9.42245894748358,57318.78,0.0007118473752087,0.0059665241278707,0.0983098198518085,0.3231376179284347,0.5246355013355058,0.0539137632876998,4306.321663471666,3156.3344854429324,6.378292083740234,0.32673204,1.956749,3.8370132,0.32673156,-0.0453319494938606,0.2744915476336329,5.988849350925747,1.2664205823612318,7.584402082696283,163973.89,0.0031282097862978,0.0170283578336238,0.2510288743162328,0.4690497077507053,0.2612318051745348,0.0186869413155467,2356.815372844605,2696.263632205267,6.125513076782227
111,66000,1,0.22319937,2.8220177,5.4039,0.22238544,-0.0051390613269109,0.9722625133292192,12.643484168349383,1.2842944899349016,16.237957051063027,76520.38,0.0024129892094972,0.0079088304191827,0.0213844786215186,0.1779235194325412,0.6538573995863334,0.1468103313481449,5803.014745790443,2882.755178886068,6.936391353607178,0.48669708,3.2889366,6.154251,0.48659965,-0.0210687551675095,0.3337878235737714,6.757666658243338,1.2681697079001994,8.569868152088977,363838.53,0.0187286056111897,0.0377999767661094,0.0954505147580104,0.7597370573969094,0.1192365510500094,0.0255667021268993,1662.1450410361322,2269.974998607793,5.693753242492676,0.19204152,1.2814522,2.49691,0.1920322,-0.003876064693593,0.4783697667104314,6.672787236900225,1.2758780932639546,8.513663056616645,56647.59,0.0006506451991369,0.0058968449011445,0.0923322749902686,0.3428906962473715,0.5098842503876163,0.0548893529737583,4236.925186282506,3169.7268698851803,6.374635696411133,0.32311368,2.2812843,4.2365074,0.32311365,-0.0489289810195484,0.3410950478371797,7.060314911687319,1.270284649825065,8.968609655275166,160362.16,0.0037178922224398,0.016664333641529,0.2614587436226728,0.4512412597772093,0.2685509102965891,0.0187464805038626,2366.6809750503703,2709.7014589938235,6.100004196166992
112,66600,1,0.22107685,2.6460648,4.9408913,0.2203234,-0.0015904330044381,0.5934627785172828,11.968981848147584,1.2778718386172176,15.29482484073764,75071.95,0.0014176418544422,0.0077677592635154,0.0204877477292915,0.1785881668740357,0.6674732463404538,0.1334308106901987,5714.154630125163,2809.4737538358604,6.932089328765869,0.46865964,3.1838417,6.0185432,0.46854427,-0.0162386133268718,0.2726961526520925,6.793505217716991,1.2657507841481754,8.59888455645835,337369.9,0.0131555565776309,0.0351596698164939,0.0828958513033391,0.7629687091530896,0.1300677032273104,0.0240599354609159,1707.2517755316458,2258.323289736013,5.726492881774902,0.18935432,1.5237808,2.7944565,0.18934585,0.0001665923335945,0.4834568674872663,8.04724634622647,1.276056839830582,10.268743741958176,55073.367,0.0006215249430665,0.0057284738868474,0.102210151436367,0.3241167514377537,0.5186794960223837,0.0549904154205276,4281.839803634731,3160.1485721024937,6.400383949279785,0.3154932,2.1270752,3.9691925,0.31549305,-0.0506933451953004,0.4176506535165525,6.742063602623396,1.272594415901499,8.57991249237847,152887.23,0.0041378348878796,0.015912402421236,0.2612675651423219,0.4434789812461836,0.276202529894595,0.0190482386777723,2403.004498604127,2727.991001324159,6.106068134307861
113,67200,1,0.20992196,1.6897202,3.2888412,0.20917189,-0.0043897189784784,0.5717108501135248,8.049277862573549,1.2781710270701514,10.288353752827677,67687.266,0.001110217049416,0.0069932658225297,0.0288120007424545,0.1879594676065986,0.6644402381163418,0.1187715925147137,5621.770221365757,2814.318466784905,6.859627723693848,0.43704137,2.5051117,4.9284935,0.43693012,-0.0041606050365874,0.2410605927038047,5.731978376595981,1.2644376718826262,7.247729393801162,293383.94,0.008794606730414,0.0305479653179645,0.1064844398676044,0.7354292728544813,0.1380740332121612,0.0200075247028354,1686.6971191501234,2247.476658628149,5.704409122467041,0.19146557,1.5522003,2.86026,0.19145541,-0.0125753928436469,0.5486336523386957,8.10694217780336,1.2790492358291792,10.369178197484883,56308.324,0.0007373016619059,0.0058552180416882,0.1578934800431944,0.2995945596687625,0.4897637462545279,0.052745211632329,4090.9097858802,3207.8716916553403,6.343708515167236,0.3100377,2.104187,4.0668488,0.3100375,-0.0457321179727613,0.4633043704431761,6.786874615418699,1.2745699073149304,8.650346149560166,147645.52,0.0042807950498348,0.0153659200295805,0.3354386690733428,0.375434260326978,0.2700172512985805,0.0191076259253942,2344.7739527836,2784.741599437843,6.011823654174805
114,67800,1,0.342952,2.9397964,5.589485,0.3424777,-0.0701209240749734,0.5905573954726067,8.572034384327553,1.271836065242924,10.902222482521996,180658.31,0.0081695011447493,0.0187780503183603,0.0428815848170304,0.3773945484890413,0.4657370625962315,0.1139661657673178,4275.453126273163,3211.1486348457843,6.909002304077148,1.3267231,7.3594093,13.807201,1.3266875,-0.1020911170864651,0.3703936888688734,5.547057512736893,1.2717470684417906,7.054454130306472,2703658.2,1.147584674733647,0.2819099128246307,0.0500892267492517,0.9095323589056052,0.0332702481105562,0.0071055613284921,1092.4202948953505,1105.255079180086,4.797536849975586,0.33264822,1.9742012,3.8363457,0.33263832,0.0147923328167181,0.2215860669670983,5.934801683793279,1.26509157495391,7.508067609211727,169965.83,0.0027132090216131,0.0177029408514499,0.0702886010073304,0.6797607455861124,0.2191931793355987,0.0307568558663141,2253.326823900496,2648.3633766453668,5.751043796539307,0.73155147,4.438877,8.02803,0.73155123,-0.1270668311511621,0.2075064591264266,6.067757769091817,1.2645669057666715,7.673085667012611,822017.3,0.0594307437304693,0.0856306105852127,0.097213352200255,0.811041902703676,0.0869478915945494,0.0047960636169031,1267.7526371674967,1529.309244930338,5.374451160430908
115,68400,1,0.23102422063708172,0.9056481413363129,1.5885400563551306,0.2312137849270618,-0.025973118245887782,0.6551449072368323,6.176789402664695,1.280564743717453,8.122687235539628,98601.63362756389,0.00398621563869457,0.008822523377834193,0.15378765025362628,0.41183929895963856,0.8154389989026202,0.11520789198159073,1967.213770148338,1916.9130045884353,7.1865908278373745,0.8831133058961955,4.2968110718172685,9.215068151588024,0.8829365467982172,-0.10577437788557911,0.1748044503783875,5.544014315860766,1.2619858074882468,7.005017814075802,1746146.1181610033,0.2335260536959171,0.18204496499240524,0.08193244121683668,0.7601521821327063,0.1365676718174683,0.017995620105799113,1748.1218465721176,1933.7591693499608,5.403360822181715,0.331053419792637,1.1360021853197462,2.695105844635303,0.33109099102387185,-0.011271141095657525,0.31748482652834314,5.583370638380821,1.269077046498672,6.82510897953248,177497.99538632002,0.0016616024910017719,0.018507131663646377,0.07919952221431499,0.4699251015556433,0.40372461345360094,0.07922313665253543,2419.3965547677603,2359.5127462336422,6.362983658265326,0.5710997200129347,2.244029786158637,4.154518160107763,0.5711127711564717,-0.13355506946324236,0.34210245787892063,6.367695766487328,1.2689285762149625,8.063049129331409,645494.2934157347,0.05502231944416544,0.06714549240123557,0.1778375802706643,0.535448043280773,0.3106982318388891,0.01353725687569364,2396.612447275657,1916.63801436846,6.088498222647592
116,69000,1,0.23986287111776372,0.8991769905598178,1.5415149651549693,0.24009135795946052,-0.011655881070752903,0.577914081263486,6.162004999316487,1.2775627387990465,8.10584833944996,108928.01708038995,0.003333953668330009,0.009663793509081768,0.16497197465861085,0.38943082424680975,0.8151316678364418,0.13105669938758926,2263.182837118111,1891.6363973537948,7.359613208610437,0.8692704967250207,3.9888838351113645,8.660939342008918,0.869107242292599,-0.00971494690512334,0.1798102328832667,5.4310437595230185,1.262054063528998,6.850653721773883,1684059.9231620491,0.1503330157526064,0.17561948764960378,0.07377772310372707,0.7636405294998755,0.14019833258063943,0.019683583621281458,1775.1896775496975,2004.1850027094101,5.453828462117816,0.34350590364830436,1.1255757919235179,2.7988261876517218,0.3435402089570728,-0.016902986502792518,0.31114230496450856,6.0896860887372455,1.2696250265791098,7.540272644755731,191484.38401836448,0.0018357075968345132,0.01995206950195369,0.07190810633116394,0.48424179218395824,0.3970924733952994,0.07954949529455793,2361.4439599267394,2348.3415416280386,6.352339560069765,0.6096116475253608,2.5539217422558256,4.642060026041522,0.6096220235729041,-0.06901160866098208,0.38025305626279693,6.880080426640308,1.2716002871577163,8.747984217467003,746962.9572287133,0.08396375133410852,0.07772733461090915,0.15803849140337742,0.554725593957799,0.3081651250823593,0.013593773580434142,2374.993826355181,1875.229396317147,6.0546843596742965
117,69600,1,0.24779723112832974,0.8862985068271939,1.5104324117245183,0.2481419772874195,-0.013001614423666295,0.6022715574996489,6.097379905811454,1.278978852305221,8.017519864000763,118757.8930395547,0.0047517931399787055,0.010468293622763684,0.12040421132634946,0.4239429696002377,0.8142423569182239,0.14131798219931718,2298.9688027322754,1881.0220494434789,7.450643726103429,0.9479169383943371,4.468584619170386,9.712443077553706,0.9477457748756336,-0.006620768684619679,0.18276875432829823,5.498164268694704,1.2621405436914286,6.935740928994709,2052233.2407998552,0.1662476961512145,0.21391868578028772,0.06598911828205338,0.7723103554608735,0.13920404690566912,0.02030790004354348,1778.3376087770573,2014.9045608801057,5.442427253234447,0.35746179192268973,1.1229146742224105,2.8399673678319797,0.35749976268507194,-0.015547818896181138,0.3259597688368674,6.053828236691461,1.268786100108778,7.484951107009705,207794.5560757275,0.0022886939283706434,0.021672705628603472,0.0641918559946584,0.5037070447080871,0.38771520702117745,0.07910732309024593,2291.2848622716688,2254.4548048384463,6.348059823407862,0.6282461398945876,2.2556225576371602,4.240353168227923,0.6282549275622273,-0.04186538092419917,0.16397547205197144,6.172321583640169,1.263603179419494,7.791820177630511,798802.8537653161,0.03232643919289581,0.08314092384453031,0.13669271294882646,0.5754142985197354,0.30544038997409545,0.013784891964883363,2380.1004948196405,1846.4669202126834,6.077578637733072
118,70200,1,0.15446284618245715,0.9419579508154531,1.7706075804634254,0.15320195626978161,-0.014013188044507298,1.3145952614172298,6.108332696693342,1.320047128578926,7.986411840284595,36665.839265400005,0.0007818996952754294,0.0037333818196325598,0.007402861706059102,0.023846348527470158,0.8320989148751831,0.14185113308387268,6912.970075706561,2137.7358611614736,6.121349374341467,1.0673665768891436,4.779249034913896,10.753064925706797,1.0671838104676465,-0.042805090552175816,0.17639709475015314,5.428224799781011,1.2620068268492437,6.849211182025977,2683090.0602360195,0.5069872149929198,0.27970675217556007,0.06899036325055721,0.7693198195096242,0.1401254402074128,0.01925372838540708,1765.189928886049,1977.3976323386937,5.440049532335389,0.3769322131142863,1.0958547193898753,3.125625828826487,0.37695906738816976,-0.02080609872148185,0.35420130071950506,7.38002799124665,1.270106611536763,9.359066513931552,231671.23144870592,0.0031872142227439585,0.02415644232131349,0.06969708021166363,0.5041137123952615,0.38188476883683575,0.07876471506360509,2240.587937862371,2180.556879497812,6.366546467591153,0.6821777344267911,2.4194683829300376,4.565783264219785,0.6821843046838852,-0.03918640557192542,0.22560277102993456,6.3107353662370365,1.2663445984666768,7.98085492361798,958916.9107570427,0.07321928458965557,0.09970640276541097,0.13178523272707107,0.5830370410854889,0.30298108144250663,0.013156564538590041,2368.8854772535706,1775.5240313210443,6.075659597176122
119,70800,1,1.9912115446276608,-2.5061082369470014,-15.91360528143981,2.014725319181722,1.4769300537830337,89.84745049783022,4.688281810398238,2.762927708652665,0.8818511936728104,15126685.162865328,61402.574342715154,0.685188980033882,1.591708862819084,0.06572970270973796,0.7995652660586265,0.04947448360949113,-4093.921375600969,2340.0588038103447,2.068157611654369,1.1238186852619985,4.932821441309887,11.278703879398577,1.1236296821415488,-0.057018388134282956,0.17794636627918717,5.40334391347445,1.2620428013066678,6.814239053871671,3011310.089717534,0.573434984122657,0.3133749885024183,0.06949026988338329,0.7701426789683984,0.13772406999584405,0.020139299529514702,1756.6492252720964,2003.5314204009173,5.458337035523892,0.46140022954741616,1.1077349290341687,3.067061640806793,0.4614535425429706,-0.02914801310102987,0.23726066457049705,5.635350963428685,1.2657324445573421,6.880402286862399,350386.31342986255,0.003234253490533193,0.036543133306042204,0.06905806980333964,0.5385497775512385,0.35274251778579424,0.07705725677541585,1885.2522856635483,1837.2516698052177,6.231827585254107,0.764615356063809,2.6031958273295484,4.97331340731474,0.7646272871759113,-0.044103849613965886,0.3165182944896315,6.36934636532465,1.27053059702532,8.069748739055111,1232616.16859469,0.1870439679551097,0.12806723422838098,0.14073170795378992,0.5814420289821254,0.2989219578112594,0.012758743270592949,2309.186188570317,1705.5015789262725,6.0175384106569485
120,71400,1,0.20366825496349353,0.8784825499443893,1.4267271955312282,0.20347522370573254,-0.020470061128378368,1.5217530799523864,5.739989982221469,1.303569562510426,7.494216103153828,70807.4404770752,0.007826170763169476,0.0065445656020878,0.10660217078644704,0.22154635935666522,0.8184307432014264,0.20878399911016776,4998.3064781347375,1857.573123412622,7.821570829856416,0.6000729515220692,3.1387603099574,6.780884865642426,0.5999235738250476,-0.03582801754081601,0.1759153603604958,5.600214061095326,1.2620356140730375,7.077382608998234,707457.880281845,0.03353592122681569,0.07372280904914115,0.09695099284425304,0.7312878690393669,0.14084120982148488,0.026060187582703866,1765.2577634406748,2277.5360242878323,5.448987086503871,0.2594956633502218,1.1259676883433474,2.8518140058782633,0.2595013142067959,-0.01731726191026052,0.4982719782561178,7.7435294387400235,1.2753539882229556,9.91156613283024,107486.71574119295,0.0012949101948574152,0.01118982635550415,0.1412794016996943,0.3157667885222652,0.48410240294802476,0.07973278023262344,3171.6000543608125,2834.9630603007545,6.423818408105166,0.42569491898523104,2.254992332860991,4.125325407528011,0.42570160166796506,-0.06421425190795729,0.44623377226875943,7.2881070133248995,1.2705316671275046,9.283084682549873,331270.5953177563,0.018958121281570792,0.034457262801253885,0.3310039249576247,0.4006634449359229,0.3178538083806015,0.016214296573499286,2448.4076272102084,2205.5555099133544,6.1230860696145815
121,72000,1,0.32354572,3.8621902,7.509804,0.3231158,-0.013651226028485,2.463900457842896,11.937077075194262,1.3191180503465096,15.746413838314938,160791.31,0.0270001276378998,0.0166911892592906,0.0415913206058679,0.2082431742532932,0.4301920519004928,0.3199055374568383,6306.2835933191045,3660.1679199493487,7.32921552658081,0.9508429,5.6905746,10.857391,0.9508039,-0.0129917605184493,0.1620834163461029,5.9847684033352015,1.2612038444946507,7.548012918704407,1388701.1,0.1324871277083469,0.1446418613195419,0.091397059633431,0.8270463000384473,0.0394607803112856,0.0420636369468195,1314.1494797152918,2252.390076911421,5.055506706237793,0.284185,2.1006584,3.8557053,0.28415722,-0.0114552670212936,0.2746023542408946,7.391869639703401,1.2651728541868457,9.351992809873549,124049.055,0.0017910545503827,0.012913110665977,0.1887556979134619,0.4852280292356902,0.2995382661305464,0.026476300500923,2707.058055657576,2933.9589291331176,5.819962501525879,0.5725553,4.4080734,8.0019,0.57255447,-0.0590628841642653,0.3349151731180919,7.698947853198189,1.2655814409685315,9.743645518009163,503530.88,0.0359918848720867,0.0525604858994483,0.3548968190528362,0.5495124847706417,0.0874077492392877,0.0081810531933227,1265.4360793972494,1830.4254058591855,5.444119930267334
122,72600,1,0.31926537,3.545761,7.064438,0.31885797,-0.0123088585251878,2.3264503310411118,11.105999868533264,1.3173055433542904,14.629995191356713,156565.05,0.0241713561548727,0.0162683129310607,0.0414757815537254,0.2188439719929083,0.4268087163625281,0.3128224473312586,6193.829502478231,3604.939658176975,7.330066680908203,0.94073784,5.155945,9.945488,0.9406929,-0.0198966841542737,0.1441055059770093,5.480745629363364,1.259382715062588,6.902356311282382,1359341.0,0.1128638951247504,0.1415770053863525,0.0875459434992309,0.8355612398205093,0.039108774383288,0.0377538549068427,1283.263146535558,2173.5337960555853,5.059305191040039,0.28522852,1.7835617,3.4714699,0.2851912,-0.0138648689027223,0.2454556099973976,6.253097350103946,1.2645423250593273,7.907306261950485,124961.74,0.0016245936830311,0.0130177959799766,0.1882851405431882,0.5059610085696704,0.2790365896962821,0.0267152534593055,2592.0851550899565,2910.9314804370592,5.768778324127197,0.56516725,4.7579765,8.4236145,0.565166,-0.0644063426632038,0.2982415142156593,8.418705342028757,1.264445714260025,10.644995889365074,490619.94,0.0304281844965922,0.0511681102216243,0.3502618610981077,0.5536898444669438,0.0879710068939989,0.0080750282936551,1267.9973104161916,1840.7395426137955,5.433813095092773
123,73200,1,0.30607745,4.21381,7.7361107,0.30562398,-0.0121852976744571,2.2962906904995632,13.767136258986564,1.3118641305214895,18.06061223822529,143897.72,0.0201535801103392,0.014934622682631,0.0438285762834781,0.2380318751563701,0.4276311026034621,0.2904641508258184,6010.885588317166,3601.2666101863606,7.311878681182861,0.9107786,6.121731,11.263752,0.9107387,-0.0201306423373265,0.2101885339879623,6.721425958818507,1.2622872300817407,8.484370155765836,1274139.1,0.1446306232909475,0.1330655515193939,0.0928106954533725,0.8385877164216267,0.0382220437387201,0.0303537986462931,1206.8811639057687,2019.46210953246,5.036745548248291,0.28396633,1.7634392,3.507328,0.283941,-0.0166755447096707,0.2596646865702996,6.21002906173702,1.2646380818456662,7.853439240868602,123858.24,0.0016884192776421,0.0129040880128741,0.1888955263547677,0.5164385540554569,0.2675415690955391,0.0271223566465425,2527.8132420676648,2895.986115423666,5.750974655151367,0.5546378,5.2770615,9.309101,0.5546368,-0.0720261409507515,0.4074082201605193,9.514428263168536,1.2668379240569003,12.05323854952246,472509.0,0.038553837575209,0.0492688566446304,0.36879290382653,0.5323021240361513,0.0906508373799831,0.008251189434295,1269.414464024166,1861.520367802439,5.411360740661621
124,73800,1,0.2985952,4.388714,8.622837,0.29814202,-0.0220801145674535,2.312828574589044,14.69787184430709,1.309139221192214,19.241560499503592,136948.36,0.0183854673791542,0.0142102725803852,0.042900402365182,0.2373448731934689,0.4385095087147545,0.2811947426766463,5999.318582670965,3584.9213961830687,7.2947163581848145,0.86336577,5.196476,9.95512,0.8633271,-0.0193133514080523,0.1881506409949529,6.018858016983718,1.2606571714592087,7.587716523114065,1144935.1,0.1045406041174372,0.1194465011358261,0.0943640398554011,0.8347117155180813,0.0424550665989951,0.0284477519044405,1216.4843818891284,1998.4227430486685,5.091818332672119,0.27534163,1.9717216,3.7323952,0.2753131,-0.0152037775171653,0.298644781844803,7.161000860246587,1.2659844907136046,9.065716027091884,116448.78,0.001716494621744,0.0121356267482042,0.1912007799985648,0.5048242473220927,0.2749018075016769,0.0290713904168736,2596.6734314213813,2933.39041637037,5.790774822235107,0.5285602,5.2742004,9.096241,0.52855855,-0.0744507902716857,0.4724542172169998,9.978428621655864,1.2683828041228264,12.656467275899278,429121.38,0.0368754757534029,0.0447344593703746,0.3644073294131758,0.5273508398021238,0.0992018655384515,0.0090365613325078,1318.578897966387,1935.0392856660171,5.439610004425049
125,74400,1,0.29678404,3.8575172,7.253933,0.29636657,-0.0113417940443789,2.0122055469454887,12.997724538587835,1.3072568598825114,16.99136456598945,135292.06,0.0156111368512714,0.0140471812337636,0.0433279897477921,0.2246647659735817,0.4377780853767826,0.2941721121638252,6145.392189122626,3639.2668346155215,7.298410415649414,0.84341776,6.298542,10.438919,0.8433748,-0.0198692733113868,0.1535806363693255,7.467879257121186,1.2594982390845002,9.405780774050951,1092639.0,0.0777154627983366,0.1139333099126815,0.0975475693938614,0.8281524757854236,0.0460275787064513,0.0282515909595234,1237.3506530402933,2001.876276249322,5.154391288757324,0.26684535,1.5440941,3.0615807,0.2668183,-0.0176278197503624,0.2725196309636462,5.786475618718155,1.2664170515203397,7.328091391778839,109373.09,0.0013817717834842,0.0113826785236597,0.1947246936474132,0.4899422011803518,0.2849775994921647,0.0303531021508332,2654.546833728147,2969.151346683825,5.825694561004639,0.5192205,3.9815903,6.8486214,0.5192182,-0.0604694917858977,0.2955485509587054,7.668400015873054,1.2643790323843296,9.695764192024225,414090.03,0.0214800883277573,0.0431255958974361,0.366904364969358,0.521254679427765,0.1027671376294915,0.009070431492151,1327.8666966195094,1960.0275823736156,5.451559543609619
126,75000,1,0.43288916,11.025524,18.51492,0.43259665,-0.4477288216436166,3.987369677642194,25.4696237955812,1.3947759338006993,35.52441831311634,287835.7,0.1400210593228495,0.0276321247220039,0.1376380580344346,0.3973200599200298,0.3325144975735222,0.1324850517826005,3736.8905993244502,3512.0876132423023,6.870113372802734,2.0658298,11.177444,22.255516,2.0658104,-0.0450034241724109,0.1614346778757367,5.41063194439534,1.2614425039006931,6.825201107626439,6555114.5,2.9401869411537644,0.6828616261482239,0.0573334319234229,0.9127675540467216,0.0235876908531279,0.0063064924095075,988.6258843512963,986.2122257058724,4.8790693283081055,0.47886166,2.9139519,5.415058,0.47884232,-0.0378323880630731,0.1204577729777529,6.085164294008719,1.2597328066045257,7.66568109475726,352217.84,0.0063339567800661,0.0366977378726005,0.0907350760417846,0.7626958511711903,0.1272292592555667,0.0193392869065341,1604.6180301845786,2174.156708217297,5.447360992431641,1.2110213,7.343197,13.791275,1.2110198,-0.0977510722692263,0.1745963022138035,6.0636397095940655,1.2614173498183352,7.648780332735683,2252655.5,0.3755278705498955,0.2344691306352615,0.1406478899173706,0.8181648669230615,0.0390677823267885,0.0021187967517869,943.1165081216338,1075.478835977264,5.0880537033081055
