ch1_rms,ch1_peak,ch1_p2p,ch1_std,ch1_skewness,ch1_kurtosis,ch1_crest_f,ch1_shape_f,ch1_impulse_f,ch1_energy,ch1_kurt_rms,ch1_total_power,ch1_low_band,ch1_mid_band,ch1_high_band,ch1_bhigh_band,ch1_mean_freq,ch1_freq_std,ch1_spectral_entropy,ch2_rms,ch2_peak,ch2_p2p,ch2_std,ch2_skewness,ch2_kurtosis,ch2_crest_f,ch2_shape_f,ch2_impulse_f,ch2_energy,ch2_kurt_rms,ch2_total_power,ch2_low_band,ch2_mid_band,ch2_high_band,ch2_bhigh_band,ch2_mean_freq,ch2_freq_std,ch2_spectral_entropy,ch3_rms,ch3_peak,ch3_p2p,ch3_std,ch3_skewness,ch3_kurtosis,ch3_crest_f,ch3_shape_f,ch3_impulse_f,ch3_energy,ch3_kurt_rms,ch3_total_power,ch3_low_band,ch3_mid_band,ch3_high_band,ch3_bhigh_band,ch3_mean_freq,ch3_freq_std,ch3_spectral_entropy,ch4_rms,ch4_peak,ch4_p2p,ch4_std,ch4_skewness,ch4_kurtosis,ch4_crest_f,ch4_shape_f,ch4_impulse_f,ch4_energy,ch4_kurt_rms,ch4_total_power,ch4_low_band,ch4_mid_band,ch4_high_band,ch4_bhigh_band,ch4_mean_freq,ch4_freq_std,ch4_spectral_entropy,file_idx,time_sec,bearing_id
0.18921405,6.4370155,8.808136,0.1868935,-1.6251671185864298,25.360513573888834,34.0197543851772,1.3962030091743551,47.498483444207906,54991.805,0.03250660227539278,0.0055902996100485325,0.020466096340410758,0.08443747381367665,0.6528796940326123,0.24216983360289518,6766.926136310457,2965.4876811632935,6.6349310874938965,0.22104174,6.8172455,9.531784,0.22051089,-1.5122128503146364,22.50926498811883,30.84143978694219,1.3652361432523372,42.10584830726463,75048.11,0.053735150349769396,0.007780140731483698,0.038683490715637696,0.34845192862892493,0.45598895116006344,0.15684527664078604,4847.954767935975,3541.8612233813155,6.934313774108887,0.20375846,8.574295,12.482262,0.2036521,-5.614652664507659,113.25576234934128,42.08068173744755,1.6579643738772665,69.76827114949815,63770.9,0.19521938213731893,0.006636057049036026,0.04514280629688897,0.14153043007871444,0.5278642132459442,0.28541433810333194,6312.722129289285,3296.653793199536,7.2621564865112305,0.23326387,8.904648,13.195896,0.23304473,-3.5285881064324953,64.2586052202145,38.174141643356215,1.5119853789839777,57.71874402026543,83576.88,0.19024846638669154,0.008687972091138363,0.06437196384498114,0.20068243607502861,0.523305007240403,0.2116012314092972,5682.008773587245,3345.0098723250776,7.250585079193115,1,0,4
0.18901981,6.69508,10.20155,0.18676333,-1.7720768794512411,29.10694527659261,35.41998934935839,1.4005922611763635,49.608962973923035,54878.96,0.03715574353270703,0.005587976425886154,0.025203734438937062,0.08679897804196107,0.6467759651938435,0.24117052303967187,6707.659040064061,3009.0862467287325,6.663673400878906,0.22814436,7.052517,10.723877,0.22760734,-1.4835292844711792,22.675057932490635,30.912518976209444,1.362757199623367,42.12625779350802,79948.57,0.06143096997370963,0.008303960785269737,0.04912136087655727,0.3797266189255725,0.42450492407107776,0.14661587863618158,4554.653363574621,3574.2398042086324,6.880198001861572,0.20937224,7.994175,12.902737,0.20927352,-5.327278046334861,108.97527312934439,38.1816379257536,1.6260165979155068,62.08397700317208,67333.23,0.2094133391185905,0.007023863960057497,0.08361725585742064,0.15271562889869075,0.4961718439406792,0.26744491857005975,5940.779970839369,3483.1921697786756,7.239674091339111,0.23978466,8.385563,13.632202,0.23957132,-3.3778313713454198,62.19360702044992,34.97122363125215,1.4923281548324279,52.18854163407637,88314.91,0.2056038840451277,0.00919993408024311,0.10384006028620786,0.20731588985142627,0.49013165548366916,0.19867143349860494,5349.347253434152,3467.370190492838,7.203924179077148,2,600,4
0.19620077,7.5881004,11.191559,0.1938468,-2.10827342493608,35.76870521339102,38.675181104779625,1.424153721240911,55.079403090318806,59127.926,0.05300368653941842,0.006015366408973932,0.02542700241667713,0.09292561344141309,0.631569517264741,0.2500217333654347,6685.550077355486,3050.21587277373,6.73480224609375,0.23532043,8.314896,12.383652,0.23467636,-1.769944931219687,27.982229962267656,35.33435447750691,1.3831966012288743,48.87435902011151,85057.086,0.08580663755490338,0.00880734808743,0.047042997174048175,0.366774320876872,0.42610001054715,0.16004593192214886,4675.3099763654245,3592.8931816872105,6.9309306144714355,0.22277386,10.149193,16.074753,0.2226422,-5.78482103554431,120.0800891870362,45.55827415459886,1.6825923992904441,76.65600581766243,76228.91,0.295752183373081,0.007941829040646553,0.07290042747966441,0.15567904397396473,0.48880301475855004,0.2825591435044662,6014.783544998838,3476.099999601568,7.274118900299072,0.25109774,10.480309,16.49208,0.25083703,-3.8229652775929455,73.33874112648625,41.73796460750659,1.538157307529499,64.19955526269952,96844.91,0.29154436901600683,0.010071968659758568,0.08851561703039929,0.2053327860945049,0.48836536655365576,0.2177370205542761,5492.917101368309,3463.3033929160547,7.257984161376953,3,1200,4
0.21451049,5.1903725,9.067631,0.21248625,-0.9704058779664986,12.529125675054111,24.196357833954732,1.338696872769385,32.391588564875214,70678.66,0.02652863283556599,0.007212943863123655,0.016038722055864235,0.09860782136209803,0.7236062153674112,0.16172594665471737,5933.479799732662,2799.655441523053,6.859096527099609,0.3682659,6.126976,10.92453,0.36793062,-0.27743336067254243,2.3523968405143965,16.637370070068386,1.2760326046785133,21.229826665567348,208311.97,0.043266981742856536,0.02165565825998783,0.026265180783410412,0.7228274738656539,0.20083346857783288,0.050064829346131365,2406.6662390515,2731.021984922901,5.494108200073242,0.20686878,7.887268,12.291241,0.20680845,-4.671491980268923,87.9345649041425,38.12691294322905,1.5789619205926946,60.20094368740242,65732.65,0.16104211074350516,0.006822172086685896,0.04237100254571525,0.17462861170193186,0.5278260752457784,0.2551226739076555,5959.424753268493,3300.2691171107776,7.3144073486328125,0.29929635,8.111572,13.138771,0.29913485,-1.4734845871667326,20.114744881807244,27.10214235797005,1.3574016310704657,36.78849224233542,137592.28,0.16140619766551664,0.014294018968939781,0.04811460285330284,0.3646957020965618,0.46754872232915384,0.11961566412069646,4249.375882997739,3219.4602712529677,6.774927616119385,4,1800,4
0.22087726,6.0786247,10.122204,0.21885188,-1.0192670871944056,13.687729374167919,27.520373650722725,1.3430512955087084,36.961273484654214,74936.48,0.032578826332322,0.007667989935725927,0.01832695052006158,0.10111024805258331,0.7142612234790358,0.16627878206476107,5928.224709299051,2831.9386982645506,6.90507698059082,0.37372413,6.9705963,11.301613,0.3733517,-0.3182884228306298,2.8089203291315386,18.651715803514993,1.2796603804578313,23.867861741381205,214532.7,0.05479538622549467,0.0223214253783226,0.030504908677271174,0.7026819876377953,0.21211394720757273,0.05468891598059494,2480.460328555967,2776.175032733291,5.689640045166016,0.21739228,8.080292,13.6024475,0.21730149,-4.594036489035457,86.55923840750006,37.16917510627432,1.5796176530056523,58.71308514579923,72590.445,0.19332583824573352,0.007575727067887783,0.04646999231042375,0.17420401073382402,0.5169894428821988,0.2622845331962657,5936.84515382516,3332.0484722569076,7.334192276000977,0.31279784,8.503532,14.289188,0.31263033,-1.4596200103533852,19.829515031454527,27.185393255128485,1.3582262774357916,36.92391548165928,150286.06,0.18983098402001333,0.015663601458072662,0.05286125877437356,0.3474238797818279,0.4750396939667699,0.12464974179079613,4282.052503878276,3220.2578162327686,6.814289093017578,5,2400,4
0.22601296,6.3228607,10.201454,0.223911,-1.2842264302319175,17.698191435359096,27.975655535903876,1.3566579937516212,37.953396713393715,78461.73,0.04618088606820199,0.008025270886719227,0.019916491469270447,0.10923337156551857,0.6925816654428955,0.17824291528924893,5961.007699914327,2897.2626272573752,6.95068883895874,0.39534652,7.1487427,11.513519,0.3949738,-0.35071787873269816,3.1603413106783,18.082219703386322,1.2803819826456408,23.15214831451441,240075.06,0.07720504485199751,0.024964282289147377,0.03063661840936888,0.7176918025375748,0.19475856059056615,0.05690183122490746,2415.9435302113566,2768.1279487668867,5.650115489959717,0.22998664,9.553719,15.625858,0.22989109,-4.987133664970517,95.13405661074549,41.540320154966324,1.6043282994601147,66.64431119353563,81244.95,0.26616223411773426,0.008465489372611046,0.04535314845857173,0.17951588325391196,0.5031092713726769,0.2719678758720511,5923.928793802374,3366.244768967328,7.345088005065918,0.32967874,8.850193,15.355778,0.32950962,-1.604375815507524,21.9481264700933,26.84490032384198,1.3665857521714073,36.685858301135326,166944.89,0.25927535780869143,0.017384987324476242,0.051005507018338114,0.3595014364188796,0.4594306269177808,0.1300347436801468,4236.03676505555,3252.5388623247422,6.801987648010254,6,3000,4
0.22893946,6.7029,10.100269,0.22689289,-1.2856568955994736,17.38435631729865,29.27804568980161,1.3567312031988323,39.72243815620843,80506.79,0.04775746011925937,0.00823386199772358,0.019797238688464874,0.11117306646440869,0.6913209437595365,0.17768428764496458,5949.599249680553,2893.7552652325935,6.969107151031494,0.404177,6.709957,10.489655,0.4037891,-0.35840339426176726,3.0584020924737834,16.60153090300886,1.2842376766671038,21.320311476049973,250919.5,0.08161707181345085,0.026076044887304306,0.02778239551105038,0.7234008858629382,0.19213727376085288,0.056668913178111464,2399.2997432182933,2759.8131037129706,5.630558013916016,0.2354189,8.652401,13.483906,0.23532209,-4.9052161037456665,90.30236375051435,36.75321284432249,1.6004268224813503,58.820827648669656,85128.28,0.2773731567970726,0.0088497968390584,0.04384357572651651,0.182170443394903,0.5013490279833268,0.2725870114358842,5918.957517677318,3361.304139070281,7.347704887390137,0.33673468,8.946991,13.774204,0.336549,-1.5820521612044187,21.069291868135462,26.56985287374352,1.3662420137579145,36.30084929558266,174167.4,0.2708952166304145,0.018104227259755135,0.047004031682550663,0.3664228885805954,0.4566143597968007,0.12993339099637224,4223.707934329206,3253.118630916078,6.803334712982178,7,3600,4
0.23813987,9.209919,13.328648,0.23609364,-1.4841297359554544,22.941557012140315,38.674410385578526,1.379652041633746,53.35722924766883,87107.48,0.07378215269424854,0.008918248116970062,0.020220601286635557,0.1071494837020942,0.678338298501951,0.19426137771247864,6041.49628776439,2908.586000369739,7.03083610534668,0.3930597,9.873867,15.148544,0.39261824,-0.48567661240258764,4.865832985100842,25.120527534653746,1.291289605105111,32.43787608033763,237305.77,0.11614252797378351,0.024681558832526207,0.032161628162437256,0.6822894085225198,0.2021293262647458,0.08340235740704655,2682.379877338781,3029.17555991395,5.881253242492676,0.24739689,11.586761,17.856216,0.24727413,-5.1651886646489205,101.07639615511559,46.8347101920682,1.6373024946517283,76.68258783407396,94011.21,0.378640152776565,0.009790747426450253,0.043624863078272035,0.1769130963360192,0.49197844323781986,0.2874268684306584,5976.948168674707,3371.6687112420113,7.367043495178223,0.34425527,11.333752,17.860603,0.34405622,-1.8040425955487733,26.442724996975606,32.92252207319662,1.385764069957255,45.62284818154303,182033.97,0.3713886186941394,0.01894131861627102,0.046327866100588616,0.34410605302930275,0.4648598201178253,0.14467428251825945,4370.6313253728995,3287.97589510592,6.872430801391602,8,4200,4
0.23393564,7.041359,11.614227,0.23181836,-1.4086432382236207,19.89337054166274,30.09955631357102,1.373823130258027,41.351466674264664,84058.95,0.05957909915342246,0.008592691272497177,0.019269185872490806,0.11094338463875736,0.6859375967896537,0.18382242800309181,6021.045233824691,2891.6619918666547,6.989112377166748,0.40763545,7.9704285,13.087273,0.40720955,-0.396758826859099,3.5066258469007527,19.552834425162313,1.2862730966225107,25.150284883862454,255231.97,0.09682270522893666,0.02650439366698265,0.026658677593991258,0.7190766774916866,0.18866340679784488,0.0655875648402128,2467.3874231631135,2855.1773986085195,5.582082748413086,0.24497238,9.739494,15.139294,0.24487177,-4.894674657904361,90.60926373183891,39.7575204298084,1.601752710990874,63.681716130980625,92177.62,0.3263180323426307,0.009586965665221214,0.03966198124577671,0.18278929728110843,0.49656039876980096,0.2809331444288943,5957.901583514409,3356.372652763938,7.350085258483887,0.34629413,9.412098,15.687847,0.34611425,-1.6341846638461741,21.880662442836705,27.179489871564535,1.369305144718637,37.217015312068874,184196.56,0.31465961742895454,0.019153397530317307,0.042637434692765645,0.3600499644756607,0.4608565266646108,0.13642750119827615,4287.902915013107,3271.504937749367,6.779104232788086,9,4800,4
0.20736492,9.761524,14.912415,0.20509237,-1.979480862827455,34.56184637026786,47.07413554308622,1.4177464960250858,66.73919071994229,66048.32,0.0639054743227264,0.006736264564096928,0.025074942008654486,0.09430151233031017,0.6419857211999422,0.23858336478550254,6615.836819851218,3003.6029701898638,6.807682514190674,0.26435542,10.079861,15.454197,0.26368567,-1.4291063406779332,21.250738290049902,38.12995642972011,1.3589662273620788,51.81732303897319,107341.51,0.103783163827677,0.011123699136078358,0.0570534439010527,0.41516237337904527,0.3867470150517431,0.1410053105282566,4220.393379509314,3591.757887383729,6.810995101928711,0.2331123,11.264324,17.631435,0.23301476,-5.583516991308773,113.09496297111994,48.32144819091536,1.6761026063095434,80.99170525379225,83468.31,0.3339673883822048,0.008709847927093506,0.043463166212367045,0.16037883301295647,0.5070428890040392,0.28905715359003076,6183.85111950511,3350.805692693275,7.305572509765625,0.27335584,10.834885,17.5313,0.27311745,-3.305321101404663,59.28565827959314,39.63655789700185,1.4999265759833291,59.45192657043245,114775.164,0.3310267448126088,0.011959920637309551,0.08408097902818326,0.2442745279746093,0.46588373789416765,0.20571459740076078,5266.658849677241,3489.647581243911,7.220629692077637,10,5400,4
0.20186007,6.396103,11.247063,0.19959906,-1.766185543983071,28.250172428894768,31.685825225360873,1.4094908868792064,44.660881898614676,62588.14,0.04690539342198945,0.006372087635099888,0.023742379209182787,0.09148586547452114,0.6506401584368641,0.23407750051610246,6642.791956292562,2965.820763791342,6.777905464172363,0.25408107,7.17659,12.70771,0.25337905,-1.3050960989831946,18.396711955726545,28.245276020920215,1.3545668142302467,38.26011355686246,99159.85,0.07667070383536703,0.010265819728374481,0.05522840528762995,0.4063264548486334,0.3988777392733368,0.13953783687780758,4293.241452862516,3580.2208815650715,6.831233024597168,0.22425129,8.584118,15.401649,0.22417957,-5.282843244410759,103.51338353312788,38.27901312533477,1.6568703493031833,63.423361848237384,77243.35,0.2617798818210746,0.008036855608224869,0.041809509876473534,0.15908939997844362,0.5154566169295552,0.2835939198034805,6199.281083488336,3333.3595088388397,7.291165351867676,0.26380217,8.888435,16.136074,0.26358336,-3.068176400491727,53.411508073215764,33.69356415206306,1.4888210575238607,50.163687812812725,106892.68,0.25867133238618023,0.011108245700597763,0.08602494841348596,0.2384852408376359,0.47375297085089474,0.20169721985932118,5282.740098219688,3483.1823371979076,7.193597316741943,11,6000,4
0.20111127,7.701111,12.801266,0.19887608,-1.9320862310466376,32.30705291103943,38.2927857005943,1.4148075870454793,54.176923738576846,62124.66,0.05284975693035047,0.006333912722766399,0.02408401346365461,0.09248854245724791,0.6463180269725587,0.23704691682920034,6641.723347739377,2972.9802484534116,6.798882007598877,0.25307453,8.067131,13.358498,0.25237244,-1.3962114137799635,20.036809403207545,31.876503514099344,1.3569218012796775,43.25392256702057,98375.76,0.08219062838896529,0.01019685622304678,0.056508921847108415,0.4030864229271697,0.39836708907606844,0.14200223109999324,4311.198906327987,3580.650934102978,6.8417181968688965,0.22377877,11.015224,18.344975,0.22370042,-5.5611628307505265,112.73678240524187,49.223724339700176,1.67414234636476,82.40752136324605,76918.17,0.2827099933475532,0.008014385588467121,0.04256094238643245,0.15665828739387477,0.5137587748233757,0.28696416808179376,6211.9036338630085,3332.421032711236,7.2972259521484375,0.26271594,10.436249,17.81292,0.26251203,-3.2701388251555863,58.360841914307606,39.72446038025174,1.4976647630796578,59.493924544083434,106014.21,0.27801435170123084,0.011030564084649086,0.08550821142256311,0.2346000642476793,0.47404035194011696,0.20580519904537295,5310.408636338501,3486.550301573105,7.194248199462891,12,6600,4
0.19254574,7.209778,10.133457,0.19036485,-1.507920744339918,24.57750773116245,37.444493784827515,1.3844173726761884,51.83880770705,56945.45,0.03378107886214686,0.00579324783757329,0.021830553621550782,0.08568733543226861,0.6654396523862998,0.22697948818936928,6680.707223759649,2908.2344721678146,6.720529079437256,0.24399151,7.9568863,11.299324,0.24335544,-1.106410547549111,15.721703134445406,32.61132455582529,1.3347102412367464,43.5266688651338,91440.94,0.05571837525636104,0.009468532167375088,0.05786009336287731,0.4145811855631521,0.39880890257866664,0.12871938833819002,4206.265298156528,3548.303708953092,6.7783403396606445,0.20669448,10.515404,15.209675,0.20665018,-4.979790054937494,101.25688862653983,50.874138275838874,1.6036433175180294,81.58397188093193,65621.93,0.18481623722037344,0.006820730399340391,0.04129163441087742,0.1541870345835878,0.5318792943254597,0.2725890152034841,6221.74493945156,3290.8948218804603,7.264827728271484,0.24859694,10.305214,15.387249,0.24842215,-2.7790951505311585,48.81814977254238,41.45350330839934,1.4513464817260515,60.16339618210664,94925.48,0.18645086608160208,0.009867812506854534,0.09130590128849822,0.24178147421315188,0.480153759812973,0.186717844745682,5198.0966087533925,3474.9755602389987,7.128012657165527,13,7200,4
0.19537781,9.474373,13.016415,0.19296394,-2.591928069220032,45.358080531789184,48.492573322134,1.4407181975575483,69.86413283194975,58632.94,0.06609302549476485,0.005961419083178043,0.025484458539473953,0.10072433710098742,0.6102640982256332,0.2634583913853037,6605.684318884356,3094.4148679150658,6.874090671539307,0.24592137,9.833622,13.720417,0.24516754,-1.8937854467157655,28.76765540369383,39.98685370072419,1.3808351324924801,55.21525242802143,92893.164,0.10521788552523392,0.009606340900063515,0.06090684147181766,0.39593569095602765,0.3815242618653461,0.16159374746857066,4344.740001406964,3628.530063269816,6.927145957946777,0.22474796,12.671757,17.375183,0.2246575,-6.5806585880020885,135.99336951190938,56.38207786706361,1.7505561533399576,98.69999334872,77585.88,0.3469770382198302,0.008083946071565151,0.04500054276073099,0.16074373122378868,0.48688605190870093,0.3073056372085013,6179.529464190792,3404.174626798868,7.322431564331055,0.25953034,12.511253,17.837143,0.25931,-4.062145603527296,75.0009737894071,48.2072869240493,1.5455336837570712,74.50598574394708,103458.81,0.3402666739161177,0.010764696635305882,0.0901989757674673,0.23090109834724057,0.4496683177899886,0.22917933588763603,5312.619395519265,3551.992877131621,7.236062049865723,14,7800,4
0.1974475,8.050728,14.247131,0.1949742,-3.0332369634747423,55.70843890106501,40.774018927564924,1.4676108288614176,59.84039171459776,59881.746,0.08466959645085687,0.006075817625969648,0.02724625181163766,0.10553217192778074,0.5889147749683539,0.27823608474419875,6603.734067313537,3165.217132065483,6.913853645324707,0.24721761,8.556271,15.083694,0.24641041,-2.187877537164574,35.10487595921813,34.61027951355498,1.399791058487005,48.44715979500621,93875.02,0.13112486687670438,0.009708397090435028,0.06409742555970849,0.3862116271640093,0.3750213442956546,0.17462783153578815,4412.306096538543,3669.6850159050846,6.9693450927734375,0.23244308,10.007381,16.376877,0.23232377,-6.905498820018499,143.28823590274976,43.05304105868839,1.8016448926738178,77.56629153779582,82989.75,0.41828955189090805,0.008637869730591774,0.04737047676382372,0.16125086010380102,0.4724027643266334,0.31890780453808004,6177.508747750989,3442.8236465583154,7.327081680297852,0.2646344,10.012627,16.431713,0.26436737,-4.363718312209368,81.66705973000334,37.835695680444694,1.5800324933327763,59.78162858317908,107568.17,0.40052729250159114,0.011184388771653175,0.09004321580429756,0.2271342608172235,0.4387835737469475,0.2439844181874401,5362.377018598628,3580.7049381704956,7.2627997398376465,15,8400,4
0.24920134,8.38747,12.8686905,0.24721283,-1.4218290233764415,22.847365498406038,33.657403938569836,1.4224095506638665,47.87461281296548,95387.62,0.08811252353820313,0.009768323041498661,0.020343876006065974,0.11011658831838654,0.6560375174148211,0.21346941746410325,6026.4466363768415,2984.7410633697277,7.090198516845703,0.433152,9.365749,14.964867,0.4326978,-0.41356239189918415,3.673085639102701,21.62231634978749,1.2894879122743852,27.88171556848814,288185.3,0.1292981499389225,0.029956134036183357,0.029468390310469477,0.7376301073891323,0.15458402592550985,0.07829603427099806,2381.57727435215,2883.578807192762,5.574380874633789,0.25165778,11.750507,18.130589,0.251566,-5.603725879865328,102.91413845323983,46.692405728978294,1.6767482231843607,78.29140834257872,97277.4,0.41277797372865516,0.010117212310433388,0.04784069067931375,0.1918379072270492,0.46304198895312887,0.29721909800681295,5863.793730132476,3464.4955336695903,7.346240043640137,0.35844758,11.350441,17.953396,0.35824952,-1.8183359292400219,24.1436767345512,31.66555324640792,1.3859240644084243,43.88605225712548,197352.44,0.3985713022970911,0.020512918010354042,0.051514090796831176,0.37552251748384474,0.42863401811928653,0.14429667860907272,4124.550811346491,3297.1973325129734,6.778266906738281,16,9000,4
0.24010609,6.775093,11.126995,0.2380676,-1.752784575698829,25.437859223435403,28.217081262274846,1.3891904996368032,39.19890121719513,88551.836,0.08454603951829967,0.009075884707272053,0.021245678107308853,0.11942326838569868,0.6670471290799895,0.19225187955346137,5974.610512586147,2973.0398449322847,7.008490085601807,0.44234884,7.8404427,12.326908,0.44190302,-0.41066115696690036,3.539408014793689,17.724569359143977,1.2832347123973047,22.744782663998613,300552.94,0.13551588089224514,0.03124888241291046,0.028380853891199702,0.7432284913477774,0.1706336665218058,0.057744820973967485,2302.830747960516,2740.8378187038675,5.452065467834473,0.25780925,9.970856,15.412426,0.25770253,-5.408566316595553,99.0265434198102,38.675321591551324,1.6661022883695242,64.43704180736086,102091.18,0.4374673166289957,0.010630888864398003,0.042891421177884005,0.1881782295310526,0.48216035626306164,0.2867092194708242,5930.282934349817,3412.0589328833266,7.347343444824219,0.36235508,9.657574,15.5257225,0.3621594,-1.8179000002968726,24.65766891275292,26.65223739629523,1.3877229183193995,36.98592065943032,201678.66,0.425098379394795,0.021006183698773384,0.04606294150872496,0.37276642591526915,0.4388405378980952,0.1422982699545271,4244.165317844101,3320.09412678654,6.79799747467041,17,9600,4
0.23675507,9.37767,14.270401,0.23475431,-2.026729779466819,31.552572547388017,39.6091630326031,1.4071135897512588,55.73459158208441,86097.35,0.099136127079551,0.008819657377898693,0.024330302102777396,0.1265369135239872,0.6480047855476997,0.2010951252856062,5966.285507772965,3033.3234067446497,7.032364845275879,0.44233263,10.261154,15.695095,0.44189394,-0.4483132161296611,4.0472860261501005,23.197823506134636,1.2855461181713836,29.821871958403676,300530.9,0.1549386579284935,0.03122580423951149,0.02881970214339317,0.7404851258628019,0.1705391587961438,0.06014362816199869,2314.398314922114,2755.6863078176684,5.392373085021973,0.26248434,12.752247,19.28091,0.26239374,-5.633133269826575,107.25912592667046,48.58288599725824,1.6877184197964852,81.99423158475783,105827.375,0.5091524742857397,0.011019975878298283,0.04342757902786866,0.19418206921157444,0.4702994918107257,0.29203117838901244,5900.44962967644,3444.825602602245,7.348081588745117,0.36367074,12.564945,19.352436,0.36347356,-1.9710545346924264,27.79089004102587,34.55033346940966,1.3994134575126596,48.350201618774875,203145.84,0.4861114832945758,0.021143391728401184,0.04815553930644484,0.3774854042610678,0.4240886836094069,0.15023792046559556,4245.42700972498,3371.0481103329353,6.787380695343018,18,10200,4
0.21665126,6.0858727,9.375954,0.21478698,-1.0729304838639113,14.097363745718976,28.090640350590668,1.3474525015963232,37.85080361202073,72096.414,0.031058665336899962,0.007370701991021633,0.021579125941210153,0.11529912064434289,0.6912504827389768,0.1718487873067489,5945.130370776137,2910.5682636947213,6.9399495124816895,0.40138695,6.6454887,10.480213,0.400969,-0.26047874036062446,1.9871885608179616,16.556315041985922,1.2754332400225274,21.11647453688642,247467.22,0.05158127310919695,0.02569594979286194,0.031065973636540622,0.7473046103166209,0.17334423888781952,0.048275774081787376,2235.9790345658375,2658.0461568462297,5.565154075622559,0.22342761,7.878685,12.778568,0.22339764,-4.113135385296441,72.56636576735931,35.26280859633624,1.536682440721899,54.18773878076968,76676.96,0.1808350965276305,0.00796621572226286,0.041951955146324445,0.19566918669424416,0.5003928727416778,0.2619374643902389,5842.470818031763,3375.9712088012925,7.3234171867370605,0.32620856,8.2930565,13.412094,0.3260822,-1.2472913667674916,15.559455293805819,25.422559254236738,1.3439651007748736,34.167032410180205,163448.88,0.17618779097069237,0.016978299245238304,0.05125471330136272,0.3955826861734796,0.43285289715508013,0.12028532426880535,4045.7100736518346,3269.3724764713597,6.780592918395996,19,10800,4
0.22118643,6.407833,10.442829,0.21929717,-1.0424494096108672,13.602200698314014,28.970281407913046,1.344732484783197,38.95727850270749,75146.4,0.03255690325355918,0.007682161405682564,0.020858427058995953,0.11896823093796091,0.6934528621813888,0.16669805558928608,5883.890120361379,2901.926746225751,6.94169282913208,0.42253894,7.6457024,11.528778,0.4221415,-0.22546690554717108,1.7311252750317019,18.09466940945442,1.2719162271650346,23.014903647126296,274236.16,0.05518174568465924,0.028480172157287598,0.027296170428996076,0.7626230070596028,0.1654562380388016,0.04461643786677451,2160.2422133827713,2579.6501310613576,5.431401252746582,0.22685313,9.061909,13.8783455,0.22682953,-4.188250612963083,75.7358534336406,39.94614767752134,1.537696443477385,61.42504921461773,79046.164,0.200576774968618,0.008207838982343674,0.03955852650685052,0.20215898773223195,0.497604361628224,0.260629914527255,5821.18509723671,3384.6997289972514,7.314538955688477,0.33074173,9.0771675,14.477634,0.33062267,-1.2931113209884422,16.578674075268726,27.444880995345777,1.3442182396263966,36.89190961843119,168023.17,0.1983836086812052,0.017466440796852112,0.047615717612636374,0.4122251958339364,0.4209137213501591,0.11922122420622497,3993.5280460216527,3281.82955821797,6.7494306564331055,20,11400,4
0.2250632,6.505394,11.444664,0.22320896,-1.1518999744443428,15.691489699806873,28.904742508612454,1.3517786080078964,39.07281259329242,77803.695,0.040260778724161825,0.00796586275100708,0.02326508076141776,0.12010563489924772,0.6864642569006176,0.17014082607108766,5867.41763269143,2922.079810888408,6.976919174194336,0.4242053,7.1762085,12.943554,0.42381117,-0.26573031574793143,2.1862247332461617,16.916828813963356,1.2751636197847727,21.57172466574371,276403.4,0.0707944443475681,0.02871038392186165,0.03197377044894495,0.7565949147803429,0.16360079331092703,0.04782124197871943,2178.340745078887,2619.0650398607117,5.557096481323242,0.23240453,8.854675,14.570713,0.23238096,-4.346803367370154,78.73269392529696,38.10026977997256,1.556071705140987,59.28675176310862,82962.23,0.2296854412111322,0.008639697916805744,0.04337141127289301,0.19870164078975958,0.4894673327157829,0.26841067584279243,5830.11575935558,3403.6047482019767,7.333827495574951,0.33991385,9.168911,15.39669,0.33979797,-1.323316111559448,16.965478604534148,26.974220419054518,1.3497273650584827,36.40784345082428,177471.61,0.22648608919470634,0.018477441743016243,0.05432373444023193,0.4115131893413187,0.41100452003778465,0.12313324110893673,3960.7305610881795,3305.363007143825,6.778543472290039,21,12000,4
0.19238417,6.8089485,10.325718,0.19014266,-1.7378291692173888,27.217517557812197,35.39245754834387,1.3973464160941358,49.455523712199216,56849.92,0.03728428630524921,0.005782769992947578,0.031180541592385,0.09178803289077136,0.6242877102934766,0.252682671578197,6652.0057102886085,3090.867262120822,6.7590107917785645,0.26091513,7.1113586,10.963249,0.2602209,-1.0104202135441858,12.857981554888354,27.255447517668244,1.3278086201807024,36.190018160981325,104565.82,0.05958951573676472,0.010830221697688103,0.08094240003132626,0.4652638409072553,0.3281417820288572,0.12562435170914504,3736.4370237295657,3582.3267060951725,6.627535820007324,0.21610205,9.069729,14.03389,0.21606202,-5.001739160085359,96.40652824912155,41.96965694467746,1.6014487768296997,67.21225577832685,71731.35,0.21025289309508835,0.007477101869881153,0.055429418610837784,0.17135606788385987,0.4900501053280482,0.28311147926263114,6028.612868987401,3452.4036357945984,7.277257919311523,0.26538688,8.685875,14.115238,0.26522803,-2.561521553968121,41.53181549611661,32.729104608055586,1.4330776645289762,46.90334879401358,108180.766,0.20601493581106853,0.01125241443514824,0.1301307345871686,0.2802865052008001,0.40670092201539226,0.1828429585604589,4711.77757957402,3614.75002191348,7.065334320068359,22,12600,4
0.20621853,9.712124,12.926006,0.20411657,-2.370298507121486,41.39766059390727,47.096272435584055,1.4336471956064312,67.51943890111896,65320.055,0.07486632424056842,0.0066553144715726376,0.028347628093597477,0.09434318936233582,0.6287602470308934,0.24848439831787605,6642.084861591359,3028.532454184071,6.847194671630859,0.26484907,10.901356,14.823341,0.26407126,-1.6230060719800472,24.3240806094398,41.160634914763925,1.365648189831343,56.210946563868355,107742.76,0.11968238129633862,0.011149887926876545,0.06386129510028603,0.4120803858535383,0.3769042709876322,0.14711930051726357,4223.70819033585,3621.9575146135976,6.815842628479004,0.2359452,13.689804,18.5503,0.23588946,-5.902560112494052,119.67502905442164,58.02111833399328,1.688202297493384,97.9513852749981,85509.33,0.37089253380407794,0.008899122476577759,0.04621822528930083,0.16562514387968233,0.49784236276450555,0.29025578310899225,6131.589844719719,3387.511773490915,7.315003871917725,0.27746862,13.349152,18.62259,0.2772686,-3.4074117036500833,60.58736294135376,48.11049093771456,1.499395711585482,72.13666379454138,118254.86,0.359118317664928,0.012305334210395813,0.09696030773118951,0.24700516589842753,0.44881925427178865,0.20717023976364293,5162.629063230313,3551.1907654529787,7.188712120056152,23,13200,4
0.21290249,7.4850082,12.746525,0.21072546,-2.6910073169860644,47.60768905428149,35.15697899511218,1.4673710798377928,51.588334232134684,69622.99,0.09781377803209743,0.007105316501110792,0.030397318276468206,0.10000073072372664,0.6122518447973991,0.25728484961956644,6608.406646049166,3070.8844295931885,6.919443607330322,0.26966012,8.297539,14.188862,0.26888084,-1.8947546510903812,28.937371678359128,30.77035975396987,1.3926305777904093,42.85174388314873,111692.66,0.1530121599013852,0.011571692302823067,0.06650619898322734,0.3902045953750557,0.38255454117052906,0.1606964803108773,4368.050082531688,3644.682416321068,6.902729034423828,0.25063396,10.290241,17.063427,0.2505548,-6.3114093645292755,127.92943518960635,41.05685217846418,1.7596337398663384,72.2450223462186,96487.484,0.5048125134215223,0.010058342479169369,0.04914021681607191,0.1648186565970057,0.48516647536954705,0.30081419429470024,6124.441709348937,3415.061404206716,7.328207015991211,0.28998795,9.883785,16.85419,0.2897877,-3.733817619575265,67.43679260270672,34.08343414290318,1.543615136758582,52.61170485588103,129166.85,0.4768883607007788,0.013458458706736565,0.10006368975327902,0.23434880569793665,0.4437294260031755,0.22180928396632696,5231.656351312259,3575.369063674693,7.208086967468262,24,13800,4
0.20493692,7.4440956,11.787701,0.20279308,-2.404755096181681,39.877041474855666,36.32383834764351,1.437820071910795,52.22714386533972,64510.68,0.07034022661502903,0.006585010327398777,0.02928596080001607,0.09415350617279965,0.6280269526346715,0.2484681994830721,6640.831036778321,3027.36383224766,6.850722789764404,0.26401955,7.6013565,12.97369,0.26327825,-1.6428883774481833,23.58374690409135,28.79088513782824,1.3668921155064628,39.35403389349868,107068.914,0.1145927506345738,0.011096341535449028,0.0717250375231028,0.40803900687625516,0.3743144338636194,0.14588679011654732,4199.733731602888,3624.7235328824713,6.807244777679443,0.23592684,9.117603,15.660381,0.23587874,-6.0983722863351115,121.47298740511259,38.64589305893345,1.6984102005011974,65.6365789790492,85496.02,0.3763475485233303,0.008907949551939964,0.05124725125454019,0.16342512803923323,0.49593542509214406,0.2893344089768514,6104.256368926634,3403.6784091484824,7.305817127227783,0.27884302,9.091663,15.903378,0.27864674,-3.478147372583209,60.453024984820644,32.60495281356104,1.5012610766315857,48.948546564584234,119429.27,0.36547453278469216,0.01242641918361187,0.11124232036150183,0.23837351263928697,0.44481777612845647,0.2055207855537093,5104.744759930784,3575.4447479386104,7.147715091705322,25,14400,4
0.20550288,7.9811096,11.520767,0.20342176,-2.651797146804704,46.097820023639734,38.83697161875415,1.4546530324380906,56.49431853620769,64867.484,0.08221518918780137,0.006625738926231861,0.027891783737147447,0.09781964098320488,0.6211871161123615,0.25302867461058015,6642.297638663982,3035.3303666526153,6.8841352462768555,0.25872746,8.634853,12.842846,0.25795278,-1.946487679052892,29.882309346450313,33.37432109565993,1.3878392713006555,46.31819346973379,102819.695,0.1339011369089995,0.010652808472514153,0.0731920155747255,0.3757700181648777,0.3918094157486566,0.15918663555870433,4419.895183366638,3644.6960263812957,6.895090103149414,0.23942739,10.845089,16.177464,0.23937525,-6.494901927877402,131.96231899230892,45.29594154713868,1.7474682824868422,79.15322117933343,88051.92,0.4336558880621626,0.009182050824165344,0.048763946047047466,0.1630847916560054,0.4903225956424569,0.29776521344637724,6146.855853576467,3402.3844148626604,7.320975303649902,0.2792985,10.828495,16.63332,0.27910644,-3.839434582284583,68.73248234291815,38.77032808217451,1.5343548718945832,59.48744177804882,119819.75,0.4182505591095495,0.012476149946451187,0.11211147832167635,0.22064379771426249,0.4498098485146211,0.2173841892176436,5235.520912498146,3570.313149483062,7.178002834320068,26,15000,4
0.20514177,7.8805923,11.1328125,0.20306201,-2.7396926830399737,46.62471049111608,38.41534772943911,1.4557151876726477,55.921805129743085,64639.707,0.08257194668575428,0.006592167541384697,0.028978563803282953,0.09625026099491488,0.6211228960419336,0.253578903102774,6638.252368856835,3043.115794697129,6.8777055740356445,0.25662833,8.815002,12.495804,0.2558654,-2.0242328470864734,30.526167271286845,34.349295286439705,1.3894482509387958,47.72656825690984,101158.03,0.13240082812468723,0.0104679549112916,0.07302972668674916,0.3727031451311462,0.3940193850430378,0.16020859116106098,4434.044304148014,3649.461400625049,6.8967180252075195,0.23788078,10.931206,15.561676,0.23782443,-6.6125042650798385,132.06675824532832,45.95245437673919,1.7481676931953336,80.33259616478567,86918.04,0.42289343432891524,0.009041276760399342,0.049649830567179705,0.15992778941199495,0.49298557668184906,0.2973727741861373,6145.522372452257,3396.188643948038,7.319506645202637,0.27577353,10.607052,15.67688,0.2755831,-4.002371799097627,70.61369550867876,38.46290843245802,1.5404797742755845,59.251332500230255,116814.39,0.40841268607664033,0.012141292914748192,0.10523850363959544,0.21778494398669432,0.45734283453578756,0.21958176791644102,5288.246007231706,3550.3287636675595,7.204797267913818,27,15600,4
0.23210888,7.3657036,12.236214,0.23033072,-1.6113979912033936,23.551194969949364,31.733829856937653,1.37468200153982,43.6239247444471,82751.28,0.06835651963697935,0.008486130274832249,0.025071260074375153,0.12818740695421035,0.6593579744771509,0.1873571581290149,5881.763233464115,3014.523946235012,7.00682258605957,0.45384166,9.179878,14.144802,0.45343384,-0.3328518669225446,2.64427822663707,20.227050788419803,1.2761664889335331,25.813084386194824,316373.38,0.11218235987688999,0.032869286835193634,0.0326054373804722,0.771046080108629,0.1467167772673044,0.049621767017837555,2107.035820970153,2596.1262512270314,5.415172100067139,0.24702896,11.067867,18.002796,0.24699022,-5.269606484270641,98.87769483232562,44.80392582052149,1.6251107729216587,72.8113425204071,93731.805,0.36820512190825444,0.0097499405965209,0.05002660135648049,0.20169355592334157,0.47216431796759695,0.27606233744893627,5791.304653373717,3465.869446729368,7.331389427185059,0.35364732,11.316586,17.792416,0.35352033,-1.7075387188284539,22.885847381411057,31.9996359478585,1.3721489868317331,43.908268044962504,192102.03,0.3579715314622203,0.019985537976026535,0.05975387230267816,0.4095166069455868,0.395389403962861,0.13531257624219334,3993.6537104570034,3361.9281381708042,6.795345783233643,28,16200,4
0.22895955,7.0658684,10.299683,0.22706868,-1.540116130318442,20.791728860734967,30.860772205135362,1.3741356324801395,42.406886733114405,80520.914,0.05713807703142458,0.008241431787610054,0.023242713014332794,0.12603501230789677,0.6646704153368412,0.1860217539950369,5933.088447189133,2985.6005864077833,6.983488082885742,0.4412267,8.1682205,11.927032,0.44079852,-0.33222065134277695,2.4678683292434522,18.51252584322933,1.2773995842427397,23.647892815477714,299030.0,0.0935339099902313,0.031075848266482353,0.029026400677475844,0.7587762656271444,0.16117885645961,0.05100787929673326,2200.219210139136,2637.467872989437,5.4815826416015625,0.2469265,9.815884,14.355087,0.24688534,-5.047668528550889,89.20349462677937,39.75224846684065,1.6108192783510809,64.03368818844844,93654.06,0.33162913717840986,0.009744607843458652,0.04403505817514001,0.20221671336683472,0.4784745917891643,0.2752150323237362,5821.1239704295895,3431.6785463322954,7.330187797546387,0.35317883,9.830189,14.590549,0.3530413,-1.6225925367313827,20.477902658953656,27.83345983757656,1.3666381208319065,38.03826724878367,191593.4,0.3186134631479006,0.019928954541683197,0.05167373007035784,0.4016831138653072,0.4138460396551896,0.13276737135566194,4055.0620521306173,3326.559091190773,6.777720928192139,29,16800,4
0.23486511,6.983471,11.162472,0.23294646,-1.7604047516635553,26.17522684362635,29.733964295600764,1.3835284466027145,41.137785433408254,84728.25,0.07964609859301201,0.008672362193465233,0.023567164698108687,0.12889816639152668,0.6567263874478215,0.19077654097220295,5926.9288218889305,3004.1850503464075,7.024506568908691,0.4501257,8.285904,13.230991,0.44965076,-0.3797093141456817,3.259357923713245,18.407978118185937,1.2826506807805909,23.611005665137863,311213.78,0.13380343775600415,0.03233102336525917,0.02803903002323864,0.7558350567638965,0.16189863613022465,0.05421520380028038,2222.9180894631295,2674.720779228711,5.511404991149902,0.2561133,10.605431,16.56971,0.25605506,-5.22980770863777,97.04372033818764,41.409138004543145,1.6306913354945527,67.52552255457034,100752.41,0.41753790059394863,0.010477039963006973,0.04236896531181157,0.2069174504648705,0.467666731572279,0.2829859116949336,5842.394542345099,3463.02341116578,7.337722301483154,0.36346847,10.8778,17.484283,0.36330435,-1.7512264283081926,23.57580951158003,29.927767990315807,1.3762886789843545,41.189248272455316,202919.92,0.41146564175538697,0.021104540675878525,0.05148011361035544,0.4098571773087868,0.39941960636085877,0.13920995075071946,4049.4637735484216,3379.4231713629974,6.76655912399292,30,17400,4
0.24001884,7.320595,11.266041,0.23807004,-1.9185677178603628,28.72322469960369,30.500083439823975,1.3944972936577256,42.532283813346545,88487.49,0.09532670000245688,0.009080203250050545,0.02505495404293644,0.13370277360285127,0.6476801457861119,0.19353028123385974,5871.026148035386,3030.161685681137,7.063136577606201,0.46638992,7.733536,12.465668,0.46596074,-0.3734692105853573,3.2225779763971945,16.581695623880663,1.2830415533955475,21.275004511241615,334110.03,0.1524755023267708,0.03477439284324646,0.030018081765196245,0.7598979825549474,0.15503846944494962,0.05503344115547904,2184.5164804860406,2663.7463748720784,5.49123477935791,0.26262763,10.850716,17.0825,0.2625743,-5.469904306735969,102.03877422917553,41.31597112708601,1.6559117437850723,68.41560179548719,105942.96,0.48543032175164486,0.0110614700242877,0.0445050671993146,0.20517142854566353,0.46350378448980756,0.28676054624257435,5828.715156394677,3473.047134970754,7.341055870056152,0.37049824,10.637283,17.313576,0.3703542,-1.8380662161756671,25.409939093034257,28.710752648480753,1.385237932815585,39.77122364846841,210845.1,0.47879347266764843,0.021990463137626648,0.05148418732888925,0.41803725040534917,0.38754451109702653,0.14290270064503252,4028.663781583956,3402.5360435025555,6.798993110656738,31,18000,4
0.23803294,9.005547,13.698196,0.23625223,-1.6001369426977188,23.24438730691291,37.833195193066096,1.3735797606604536,51.966911198530276,87029.266,0.07462190374801414,0.00893479771912098,0.025583124646775313,0.1292777182217089,0.6625857622402691,0.18252512905952897,5870.236243261299,2987.854982546503,7.0359578132629395,0.45679054,10.765648,15.640926,0.45636192,-0.34721125530016933,2.914749657489736,23.568018653143902,1.2794340166446256,30.153724769813373,320498.06,0.12690234635602773,0.0333232544362545,0.03322147840354058,0.7547557372528754,0.1595172793724125,0.05249524099121819,2190.134751253288,2658.1869333655814,5.569810390472412,0.25640634,11.380863,18.529892,0.2563637,-5.025197839083966,91.82209642976956,44.38604490746929,1.6096473294345492,71.44587864974855,100983.11,0.396882748818961,0.010541843250393867,0.04540676970363543,0.2056135856539934,0.4720996184977696,0.2768273832788412,5809.228178218323,3454.8676530982098,7.331780433654785,0.36339024,11.41243,18.147564,0.3632559,-1.6935204411450402,22.554907090796583,31.40543868441652,1.3721413517821859,43.092701089866424,202832.58,0.39330916235125296,0.021147824823856354,0.05880468020055833,0.41497312933118025,0.3895187204778585,0.1366753842663685,4002.821240221685,3389.9826563617357,6.824840545654297,32,18600,4
0.2468689,8.619022,14.420319,0.24503352,-2.0026227325395274,30.73416244308043,34.91335926130043,1.405835385523705,49.082435877236726,93610.37,0.11415287774115451,0.009595226496458054,0.025843236508055777,0.13633166907833708,0.6398344681689303,0.19795818045775573,5890.860772748722,3046.848043551137,7.085226058959961,0.47287858,9.747219,15.398598,0.47242862,-0.4146672967458956,3.67732323168776,20.612519987765204,1.2882233532752705,26.55352961814858,343471.34,0.18387824798669306,0.03569694980978966,0.029306519829904898,0.7551767957613307,0.15701615327444485,0.0584889374975723,2231.489579739214,2711.279581288073,5.553271770477295,0.27343798,11.587906,19.314861,0.27337462,-5.413932550358547,100.38756152929378,42.37855332965576,1.6786764023711864,71.13987744138215,114844.14,0.5611968611642217,0.011938806623220444,0.044674769381171084,0.2016614185307306,0.45951126728280023,0.2940953745994848,5877.331135008509,3475.767002216483,7.3515424728393555,0.37805346,11.5262985,19.872284,0.3778943,-1.8968225213548986,26.71409585107899,30.488541563038254,1.398378281127599,42.634514345121566,219531.9,0.545699219465835,0.02283770591020584,0.052152288981396226,0.4083473480560783,0.3861172507558748,0.15335089593077755,4129.132424211669,3446.8905710717345,6.855309963226318,33,19200,4
0.22230887,7.752228,11.819935,0.22019428,-2.640910243657454,44.46774915830766,34.87142748348536,1.4610232914239276,50.94796775880177,75911.016,0.10861063279838122,0.007742099463939667,0.031088540093826226,0.10909654358693144,0.6096586364498016,0.25009006956458013,6506.408739571245,3094.5577146184837,6.96571683883667,0.3176489,7.916355,13.6796,0.3169406,-1.3168326784777946,17.280449743053254,24.9217152686716,1.3489050023260736,33.61702639256304,154983.64,0.17593182046689107,0.01604505255818367,0.07078499265067266,0.49455533596279316,0.3086237633776616,0.1260032943499468,3611.6206745539257,3531.7490664992897,6.624975204467773,0.26478282,9.381962,15.418911,0.2647084,-5.790482451368525,111.16452840858173,35.43266877406597,1.7173466345236295,60.85017447156249,107688.875,0.5464185287252736,0.011197676882147789,0.054012716350115224,0.17661788904635223,0.4753173266336526,0.29399247582128735,6007.477041712446,3451.000805871741,7.3243818283081055,0.32224816,9.690571,17.118454,0.3220546,-2.9517198677504526,48.196913099551175,30.07176458675859,1.4811118364733888,44.53964647322765,159504.2,0.5197338619924052,0.016575010493397713,0.12429345952188324,0.28833905647448854,0.3913390257894325,0.19598419577717338,4712.982170884494,3633.294468451581,7.0825653076171875,34,19800,4
0.22257465,9.184074,14.284992,0.2204894,-2.910762820799656,51.56400327149787,41.26289472136414,1.4821387515836044,61.15733526932313,76092.63,0.1265462946976,0.0077723730355501175,0.030640065860122405,0.10703919268142455,0.6032231416264068,0.2590274460629151,6560.6374293831,3095.9393630493773,6.965908050537109,0.29058293,9.45015,15.492535,0.28978547,-1.8895342123821313,28.10561194548354,32.52135180846511,1.3913555640235742,45.24876378843178,129697.42,0.20038878420492942,0.013421883806586266,0.06950072225831472,0.41183316563722994,0.3610477864911905,0.15757782008060445,4215.46738262369,3643.425559579773,6.855841636657715,0.26493046,10.345268,17.569065,0.26484585,-6.210313486566371,122.48534888758901,39.04899561731128,1.773720159115502,69.26199071989933,107808.99,0.6034088802472567,0.011208144947886467,0.05101417954726608,0.16765650261486373,0.4773656558375033,0.30389625241188434,6098.985254295296,3430.128180794469,7.330191612243652,0.30887762,10.010147,17.986584,0.3086611,-3.6335861261967333,64.02588270380882,32.40813364207322,1.545035809829165,50.071727006894506,146542.66,0.5827755561160647,0.01522846333682537,0.11005981552703953,0.23781980213267132,0.4295676013044697,0.22249862671167478,5148.279183644638,3605.591008755486,7.172118186950684,35,20400,4
0.22197472,11.38792,15.910339,0.21982577,-3.4084957835516074,66.57121582934283,51.30278171229663,1.502970634066789,77.1065743598679,75682.984,0.16162201674155635,0.007738073356449604,0.030766795612976,0.10979157610975783,0.5912807224150798,0.2680876221701949,6564.887907956369,3130.573471357375,6.984674453735352,0.2902381,11.502457,16.794014,0.28945374,-2.1577250969756467,34.89636660089835,39.631103501073824,1.4010053693671478,55.523388799140896,129389.81,0.24762698686545992,0.013417063280940056,0.06797484350613027,0.4148479688874729,0.35382059798027354,0.16331809987939014,4219.827726897666,3661.332569007624,6.869584083557129,0.2668898,12.953281,19.156742,0.26680872,-6.721599788808802,138.64695822743684,48.53419235172991,1.8107786116427462,87.88467744419675,109409.53,0.7034582376821007,0.01139422133564949,0.05084434921526573,0.16786009294243515,0.47188251664180136,0.3093489597791416,6101.763473509163,3442.9211738363365,7.329288005828857,0.3087052,12.506294,18.706512,0.3084817,-4.039211854855781,74.44458377234508,40.512093147593504,1.5692928232661671,63.57533703221489,146379.11,0.6760969026774876,0.015229287557303905,0.11081540218359268,0.2309417138930064,0.4260305706744267,0.2321610513534205,5196.918379514732,3621.321381117152,7.173815727233887,36,21000,4
0.22495523,7.8673363,13.114262,0.22273088,-3.4290717353516156,62.71764541049944,34.97289767340971,1.5134377400282302,52.92930321731903,77729.055,0.16061057280965532,0.00794690940529108,0.03193173395861064,0.11089063027255143,0.5838203973539599,0.2732795209835413,6558.525000852781,3151.2651534862507,7.004688262939453,0.2924712,8.269215,14.108849,0.29163545,-2.2375226926458143,34.62281633666801,28.273603088645043,1.4106936785040656,39.885393145820956,131388.53,0.25333478218346583,0.01361700426787138,0.06724071476251492,0.40884966135427003,0.35423195592108103,0.16963515241436636,4275.012578399342,3676.446615331876,6.8907318115234375,0.27327722,10.649109,17.18359,0.2731691,-6.758561944132899,134.97292314182695,38.9681538969149,1.8329722891026672,71.42754625079449,114709.17,0.7527666973435242,0.011949162930250168,0.0525537036612014,0.16479492787418898,0.4670536563166881,0.31553080997079114,6115.664722204143,3448.047758742182,7.330437660217285,0.3123898,10.696888,17.734241,0.3121476,-4.204605863521139,76.21558581177291,34.24211762903626,1.591878098266164,54.50927709209101,149894.22,0.7258236622730564,0.015598049387335777,0.10357163285018262,0.2266514503614422,0.42827940278637233,0.24144073198096871,5280.122573062354,3615.6224390060956,7.2083740234375,37,21600,4
0.20205663,6.298542,9.89418,0.19990465,-2.261344327401597,37.45081818516259,31.172161871662187,1.4331120571291898,44.673201025282985,62710.094,0.06242430903529508,0.006384760141372681,0.029094817993442962,0.0989828145776812,0.6237345351366521,0.24811451143091368,6619.395996828975,3042.1509530156677,6.857324600219727,0.26877585,7.187557,10.852718,0.26805982,-1.4195712812351502,19.496857617442494,26.741826715980494,1.3560720644413906,36.26384416180852,110961.34,0.10174793397667475,0.011490332894027233,0.07169170613782329,0.4408420208617223,0.35001695214301104,0.13741339415845474,3995.2379933620223,3604.7388155041,6.743411540985107,0.23243581,9.695244,14.488983,0.23240103,-5.838532776062629,115.80819927166596,41.71148987804796,1.6899651075263955,70.49096247714476,82984.555,0.33802704029021213,0.008629927411675453,0.05267002944142039,0.16643780901675562,0.4916167312560453,0.28921427114270665,6089.862515747456,3414.4336641890186,7.306534767150879,0.2781463,9.733486,14.847279,0.27799657,-3.2408597030519686,55.201190380529134,34.99412463727801,1.490926244835272,52.173658836941954,118833.195,0.33040116613731224,0.012353932484984398,0.12314032243716999,0.24004454147621496,0.43364407237415414,0.20312198687018718,5019.092634354454,3601.9009952556266,7.111098289489746,38,22200,4
0.20349327,6.9521904,10.599041,0.2014111,-2.234102983747781,37.083189198564185,34.16422809194733,1.4367112591745832,49.08413116095052,63605.004,0.06358830614890633,0.006482833065092564,0.02728762670913157,0.0974984570785875,0.6278442307190729,0.24729975219177663,6633.795228867506,3021.1989191277303,6.855539321899414,0.26804453,7.992935,11.9133,0.26733658,-1.442006823996708,20.34143605104723,29.81943015407236,1.3586980848188188,40.5156026408778,110358.34,0.10500486340951187,0.011432701721787453,0.06785691956000635,0.4320234901383879,0.3597298580548302,0.14035451542748809,4078.297412249531,3605.8498288833134,6.778576374053955,0.2330479,10.454464,15.529442,0.2330077,-5.8875533887850455,116.10378281961805,44.859721296670976,1.7093292757042142,76.68003491266056,83422.195,0.34247365168293187,0.008685690350830555,0.050589568251906525,0.16312166736325517,0.4951973415366433,0.2910300230552382,6119.806319687737,3398.8974746997237,7.308340072631836,0.276343,9.909058,15.4613495,0.27618045,-3.3199412286092107,57.344261202811765,35.85782179007814,1.5050942537086704,53.96940152695146,117297.31,0.3344134671458163,0.01220463402569294,0.11277183720305425,0.23453868502223305,0.44616107316003817,0.20648086406878707,5125.036585962611,3572.37454137138,7.144474029541016,39,22800,4
0.22872242,7.975292,11.849976,0.22685751,-1.9440606440433008,30.408540249693196,34.86886895558247,1.3958307775955177,48.67104046835969,80354.23,0.08322054343018107,0.00822212640196085,0.02284564950091071,0.12732321594076323,0.6478252501550843,0.2019734571237586,5950.083820407964,3052.0655772699947,7.002547264099121,0.42845374,8.159733,13.012314,0.4280278,-0.42327334918062737,3.9712770600551552,19.044606198867918,1.2926045224191784,24.617144100406442,281967.53,0.1338276814103076,0.029280928894877434,0.034735508484489905,0.7479297654673656,0.15931825151225174,0.0580052547744104,2236.015797515599,2740.855272834164,5.9033613204956055,0.24864674,9.574032,14.861679,0.24860649,-5.5937230343782645,106.38451079902681,38.504554607190045,1.673600048452367,64.44122445648924,94963.51,0.4066393965950168,0.009869325906038284,0.04672456390458886,0.20188720354489406,0.47034223860839897,0.28098727499033627,5814.805021733333,3477.4062832671775,7.340188026428223,0.33929175,9.237385,15.831184,0.33917135,-2.0207895558423044,29.482826034474563,27.22549180289606,1.4050403524704562,38.252914599035336,176822.62,0.39071700743575094,0.01837194338440895,0.07201828088245525,0.40476604222603746,0.37375326484005583,0.14942927167428063,4058.6173153437758,3473.1062074292468,7.001096725463867,40,23400,4
0.23552448,6.879902,11.760521,0.233788,-1.4112236518110657,19.38580304868242,29.210984842129882,1.3605095879050424,39.7418249500353,85204.65,0.059652407779209646,0.008750742301344872,0.024274842622383507,0.1335443859269841,0.6628911036000733,0.1792626317398374,5737.70947069555,3011.497047719252,6.9514031410217285,0.4799226,7.158375,12.678242,0.47953668,-0.24367793636295693,1.752248854977811,14.91568618802831,1.2706127508383311,18.95206105805144,353780.28,0.09295667164026548,0.03680640831589699,0.029920607186632205,0.7921605401324936,0.13383831917082928,0.04407157612445664,1982.0680753516324,2462.4460092585678,5.27989387512207,0.24919654,9.737778,14.771175,0.24916789,-4.7776434798198055,85.9878074247627,39.076696419215516,1.5840017996371059,61.897557452158615,95383.94,0.3315926817569705,0.009948763065040112,0.04673870253723012,0.22220669822711306,0.460296246032448,0.2707058046498837,5676.073912716843,3502.6885352448808,7.311166286468506,0.3714606,9.405041,15.0774,0.37136143,-1.366163015653667,16.8415164855618,25.319081150197295,1.3479367805259608,34.12852073156435,211941.83,0.3206506735385699,0.022076833993196487,0.05607307395457093,0.43558879584541416,0.38255780890085783,0.1257549730335422,3802.547177945413,3315.9429152169696,6.6281046867370605,41,24000,4
0.2588268,8.761978,15.502262,0.2569326,-2.6395958446699184,43.32394016684681,33.85267063562235,1.4403453066185405,48.75953526671033,102898.65,0.1944307122893967,0.010559974238276482,0.028830236587294486,0.1407720876871312,0.6151905520039486,0.21516787745678512,5831.615950796184,3117.0575612595326,7.120720386505127,0.50805444,8.77161,15.04221,0.50759274,-0.4846321127229389,4.515454325009258,17.265099271541555,1.2936864377742352,22.3356247744631,396471.25,0.30084475330574323,0.04123523831367493,0.027922737486900762,0.7674430390996468,0.1430749841866107,0.061545289771748043,2176.6323382909586,2678.7041607261654,5.38956356048584,0.29329136,10.285854,16.773796,0.29320312,-6.081892813102556,114.47037302248249,35.070430764343186,1.7448108090945547,61.19126667743683,132126.45,0.8470131959835479,0.013754012994468212,0.047777644267255816,0.20546264118061486,0.4420156769681104,0.3046810730819964,5816.966115627936,3518.725800584865,7.330898761749268,0.40353632,10.375977,17.39273,0.4033782,-2.1344052826656457,30.41282726877065,25.71262128114799,1.41437344053878,36.36724862677806,250124.62,0.8064683181475198,0.02603045105934143,0.0532380626744844,0.409053615184924,0.3788235084353981,0.15885021615144523,4082.4841229875556,3439.1574961790193,6.774160385131836,42,24600,4
0.25402856,8.698273,13.402271,0.252116,-2.413767360096011,38.33240881238552,34.24131817498556,1.4275607603698988,48.881562210142434,99118.875,0.15962330108126413,0.010171916335821152,0.02844727978869232,0.14139288162732108,0.6144969900545969,0.2156215356445752,5855.834256424926,3134.53126334332,7.090088844299316,0.5032227,9.474087,15.585041,0.5027782,-0.429352178575467,3.853743576655731,18.826826944405322,1.288636205622577,24.26093083759958,388966.0,0.24712900565594448,0.04046321287751198,0.030421983368243297,0.7678610770200043,0.14195145243592594,0.05975141829984665,2151.3903687042657,2663.2934351924064,5.403078079223633,0.28555328,11.293507,18.143368,0.28548104,-5.777828166555854,107.24893255618414,39.54956062547035,1.7165833971095026,67.89011913289586,125246.46,0.7130854408124511,0.01303844340145588,0.04823867946894305,0.20801380177522752,0.4414397451304377,0.3022371124407318,5806.684341925935,3530.3148836486425,7.337574005126953,0.3950551,11.717033,18.47887,0.39490464,-1.987964689442105,27.696793485584756,29.659239479795282,1.4041155374794214,41.64499898350905,239721.23,0.674621409466572,0.024952350184321404,0.055331157190151616,0.41299687349771846,0.37547478979647414,0.15615869838793453,4054.724203307946,3442.5868827027816,6.790266036987305,43,25200,4
0.2555767,9.767342,15.124226,0.25368756,-2.6331598686172524,44.8916241635735,38.21687037509895,1.4368417375325502,54.91159443302827,100330.69,0.19153597248955925,0.01027450431138277,0.02998442791762129,0.141067879681688,0.6125277313512174,0.2163796271871989,5848.399914992838,3139.5554417207113,7.1106276512146,0.4972999,10.184574,15.985012,0.49683246,-0.5099300967375254,4.797014086587706,20.47974256729542,1.291679309986997,26.45325974808867,379863.88,0.2933894648085586,0.03945404291152954,0.03293885831610698,0.7575395642694165,0.14673734361621588,0.06277041584927823,2194.319808633588,2712.895420896721,5.547659873962402,0.2894525,11.892223,17.797565,0.289361,-5.994905310754783,113.15833178756479,41.0852338047597,1.7293094416665997,71.04908273189616,128690.3,0.7943203977309954,0.013362055644392967,0.04926388045742533,0.206160029838068,0.44333390622633967,0.3011795588075699,5798.877963358714,3528.063832312608,7.330372333526611,0.39652056,11.793041,18.225288,0.39636153,-2.154423561202014,30.892510031816087,29.741311213089467,1.4131855677881937,42.02999177354121,241503.05,0.7636880905331854,0.025090796872973442,0.05786247916423527,0.4035421352201315,0.3798008079567013,0.15876058672384977,4089.1899114822345,3449.3815092744826,6.828123092651367,44,25800,4
0.2462935,7.5698853,12.8165245,0.24446411,-1.7991966163219806,27.563631049100774,30.735221399886836,1.3920992896528668,42.78647987827978,93174.51,0.10142575054580791,0.009567413479089737,0.02964922769547821,0.13907185892505397,0.6313789480278913,0.1998692778055371,5810.842200264549,3095.937145036757,7.065736293792725,0.49064514,7.857704,13.8279915,0.4902187,-0.31835045643998594,2.783895980253405,16.015045325882504,1.281233019882892,20.519004886483657,369765.34,0.16133292616165887,0.03846876695752144,0.03352551585991264,0.7709625472654017,0.1415151276097611,0.0539861932254396,2092.699053794886,2605.181268733444,5.487150192260742,0.26794502,10.204506,16.113758,0.2678785,-5.026250593211024,93.28386420681808,38.08432740194243,1.6405893517114551,62.480742002952724,110276.41,0.48082749729272073,0.011516861617565155,0.04923821798071207,0.21511218215366748,0.4514480917495377,0.2841446996616325,5731.397401254074,3521.659725205586,7.33451509475708,0.3793386,9.533405,16.325378,0.37920392,-1.6767733211438478,22.934537736126984,25.13165150520645,1.380507868033146,34.694442639696014,221026.97,0.4748955541872339,0.023035351186990738,0.05727826491360879,0.4227003940138372,0.37821975560761617,0.1417721927065545,3947.371123058146,3395.9949308135606,6.804769992828369,45,26400,4
0.2508057,8.200932,14.900017,0.24884863,-2.214595822364124,34.7103266404076,32.69834521246955,1.4224035871160317,46.51024352316044,96619.78,0.137343575777816,0.009885458275675774,0.03163061687872423,0.1395610974729823,0.6118082176191351,0.21696534809377754,5890.712958179427,3150.109796997809,7.1051859855651855,0.4803647,8.614922,15.593433,0.4798786,-0.45152939774828293,4.081674082825229,17.934126693333862,1.2903769027249892,23.141782855669874,354432.4,0.21733151226279004,0.03680820018053055,0.03696633505205813,0.7488231514682359,0.15041601361691284,0.06378075133932597,2226.5993128831933,2744.2209948406417,5.709461212158203,0.28196612,10.3030205,17.1319,0.28188607,-5.435195773253378,99.18746405900697,36.53992358049374,1.6959384076755382,61.96945981390818,122119.516,0.6269667359775822,0.012668763287365437,0.050224969986069325,0.20898323681960637,0.44440714866269543,0.29632633462340513,5789.795764574496,3536.4053486607477,7.350334167480469,0.38777876,10.023022,17.61198,0.38760808,-1.895677705079192,26.39620058439451,25.847268488222653,1.4046982489283277,36.30761278508033,230971.97,0.5968668869134492,0.023984525352716446,0.06046366472900667,0.40828925721978976,0.37650779389315714,0.1547059824140563,4050.1324567529896,3451.3213159313864,6.887796878814697,46,27000,4
0.22348462,8.020115,12.931538,0.22128683,-2.88246465407066,51.64056331760239,35.88665243464002,1.4860299619580222,53.3286407524875,76716.09,0.12881947879103559,0.00782262347638607,0.029644989541989266,0.10663759401304447,0.5773127805537576,0.28633800215829447,6631.7642648092415,3172.0640341440594,6.9673662185668945,0.29356703,8.661079,14.387417,0.29282987,-1.8184782807764415,27.720351988161724,29.502902144212342,1.3925629415099847,41.08464819316552,132374.94,0.20588649804037704,0.013694548048079014,0.08121025128672639,0.40540571875855047,0.340455131493856,0.17289207269835588,4199.485121458743,3717.386400960636,6.847301959991455,0.26340115,10.474014,16.712284,0.26330885,-6.20393942374445,124.8502315184041,39.76449705787257,1.8007970692503994,71.6077897623049,106567.94,0.6009800059213993,0.01108531467616558,0.04706567783903872,0.17703971075377814,0.4621650967097693,0.3136678482684782,6108.9418997626,3482.085716389402,7.333163261413574,0.30909172,10.841465,17.525959,0.308907,-3.509111597945428,63.74859008037359,35.07523624819521,1.5468638092987395,54.25661355511201,146745.89,0.5818620761154082,0.015252556651830673,0.12790704826841265,0.24310817746964059,0.4041415108982536,0.2247942396734939,5014.477197024581,3685.634081654228,7.127599716186523,47,27600,4
0.21567668,8.375931,13.402081,0.21344241,-2.655924582521786,47.4982283218991,38.83558842822137,1.4722966398784627,57.17750635083835,71449.24,0.102775635531078,0.007273681461811066,0.028338331132910177,0.105743623974842,0.5890406546851293,0.27680771427282724,6632.888943611326,3135.8258940344035,6.936861038208008,0.283379,9.456825,15.044689,0.28262532,-1.7117380771289183,25.98149449629983,33.37165294514107,1.384889422527835,46.21604917615883,123346.41,0.16754624998272802,0.012758903205394745,0.07326912396774368,0.4169363670649253,0.34578976079220547,0.16396642627991528,4168.353556129824,3690.3716928422123,6.810831069946289,0.25372523,11.600399,17.922306,0.2536334,-6.000663538083095,121.10590721198207,45.720321095252224,1.774240293965765,81.11883594056918,98882.28,0.5019031848823209,0.01025583315640688,0.04577238077391044,0.17535807373021106,0.46995977244842063,0.3088508321940617,6120.576900836285,3456.9034808397005,7.326691627502441,0.298419,11.372852,18.401623,0.2982298,-3.3962835110797056,61.57789727601619,38.11034945579483,1.5366567087735516,58.562524165147835,136786.78,0.4883494806773267,0.014188269153237343,0.11284881102917788,0.24957506093929602,0.41518699152899785,0.22234266308313788,5068.822952663318,3650.554432901072,7.146004676818848,48,28200,4
0.22142845,9.498215,14.829254,0.21918622,-2.927808706520763,54.390474603044396,42.89518602234815,1.4917161025462282,63.987439711541604,75310.94,0.13075447436338647,0.007693503051996231,0.02802137890098681,0.10780746795896233,0.5821625074477822,0.2819389889470352,6631.885032575061,3152.10544121205,6.959765434265137,0.286959,9.75647,15.154934,0.28619882,-1.9139001132515732,29.589899154303374,33.99952600254064,1.3996054575373427,47.585922147004496,126482.625,0.20064245840790856,0.013116411864757538,0.06815060772121581,0.40783700091468456,0.3518090848404424,0.1721651149713525,4275.756842975119,3707.87928536472,6.854024887084961,0.26275736,12.784958,18.66293,0.26265252,-6.278994690780568,127.95919092875587,48.656897147197164,1.8085550050568007,87.99867486643228,106047.65,0.6099455266686284,0.011060845106840134,0.04467307665024593,0.17280797223746278,0.46724832547340545,0.31521022787381536,6152.674976603235,3456.340980124074,7.333484649658203,0.3052707,12.276173,19.04583,0.30504945,-3.6695489830253702,67.33839465835983,40.21405451513867,1.5610173327167842,62.77483611715474,143140.16,0.5847944714061889,0.014915358275175095,0.10711047392627868,0.24099320620661385,0.4187970223588426,0.23305227193227665,5178.360738900506,3646.7159789637526,7.186017036437988,49,28800,4
0.22016817,8.270073,13.3049965,0.21790536,-2.824676997244838,50.620709431503045,37.56252691987317,1.4843280566674135,55.755112586745994,74456.1,0.11894505298284709,0.007607156410813332,0.02776589128690617,0.10665447331534478,0.5854155948419251,0.2801021458419992,6636.77198054378,3150.0031422818015,6.936525821685791,0.28601217,9.316826,14.861679,0.2852335,-1.881135849889127,28.80633065079502,32.57492776879998,1.3947372914769451,45.43346652647206,125649.336,0.19276403561279729,0.013025910593569279,0.07475816798023868,0.40508105511757597,0.3506454275346556,0.16948013667628112,4247.074490590863,3707.475033532744,6.831033229827881,0.26069066,11.129665,16.744614,0.26059344,-6.259285033400021,126.01479352533138,42.69299638604656,1.7970081251518324,76.71966139309777,104385.98,0.5820005750418579,0.010886842384934425,0.04651808996037793,0.17131934055008685,0.46903544992474344,0.31306745669238967,6147.816785267242,3457.0111608133743,7.32772159576416,0.3036974,11.30867,17.572021,0.30346683,-3.660550002197448,66.87593387845172,37.2366367776114,1.5540435098504257,57.867353713095206,141668.52,0.5688977244760799,0.014757799915969372,0.11353034793290333,0.2369814383433784,0.4194310486980548,0.23000702633360265,5157.16163222633,3645.9046977064663,7.172110557556152,50,29400,4
0.22274767,8.989429,14.633942,0.22049588,-3.084876511869295,58.27933677187429,40.35700813108795,1.5008063084525225,60.56805239367846,76210.984,0.14347203872624573,0.007760150823742151,0.027759290283607255,0.10865574148707983,0.5809648925667914,0.28254910632234104,6636.003436078425,3163.9992251111707,6.95255184173584,0.28395492,9.481335,15.818119,0.2831768,-2.113826837895566,34.016815058762774,33.390281598875525,1.4127470301010525,47.17202116321534,123848.29,0.22115218310763532,0.012799527496099472,0.07329051158428365,0.38762246977119424,0.36182781127997626,0.17721852863425766,4386.059087922532,3717.9434541032165,6.90000057220459,0.2648004,11.618042,20.013046,0.26469988,-6.312724964513847,128.35591293650262,43.874714737004226,1.818355528220113,79.77983009141337,107703.17,0.6310887294047915,0.011176294647157192,0.047516437914144054,0.17002488654117173,0.46700595931558897,0.315388041508539,6156.990743550933,3460.7645637474157,7.334671497344971,0.30520093,10.86235,19.710064,0.30497116,-3.784937717863984,70.5214596817794,35.590816538051534,1.576380743378839,56.10467783189738,143074.72,0.6118778452675375,0.014841370284557343,0.11089794675390782,0.22926672961218306,0.42412207103155175,0.2356609018528697,5235.511388275807,3636.5008893588906,7.202585220336914,51,30000,4
0.22698908,8.691978,13.144779,0.22467256,-3.3445380246852294,59.36892474487477,38.292496825304504,1.5192797090154002,58.17701343447807,79140.92,0.15760827208714684,0.008068103343248367,0.029415634454617097,0.10942684367677284,0.5720947331988602,0.288993438772177,6616.438824870684,3191.207535032487,6.970674514770508,0.28859556,9.137726,14.147377,0.2877875,-2.311517210350412,35.77476466761362,31.662739088210202,1.4258626613624632,45.14671742249712,127929.43,0.24816203956484006,0.013233492150902748,0.07110977739900395,0.384906731128432,0.3595504763702794,0.1843925487254389,4417.796259215472,3728.278314650977,6.911820411682129,0.272932,11.151981,17.351818,0.27280363,-6.6096290159424695,129.34955293955042,40.85992715923898,1.857821283889565,75.9104423348896,114419.52,0.7177657286806114,0.011895639821887016,0.047995372366382974,0.16764771921778354,0.4623827375279965,0.32191259486369356,6153.794978555497,3463.8927207192073,7.326264381408691,0.31067163,10.878944,17.805958,0.31043112,-4.086610114365259,73.6928791626798,35.01750218945965,1.6048272857857522,56.19704299388805,148249.9,0.6864863321747235,0.015405351296067238,0.10406614596543454,0.2244917289051,0.4252509314248693,0.24613892318083147,5306.185175917229,3626.842435326625,7.225338935852051,52,30600,4
0.25292903,7.293129,14.47258,0.25098124,-2.196809152969253,34.27515814047136,28.834685025849573,1.420952685187062,40.97272311416611,98262.68,0.1402730350605179,0.010075812228024006,0.027777986387811905,0.13905759692767705,0.6213843448683358,0.2117436825854353,5870.183077336632,3121.379542156102,7.084095001220703,0.47847822,7.839775,15.476704,0.47803146,-0.45286683250430937,4.064015176514002,16.384810650062782,1.2908334472974003,21.1500616147799,351654.0,0.21301197908367106,0.036567263305187225,0.03633256332705923,0.7493466755432586,0.15154715029715102,0.06276006142891447,2231.0157157382137,2743.6564587590433,5.674186706542969,0.2825328,9.824753,18.57214,0.2824307,-5.524527091623393,101.35912466765923,34.773847211146524,1.7111795185298113,59.50429512840954,122610.88,0.645860038336807,0.012760007753968239,0.04870169989240946,0.20789880761418295,0.44673301578272023,0.29660646256322887,5816.065059245407,3524.5674688177273,7.350576877593994,0.39066,9.703636,17.63935,0.39048663,-1.9060497552691105,26.328775319209015,24.839083779511217,1.4036268176682003,34.864804119318386,234416.98,0.6132342285619458,0.024382837116718292,0.059410377925387996,0.3936447189221707,0.39181063180704206,0.15510155658044777,4120.010100744645,3429.113719168374,6.849106788635254,53,31200,4
0.24335016,6.847,10.292149,0.24148075,-1.520950372115797,21.84916650560492,28.136410655159672,1.3658275666720672,38.42948530018068,90960.84,0.0766234038779691,0.009323343634605408,0.02497985407135469,0.14108326462616144,0.6424270172195126,0.1914807502923223,5792.056008995504,3063.2937699142612,7.02789831161499,0.5013027,8.037567,12.083721,0.5009573,-0.24719189267006275,1.9016296347076285,16.03336034726871,1.2756043733341806,20.452224578259603,386003.6,0.12009534603969528,0.04011999070644379,0.030413196490337087,0.7915542672214415,0.13008462316108604,0.047937983557754436,1987.6665918575625,2495.568227470119,5.364435195922852,0.25706404,9.0065,13.839245,0.25701138,-4.765697607368829,85.38585659339512,35.03601704579121,1.5919596939984388,55.775926975358836,101501.84,0.37286471260014675,0.010560337454080582,0.04592450918846376,0.22763847775211798,0.4545709015013135,0.271813638052002,5662.615156368717,3516.8948662373323,7.315901756286621,0.3808922,9.633636,15.128708,0.380764,-1.3699116952785841,17.335627730310595,25.292292135034078,1.354442211520164,34.25694809387954,222841.12,0.36487812814250953,0.023182636126875877,0.0526692213101683,0.44530371521392953,0.3781128166827268,0.12388830485330107,3771.386963935327,3305.605222818932,6.662558555603027,54,31800,4
0.24241455,8.495998,13.385677,0.2404302,-1.6405180751085642,23.687390195120688,35.047394712166245,1.3752658062162693,48.19948354480595,90262.76,0.08179974304084867,0.009235300123691559,0.028068782110662473,0.14249384952242386,0.6341110337737041,0.19529572839767934,5795.9387300111275,3094.1123264910866,7.03352165222168,0.49732712,9.278011,14.87608,0.49696594,-0.28186719947987027,2.228345158213032,18.655751849142796,1.2756642367326905,23.798475443359074,379905.44,0.13631731672872263,0.039513200521469116,0.032273446732695416,0.7871433495320245,0.13139598966136343,0.0491769699765356,2006.2184946564619,2518.5456387118193,5.426901817321777,0.2600365,11.084843,17.203522,0.25996888,-4.957265510123616,90.18094201835022,42.62802627308478,1.6057127041161188,68.44836333835114,103862.75,0.41233671255637183,0.010790515691041946,0.048331805005745104,0.22517181603522937,0.45104019181356514,0.2754033926921072,5659.991234983693,3526.2878685524815,7.318383693695068,0.3795382,10.5483055,17.419052,0.37941334,-1.5006083021668595,19.325644735652165,27.792473280064197,1.3597273837721935,37.79018698175985,221259.64,0.40101073951495375,0.023025810718536377,0.05699851935799768,0.44301461069394565,0.37069410431488986,0.1292667835148321,3788.9253413856773,3342.552146241355,6.711919784545898,55,32400,4
0.23885314,8.014393,13.683987,0.23688652,-1.6998222826528668,26.13196835051329,33.55364219564978,1.3792253889767068,46.27803520907407,87630.06,0.08505423748742387,0.008969547227025032,0.027444795193232854,0.1411868555663196,0.6358259773116798,0.19551215357257282,5815.59302661222,3085.2536791668026,7.039704322814941,0.4845197,9.090996,15.38887,0.48415488,-0.3037940950567692,2.4880735929532847,18.76290266633344,1.2767106663113872,23.954797965119702,360590.3,0.13712257039834008,0.03750181570649147,0.03361169175827647,0.7789825224587765,0.13741730628093393,0.04997833475929721,2044.2322217169724,2546.5681333990415,5.4681715965271,0.25735888,11.544991,19.73629,0.25729054,-4.9832294435738405,93.91179272600574,44.85949966464075,1.6155207292511267,72.47145161234269,101734.8,0.41198058968391116,0.010578634217381477,0.04656946661340918,0.223162187591208,0.4536466337949727,0.27656771155267623,5698.113944748332,3518.4292511925196,7.327588081359863,0.37173876,11.915112,20.405388,0.37160075,-1.537174908639796,20.750167778121806,32.05237863385267,1.3650507570583017,43.75312371977762,212259.39,0.3962534022715701,0.022074762731790543,0.055941293305591236,0.4420625065509845,0.3703768144047307,0.13159157755794787,3826.7619761527644,3362.2391998849575,6.751272201538086,56,33000,4
0.2447192,8.911037,13.483429,0.24279721,-2.077466799771871,32.08728972410733,36.41331444240641,1.4031703626182745,51.094083630493444,91987.18,0.115081433863046,0.009420033544301987,0.02884609086344435,0.14438871741766363,0.6173424201227773,0.20938731252258322,5847.659230982135,3134.795072685934,7.080853462219238,0.5008247,9.34124,14.285183,0.50043374,-0.339751672096986,2.819947289872525,18.651716095898657,1.2787936326045233,23.851695780630124,385267.75,0.17741237658250747,0.0400608591735363,0.03223984029219056,0.7774126804814984,0.13600860815254676,0.05432750002072918,2069.9054671909357,2587.03863809953,5.458526611328125,0.27051345,10.573006,15.9965515,0.270428,-5.398215731034711,98.75272490616207,39.084954431009244,1.65675773645715,64.7543006328891,112400.67,0.5288159061033911,0.011690476909279823,0.04676740486038011,0.22307956211624105,0.4423094694135611,0.28778390435054046,5716.1838341036455,3545.8183315915576,7.3246002197265625,0.38354278,10.071468,15.623283,0.38339844,-1.7452904798205993,23.21447340545484,26.259048483329572,1.3806703829054583,36.255090524306155,225953.38,0.5023588598914145,0.02350662276148796,0.056661326538858664,0.44028592024353236,0.3608305120075291,0.14219071883738887,3870.7316201792223,3415.6857171118,6.760515213012695,57,33600,4
0.23689406,7.2008133,12.877464,0.23502614,-1.7110711130859149,26.62245799966911,30.396766423373062,1.3821055323815457,42.01153904043086,86198.47,0.08384261346203763,0.008854747749865055,0.028397894553559618,0.14346644138774003,0.627817751684962,0.2002838905407585,5817.04242897701,3112.91603027973,7.038890838623047,0.5035137,8.703136,15.009308,0.5031581,-0.25576937067514016,2.1229613445294824,17.284805857469106,1.276633223560795,22.06635742048712,389415.97,0.13645430187464144,0.04052186757326126,0.030244315079383213,0.7953098807563527,0.12687933704343082,0.04755548399488214,1965.821156654214,2476.5742463842876,5.297192573547363,0.2573129,10.139847,16.854763,0.25724664,-5.007816424106985,94.58124897257447,39.4066797404256,1.6144335118915663,63.619464365568774,101698.44,0.41462094883534956,0.010615965351462364,0.04597539645385967,0.22997959170048698,0.44695922533641513,0.2770255937071432,5655.314375104683,3542.209377320044,7.3096208572387695,0.37872928,10.015297,17.203236,0.37860793,-1.470036367395556,19.629746031174644,26.4444746264778,1.360459419954184,35.97663461142611,220317.48,0.4038594292167816,0.022958194836974144,0.05606887627095556,0.46084393382259087,0.35584585138289615,0.12721163908312877,3701.219974658926,3349.225116660395,6.667305946350098,58,34200,4
0.21515575,8.063221,13.086128,0.21296547,-2.6852389559526486,48.67066359280726,37.476204835416,1.4591079436119396,54.68182817203782,71104.51,0.10429874911089866,0.007246103603392839,0.03419331070522837,0.10829112975276968,0.585740570396854,0.27170597383070566,6539.792406045067,3197.2119813800123,6.920099258422852,0.3042368,8.422565,14.199924,0.3036224,-1.3699540095701939,19.372152502431156,27.684242914117792,1.3516243534256351,37.41869692899567,142172.2,0.16596818862946963,0.014740345999598503,0.09447701398824766,0.4738375894633889,0.29564343336850174,0.1360108302472546,3609.0259481334615,3589.9932864997572,6.613771438598633,0.2515442,10.052967,17.756176,0.25146163,-5.989923314459657,121.1737763715896,39.965011232098085,1.725464369912456,68.95820292441049,97189.625,0.4851387060182367,0.010113715194165707,0.05996338327099154,0.18568413341333287,0.4577643355574477,0.29652763623155,5921.421538300175,3535.003582301027,7.305598735809326,0.3099583,9.749126,17.57021,0.30977678,-2.996016029740546,51.720981690250994,31.453024981930596,1.4828525557899923,46.64019848193273,147569.9,0.47739722547951186,0.015338532626628876,0.15152502873394688,0.2842766780647063,0.3684438090149712,0.19570865733120923,4540.0456066452425,3709.8244013196518,6.970543384552002,59,34800,4
0.21340768,7.918644,11.823177,0.21124323,-2.6346452044913904,46.8305337288861,37.1057121131893,1.4532114431593377,53.92244544971542,69953.805,0.09713355610843899,0.007135599851608276,0.029638042326544024,0.10381876881916469,0.5941107510308395,0.2723695546299802,6608.363221685824,3146.00820643301,6.892581462860107,0.29051483,8.839703,13.381195,0.28989017,-1.5162430533922933,21.91948192349028,30.42771587361783,1.3582107675654111,41.32725133211097,129636.66,0.1561361597038002,0.013445910066366196,0.08039954254437365,0.45509774031284655,0.31858738626844263,0.1458857722273786,3850.243854585445,3630.6011782168966,6.685834884643555,0.24714777,10.123348,15.379047,0.24706164,-6.1879300265254,125.78057815174242,40.96071062191679,1.7314788010255162,70.92260211707656,93821.98,0.4692889869896026,0.009770885109901428,0.0530646601431402,0.17784412252474036,0.4702619991039391,0.2987742922283828,6017.075702804677,3481.1530355333307,7.306796550750732,0.29701772,9.584904,15.223122,0.29683864,-3.2934538354245237,57.91216799505218,32.27047736346832,1.4981347087796544,48.34552220726282,135505.19,0.45071216781968093,0.014104275032877922,0.13343560468800078,0.258582705743221,0.401321747025728,0.2066159656755257,4826.4405183426725,3665.6449478223335,7.053947925567627,60,35400,4
0.21241422,8.640289,12.33778,0.2102095,-2.6996711666502873,49.28623201343162,40.67660492596816,1.4601630684751208,59.3944762641315,69304.016,0.10033673510933754,0.007068225648254156,0.027560521678206978,0.10298356453777342,0.5975063144380145,0.27188488765991076,6630.9864734094535,3132.250995249974,6.880802154541016,0.2838342,9.429646,13.591671,0.28322724,-1.612678898427438,24.080828100084727,33.22237382907784,1.369434669158543,45.495870513444935,123743.0,0.15628965983763435,0.012825647369027138,0.07629284466077252,0.44180537041571816,0.33225810032878494,0.14961142571204683,3957.737946154046,3656.986156490638,6.710801601409912,0.2452386,10.6209755,16.692734,0.24516012,-6.155775389140724,125.51829989892917,43.308742590822234,1.7492286261566474,75.75689230302477,92378.06,0.4540068195281571,0.009619083255529404,0.047359307263221906,0.1739445037449347,0.4750817453341215,0.30355145589409716,6102.050375530147,3456.5245151158656,7.318013668060303,0.29252222,10.471725,16.874218,0.29235083,-3.3554435898713355,60.07577491255316,35.798051167749556,1.5124362355619518,54.142269748790355,131434.38,0.4398806265187475,0.01367165707051754,0.12432328915706169,0.25255387833025467,0.41073360519563085,0.2123402995655945,4949.966768175054,3657.008975051013,7.0978217124938965,61,36000,4
0.21473576,6.982708,11.721611,0.21260895,-2.711513662063714,48.67102657163646,32.51767630823472,1.4686006244982373,47.75547973372744,70827.19,0.10348752759508606,0.007215798832476139,0.02812610311688125,0.10296514023977346,0.59114818771852,0.2776970677495174,6640.343436538843,3148.262217219877,6.890989303588867,0.28399003,7.560253,12.839699,0.28338334,-1.6817921447983561,24.89525668266427,26.62154464556309,1.376631830676027,36.64806574097415,123878.91,0.1619306113142457,0.012828612700104713,0.07925615432056986,0.42675132621040957,0.33673968306332913,0.15721788073042667,4046.3580263305003,3682.825217762528,6.734333038330078,0.25075427,9.661961,16.197968,0.2506701,-6.1964561783966285,126.29846502877675,38.53158998344138,1.7656673570634218,68.03397064978567,96580.16,0.49933430093048764,0.010032370686531067,0.048361981942930725,0.17273645545844457,0.4725095467705547,0.3063281271742202,6101.759462436099,3462.411590703704,7.318325042724609,0.29808232,9.778023,16.69197,0.29788005,-3.4000019251399642,61.20652218283581,32.80309514612246,1.52275890522384,49.95120525283046,136478.33,0.48321742306607207,0.014167886227369308,0.12862055543385167,0.24189431269053338,0.41264688757469264,0.21678881169221675,4981.593792665752,3652.555744584273,7.115435600280762,62,36600,4
0.21882968,9.199619,14.737415,0.21664238,-2.841400811568291,53.83195347515643,42.04008999116053,1.4835593193356102,62.368967292378926,73553.555,0.12344258661129978,0.007503150030970573,0.028125421242791243,0.1052577650104004,0.587170384977387,0.27937923864940184,6633.693557486144,3156.3519777209267,6.913444519042969,0.28528932,9.753132,15.558815,0.2846506,-1.8675346623433304,29.567840338625018,34.18681062561553,1.3918770924861594,47.58383857512347,125015.05,0.19586716791704872,0.012950016185641289,0.07749390613148874,0.4118632296297544,0.3455299161026112,0.1650762525570167,4174.846301020763,3698.4226466949235,6.81834602355957,0.25782332,11.411953,17.991924,0.25771996,-6.158533413701873,127.80927699258135,44.26268752623388,1.7836508337936519,78.94917951242114,102102.32,0.5647433846786181,0.010614359751343727,0.04838919514205851,0.17137623470779503,0.47101442277016625,0.3091559970936461,6109.856276190709,3458.739681296881,7.326416969299316,0.3035518,11.090946,17.878246,0.303349,-3.4478631016248893,64.41699787528484,36.537244877601985,1.538122971962691,56.19877567865091,141532.72,0.5469299314311012,0.014703959226608276,0.11971205051852846,0.23801884766401235,0.41909508558450026,0.22312135043670595,5068.416414578233,3635.7320425010726,7.154607772827148,63,37200,4
0.21557344,7.8948975,14.500332,0.2133942,-2.7673692025979655,50.144119671208784,36.62277356227329,1.4727130652956497,53.93483711277417,71380.85,0.10829316813757262,0.007290125358849764,0.02930627681376042,0.10145539005054964,0.5917500162869564,0.27742012748962386,6644.792936064357,3149.879227428104,6.8817667961120605,0.28079087,8.67939,15.636539,0.2801767,-1.8405678556333032,28.041545761169438,30.91051391775128,1.3877599837379087,42.89637429198169,121103.62,0.1743146352718886,0.012572822161018848,0.07998704070078066,0.41173747484218665,0.3458948226627697,0.16234277272760972,4153.613562268021,3697.587344107754,6.7956767082214355,0.62912965,42.589855,55.225086,0.6286151,-13.370295935286087,471.6675673566465,67.69646815293846,2.3619401394356485,159.89500542870655,607955.06,73.89186412246288,0.06462538242340088,0.4326159067071701,0.14233692288529226,0.23417053536973684,0.19082077761516292,3481.1108352175274,3970.540588096091,6.707205772399902,2.4643533,125.86928,144.45087,2.4608676,-22.75170837166826,787.7179007679822,51.075986864457256,3.3140091290132547,169.26628674224114,9328186.0,29052.439935544306,0.9787854552268982,0.8768470452534523,0.07139166703958502,0.027690998943721273,0.024063974552530495,570.6103395211312,1770.5889689045923,4.649825572967529,64,37800,4
0.24340948,9.151554,13.153553,0.24157792,-1.7576458454766997,28.247532598745476,37.59736035648977,1.3806327253544313,51.90814609532637,91005.195,0.09915862725253018,0.009354569017887115,0.027508269661365586,0.14337624913942534,0.6325642208429131,0.19652050614800654,5768.974859746673,3105.5142326671817,7.030061721801758,0.50103754,9.644222,14.409161,0.500719,-0.2887399462938865,2.538674781811416,19.248502411627516,1.2792814304517954,24.62425169925083,385595.38,0.15998826464918628,0.04013660177588463,0.03410185127434425,0.7910339873613104,0.12706623075958928,0.04778777890759301,1971.2862983100551,2490.6562423002306,5.416934490203857,0.26172724,10.783005,16.295433,0.26165044,-5.140239514584554,98.85060740975766,41.19939754774367,1.626528080726321,67.01197702066823,105217.76,0.4638473376759755,0.010982179082930088,0.05036597827310576,0.22428378499529783,0.44790233225583126,0.277393195799886,5651.350175546136,3536.1609009909284,7.32509708404541,0.3876872,10.69746,16.973019,0.3875457,-1.4892201501211175,20.090872409362333,27.59301829302424,1.361329241583466,37.56318266593828,230862.89,0.45386288922796875,0.02406386472284794,0.05927195294288044,0.44340074286102255,0.3707648366937698,0.12653621291027373,3741.7219415968343,3317.87510992805,6.670882225036621,65,38400,4
0.2494158,6.800461,10.782051,0.24754655,-1.6813095443953552,24.554901288362338,27.265557418869555,1.3767704480594076,37.53841370431705,95551.86,0.09502416001897983,0.009797785431146622,0.0278767452433894,0.14023405907834352,0.6357379623414807,0.19612130298183894,5779.823954062808,3075.1932221988536,7.066734313964844,0.51337093,8.222675,12.667942,0.51305044,-0.2754479506447205,2.242224583604476,16.017025555136698,1.2793128880834197,20.490787221487782,404812.34,0.15574144680882432,0.04213745892047882,0.03329917964771351,0.7874626431625589,0.12805533777403624,0.051172459735110365,1994.293817378519,2521.9702147781422,5.400139808654785,0.2657773,10.391521,15.575218,0.26570836,-5.165091549929576,98.11491792557122,39.09860567470891,1.6246977946528538,63.52341841394013,108499.3,0.4895606686931779,0.01128845289349556,0.05015158650525408,0.22843271990349237,0.4457390648670007,0.2756242242483346,5632.222898956853,3542.8541166858627,7.316181182861328,0.38691264,10.715008,16.087341,0.38676566,-1.5637047570739042,21.02340073361027,27.693609786663536,1.3665733452006161,37.84534896693913,229941.36,0.47114507709637254,0.02392997033894062,0.05992622577013836,0.4355260499977372,0.3743637673270009,0.13015782297766904,3801.8278629486877,3338.745048736343,6.713096618652344,66,39000,4
0.24227938,6.8881035,10.76498,0.24036388,-1.7037260104470835,25.194625425897478,28.430415618366684,1.3751575366179536,39.09630030693909,90162.12,0.08681079320934408,0.009237458929419518,0.02942102681841951,0.14582871239112855,0.6330278849875569,0.1916883362703111,5733.766908364424,3097.496768016288,7.0443525314331055,0.5150272,7.9932213,12.811089,0.5147189,-0.26246645300461563,1.96944988419129,15.519997574246926,1.2732646810280042,19.76106476096728,407428.7,0.13856887212872862,0.04236549884080887,0.03222871803963214,0.8014627868224197,0.1213594872013338,0.04493915126619132,1908.4139934813397,2425.509890952925,5.344679832458496,0.2592098,9.570789,14.540291,0.25914618,-5.063057170081048,93.6628614436634,36.922943907157446,1.6055266528325216,59.28077054421014,103203.43,0.42283718001068765,0.010745428502559662,0.05112920633723925,0.23368309043488686,0.44576616575627154,0.2693629366000267,5570.717551181435,3549.8535464489373,7.3022780418396,0.38296828,9.947491,15.687561,0.38283378,-1.446237179905141,18.71320568464836,25.97471199654735,1.357012808541164,35.248016877574614,225276.98,0.4025310567856722,0.02344968356192112,0.05967808926789437,0.4575949407614716,0.3598023678873763,0.12289634426007394,3669.048745477135,3315.4774164984356,6.666162967681885,67,39600,4
0.23946887,7.0549965,11.111927,0.23752156,-1.4827195650593243,21.08601534557882,29.461016855374293,1.364503878522263,40.19967176453586,88082.44,0.06934111106996405,0.009031799621880054,0.027811302272968106,0.14259778045469046,0.6383541209220682,0.19120751453287213,5764.079110300715,3087.2573923571895,7.017951965332031,0.5056011,7.550812,12.4445915,0.50527745,-0.22952846007134342,1.6132436668199386,14.934325987385375,1.2672869704061538,18.926076735648937,392651.44,0.10542219080382693,0.040861792862415314,0.03196894560598391,0.7976720053878387,0.1250773788861,0.045272655853877956,1931.7755450072946,2439.4899401198613,5.358161926269531,0.25365704,9.844303,15.416527,0.2535768,-4.631190023606517,83.81300171397892,38.80950047909123,1.581134763146455,61.36305034808205,98829.15,0.34697572851284575,0.01030321978032589,0.048181367740305625,0.23429216472319986,0.45159901497904087,0.26587431360961283,5589.216765215583,3537.9898491053964,7.301748752593994,0.37954497,9.725094,16.438961,0.37940133,-1.3067042505278932,16.372771700899165,25.623034221979104,1.3481024503176449,34.542475219313914,221267.53,0.33976229572676314,0.023050956428050995,0.056677424980095294,0.4576204398402957,0.3656272029453707,0.12005009458576561,3665.158311548077,3299.534778415532,6.644536018371582,68,40200,4
0.24469326,6.840992,13.133812,0.24286497,-1.3241045805260228,18.425839781667946,27.95741840951965,1.3542138125703396,37.86032217413453,91967.68,0.06605646815808222,0.00942307896912098,0.028473876731345726,0.15501115638928167,0.6370115933830114,0.17947729351282757,5619.881960273812,3082.1232304995583,7.016007423400879,0.5559998,8.052349,15.308189,0.55571884,-0.1727481968370111,1.2009912584387887,14.482647055991295,1.2695578514226427,18.38655827934984,474832.62,0.11477265710185817,0.049365315586328506,0.028997247630059352,0.8277357993904045,0.10755891961696182,0.0357008996626407,1798.626396854859,2220.3856564135103,5.402068138122559,0.26529342,9.66177,17.59119,0.26523975,-4.005473339585423,68.17975930784138,36.41918404977639,1.5254528173065078,55.55574691294504,108104.59,0.33772357140056236,0.011237384751439095,0.04653555844290657,0.24081897139009223,0.4563875501518689,0.25620874268918975,5515.881568323469,3502.603275593871,7.299703598022461,0.4213989,9.122562,18.14785,0.421281,-0.9522248841458243,10.644393248551625,21.648282037298376,1.3227803475439688,28.63592203709536,272758.34,0.3356560920123837,0.028358537703752518,0.05018557132052829,0.4737841836816278,0.3723679092385321,0.10363965080724864,3524.018859991827,3118.614180187083,6.66831636428833,69,40800,4
0.2422638,7.4033737,10.6871605,0.24041882,-1.185904009847453,15.5697397858384,30.559142155192873,1.3443562836199527,41.0823747785385,90150.516,0.05363341009863039,0.009251950308680534,0.028612415020312407,0.1592277731938547,0.6391773534103972,0.17295778342167334,5566.374013613742,3073.3227177983104,6.99294376373291,0.5777704,8.390045,12.606239,0.57751876,-0.12465254861716339,0.7535840908691069,14.521417144605238,1.2634457770853946,18.347023168678692,512745.5,0.0839755605611949,0.05335725098848343,0.027723869644466253,0.8443396338228928,0.09696916730403203,0.030960687783761803,1701.7056491289825,2103.560570335585,5.2703447341918945,0.2627373,10.078812,14.738846,0.262684,-3.625333081044476,59.575356098906795,38.36079419667861,1.4920715513810392,57.23704970946487,106031.45,0.2838922936438002,0.011049359105527401,0.04517939282097357,0.2541905835657685,0.4513139531858436,0.249268321482572,5419.142652333384,3515.0327089698003,7.2633256912231445,0.43440765,9.361649,14.587498,0.4342937,-0.7723043939070197,7.768789770548388,21.55037676903764,1.3096530282004482,28.22351619449571,289858.6,0.2766580003453846,0.030155189335346222,0.051669779392810526,0.5009868776056198,0.35135570435966595,0.09596699243954754,3346.4139886667067,3069.687641568804,6.571035385131836,70,41400,4
0.22058545,7.911396,11.62405,0.21845526,-2.28459352100232,37.89031861460962,35.86544809535218,1.4248418410573227,51.10259109475912,74738.59,0.08970893727233194,0.0076297130435705185,0.03144285350162853,0.11782834046399464,0.5848421610538269,0.26583277403635786,6453.61670214209,3239.705046330374,6.871872901916504,0.37756246,9.40094,13.86919,0.377131,-0.6498615633793137,7.105190905263035,24.899032228003843,1.304293807374118,32.475653544680014,218962.03,0.14438796469484944,0.022769667208194733,0.06849160124243837,0.6468567055757729,0.1963723985080439,0.08826123132972517,2662.0999831280365,3182.5164766952216,6.188857555389404,0.25986573,10.006237,15.464783,0.25977036,-5.1331837204799236,96.88646661664353,38.505411973524616,1.6186241008120064,62.325787832281975,103726.375,0.44183403378469277,0.010792303830385208,0.051312108927578766,0.21141367885299672,0.45839110783774994,0.2788273414958638,5756.470965303842,3523.7129065287772,7.281678199768066,0.36651045,10.056114,16.027927,0.36635014,-1.7062826967560845,23.56331148301123,27.437455531493153,1.376592581178258,37.770197731164885,206330.75,0.42518876019423446,0.021459784358739853,0.12611577557663092,0.4011364679713509,0.3207155649632942,0.1519978849233415,3889.7305943344704,3476.352519188633,6.8639817237854,71,42000,4
0.21881217,7.8113556,12.143898,0.21660487,-2.248552508725959,37.03028939246543,35.698908679866236,1.4212987348771287,50.73881374341992,73541.78,0.0848873507528989,0.007497785612940788,0.03072746494423042,0.12791664584392565,0.5814531829182841,0.2598531975686276,6391.167927870425,3263.8552246644813,6.862574577331543,0.41507876,9.1362,13.595867,0.41468605,-0.48308785890075423,4.508541657303194,22.010762412664278,1.2892192427595026,28.376698450282728,264638.0,0.13383143232860395,0.0274855587631464,0.0528093044550468,0.7206634608912511,0.15778304870254112,0.06873042898269119,2303.0241254779576,2921.6935832822955,5.947457313537598,0.26017338,9.528923,14.768124,0.26007357,-4.864858168806747,89.11741533801687,36.62528049910493,1.5927172616018006,58.33371646215644,103972.14,0.4083325689047911,0.01081586629152298,0.04884008176964828,0.22733186128322133,0.454004486825318,0.26977179815248103,5637.2175810527515,3535.686621366855,7.26432466506958,0.380959,9.117317,14.992142,0.38080856,-1.4435092977187491,18.53318106237922,23.932541559680093,1.3568667982562193,32.47327104030227,222919.31,0.39035787025836355,0.023189935833215714,0.10896237204953874,0.471384904174869,0.2870057370148146,0.13261904495507718,3589.8386699473795,3372.91629038057,6.731076240539551,72,42600,4
0.22492841,7.6691628,15.03849,0.2227701,-2.198345724388704,37.92474277231571,34.096016546064334,1.4277475837894764,48.68050524070579,77710.52,0.0970733211070734,0.007928679697215557,0.027401368566866764,0.12973983228241895,0.5757909190186182,0.26701958272776005,6402.709070786132,3250.7186497443054,6.927494525909424,0.42880827,8.332062,16.295624,0.42840648,-0.43996976703913987,4.611556963425269,19.430739362683795,1.293381634474487,25.131361436014323,282434.34,0.15591941457318004,0.029365478083491325,0.045590383882316225,0.7274798830691096,0.15517140273935953,0.07174552539289704,2344.1067748763717,2922.499303834768,6.026328086853027,0.2789042,9.761906,18.469143,0.27880952,-4.215530201292792,75.48860783873751,35.00092750171455,1.5648289409440623,54.77046431476426,119481.67,0.4567742687327302,0.012426240369677544,0.041836633242961836,0.22373051854610446,0.456500934490589,0.2778841998329276,5696.030395197064,3477.3970506493274,7.308178901672363,0.44919196,13.164616,21.805,0.4490492,-1.010878327383655,13.052124901498253,29.30732709045881,1.3327379255471128,39.05898630995572,309923.97,0.5313847779681968,0.03227509930729866,0.07372103184281906,0.5559890652650099,0.24705016204053207,0.12321068306861933,3385.624972807213,3208.4437426188615,6.528156757354736,73,43200,4
0.22666915,7.572365,12.185287,0.22442976,-2.627977541693524,44.69799218658174,33.40712614361652,1.450496075743919,48.45690537341163,78918.0,0.11799338520048759,0.008074594661593437,0.02729232554220632,0.10770637470508765,0.5900483042580522,0.27489662662122644,6555.290562790899,3147.9532149253782,6.949012756347656,0.33045188,7.9756737,12.900543,0.32990736,-1.1990776779945207,15.122570255103014,24.135658643746364,1.3399984857456715,32.34174603519242,167728.81,0.1803260614876053,0.017437592148780823,0.06541987778387236,0.5383786724717468,0.2636691795045752,0.13250828958740773,3436.070219672107,3529.5633225817674,6.569240093231201,0.36951917,11.50589,18.830872,0.36943075,-2.20966042562146,37.03004830309064,31.13746376112369,1.5391022267937664,47.92373981158537,209732.23,0.6904022416370028,0.021917609497904778,0.02409422612947837,0.10271990511582614,0.4774642521147334,0.39568478667264345,6726.356555564607,2972.662920128942,7.162452697753906,0.48086005,17.268753,29.027939,0.48070562,-1.0808722074084312,16.469274942835636,35.91222204957569,1.3819923541927106,49.630416294687684,355163.72,0.8805403969698966,0.037028830498456955,0.05322489240389142,0.23501966980560499,0.2538634633388221,0.4577194366270814,6345.558147036021,3882.1310381116477,7.141854763031006,74,43800,4
0.20940514,7.0227623,11.777973,0.20716694,-2.182940141011842,36.05397827413297,33.536723736173755,1.4248874422310687,47.7860565054748,67354.38,0.06932702043462771,0.006866414565593004,0.026600093953521774,0.10128177634664179,0.6074769320467489,0.26457755314663,6601.029690117499,3101.6171045705973,6.8759050369262695,0.30713543,7.2595596,11.979485,0.3066402,-0.9955562794846978,12.455443586082062,23.63634687601315,1.3256865923095895,31.334388144811303,144894.22,0.11083550068405632,0.015047585591673851,0.07254014643867061,0.5359975866782345,0.27136360444317875,0.1200722190900808,3380.7490129360754,3491.5511967269863,6.542914867401123,0.2638416,9.313583,14.519405,0.26377147,-4.128265904459166,73.7329768308025,35.29990494793216,1.5703999279723078,55.43496818787207,106924.63,0.35730150942779787,0.01113054994493723,0.03862608112034039,0.15773559475652243,0.4687189391025219,0.334861321343415,6326.679296708534,3389.6995820052475,7.365352153778076,0.37032476,10.414982,16.566658,0.37017637,-1.4340657087740882,20.0204198360815,28.123914325947712,1.3861148207374352,38.98297446445127,210647.72,0.3765339878741318,0.021930208429694176,0.08526814148207407,0.29250232572291596,0.3081742590182255,0.3139143026457437,5331.800339129879,3870.2652660857307,7.087761402130127,75,44400,4
0.20562592,10.918808,15.527821,0.2034683,-2.2975602423786947,42.95544382491781,53.1003479733596,1.423670930141725,75.59742179044976,64945.18,0.07679441860125802,0.00663070660084486,0.02698176139713115,0.10090618527406588,0.6073168870605743,0.26473293971694817,6640.392591448062,3106.2098130924,6.837913990020752,0.29911414,11.239624,16.180134,0.29860657,-1.0601577617639948,14.495496648718088,37.57637169129792,1.3266548562317177,49.85087598399509,137424.81,0.11603282425058807,0.0142674520611763,0.07388248258570541,0.528706894939039,0.2766802701711352,0.12070386648640008,3432.527830793173,3517.5303750143926,6.558619499206543,0.30152795,34.126854,42.392254,0.3014613,-21.51051143251957,1572.6203501618263,113.17973760337827,1.858000051224226,210.28795826531868,139651.73,12.999725303997245,0.01476263627409935,0.18902005265177918,0.2305819537218123,0.34146212980124974,0.2388844956012014,4739.232228410423,3939.5842399020976,7.196511745452881,0.35892582,16.09106,25.801373,0.35875964,-2.0426572849606655,42.21701011680525,44.831159445194885,1.4093380662461172,63.182259560238336,197879.4,0.7006583057808522,0.020611394196748734,0.09843967253887213,0.31209129179958817,0.31942409116823517,0.26992118316462405,5050.773171373982,3853.7764858657756,7.117223262786865,76,45000,4
0.32292536,6.7926407,11.265469,0.32151642,-0.5607332888706732,6.315099333328394,21.03470816545295,1.3224534226079927,27.817421807049687,160175.3,0.06867343807009646,0.016527004539966583,0.015037077074957843,0.09350570187111987,0.7213259567946623,0.170110315504375,5534.351136694174,2549.4122162269023,6.865900993347168,0.59382534,7.4275017,12.931633,0.5935777,-0.136934467246883,0.8391753832406605,12.507889399035582,1.2640620478917237,15.810748288574722,541637.44,0.10434884363141587,0.056353867053985596,0.02625957527220524,0.8095623457619275,0.11785492407727312,0.04631218345386326,1897.7343574691138,2321.569756008293,5.514565467834473,0.719076,33.036613,45.72048,0.71902865,-0.43566130342970155,7.573010197007456,45.94314715571483,1.3291440572137572,61.06506101180042,794220.0,2.02473254484436,0.08283791691064835,0.00925009744044521,0.044814294397612975,0.3143509264898463,0.631531103126061,8008.604330218984,2596.2221406430203,7.080581188201904,1.0475527,22.545052,33.7121,1.0475034,-0.12078080115482186,2.304355330505137,21.521639408826715,1.3186420379333257,28.379338449748527,1685555.2,2.774936044393611,0.17546460032463074,0.011281265843575278,0.09176023525602829,0.4448379352225092,0.45202416428126374,6854.5426552765975,3382.164481741316,6.533308029174805,77,45600,4
0.29574487,8.230782,11.876488,0.29420614,-0.8511234436350289,10.194772119875076,27.83068278674299,1.3285298015951543,36.97389148105435,134346.27,0.07799133964138295,0.013839269056916237,0.01882402058451303,0.12130750462689523,0.6895369803217846,0.17030889777785277,5539.226851027504,2738.464984139386,6.992867469787598,0.6135513,8.87661,13.951206,0.6132979,-0.14792287819517133,0.9030214431100108,14.46759143445133,1.2638611865876792,18.285027277441205,578219.8,0.12796807544620234,0.06018318980932236,0.02531696327887922,0.8347450267271961,0.1011412073864574,0.03878870540393412,1773.048340972557,2199.093411135049,5.345151901245117,0.57750654,11.012745,17.720604,0.5774587,-0.5640795239778985,5.7380696943236185,19.069472116249525,1.3164544441159554,25.10409131442545,512277.22,0.6382538638651758,0.05334904417395592,0.012128721210740635,0.06260562015555683,0.32569983118319856,0.5995246067226855,7802.800232630518,2785.590997697159,7.1169891357421875,0.814907,11.20882,18.967533,0.8148444,-0.1816487180036358,1.7075792789220943,13.754723109936396,1.2893472712137557,17.73461470811904,1020016.8,0.7530314250008481,0.10632529109716415,0.016015643093034663,0.15630311786789886,0.38013697117920653,0.4474483767056453,6645.507215205941,3676.100611733525,6.736185073852539,78,46200,4
0.29884255,7.4234962,11.836624,0.29729453,-0.7931093485467473,9.422832242761663,24.840827596687834,1.3225514692474551,32.85327303543216,137175.34,0.0751538423809865,0.014136739075183868,0.016994727259930297,0.11569687956550641,0.7111443495099622,0.1561429621250557,5481.360703067827,2664.2685699533936,6.91689395904541,0.6115046,8.14209,12.927341,0.6112671,-0.14204836042154997,0.8918531007638544,13.314846123195645,1.2652722624103905,16.84690547796952,574368.6,0.12470741605309328,0.059724971652030945,0.02155580843012005,0.837567597897692,0.10236620759170682,0.038501910985302465,1779.9153600377253,2196.4756499315954,5.304215431213379,0.568314,15.678883,23.49863,0.5682713,-0.6104244539830492,6.715677634389531,27.588414434890183,1.3161796236968422,36.31130892937018,496098.56,0.700556727990991,0.05164622515439987,0.011950651506172607,0.06493790825079523,0.30838450661629757,0.614679163771331,7907.539693411458,2831.5430137270037,7.1411590576171875,0.8298374,14.4703865,22.237682,0.82976705,-0.19251622612015062,1.9111030020233946,17.4376170823115,1.2941761167931858,22.567347561739616,1057735.8,0.9062668062298919,0.11015653610229492,0.014839395913009456,0.15430161799418396,0.4045157376107684,0.426253571192806,6526.634583827692,3621.1819300029792,6.647560119628906,79,46800,4
0.28264144,7.810402,11.900902,0.2809155,-1.1713313175463675,15.561165857245943,27.633604962769198,1.345543600361226,37.18222031269586,122705.18,0.099308285426455,0.012617144733667374,0.023383465805558744,0.13474205235655212,0.6668571068673912,0.17499159994703872,5527.515791920384,2866.44380902782,7.026158809661865,0.617303,8.579254,13.124657,0.61705315,-0.15925301140571227,1.0519986168924618,13.897962521748573,1.2650439025270004,17.581532745715286,585312.75,0.15275968634556203,0.06089690700173378,0.02428223880968922,0.8378484126108088,0.09905750262165539,0.03880317074334963,1772.824998112476,2203.0384148465528,5.231133460998535,0.56125087,53.196907,65.44066,0.56120366,-1.2832813413773447,61.444112007227844,94.78276171532502,1.3437662508137833,127.36587635220543,483843.9,6.096890104107051,0.0504080131649971,0.014031201958321629,0.07131650913909783,0.28759388049267703,0.6270159743604558,7974.570885349857,2945.0829661238,7.190698623657227,0.818876,11.811733,18.639374,0.81880003,-0.20819448135619395,2.80506805871281,14.424324123646901,1.3150849784645473,18.969211979535,1029976.94,1.2612931398362877,0.10718168318271637,0.016908807964247406,0.15977183076746418,0.376986714981563,0.44625350400072133,6599.312030969481,3674.517109982133,6.662972450256348,80,47400,4
0.3150427,8.766365,12.44688,0.31366214,-0.5455789550894271,10.96746639024054,27.825957974494973,1.432509857487533,39.8609590926244,152450.94,0.10803986166839079,0.015657898038625717,0.016328148883658734,0.09990005971094988,0.7660006161577914,0.11775688711364016,5322.8492856431985,2446.9355343842326,6.624001502990723,0.62204677,8.462524,12.571239,0.62182647,-0.10363938052001756,0.570934771704215,13.604321797549721,1.2614585383115895,17.161287889485152,594343.25,0.08548278193443601,0.0618668869137764,0.02250342560864379,0.8503285850766611,0.09517121902993862,0.03198961225715376,1689.9673028653683,2078.631108349402,5.14825439453125,0.51609874,78.07341,96.2287,0.5160658,-2.998739352119459,361.20189769872894,151.276111194228,1.4606145859666992,220.95609451903783,409125.78,25.626022954403176,0.04210077226161957,0.014852660723950702,0.07832256506564492,0.3270428108447503,0.5797326688555852,7733.932522382448,2980.4218849486097,7.197053909301758,0.7958294,38.810444,55.521774,0.7957728,0.13530781420563942,13.976879162884234,48.767289988211466,1.4501106008084195,70.7179641846926,972817.06,5.606478489387885,0.10069622099399567,0.017281373578116203,0.16417206514744823,0.4247388018412276,0.3937313108783857,6295.498860928519,3562.0989825234265,6.729870319366455,81,48000,4
0.26015094,8.637238,13.40456,0.25841746,-1.2984152912206317,18.52519268267315,33.20087013518921,1.34760206048077,44.741561004107425,103954.18,0.0848524382800578,0.010680878534913063,0.024955817041313305,0.15403781668114427,0.6437665027431437,0.17721524711324357,5558.163806895345,2995.1613544454926,7.064383506774902,0.6201445,7.9915047,12.778473,0.6199051,-0.14611692313231628,0.8856677676443403,12.8865205513898,1.2644122030972336,16.29387384066683,590713.7,0.13099128029117493,0.06151223182678223,0.022552542870712355,0.8498602597332392,0.09408590591550178,0.033494336322279814,1702.627052789414,2111.1326935752195,5.181030750274658,0.5379862,95.697784,180.55505,0.5379331,-0.963072875901481,3288.466656663375,177.88147922099117,1.5922459012138546,283.2310561920071,444563.22,275.4723705636153,0.04626483842730522,0.01990010435879072,0.13171475553987533,0.34093860733229553,0.507371494739508,7256.182160488955,3352.144150348194,7.41041898727417,0.67554295,14.624119,25.004673,0.67545134,-0.4180905241002095,5.520825097079323,21.64794820413375,1.3298967656803937,28.789536300336778,700966.4,1.1497829238318524,0.07306014746427536,0.02547640922323934,0.23826196844921269,0.2925753778246175,0.44360132967411176,6326.9967564923145,3951.230244654129,6.877842903137207,82,48600,4
0.22313718,8.013344,12.099075,0.2210133,-2.036908604154326,32.87416377874761,35.912184747719834,1.406176742461565,50.49887896345289,76477.75,0.08149716734873376,0.007818068377673626,0.03145684087450919,0.12396285843090266,0.5973262888762276,0.24720173842198181,6294.42820188913,3201.8754616666665,6.933158874511719,0.40313753,9.100628,13.640976,0.40275377,-0.4859597962564856,4.873654732249666,22.574499053728896,1.2914929820225338,29.15480710063752,249630.52,0.12872642322627728,0.025969605892896652,0.06143778932346123,0.6837208511429822,0.18038195347771657,0.07444398983068057,2463.2070235574142,2984.456745917397,6.209594249725342,0.28816083,10.812378,15.933514,0.28809923,-3.5471378886411946,59.49975058256276,37.522025120581986,1.499211016884982,56.25343343680676,127544.31,0.4102559942173019,0.013284780085086823,0.044914677238406066,0.18702321943032438,0.4609873486307627,0.3070262773786262,5982.811040425907,3400.345587546064,7.330499172210693,0.45399848,10.49366,15.75737,0.45386466,-0.8339000615671994,9.32859081687485,23.11386606274253,1.329561735834571,30.73131188429543,316592.06,0.3963087169687992,0.03298554942011833,0.08626641412553732,0.3654228402176825,0.25652855143577863,0.29166857247036626,4860.538782817111,3873.7494188913847,6.936474800109863,83,49200,4
0.2157956,9.3167305,14.10799,0.21372631,-2.2184652361927215,38.62598419071915,43.17386556538785,1.4225481845464765,61.41690408018073,71528.055,0.08376256172825106,0.007309985347092152,0.032393396631359726,0.12235039150262984,0.586209938795111,0.25899138960893037,6407.35443138745,3217.0364658656063,6.921152114868164,0.37179476,10.214424,15.702534,0.37139934,-0.6054674048830164,6.491967480435218,27.473286947431117,1.3000488116342164,35.71661404778972,212323.34,0.12404789391957333,0.022091291844844818,0.06691987687565347,0.6498768735943374,0.19831352360602622,0.0848723568220119,2653.9448719279803,3136.7147524085854,6.315743923187256,0.2674454,13.188171,19.891739,0.2673706,-4.257300595581369,78.72551465343716,49.311643063794605,1.5449381588434385,76.18343904480851,109865.54,0.402768914070249,0.011455940082669258,0.04993005186576755,0.21428738083584936,0.45772662771409023,0.27800542925053456,5728.335238516086,3466.724372332123,7.321229934692383,0.40496317,13.226318,19.410324,0.4048297,-1.135912466102206,14.45584470730336,32.66054665072042,1.3378775962343274,43.69581364487284,251896.58,0.3887814763860014,0.02623276226222515,0.0969735150198339,0.44074096215290437,0.27113249466947187,0.19108934592518875,4068.6524315169727,3592.4994691044008,6.82363748550415,84,49800,4
0.21463253,7.4404716,11.5216255,0.21251686,-1.9433972357312388,31.19996768810762,34.666095518746936,1.4029517442781854,48.634859175566795,70759.09,0.0662119367835366,0.007217114791274071,0.028859694891087462,0.12202987570892966,0.5949260308276422,0.2541313312638775,6404.461054671679,3192.3853869037125,6.88278865814209,0.37778404,8.532524,13.673496,0.3773977,-0.5139524029415201,5.376152271447237,22.585718625577023,1.2945099029537532,29.23743642621388,219219.11,0.10950803944746292,0.022808987647294998,0.05908314286593864,0.6701910140932137,0.19172430288142753,0.07898532495148783,2575.8755090702357,3064.926862340546,6.261059761047363,0.28389537,10.177994,15.6832695,0.28383315,-3.247739455320799,53.7969385650506,35.85121396828925,1.4715544394233877,52.757013073939646,123796.36,0.34945464804858495,0.012870918959379196,0.040801701677374506,0.20277515033832538,0.4518992848007413,0.30448025344008073,5913.6307293364,3393.228260011545,7.332489967346191,0.4604475,10.064507,16.2467,0.4603319,-0.71768122372003,7.696290616397814,21.858098359997097,1.315192703996603,28.74761148637073,325650.28,0.34594089038789255,0.033875755965709686,0.07240836375051361,0.44701710701786196,0.2322164108310951,0.2482324098118675,4423.796580320779,3757.295513529538,6.803272724151611,85,50400,4
0.21091928,9.493351,15.6580925,0.20879479,-1.8704562248796774,31.862712131538437,45.00940439425953,1.3994657045828964,62.98911783376757,68331.945,0.06305910848656666,0.006980619393289089,0.0299381069777027,0.1190467935223823,0.5967434218317131,0.2542232664731115,6439.974659362705,3183.2204564368717,6.863289833068848,0.36231497,9.491825,16.109943,0.36195078,-0.5351816733796123,5.789020462969079,26.197717201803478,1.2963248730181964,33.960752425088245,201634.0,0.09975856540604615,0.02099769003689289,0.06156375706048543,0.6579056828056713,0.19811898270766284,0.0823960536280614,2686.50877220712,3101.874390117313,6.371882438659668,0.28118974,10.068893,17.487621,0.28113863,-2.99340161987997,49.46640793828363,35.808182201725685,1.4546402844958035,52.08802434538105,121447.94,0.30924896413887376,0.012643616646528244,0.04350884337287494,0.1871582014557358,0.45267980650486656,0.31660554152702397,6051.67528730693,3390.803704502437,7.3477020263671875,0.48751134,9.936523,17.155266,0.48741263,-0.5451617578056985,5.590074529680425,20.38213819320064,1.3027110417422583,26.552036478653537,365056.97,0.3157595364812862,0.03801489993929863,0.06557290098055288,0.47113948320033505,0.205306810772187,0.2578179119495253,4429.487004642639,3808.645275999328,6.663038730621338,86,51000,4
0.20846254,7.2696686,10.99844,0.20631573,-1.8342317969240431,29.915441281522405,34.87278197260637,1.3995038501636807,48.80459263681532,66749.38,0.05649467093424747,0.006809866055846214,0.028646916730908755,0.11263389391289545,0.6028432838221987,0.2558180256619724,6489.610424111529,3159.6379059201927,6.841339111328125,0.34864068,7.978821,12.604427,0.3482653,-0.5613165388090613,6.145979499359994,22.885512940121256,1.297104332912455,29.68489799564048,186701.3,0.09080365891929057,0.019405735656619072,0.060402042061988744,0.6409683371596706,0.2109614023191468,0.08764917753036762,2771.2094147788844,3185.0628888179062,6.363768577575684,0.27878073,10.375977,15.776348,0.2787195,-2.9294330557971846,48.6388340293697,37.219131377435104,1.4538681962598972,54.11171140226582,119375.92,0.29378806616160685,0.012435497716069221,0.04339736602810545,0.18098966230671346,0.4542058146887021,0.32135558889172083,6113.429198089026,3409.558989749354,7.345790863037109,0.45142153,9.953117,16.330147,0.45130846,-0.6323450647569211,7.013041096265617,22.048388767427745,1.3151099405534707,28.996055241295945,313008.22,0.29122955978971354,0.032584965229034424,0.07016353395707373,0.4064157718671291,0.22739231686654104,0.29584038339269714,4849.3602509029015,3913.265612967766,6.840380668640137,87,51600,4
0.20766766,6.384754,10.674572,0.2056078,-1.567297161834738,23.73118167910676,30.745057113480268,1.3863350459736452,42.62295016708426,66241.32,0.04413619322493214,0.00676788529381156,0.02899389887284638,0.11356574200620984,0.6034237967755958,0.25396499963943764,6472.652195222049,3172.297653830516,6.818575859069824,0.36697719,6.8418503,11.674881,0.36664438,-0.4067441919472871,4.002015759863805,18.64380283079361,1.2899643779569852,24.049841521442893,206856.6,0.07258302339570694,0.021501101553440094,0.06315945630060647,0.671300560396995,0.18587875874663806,0.07964660565969434,2542.727468488238,3080.385348761053,6.209505081176758,0.3059188,9.043503,15.804195,0.3058774,-1.9333957412397762,28.75926079305175,29.56177400873265,1.4571056622168377,43.074628293439694,143748.6,0.2518850893191651,0.014959332533180714,0.037998932726386006,0.18249017070323487,0.44936003265735575,0.3301100933191711,6184.098913939653,3282.235750773606,7.281371116638184,0.49115697,9.0081215,15.462112,0.4910737,-0.4406605859288645,5.32864756116795,18.34061638807678,1.3316506932582124,24.4232945280151,370537.2,0.310097472750816,0.03858055919408798,0.0762724269730597,0.36085414414705647,0.20100407815329893,0.3616473018013923,5304.7517812262895,4062.873518986379,6.907082557678223,88,52200,4
0.2616678,6.913376,10.447311,0.26001334,-1.0695545200944674,14.377569428967487,26.420431443044304,1.3342854557183272,35.252397408391914,105169.95,0.06740413289193779,0.010798661038279533,0.021436812297033387,0.13806787103203083,0.6459200770356577,0.19455024218175074,5700.532992371507,2938.6939817977773,7.058852195739746,0.57829124,8.010769,12.765789,0.57806605,-0.1467095610638554,0.9867476241866617,13.852481886145839,1.2657317819863654,17.533526582715538,513670.3,0.11035513235463017,0.05348638445138931,0.02524526442038486,0.8407775454893154,0.09402720864434144,0.03994183028029799,1764.6068196078138,2224.6121864703887,5.326798439025879,0.6836332,66.46071,78.60527,0.6836064,-19.873614789419808,1264.8550978971487,97.21691078433923,1.6331425300476154,158.76907164198133,717856.25,276.2697782855586,0.07368072867393494,0.28077237325768717,0.10075889778269317,0.21019981525127132,0.40823345224467833,5412.648605339987,4258.833059397883,6.93165397644043,1.6294321,127.05565,188.04703,1.6293544,-29.29302813387459,1522.7655456517734,77.97541867099007,2.4815611286048207,193.5007679607343,4078155.2,10734.407888155729,0.4440077543258667,0.6766786401878974,0.11923344362210558,0.07400654115974631,0.13005698487086262,1918.0024869929562,3528.6255972047024,5.500563621520996,89,52800,4
0.2548387,6.77557,10.358906,0.25314614,-0.8185154284141809,10.370676227697055,26.587679897656955,1.322073633322818,35.15087056405731,99752.08,0.04373897830541037,0.01026134379208088,0.02157561355563373,0.14541506450641392,0.6585771562597155,0.17441220682498587,5599.310105983205,2939.9434122278863,7.019806385040283,0.58199996,7.6169014,11.901951,0.5818023,-0.10522845765539529,0.5691103202444023,13.087460400522804,1.261677313581029,16.51215187975808,520279.97,0.06529625494415157,0.054137326776981354,0.023922134422430966,0.8493309904113429,0.09332160744614193,0.033418515537582995,1705.3239757641636,2123.1203513567425,5.26636266708374,0.47098455,10.824776,17.638588,0.47095037,-0.8008366477492522,9.483695855809762,22.983292624254535,1.3317239735775108,30.607401779531926,340725.4,0.466663952615973,0.03552626073360443,0.01632668012448764,0.08392576061148078,0.31264245255350026,0.5870433915477675,7797.441814967225,3041.189632363517,7.204339981079102,0.6922583,12.369347,21.01717,0.6921998,-0.23311888975636,2.4390548470674247,17.8681088363634,1.2957007984921114,23.151722886853456,736084.25,0.5601369838108012,0.07661213725805283,0.020969169706205337,0.19754980376018544,0.26771807267911724,0.5136727128304887,6898.798148883672,3911.646252816965,6.762343406677246,90,53400,4
0.25186184,6.2656403,10.384369,0.25016156,-0.908083750144666,11.265592422356384,24.87729084588886,1.3266754257836897,33.00409042544533,97435.21,0.04533185860267262,0.010009084828197956,0.022780833850496243,0.15043552614612893,0.6527479365316923,0.17400984191965257,5572.568365816482,2972.7716976882093,7.011172294616699,0.58538,7.964611,12.118053,0.5851704,-0.11245133800879062,0.6474347043531332,13.605881328108065,1.2632373514613187,17.187457493245603,526340.8,0.07602344558137383,0.05481105297803879,0.024625940394691685,0.8489665423412879,0.0935535738906336,0.03284714037918137,1695.564157516049,2109.711242734644,5.216243743896484,0.5133056,85.4167,155.68057,0.5132518,0.38644098527761195,1497.38258307807,166.40516200978772,1.4684768215605082,244.3621233998705,404709.34,103.95294598647635,0.041345566511154175,0.021284272628613023,0.10551164667483558,0.31764329894058263,0.5554968745518256,7549.306240061923,3230.8582562951256,7.3306145668029785,0.6794623,28.51429,46.10586,0.6793862,-0.39135084801282805,6.933942799155011,41.96596232490622,1.3101338017209292,54.98102576368759,709123.7,1.4778887701053816,0.07399770617485046,0.022672803827678927,0.20720846635436913,0.24955748220227714,0.5204706516489999,6910.040248451524,3963.827794420901,6.841628074645996,91,54000,4
0.24739508,7.477474,10.786533,0.24568823,-0.8834939090832032,11.27610714694395,30.22482950196858,1.3248900839476558,40.0445768963286,94009.85,0.04223995540784769,0.009658962488174438,0.02302737514456089,0.15492630237503596,0.6484953281638751,0.17352972142689257,5577.937866094061,2995.2791744346773,7.010966777801514,0.5910831,7.907963,13.523388,0.59088033,-0.10115208615013117,0.6297810624798941,13.378766325042818,1.2647258921511177,16.920472176349737,536646.56,0.07687476377588584,0.055924687534570694,0.024037619913121644,0.8516213746175783,0.0928457023748585,0.0314889707137954,1679.8776153688927,2082.0261537458427,5.213809013366699,0.42202914,15.052605,27.042007,0.42198336,-1.1036056689630451,17.052280269586998,35.667216629762585,1.3548797088920599,48.32478808443727,273574.78,0.5409438750517265,0.028524838387966156,0.020394504600126238,0.10769261459411691,0.3533399424565286,0.5185292614050436,7364.899114446199,3189.475538313482,7.261590957641602,0.62099797,93.46886,138.19342,0.62092394,-3.1079074123062544,448.0502535007986,150.513950171839,1.3130332700226939,197.62982417848085,592340.7,66.63270380691802,0.061142001301050186,0.027255078328926503,0.26099751770779794,0.2550740186768712,0.45658911544539466,6333.013708717431,4070.1226619238255,6.910171031951904,92,54600,4
0.24766874,7.0741653,11.021996,0.24585906,-1.0038106629011194,13.169927746673142,28.563012250582112,1.3310368802634431,38.01842271709483,94217.945,0.04955279927488095,0.009678586386144161,0.023806599037714534,0.16229877052523708,0.6393057438099669,0.1745670810226145,5541.00529286765,3023.260284615062,7.009169101715088,0.6136314,8.628273,12.685871,0.6134182,-0.10527904102880749,0.6128210818557513,14.061002462622401,1.2617304314768294,17.741194704190235,578370.9,0.08688885479965994,0.06023821234703064,0.02129175159172356,0.863232210701862,0.08598354571191266,0.02948659180318336,1630.7613552510259,2022.2611612692192,5.101235866546631,0.40419498,11.629009,17.695236,0.40414023,-1.2262757150377157,16.26594194056739,28.770790824917043,1.3638503556313974,39.23905329845673,250941.81,0.43415307666364367,0.026194047182798386,0.021591030057011917,0.11687282608976025,0.3526490628844391,0.5088320110804804,7225.419502902864,3218.248321275267,7.262779712677002,0.58970493,11.008549,18.079662,0.5896152,-0.3487774739774895,3.6617629924568584,18.667893317339853,1.2993980490495887,24.257024156458396,534146.9,0.4428220801124098,0.055622994899749756,0.0293698849496541,0.2871869370789958,0.2638304839006189,0.41952272504895693,6005.035268901062,4080.076777148057,6.879948616027832,93,55200,4
0.2465283,6.951618,10.6163025,0.24479471,-1.1810377333065247,16.309878523398456,28.198053774995426,1.3381052264394175,37.731963131894176,93352.25,0.06024455955994747,0.009572040289640427,0.0239673899798855,0.1580005156530369,0.6383367224155315,0.179671284971354,5580.05606937068,3030.0474694191644,7.021031379699707,0.59528923,7.4386597,11.286163,0.59507585,-0.12391856097738915,0.7531044897880972,12.495874759273217,1.2628001874835155,15.779792988807255,544311.2,0.09457303776147387,0.056628938764333725,0.022523234573286015,0.8525531676100329,0.09271019618991727,0.032207032874763925,1686.3637236506027,2089.9968817722447,5.155363082885742,0.41917062,103.60002,180.18465,0.41910592,-10.139693662194926,3583.9362901158006,247.15477874431477,1.4579894738842782,360.34906583026833,269881.34,110.64291591233938,0.02718466892838478,0.026343928373371732,0.12866080862812448,0.37311042162136915,0.4718249649801106,7011.128692852707,3324.917010735134,7.342250347137451,0.5653128,12.063885,20.052624,0.565224,-0.4853937307041276,5.341360862601158,21.34019373966571,1.3044723587649698,27.837692864132414,490872.72,0.5455156376905117,0.05108943581581116,0.031903755926801496,0.2979121445892372,0.2647121971776543,0.4053688522837313,5913.409117552892,4108.114057193434,6.948454856872559,94,55800,4
0.22572955,6.5668106,9.867096,0.22376858,-1.6137129007904036,23.926503759355587,29.09149672950439,1.3770637041873997,40.06084424686441,78265.09,0.06212021399871547,0.00802156887948513,0.025296041988260964,0.1389804581084069,0.6137922097844218,0.22189157575219146,6052.608423423604,3149.292672399816,7.002895832061768,0.47719437,8.026314,11.9849205,0.47691223,-0.2425838735772485,2.225764793879634,16.81979986738907,1.2937341424072388,21.760349356943586,349769.44,0.11541453578279658,0.036401014775037766,0.03209770698311619,0.7895509134011901,0.1288845430619173,0.04945674321550153,1999.5317967936883,2536.744882606806,5.860916614532471,0.36758828,36.56416,55.474377,0.3675123,-1.4292116341266994,111.57407654543492,99.47041627912648,1.488482534072403,148.0599772887938,207546.06,2.0370886694717183,0.02153366431593895,0.0266423866229387,0.12496170246490872,0.3833981875467563,0.46494000671496793,7087.775912672413,3312.021446504411,7.358315944671631,0.5847643,97.81943,193.0851,0.5846802,-3.0663440952837013,2436.6160208060874,167.28009420689574,1.5322593152292077,256.3164826013737,525234.06,284.91184465859743,0.05269892141222954,0.04346491888691791,0.23262330344280815,0.2640903506664984,0.45966014759637946,6486.408348440525,3999.1643453989377,7.2213006019592285,95,56400,4
0.210089,8.593845,13.982868,0.20796444,-1.8060580812875693,30.74920017605121,40.90573731113189,1.3961384172725821,57.11007134720352,67795.02,0.05990279179918758,0.006926709320396185,0.028502391929462266,0.10720798560065213,0.602320605735096,0.2619092308560476,6534.600668554543,3115.273356497842,6.890276908874512,0.32645276,9.490681,15.292549,0.32603613,-0.7059461893546977,8.587391601881253,29.07214091143892,1.3065876538751577,37.98530038672133,163693.69,0.09753099545821083,0.01703133061528206,0.07187359259460231,0.5774266138717832,0.2455312585913052,0.10514550654669717,3081.031729781958,3348.453589775503,6.471394062042236,0.27575207,11.47089,17.642212,0.27568242,-3.006097904222453,51.18305419886341,41.598564052044054,1.475045537681183,61.35977627913497,116796.21,0.29593839034963426,0.012176882475614548,0.03940183285452723,0.159328329200883,0.4418915873712084,0.3593171167998681,6425.363631469701,3406.4523709789864,7.3590569496154785,0.4160437,11.802864,18.607807,0.41591644,-0.8374376403592495,10.654224583985817,28.369289353668997,1.3452544163414806,38.16391179158429,265869.88,0.3192108482473983,0.027696333825588226,0.07448968367964347,0.2379458128430212,0.24636087130254572,0.4409272667735764,6201.141267108012,4003.093118768885,7.0454816818237305,96,57000,4
0.20518513,8.419228,11.729145,0.20297389,-1.7400333209073955,29.019627568636963,41.03234766705099,1.3882901921761301,56.96480582840563,64667.04,0.05143696927913346,0.006591361481696367,0.025909437534081793,0.10009217869597077,0.617463240927539,0.2564652615631108,6586.061116966682,3067.2476253196314,6.8486833572387695,0.30850002,8.684063,12.392139,0.30810007,-0.7498759952205497,9.211520979537108,28.149310687214022,1.3070903247188475,36.79369164688156,146184.6,0.08343574367094991,0.015194762498140335,0.07399413750523433,0.5513183614576119,0.2656951299136974,0.10896545605811048,3225.023978925871,3406.0101835268815,6.51073694229126,0.27334183,10.7234,15.081787,0.27327177,-2.8589735094514888,49.04561071062657,39.230731489646416,1.4562612973606102,57.13019593572723,114763.414,0.27379440319868986,0.011954322457313538,0.03419992986547045,0.14863089379005254,0.436715011412646,0.3803844869864203,6663.468819296164,3425.2045489807224,7.368099689483643,0.41763806,10.177517,15.092087,0.4175221,-0.7658924401413271,9.23325329476109,24.36922739662636,1.337184629480539,32.58615630716284,267911.53,0.2809021367866945,0.027876868844032288,0.07047457684622795,0.2312024764922128,0.2398149038953735,0.45811691347175454,6368.378790607277,4024.403809430585,7.038575172424316,97,57600,4
0.21959788,6.4804077,11.007404,0.21731731,-2.4584920211718693,39.61739477364398,29.510338764349264,1.4449346860770031,42.6405120786852,74070.875,0.09212944490429134,0.00755098694935441,0.028057368644083827,0.10648972369120584,0.5936599035414755,0.2717245919484968,6569.019781884713,3133.914565301269,6.936069965362549,0.3157482,7.4980736,12.078285,0.3152252,-1.1851496731620323,14.667872619353677,23.747002289360168,1.3395294923639725,31.809809921933457,153134.48,0.1457910099432643,0.015896674245595932,0.07285049133277396,0.5090201936251778,0.2850716893281561,0.13302733668842648,3533.114722998079,3542.989084045575,6.631143569946289,0.29953334,9.675312,14.495945,0.29940754,-3.6524499873676146,60.27626465765894,32.30128615282663,1.5337216162101166,49.541180804144105,137810.25,0.4852069271850538,0.014332973398268223,0.03613473968054274,0.14380272973899158,0.4346921259095651,0.3852995140119562,6661.988163293413,3452.797290110121,7.388994216918945,0.42636302,10.246372,17.356014,0.42620322,-1.2098272984002802,15.37738336718363,24.03203775879076,1.3708023375241094,32.9431735352953,279222.4,0.508160103951498,0.02907760813832283,0.06813594994347033,0.209042153300604,0.26750862312017076,0.45493895234091597,6457.2281453287105,3961.6502001457843,7.156563758850098,98,58200,4
0.22086556,7.180977,11.671352,0.21860191,-2.4053516838215763,41.09940699152345,32.51288604918596,1.437706957206211,46.744002471979044,74928.54,0.09780196460594297,0.007647705264389515,0.026712856491070112,0.10515836867682275,0.5892845551426514,0.278788329145669,6624.064303341232,3145.0769752115,6.909062385559082,0.31373146,7.945156,12.8668785,0.3132485,-1.1769822451374197,15.479710405513444,25.32470302063319,1.3401214731083193,33.938178318149824,151184.55,0.14996679968054202,0.015713000670075417,0.06988632328734037,0.5089950002361037,0.2815311622723694,0.13956019028841235,3590.4166457063056,3585.544103828854,6.630852699279785,0.4493872,29.094028,43.92929,0.44913948,-7.520729410366647,290.26145997105675,64.74156127223252,1.6997959085836152,110.04744096610115,310193.44,11.837831116266063,0.03235736861824989,0.1493183897009587,0.15259241594925074,0.38511311192340913,0.31291679066114914,5602.842675667519,3805.7110816536965,7.353049278259277,1.1274012,74.97311,92.137436,1.1273323,-31.82987254726658,1565.4089408932523,66.50081994621124,2.549810375020706,169.56448064638374,1952307.6,2528.959249505103,0.20876175165176392,0.6101991439655264,0.14872357949712925,0.06799202238491935,0.17301363891557267,2402.730846288961,3852.23888476733,5.960844039916992,99,58800,4
0.2276968,8.2016945,12.638664,0.22557995,-2.3241956097221066,39.171111929228914,36.02024387447554,1.436745256128434,51.751914511469295,79635.2,0.10529158316036095,0.008149217814207077,0.025660796072943946,0.10163467370077409,0.5944714013512091,0.27818486889848604,6565.484144280352,3137.673765173426,6.927184104919434,0.32630822,8.106518,13.21125,0.32584915,-1.1383856401809065,14.782993666019191,24.84313075594033,1.3393009159141922,33.272427775708884,163548.77,0.16760016850766682,0.01699468307197094,0.06588447811311443,0.509826773480731,0.2808128024634547,0.14345128551468386,3580.0171179635204,3551.2477528168315,6.672328948974609,1.2935188,69.85664,83.42438,1.293292,-16.672449311855775,371.2563476366778,54.00512514162954,3.364572495221902,181.70415865268407,2570021.0,1039.3572354856353,0.2704843282699585,0.7074104545306191,0.15275835372733232,0.07937909075694755,0.060438775927095664,1322.1014619918412,2718.579722727952,5.579206466674805,2.3889275,135.367,170.46518,2.3889275,-24.92841693491337,775.6682637293213,56.664342755104876,3.928882125448421,222.6275234009075,8765913.0,25263.17164419789,0.9047059416770935,0.7709377645807286,0.1514515944877272,0.02969507519441889,0.04788570431475609,921.3828728149451,2302.9679971399846,5.271845817565918,100,59400,4
0.2011319,5.7787895,9.562778,0.19900511,-1.566668934974048,24.5522789641317,28.731343255795018,1.3900074836058893,39.936782139803235,62137.41,0.04018052372222019,0.006330882199108601,0.02603150932407155,0.09033010525759232,0.6145688569027514,0.26902746470200195,6705.398697217828,3119.742358984036,6.707917213439941,0.29527524,6.6797256,11.405563,0.29488528,-0.7303592571847315,8.821524755588687,22.622030960804384,1.3128583835015184,29.69952299882352,133919.95,0.06705818407128544,0.013906240463256836,0.07558154583472042,0.5418890345204991,0.26780078866458523,0.11471040627336172,3306.4103747065797,3498.132325229864,6.438050746917725,3.339724,72.21727,112.235825,3.3395941,-7.433448152533838,60.90119886731782,21.623723552084222,3.3932356538030493,73.37438972493487,17132170.0,7576.492284521589,1.7221481800079346,0.8740531395095692,0.09094069356664666,0.018392429726206725,0.01660929189336246,462.2504966842794,1520.8152261475732,4.598918914794922,2.778389,167.40399,239.87045,2.7783813,-18.988437276828932,574.5524948983668,60.25217961988006,3.286728461650644,198.03255363321796,11857067.0,34237.48886398942,1.2292983531951904,0.7765289753721875,0.13050617614128576,0.041305248677685064,0.05164521137393392,1002.3975719962464,2427.5947326692753,5.292715549468994,101,60000,4
0.24788654,6.3759804,10.007381,0.24612108,-0.9961117959991552,13.078204356584251,25.721365974976823,1.329170745232558,34.188087181497224,94383.73,0.0493810012360493,0.009690054692327976,0.023892510589226455,0.15430945222052012,0.6275754311116061,0.19419864275556523,5667.980931668264,3062.3144640576347,7.022893905639648,0.59016913,35.026073,40.90004,0.5899807,-0.7669151186797849,31.13425819582715,59.34921291383733,1.2728625815092423,75.54339236017664,534988.2,3.776978252928939,0.05549301207065582,0.03304270703683374,0.8433029508131036,0.08852733284069862,0.03511883192076074,1676.981823525229,2141.0050608554666,5.270079612731934,3.5704455,178.12538,354.19168,3.5701444,-3.73821888358562,512.6422441188373,49.8888386884762,5.236175067666815,261.22669329552383,19581054.0,83311.32520674955,2.014392375946045,0.1568640612457018,0.13700562932249824,0.31114224638384436,0.3948377045542268,6143.806537396099,4161.82496030352,7.439840316772461,8.700315,262.26044,421.7923,8.696892,-8.864683202472198,194.61888106761182,30.14378475715053,5.066714244355239,152.72994360785052,116268264.0,1115128.6487455058,10.211012840270996,0.9281046655077725,0.03319832692990061,0.016438343202399282,0.022250480479025465,433.16633733567784,1689.8860525860125,4.03496789932251,102,60600,4
0.26500374,6.871128,12.130928,0.26338813,-0.8229798078921521,10.579254831999654,25.928419205822056,1.3187771332502822,34.1938063500946,107868.64,0.05217507672576323,0.011100330390036106,0.02268590218229578,0.13991064937762002,0.6593648954438632,0.1780161095391405,5603.82069816507,2892.463740073135,7.04551887512207,0.5845044,7.474041,13.641357,0.5843163,-0.11520267939085622,0.6731757801475808,12.786970737429352,1.2618932908967133,16.1357925844823,524767.4,0.07857415102363323,0.05465862900018692,0.02588766204451805,0.8413647635794973,0.09578286356019157,0.03695763326698701,1733.044306993821,2172.1623387259533,5.262332439422607,0.76592815,99.012566,194.39984,0.76587236,-0.439663602217905,2773.4608150001227,129.2713496860837,1.7478839276395852,225.95131442087725,901088.2,954.4960993766354,0.092193104326725,0.022194662754551606,0.10979181948990285,0.34807295552561934,0.5198465744387848,7445.265999188802,3273.4551561374037,7.447399139404297,0.7355646,47.978592,66.10718,0.7354969,-0.0407292414931119,19.104456081862033,65.22689183755524,1.3055613535926158,85.15770919819353,831060.9,5.59265375960551,0.08622123301029205,0.02075237214877778,0.1837358666075957,0.24160173353292047,0.5538173612399472,7168.647022396173,3859.7818514560595,6.873414516448975,103,61200,4
0.23844524,6.757927,10.128593,0.23660941,-0.9885281558281883,12.972077518277075,28.341631051259206,1.3317270893781612,37.74331782828143,87331.016,0.04193379272416313,0.008961405605077744,0.024273853808401306,0.15313075358321881,0.644977736911406,0.17758949165342802,5639.334035474166,3071.015987072162,6.953132152557373,0.55356556,7.2912216,11.9298935,0.5533707,-0.11427167148046136,0.7721076078801841,13.171378644487,1.2653158122876873,16.665953668527873,470683.88,0.07250268467468873,0.04898557811975479,0.02781314465488819,0.8394729489223863,0.09967907631939142,0.03302800471069579,1714.2004158879677,2164.767280549697,5.24705696105957,0.4046573,26.490688,35.481167,0.40461117,-1.235180750186987,29.428299860564103,65.46450056199569,1.4354481330570528,93.97089511346132,251516.2,0.7890685043319448,0.026135092601180077,0.020674000586900464,0.10818672938573108,0.2818053639178588,0.5892786140004732,7880.053333940488,3352.5365411038706,7.153982162475586,0.6386939,75.0782,81.512924,0.63862103,-7.135249250159795,675.813697858264,117.54957721996776,1.4193918851940623,166.84891601427628,626580.3,112.46001616384213,0.06361448764801025,0.05153616684809652,0.23518655939904298,0.16459588282600207,0.5485407800534792,6824.873619070042,4245.629963713092,6.776716232299805,104,61800,4
0.25428197,7.4754715,11.002731,0.2526573,-0.7279621450001695,8.924656710877487,29.398354743460175,1.3120115056949142,38.57097967207209,99316.72,0.03731245072133271,0.010213100351393223,0.021752521465360383,0.14253153291991497,0.6416739457670658,0.19402211769453287,5710.091790771377,2950.0910822482433,7.033656597137451,0.59881204,7.3259354,11.810112,0.5986307,-0.09287598062355623,0.4695170291798689,12.234114930115233,1.2590800934107178,15.40373056903267,550772.5,0.06036892672309162,0.05722913146018982,0.022898144896649344,0.8520693608267754,0.08914684024296772,0.035878758088641834,1693.6531696826162,2125.8793797368266,5.188926696777344,0.97590107,115.594574,221.71555,0.9758525,-0.37468134428993993,1926.4905347275214,118.44907014950329,1.829742425317592,216.73128889218782,1462860.1,1747.390826356987,0.15168359875679016,0.019736386459704013,0.09818237751516566,0.38633330300785235,0.49561581457912973,7483.221791539584,3189.6094524987757,7.437951564788818,0.9017642,105.524635,198.8577,0.9016963,-1.1035275786089391,760.4402337892602,117.02020735797161,1.4579355089362966,170.60791557046448,1249042.4,502.84840058175496,0.1319200098514557,0.02694064962350534,0.16321511618195125,0.23906910333737147,0.5706320861513083,7416.819661997197,3778.424340529758,7.215557098388672,105,62400,4
0.24599458,7.396126,10.704422,0.24429323,-0.9347538397657177,11.922517503673513,30.0662141014479,1.3265927228496508,39.885620830782486,92948.48,0.04365863385620984,0.009555634111166,0.023482092452293355,0.1517358340019706,0.6379177222886853,0.1868406615059955,5653.546414888596,3021.112401576043,7.013114929199219,0.5980171,9.596825,14.12096,0.5978191,-0.09702979400371589,0.5947680281890877,16.047742952224432,1.2622447234934742,20.25617886545875,549311.2,0.07606800304852958,0.05722326785326004,0.022422737597645334,0.8561715134406926,0.08896876090692668,0.03243086244277425,1664.4094154112763,2082.862583151161,5.112171649932861,0.49921852,66.80508,122.39142,0.49917024,1.1104312373207061,658.5929850807426,133.81930648387254,1.3956577373717276,186.7659505043094,382800.56,40.90532677903702,0.04020228236913681,0.01701073858170068,0.09034136756313955,0.35458747160598675,0.5380160971455683,7516.228055494404,3014.3964283891237,7.209786415100098,0.70023346,114.78481,214.86462,0.7001678,-12.12762313353268,2504.987209766544,163.92363343152192,1.4492466530614199,237.5657771086395,753142.1,602.2501939791932,0.079188272356987,0.031965239940058135,0.22413642320765986,0.2524261252998898,0.4913794741796371,6692.479796729745,4005.1087780353514,7.1307220458984375,106,63000,4
0.24581845,7.5974464,10.747433,0.24403308,-0.8533109060729397,11.032026892818374,30.906737916791315,1.3206641637115477,40.817421184097235,92815.43,0.040282203851524735,0.009512844495475292,0.024178592831512486,0.14764330318794677,0.6438120958496396,0.18434309599495993,5652.486405279734,2999.532135514222,7.0065083503723145,0.59690005,9.305859,13.531208,0.5967147,-0.09298212658083171,0.5522361705293974,15.59031311256534,1.2622239840051355,19.678467128862692,547260.94,0.07010214355537542,0.05697036534547806,0.02392428436851391,0.8564564679877595,0.0882018288773552,0.03141074488533204,1647.8730042057866,2068.378251260822,5.05797815322876,0.51065475,17.156696,25.033188,0.51060694,-0.5555367284924384,7.891465305062402,33.597447990068865,1.3532297170259746,45.46506503648482,400540.06,0.5366203606683015,0.04167492687702179,0.013010833842241875,0.07492301015782638,0.3829181441127359,0.529106121827707,7608.782407910905,2802.9765381249445,7.08479118347168,0.67454064,15.073013,29.30603,0.674468,-0.22493153864037163,3.648459092297058,22.345597041704576,1.321516084851603,29.53006591626877,698887.8,0.7553390883903794,0.07281462848186493,0.02375907268697365,0.21067699790174488,0.21225463300999176,0.5531444035510189,7058.33596010373,4001.934513533799,6.8353590965271,107,63600,4
0.21527892,8.235168,12.380123,0.2130676,-2.16056799820806,37.57381914762313,38.25348214616507,1.4255680193876703,54.532940778043454,71185.945,0.08070331848124691,0.007271174807101488,0.02789143226181534,0.10552350122588679,0.5968742075970849,0.26964326434489805,6577.710442173583,3128.710833367766,6.891164779663086,0.32196018,9.815502,14.863682,0.32154223,-0.9262425671352438,11.920779183925807,30.48669601407372,1.3234250732927966,40.34685790700603,159219.25,0.12808943052487157,0.016571497544646263,0.07163398339749064,0.5451339280116553,0.26459709184505426,0.11860823130864262,3293.9198383710923,3462.6774497362026,6.491848945617676,0.547372,34.46684,44.435596,0.54722553,-26.207292161326507,1140.0769480411893,62.967853441178576,2.5793281383642417,162.41475619352425,460210.28,102.34448006523871,0.04847143217921257,0.5647640681925787,0.1435856481311313,0.16411117406935988,0.12751325735813562,2481.2035877740504,3582.379508439254,6.237087249755859,0.41542444,16.901493,27.860928,0.415113,-1.9182943289596939,34.21290971674732,40.6848793531508,1.4194446365026354,57.74993378472573,265078.97,1.0189624227426808,0.02758541889488697,0.08815506161846329,0.22349152172590572,0.29250161159019433,0.39564244209952953,5981.793718130673,3926.269776169006,7.206755638122559,108,64200,4
0.21206263,7.172966,11.906719,0.20980632,-2.3788939215854725,41.487276676375856,33.82475310360163,1.43542375277186,48.552854036782435,69074.78,0.08390183834046566,0.007043498568236828,0.028423370204266992,0.10274666168220369,0.6016520251498771,0.2671146341784001,6582.621039890971,3135.612024892038,6.879610061645508,0.30540222,8.849525,13.6042595,0.30493954,-1.1449147909007977,15.396537325255018,28.976624570853357,1.3361522976032436,38.717183497259086,143263.5,0.13394046853976835,0.014886396937072277,0.07734582270276609,0.509610459629332,0.28792196416179394,0.12509414014183434,3470.3186562169567,3530.652374927381,6.558014869689941,0.6412606,40.43293,49.184322,0.64107794,-26.363517484666506,1033.6256979913496,63.05225751223975,2.9999392124584507,189.15293974529092,631626.56,174.78396662999342,0.06420890986919403,0.6466547125708673,0.12143427648815154,0.13056608490376923,0.1013198258646871,1995.3028326632584,3332.3022512886214,5.915914535522461,0.40577725,14.646244,24.498844,0.40540412,-2.8283080504618066,55.93220063166829,36.094296075192204,1.4792258968081549,53.391617481616834,252910.33,1.5163961282315552,0.026165250688791275,0.11471862118584336,0.22093037823624032,0.315751776015346,0.348443430148161,5648.567247470209,3938.0818246193257,7.281479835510254,109,64800,4
0.21532191,8.396912,12.769604,0.21302374,-2.6125667299521265,46.749682925350996,38.99701377330512,1.4494995668459356,56.526154572953274,71214.38,0.10049202343604147,0.0072664557956159115,0.028278749781027436,0.10221143994961115,0.5912813500594044,0.2781620413347896,6624.788776363021,3151.96885887359,6.892563819885254,0.30378738,8.784676,13.821602,0.30331266,-1.2853969274325232,17.808472676089185,28.917184067694475,1.3460468622624957,38.923884879915306,141752.47,0.1516720617161001,0.014737476594746113,0.0762077432394514,0.49218670460875186,0.2942475612380909,0.1373278788247114,3616.6720860774403,3591.1192781593777,6.603116035461426,1.5976129,43.530655,55.950832,1.5974427,-14.568304316859493,239.2225689057332,27.24731132086437,4.635790849662012,126.31283649923427,3920435.5,1558.4337265316233,0.40857625007629395,0.864125677700951,0.07815281821170549,0.032057279767943,0.025657490869071875,627.8973874666899,1863.8612658880224,4.797940731048584,0.4765947,31.50177,43.078518,0.47637185,-6.910088284541924,214.7010292507836,66.09761063486921,1.6222245846560075,107.2251689591302,348890.84,11.077223311717212,0.036822039633989334,0.2578998690889732,0.1743734863005224,0.2598190916248494,0.307750182831348,4846.072776040476,4177.955645449472,7.0746283531188965,110,65400,4
0.21083482,8.534908,13.235283,0.20853394,-2.3988954644901637,44.24823061902394,40.48149377122532,1.4345921933889112,58.074434941197126,68277.23,0.08743095593402245,0.0069379922933876514,0.027153797005662218,0.09732390441724308,0.6041945133859312,0.2712654852462099,6655.476114676794,3117.3769321914215,6.838672637939453,0.29677594,8.664417,13.953114,0.2963044,-1.1771451747443664,16.677653851422956,29.195147531350248,1.3377949120155803,39.05711982311619,135284.66,0.12937480122840253,0.014030025340616703,0.07842702688688166,0.4944934241289804,0.29648776519041453,0.13056402000446796,3585.983804294355,3573.886452053859,6.573000907897949,0.26570806,10.460091,17.159176,0.26557454,-4.865992932649439,100.46788728880647,39.36685501253007,1.593416325814563,62.72778947317635,108442.79,0.5007790796966072,0.01123767625540495,0.043692033585686595,0.15899002664094272,0.4817374132936941,0.3155285482179845,6202.3519599207475,3372.37109718658,7.359025478363037,0.36302528,13.699055,26.329327,0.3628085,-1.945700459997505,36.829839162939855,37.73581497960192,1.410333027165973,53.22006617290365,202425.36,0.6396571934945359,0.021028777584433556,0.09627184472097314,0.24707659316724256,0.33178521663094906,0.3247295397905711,5535.194202826362,3851.0626703321022,7.176414489746094,111,66000,4
0.20917588,11.121368,15.12022,0.20689052,-2.4792019866670114,46.94589545079116,53.16754568932313,1.4360471301784066,76.3511014061468,67206.99,0.08987607239864982,0.006846562959253788,0.0272982152370792,0.09829476797738794,0.605007031866321,0.2693326722898009,6647.892501062127,3112.9288056678815,6.847315311431885,0.2944447,12.038231,16.625786,0.29398984,-1.222045205198448,18.008643844220266,40.884520884382034,1.339674462052219,54.771948522233224,133167.66,0.1353617729212229,0.013832702301442623,0.07524244161362491,0.4971409673175157,0.29717541886219667,0.1304115479926898,3593.284905441004,3574.002636984657,6.579404830932617,0.39545202,30.970478,40.27891,0.39531308,-25.126330718510403,1281.5947385742259,78.3166510513223,2.256972901687149,176.7585591741698,240203.2,31.341943269954605,0.02431594394147396,0.42793275554918825,0.1491028339311939,0.24910117358299994,0.17382226450607807,3444.1461985979895,3903.3239633930066,6.696331977844238,0.38252112,19.126987,28.617954,0.3822945,-3.733556798628081,89.65171488098001,50.00243469567917,1.475006961163343,73.75393925143504,224751.23,1.9194654013020984,0.023352190852165222,0.1455072348338183,0.2345343169841735,0.3126254275970543,0.3071846610156376,5249.852293782006,3964.2941352015764,7.217230796813965,112,66600,4
0.20723984,7.3957443,12.494087,0.20502675,-2.1038706532262497,36.15343603392586,35.686885543949984,1.4225903289008868,50.76781824366108,65968.664,0.06668720914781999,0.006730010267347097,0.025805114073666112,0.09653205165225429,0.6119428998203479,0.2656511079593929,6654.853224774649,3087.1918989053684,6.838693141937256,0.2898593,7.6389313,13.327694,0.28940588,-1.0774413755943677,14.343178922129809,26.353928989066464,1.3341105305846166,35.159054186714066,129052.27,0.10124983907937601,0.013403557240962982,0.07322102930534684,0.49325790229199973,0.30303516683444215,0.1304561366109914,3631.624030426433,3569.8555961737443,6.61215877532959,0.35930225,29.64983,36.354828,0.35919654,-22.05173333236955,1165.3772333915233,82.52057885959687,1.9873866492921302,164.00029671787763,198294.69,19.422551830643965,0.021176181733608246,0.38807402770437943,0.1271962373353102,0.2769325876939218,0.20775752149011575,3933.7083877913037,4037.4825600102185,6.7856340408325195,0.41902,29.983616,38.548183,0.41883624,-5.428466214321655,199.45829657610096,71.55652732867712,1.4753846998117879,105.57340559264624,269687.44,6.148810431006017,0.028665393590927124,0.18693690927048726,0.18538222460524512,0.2663995969657058,0.3609909110016907,5475.1784535031775,4175.048551343739,7.149952411651611,113,67200,4
0.24189417,7.6429367,11.532593,0.24007253,-1.100861303811315,14.843781845616917,31.596200463325758,1.3409506638577045,42.368945986852935,89875.64,0.050821347165969456,0.009213605895638466,0.025108292104630406,0.15575171376473212,0.6337812544988203,0.1853304810031991,5662.078344832749,3100.250243863579,6.9867095947265625,0.6497744,63.397408,67.35535,0.64959896,-16.045249122619065,1153.2708605738894,97.5683409614048,1.4400979933005553,140.50797202839965,648509.5,205.58036518138059,0.06989134103059769,0.24363282869923716,0.6592717333030632,0.07118614532974028,0.02590349615133815,1348.8229216843993,1993.434947814086,5.573226451873779,1.9958044,84.87596,151.07983,1.9957949,-17.221422687013142,514.5569011257576,42.52719358072979,3.829994179058494,162.87890386597044,6118249.0,8164.043978263493,0.6242311000823975,0.7986503209234728,0.11124814520562039,0.029573422398418755,0.06051958944347434,1006.3566461274646,2594.7028367381963,4.993326663970947,10.186493,278.42578,402.27496,10.183411,-11.203383043402745,184.81705638887172,27.33284001066267,4.68447828919793,128.04009561208238,159382480.0,1989943.7464838095,16.149147033691406,0.9574201788537327,0.02153258810821518,0.0085289017039364,0.012515162709269454,252.82182558429682,1259.641333061623,3.504568576812744,114,67800,4
0.25403646,7.7980995,11.563778,0.25219092,-1.3153137000039263,18.92477232860332,30.69677332907988,1.3496918400726827,41.43118447898296,99125.016,0.07881608297311508,0.010156515054404736,0.02510285544398992,0.15294412896602647,0.6205839726681921,0.2013419864594445,5704.266607706113,3075.6001685929323,7.0569915771484375,0.5813983,7.900715,12.757778,0.58118176,-0.15852002107926355,1.062540401214024,13.589160411674303,1.2670546842959691,17.21820935529088,519204.78,0.12140609974031723,0.05405586585402489,0.027209245938526635,0.8376625743762671,0.09633695877244708,0.038783015635327336,1749.6071794264578,2223.5131897144693,5.229417324066162,1.5844163,168.18399,297.36786,1.584294,-2.099413997965473,1367.7235462666815,106.14886607496832,3.273385390995597,347.46614748076877,3855935.5,8619.369478890221,0.3992615342140198,0.030864689683294953,0.13781819264794593,0.34722759448786417,0.4839004929004046,7201.090188172709,3603.402683779762,7.588508605957031,4.3789287,217.55075,369.14853,4.3781624,-7.124976149113812,291.1214371750147,49.68127310516165,4.171849728474008,207.26280571405903,29452826.0,107039.89307275484,3.0646653175354004,0.08391787920743095,0.15102922498571017,0.33170726811853185,0.43318073915171773,6642.729271887821,3921.251754220693,7.571510314941406,115,68400,4
0.2698045,8.359146,13.646889,0.2679883,-1.269946516512623,18.31426338724785,30.982233009282908,1.348827254681899,41.78968029398086,111812.305,0.09704792620831518,0.011489937081933022,0.022451010257564658,0.13967649614670458,0.6379822740796814,0.1998621894245432,5739.626609050981,2975.321566056569,7.095891952514648,0.58251834,9.013653,14.419079,0.5822774,-0.1680249683165516,1.280518221595056,15.47359489924527,1.2698923129280546,19.649799215948054,521207.25,0.1474430048893449,0.054273348301649094,0.026633281489500518,0.8244499872899514,0.10347123366989462,0.04543629556208522,1838.9797553235244,2330.7009772664514,5.321231842041016,1.2571014,138.27344,259.38196,1.2570117,-8.335588568380672,2161.444526656276,109.99386022108526,2.358245757271162,259.3925541924579,2427346.8,5397.906492064938,0.24412672221660614,0.03099390097397026,0.14446730273338348,0.36879761280200163,0.4555828588120543,6984.172071444615,3500.934481252519,7.561032772064209,0.9364987,97.77222,178.79657,0.93639517,-5.592455488357692,824.262239601025,104.40187117462864,1.4942127201446802,155.9986039162029,1347117.8,634.007102434121,0.14061887562274933,0.029674911778423466,0.1555868330190372,0.25479952203819045,0.559799626414923,7356.080669181185,3764.8032123654643,7.21381950378418,116,69000,4
0.24666403,6.847191,10.752201,0.24490634,-0.6247849291317737,7.829508641882864,27.759178312087,1.3063377969690508,36.262863842029795,93455.07,0.028983966242502553,0.009595809504389763,0.02143665533906915,0.15654424081940077,0.6542933987657166,0.16770501099731022,5567.491636300379,2972.728628385336,7.00576639175415,0.6130468,9.192657,13.669682,0.61286986,-0.0632951757493644,0.337852603518209,14.99503316358635,1.259394935145771,18.88466881859432,577269.4,0.0477201565730093,0.06006721407175064,0.02084756920786644,0.8712269840721185,0.08030497848747832,0.027614390383665473,1584.1139428384201,1970.0040499766803,5.0426859855651855,1.2490004,174.80193,301.04837,1.2489628,-7.426630627924054,3062.9924628919143,139.9534551353584,2.6665878536594327,373.19818354191597,2396163.2,7454.118281860408,0.2585068941116333,0.025283946375252494,0.12046379823362345,0.35222730968043325,0.5018621055053809,7449.131185481882,3446.765018687464,7.511233329772949,1.1414949,224.39499,341.8576,1.1414632,-21.88532950866715,3695.641782520897,196.57993642752024,2.039404775250423,400.9060610690607,2001424.1,6274.595375730862,0.20911581814289093,0.06552814599294207,0.16785985702015246,0.2840694515441371,0.4824127580182189,6902.865289410099,4007.7608467024224,7.420248031616211,117,69600,4
0.24716151,6.6415787,10.260963,0.24537888,-0.8471796617782499,10.951827348976078,26.871411890168854,1.319770933588457,35.4641083572716,93832.414,0.040870498150049284,0.00962822139263153,0.0234902290736569,0.17700923532029658,0.6300146910459211,0.16946397174389327,5471.822685207938,3059.1308791999527,7.01167631149292,0.6495421,7.2634697,11.747074,0.6493592,-0.06496650635404036,0.32908235068560154,11.182446482242765,1.2588575392462202,14.07710706141035,648045.94,0.05857789930942174,0.06750369071960449,0.02125848643683784,0.8780522531842757,0.07583462359184238,0.02484904741772192,1539.0446297868932,1887.1586486301292,5.089461803436279,0.51182634,50.818348,85.23083,0.5117725,-0.047281820979871145,88.25266405629543,99.28826306565854,1.4117561664471272,140.17081763904184,402380.1,6.0564528477299255,0.04209394007921219,0.011684894122527423,0.07705807559014659,0.5044165647475737,0.4068073860831437,7259.432954779585,2819.7529582003444,6.988417625427246,0.71105146,115.74011,219.23608,0.71098495,-8.23721055136855,2374.163710922904,162.77318612112575,1.4796203220377926,240.84251406799632,776592.7,606.8967369508389,0.0817488431930542,0.030524663183048185,0.25132291828892034,0.24477720580108558,0.47321006723357684,6580.317052299254,4107.895490664259,7.1134467124938965,118,70200,4
0.2382303,6.560707,10.920143,0.23650035,-0.7346978500353714,9.394200444928295,27.539347478346297,1.314398139504535,36.19766708885923,87173.65,0.030258530617931014,0.008952425792813301,0.025219961435271297,0.15848133706987227,0.6460616145138655,0.17021802333659672,5567.857887149535,3026.906164478356,6.97257137298584,0.61028934,7.6455116,12.188053,0.6101322,-0.06784104362929341,0.3247570870168941,12.52768348645993,1.2577171702628762,15.756282624565163,572087.94,0.045050722495551004,0.0596165731549263,0.02386603630908324,0.8688644934786655,0.08093716182413205,0.02632744801589912,1565.1366097210182,1948.4715839217865,4.98034143447876,0.46897632,39.41021,58.232594,0.4689373,-1.301635161751435,73.85523442403714,84.03454091984018,1.3696226291397193,115.09560887342626,337826.0,3.572604447096598,0.035140398889780045,0.014953611902621755,0.0862855866377069,0.41221136084977933,0.48651834439434466,7551.864545917999,3021.224366762563,7.1722307205200195,0.6220659,32.27997,43.278408,0.62199205,-0.1140587622204516,8.175196835273109,51.89155710115345,1.3166531320041122,68.32318118191374,594379.8,1.2241758380229693,0.06196029856801033,0.028295392993229546,0.2584430237409529,0.19648517908256308,0.5166905247951147,6669.1377203286875,4163.304579638563,6.807362079620361,119,70800,4
0.19675063,7.4759483,11.036968,0.19459835,-1.1641692610125294,17.980480303447543,37.99707521600935,1.3581984200063233,51.607567523507626,59459.797,0.026944230162452263,0.006061985157430172,0.02695840595901243,0.09410174814667721,0.6324090985492803,0.24647962811152982,6596.377046837783,3055.9003210635724,6.721490859985352,0.31435496,7.58543,11.171913,0.31405404,-0.41246172585596913,4.299566076498265,24.13014331995674,1.2870378064180827,31.05640672716987,151786.03,0.04198613280316784,0.015791773796081543,0.07537939612249227,0.5989071428461777,0.2394516122716771,0.08624633822611374,2866.556822446776,3246.1612370780563,6.2572021484375,0.23844872,10.729408,15.075874,0.23839436,-2.637459558207772,45.83901085942405,44.99671072819857,1.427724092216478,64.24288797741418,87333.57,0.1481887551284873,0.009109263308346272,0.04251065228364292,0.17073203271779736,0.47488149720218703,0.3118129470508163,6195.458706405649,3427.875710112478,7.301906585693359,0.3623196,10.190582,15.128136,0.3621978,-0.7080834471298489,8.871498635584334,28.125949008215905,1.3310607086567947,37.43734561862406,201639.14,0.15288477857280264,0.021016130223870277,0.09790250757558498,0.24548234241493141,0.26731437852431017,0.3890532962429529,5827.971499297009,4019.148394677451,6.9862494468688965,120,71400,4
0.21262078,6.915474,11.330986,0.21036458,-1.8861478893934194,31.251353512166382,32.52492038699546,1.4081401443244717,45.799646088101156,69438.87,0.06386922680634252,0.0070717791095376015,0.026892499467768397,0.09962838777430062,0.6061774479554081,0.2672510112202118,6609.5791570028705,3115.725513939673,6.843445777893066,0.3150995,7.096958,11.885071,0.31471345,-0.8206721477384824,9.869375397595203,22.522910984858513,1.3164606246548942,29.65052546426751,152505.9,0.09729276954980656,0.015847787261009216,0.07333061948129091,0.5396419766153424,0.27134325219932404,0.11566305438624312,3293.1958617287523,3466.336392303137,6.4626007080078125,0.26435757,9.88121,15.618801,0.26422626,-3.752749947706916,66.45188830414253,37.37820121992073,1.5206072302386648,56.83756302854214,107343.25,0.3245445422607909,0.011165672913193703,0.040208638295513514,0.17164353095663953,0.47989069188006733,0.3082056751509975,6118.782397816434,3369.1527597069166,7.333245277404785,0.36877364,10.689163,18.104362,0.36858398,-1.4303660636175608,21.18103562770951,28.98570307548555,1.368761505443533,39.674514578048424,208886.78,0.3917298508288496,0.02170734666287899,0.09283888646628106,0.24907298264355812,0.31340106603620255,0.3444998014693311,5621.589945695221,3902.7713611406284,7.126877784729004,121,72000,4
0.20604111,6.586361,10.714912,0.20378017,-1.7652128535220282,28.288535652722377,31.966246202524577,1.4027013839057072,44.83909778676941,65207.723,0.05098307333865609,0.0066471705213189125,0.028001501254308656,0.0963696759644551,0.6117185030768685,0.26385136906184187,6634.73080519509,3097.3734613199313,6.806512832641602,0.30351081,7.387352,12.007809,0.30313802,-0.7970714638791228,9.738024254074604,24.33966642022284,1.3139056140613818,31.980024354017456,141494.48,0.08263566663224314,0.014714130200445652,0.07883443864926332,0.5328688323086599,0.2735543123357801,0.11471901352056638,3313.3069864477047,3478.827313293309,6.447874546051025,0.25437105,9.991169,16.267014,0.25424874,-3.7474081543778315,68.31423300440017,39.277933132880776,1.5191012123760346,59.667155842018566,99386.305,0.28601045378986906,0.010337295942008495,0.04412084205949515,0.16802541840697172,0.4793513487921037,0.30845134144800185,6154.797085214176,3398.398131729128,7.329495906829834,0.35676894,11.666679,18.388271,0.35658765,-1.310369362862999,19.281570382621524,32.70093948130779,1.3640486765819817,44.6056732225904,195508.31,0.3123852606801593,0.020336909219622612,0.10643442954626693,0.24045920172251295,0.307081050643451,0.34583719342757546,5623.679602018039,3945.089942144119,7.100645065307617,122,72600,4
0.20388903,6.5008163,11.02972,0.20161484,-1.8109946379931503,29.031162585842466,31.884091229676546,1.4065223976805297,44.84568844444936,63852.65,0.050169508152945595,0.00649695610627532,0.026659792760530616,0.09813808049130142,0.612387361900601,0.2627538263171104,6643.357689707922,3095.7176978202574,6.804137229919434,0.29819557,7.1938515,12.068367,0.29781285,-0.8249885091924308,10.074261025432898,24.12460873868547,1.3175441871063656,31.78523800997706,136582.05,0.07965590066283298,0.014192134141921997,0.07725163084361669,0.5298565072945303,0.2782405217365984,0.11462635430799036,3350.4046726241036,3484.449885476211,6.496609687805176,0.24849698,9.330654,14.780617,0.24837627,-4.132611624064991,77.06275374879077,37.54836040245498,1.55954919536538,58.55851525317362,94849.16,0.2938522231044534,0.009860185906291008,0.04612369553074421,0.18106597869158841,0.48516844809250165,0.287589940327642,6002.415966428458,3415.8556554564925,7.330734729766846,0.3283914,9.572792,16.154194,0.32818016,-1.7396472809064416,27.106502897484578,29.150556217102523,1.3869878883494782,40.4314684118949,165643.64,0.31523948384987194,0.01719747856259346,0.11234199853215981,0.2680520568519423,0.35599352243927024,0.26350361198819655,5106.21577943077,3796.05505422368,7.112590789794922,123,73200,4
0.2016137,6.496525,9.687424,0.1993607,-1.633712982863597,25.183056169268227,32.222636607821244,1.390951764115743,44.820133234331784,62435.45,0.04160912139854092,0.006347273476421833,0.025945751656176002,0.09285365255084368,0.6246017618404469,0.2565358508123589,6664.042426051365,3065.6780505259067,6.749301910400391,0.294018,6.9904327,10.478592,0.2936236,-0.7820455021171496,9.126119596160779,23.77552643230186,1.313765840868057,31.235474475520004,132781.95,0.06819960105772911,0.01376180537045002,0.074350108740667,0.5318715516944739,0.28280369955200474,0.11095107231386023,3348.47902511903,3470.8923098304977,6.483154773712158,0.24261872,9.063816,14.920235,0.24250808,-3.799860189960448,69.33653517666683,37.35827101385197,1.5122028578748516,56.493284192643024,90414.87,0.2402477881507607,0.009382027201354504,0.04456471876037264,0.17409216908221214,0.49499125207216754,0.2863026392220059,6054.238026505446,3376.2489479879573,7.310748100280762,0.331014,9.090614,14.260483,0.33081594,-1.4856791643501681,21.51913311133517,27.462929415428192,1.367366186430585,37.55188106309983,168299.95,0.2583510671603187,0.017492257058620453,0.1096858666625826,0.26882812461859296,0.35076235606152456,0.2705959982739719,5150.767777958654,3804.965322659476,7.097311973571777,124,73800,4
0.19965799,6.5327644,10.695171,0.19753194,-1.2102298342974118,17.51333672058525,32.719774374014264,1.3641686676141127,44.63529101265699,61230.05,0.02783015913550025,0.006242924369871616,0.023670605015625,0.0846575464535543,0.6344631716339173,0.257154491582249,6681.795319239838,3013.185254361898,6.755497455596924,0.29046637,7.717228,12.868118,0.2901055,-0.5899557935088238,6.660669768318819,26.568404402995856,1.3015303651576002,34.57958508440504,129593.42,0.04741342413634495,0.01347162015736103,0.07363983111289478,0.5273649395165079,0.28268756493734803,0.11628574081396646,3364.63959393807,3474.300665491305,6.481973648071289,0.27915704,9.070206,15.585899,0.27909487,-1.9253885563325344,30.23252324074918,32.491409162048996,1.4112213034931993,45.852568790161904,119698.4,0.18359833981665655,0.012467294000089169,0.03193026935897841,0.12423150143681207,0.45386651852256327,0.3899148816176507,6794.7046370707485,3309.490742540358,7.3556342124938965,0.42700815,11.519814,18.309116,0.426877,-0.6411090819272586,8.52673565545048,26.977970990477314,1.3376943414747724,36.088279138516576,280068.06,0.28348328983457816,0.029181499034166336,0.06479941561171416,0.15257042357732878,0.25874354633382785,0.5234490701051987,7003.811529845944,3850.1239003856767,7.092987537384033,125,74400,4
0.23734692,6.3825607,9.875488,0.2355737,-0.79989824196346,9.926924362542563,26.891272910209487,1.3199217663584286,35.49437643941982,86528.34,0.03150279558040435,0.008868458680808544,0.025561566904636627,0.1653417691821961,0.6409872054061535,0.16808911006685953,5542.072202231058,3078.627762206364,6.935929298400879,0.59669083,7.929039,11.954689,0.59652835,-0.07387558241455067,0.39448949347074347,13.288353960510998,1.2580946838719977,16.718007475156313,546877.4,0.05000724233398005,0.05688691511750221,0.028363652072309925,0.8639162592473834,0.0819728721409594,0.0257426406951648,1569.3264856596172,1967.462474431143,5.104249000549316,0.52902174,126.20383,251.5583,0.52898926,-12.399169426401192,10879.89401307755,238.5607572831852,1.808058607455467,431.3318306077728,429871.06,852.1552873530062,0.044985316693782806,0.023188583615742497,0.10188849812793986,0.3070831194664544,0.5676962920474212,7735.946882671047,3378.0006647539403,7.33672571182251,0.71814597,85.24237,135.64139,0.7180802,-1.671340020106434,179.81937183345966,118.69783383627397,1.4153003391127805,167.99308448066495,792166.94,47.82856804758912,0.08270376175642014,0.03703717175086616,0.19299871417783665,0.14447624485301436,0.6254386476123106,7529.561584853931,4087.1300182929176,6.468344688415527,126,75000,4
0.24679284,6.2267303,9.272671,0.24512026,-0.5591904896368121,6.395911249997981,25.230595821522307,1.3061383424074358,32.95464860440865,93552.695,0.023726443137216762,0.009611887857317924,0.021996050272373554,0.15810740437508064,0.6360381470104854,0.18384054120071114,5566.57960724194,2990.3985987024384,6.982105731964111,0.60924,8.297062,12.220955,0.6090783,-0.06389830688614206,0.33372836060111144,13.618708524907472,1.2596505966779896,17.15481431941148,570122.25,0.04597764682721181,0.05935535952448845,0.02486301026884288,0.8673480832157325,0.0798165992092412,0.027967437312194542,1579.820022593431,1962.3817293429454,5.091561794281006,0.5233661,61.5283,118.55755,0.5233211,-2.1332237274410533,433.36605917913374,117.5626430277326,1.4224828445451527,167.23084286665497,420728.88,32.51451110609724,0.04370824247598648,0.015417620044304813,0.08293236838761982,0.21063637010908848,0.6909740623639625,8120.787375150673,3010.404887142405,7.016839981079102,0.82893974,93.93215,172.28156,0.82888025,-0.01254712954486262,669.2414221901302,113.31602012483219,1.4433401366463658,163.55355997139495,1055448.6,315.99095176660995,0.10875874757766724,0.022150233137970984,0.16100622222293398,0.18480918662338178,0.6319477669590472,7740.315477369664,3810.548664557484,6.789673805236816,127,75600,4
0.2728188,6.552887,10.103416,0.27125415,-0.5238536039692578,5.72589252916246,24.01919102312733,1.3030014946846422,31.297041804365566,114324.625,0.03172052698767563,0.011779950931668282,0.018711656900908327,0.13022688194434479,0.6480954531586366,0.20294621327107687,5719.640276731981,2837.7333611831195,7.008498668670654,0.6172464,7.6298714,11.7547035,0.61708015,-0.07432161272943409,0.395710270328812,12.361143782384909,1.2599789169559414,15.574780555291238,585205.44,0.05743961957667737,0.061006177216768265,0.025182654700571034,0.8539352271669254,0.08371623098989246,0.037158664382339814,1666.1305288342396,2101.780523782771,5.142543792724609,1.7744353,149.47472,255.6695,1.7743462,-6.441019694374668,1055.8657205796922,84.23790809587862,2.6262559038724187,221.23030346678814,4836281.0,10467.65371084808,0.500329852104187,0.027976163689455175,0.13616823494262018,0.34802499767029926,0.48765353266502026,7205.741851465917,3501.97704132024,7.570313453674316,2.292292,135.7443,271.1339,2.2922878,-9.184365320467622,728.3913459532143,59.21771145248842,2.5484611966811035,150.91403979299076,8071070.0,20111.507335304457,0.8458236455917358,0.051575497411388296,0.14279147674571996,0.32207897838568217,0.4833578872042095,7047.2161606829095,3765.727550255596,7.531533718109131,128,76200,4
0.25866568,7.3500633,11.053562,0.25689667,-0.8928794672666819,11.32427722834615,28.41530155368777,1.322826878737813,37.588524662803835,102770.58,0.05069507133170631,0.010559195652604103,0.02277871245214406,0.15674343017694695,0.6312300832452556,0.1892240371672603,5579.562393190543,3043.1313970407655,6.993879318237305,0.64100665,9.509468,13.332939,0.6408267,-0.09235049051708133,0.564481962394817,14.835209744314637,1.2626282111014204,18.731354340807574,631126.3,0.09530160288973213,0.06563359498977661,0.02213590502931812,0.8633848598014572,0.08272517360149452,0.03174730014917815,1613.9624551318748,2028.7776500357409,5.097105979919434,2.0013945,174.89815,333.5476,2.0013928,-10.69475867677578,1353.988880304162,87.38814196077644,3.605002710362189,315.0344886222722,6152570.5,21724.306152095953,0.6212556958198547,0.14140334767294832,0.11996417325954233,0.2924354076258413,0.4460205617581945,6516.4528603083345,4121.993490630613,7.463867664337158,2.6620302,203.12576,291.3866,2.662028,-33.01015690140839,1526.1139136009162,76.30482982907498,3.19063797605174,243.4610878089037,10884717.0,76637.06735409943,1.0722886323928833,0.792497928572762,0.041186826494520955,0.04706645165664705,0.11922025314249267,1602.895288039662,3439.166254139678,4.82735538482666,129,76800,4
0.24250093,7.649708,11.782837,0.24067391,-0.9247956516919802,12.373376468153577,31.545065669803275,1.3262362063583206,41.83620822341651,90327.09,0.04278995877471754,0.009270117618143559,0.024116557996910804,0.15580909353451333,0.6494778379990088,0.17057397323158177,5587.834801075196,3039.1394368874403,6.976302146911621,0.5875163,8.045006,13.075066,0.58732533,-0.09280979357612029,0.609002459580199,13.693246793487992,1.262779898624002,17.291556797743638,530189.4,0.07256024665055665,0.05513900890946388,0.025914039272524596,0.8526429328689893,0.09167180136126149,0.0297648271105213,1645.7107483021152,2073.8958126154807,5.153707504272461,0.5268709,41.2611,71.72718,0.5268255,-0.6491144347861223,41.317201211540116,78.31349249206833,1.469059216808615,115.04715794616361,426382.75,3.1838145685407704,0.044339604675769806,0.011915944321351863,0.06689467819657736,0.17492170855006653,0.7462348943172336,8968.488377642945,2999.757893621499,6.7118072509765625,0.8660569,54.12712,74.248314,0.866,-0.2487559731317779,18.628401690508557,62.49834136536536,1.4545200462137793,90.90509037114074,1152083.9,10.480001312542713,0.1197381392121315,0.014547784722852166,0.12223098732949746,0.11668123277504586,0.746471046160767,8537.280885891814,3516.0260067223253,6.261436462402344,130,77400,4
0.26879397,6.8691254,11.589813,0.26721674,-0.4510468153415774,5.384464193431665,25.555355119505506,1.2975295342616586,33.15882802622663,110976.305,0.028107394058675357,0.01142062433063984,0.019237316742889927,0.13703611538805394,0.6711966399913583,0.172511021527932,5626.217709378372,2833.7156213311823,7.025097846984863,0.64676446,8.486271,12.393188,0.64660025,-0.053004349649575455,0.27648971968009484,13.12111512888092,1.2593359478883772,16.523891958207326,642515.3,0.048379744402455474,0.06696272641420364,0.024608439029694527,0.8674775259297763,0.07751219459839283,0.03039527581613085,1577.7897560921283,1996.593714721922,5.066396236419678,1.2900896,130.4245,250.34409,1.2900153,-3.605180435562325,1314.8059386481027,101.09724067211923,1.9094986656752775,193.04504616701368,2556412.8,3642.0102486359265,0.2694990336894989,0.01834874816520259,0.09948141423161232,0.3729723151453165,0.5090760284832618,7558.738936333312,3261.882358869383,7.456993103027344,1.507388,143.79005,274.28284,1.5073521,-7.04587848159238,876.7688701687126,95.39020791559464,1.782405589626666,170.02403978451852,3490127.8,4526.737711092414,0.36296892166137695,0.033140243797210596,0.14372645168582093,0.2534849533821795,0.5694784048481357,7553.345156651374,3739.023744049743,7.335984706878662,131,78000,4
0.19193348,7.327652,10.8270645,0.18957245,-1.19386412334443,18.088463912272392,38.17808058991766,1.3500264860225024,51.54141998215899,56583.88,0.024547352812239753,0.005749697797000408,0.028878495250084908,0.10741785179800235,0.5919610326082706,0.2716805270474802,6554.656493643327,3191.123893236454,6.7994842529296875,0.33673197,8.592033,12.4305725,0.3364113,-0.3122371268743793,3.0794283320159472,25.515941887815472,1.2793800467006606,32.64458692414165,174164.62,0.039592006056657233,0.018114443868398666,0.07444502215397619,0.6557133805109581,0.18995360775036554,0.07987219923265908,2514.5701032704915,3080.842611771002,6.1245012283325195,0.3583531,27.187443,38.243008,0.3582526,-20.47647945067386,1065.1959443922362,75.86774653213291,1.884681814798456,142.98656221924853,197248.44,17.566053733810897,0.020175132900476456,0.3034077087646418,0.22402935822208395,0.27032021681461,0.2022030169105317,3915.4759718710616,3912.8705570304323,7.00467586517334,0.39729834,12.908554,19.40384,0.39714712,-0.6627507998185483,8.854082054305726,32.49083347827563,1.3300396084999024,43.21409543939001,242451.4,0.2206025493657882,0.025210874155163765,0.09363534573180021,0.24837940343980083,0.2274625719849621,0.4303084192386604,5958.768485560159,4086.7277187239656,6.950873374938965,132,78600,4
0.1864994,6.557369,9.052372,0.18412195,-1.1684495988258041,16.84070966245613,35.16026949356906,1.3509602296707548,47.50012575057239,53425.19,0.020373711980906515,0.005422201938927174,0.02761338047375971,0.09379032623404548,0.5934015452238586,0.28513112655327166,6733.344839199858,3153.176799894976,6.77302885055542,0.29465505,6.0382843,9.602833,0.29423624,-0.4322930702719166,4.303946795162797,20.492722602973263,1.2884607565424997,26.40406886873212,133357.98,0.03244310986684518,0.013840420171618462,0.08690557146187809,0.5777835302876966,0.23114606797666548,0.10414385252821347,2953.726059998602,3378.933328721992,6.248530387878418,0.23449413,7.3750496,12.41684,0.23442414,-2.3961441223327484,37.37660814950598,31.450891502401202,1.41092981776243,44.375000616138124,84460.8,0.11301284956496048,0.008790183812379837,0.037159377741209663,0.16688665477842263,0.46027600258707124,0.3356206854009,6314.7860620362835,3435.9279531763423,7.319631576538086,0.36428842,9.522629,15.248108,0.36414903,-0.6370741623824071,7.372983469017774,26.140355484298464,1.3210938645750716,34.53386324821282,203836.52,0.1298448479504076,0.02121289074420929,0.09892005669422052,0.20886075476001836,0.22938705548265254,0.46256786618526596,6289.735194650001,4075.170341417183,6.932776927947998,133,79200,4
0.18322754,6.012726,8.472538,0.18091938,-0.9092284125291044,12.083367084365621,32.81562291787553,1.339468619647736,43.95549713292724,51567.1,0.013619180121040091,0.0052415793761610985,0.026218933688109052,0.09224451380881855,0.6030745615978338,0.2783963130562952,6730.850915742338,3126.6297597342664,6.748432159423828,0.28567886,6.5324783,9.563541,0.28529713,-0.3619069056111544,3.5141856765900252,22.866509100054824,1.2834729985091566,29.34854700018701,125356.66,0.023406535800531585,0.013037119060754776,0.08180703289010682,0.5758673428854282,0.23843879699567655,0.10386671785466113,2990.578989581883,3382.1608935355193,6.251002311706543,0.25200105,8.17976,11.764145,0.25195277,-1.5469831827577345,21.537103931576432,32.459230119202985,1.3784069543051456,44.74202852787797,97542.945,0.08685537214534954,0.010187987238168716,0.028661858359190447,0.14795955724287307,0.4486037822200092,0.3747112694924063,6625.307028141507,3318.323688243583,7.314431190490723,0.40835553,8.538818,13.406277,0.4082396,-0.351626566684228,4.211074269799852,20.91025502730292,1.3236086141647867,27.67699367858846,256134.5,0.11709724660950285,0.026760336011648178,0.07063735056825116,0.160826861366347,0.19293869370468766,0.5752478309916572,7167.98052846577,3931.8116669253886,6.918440341949463,134,79800,4
0.19593434,6.856537,10.246086,0.19361287,-1.3799661044332416,21.511790776306558,34.99405388906912,1.3706593344754703,47.96492661443503,58967.445,0.031704346206544866,0.005998989567160606,0.026552207147752475,0.0921444108130264,0.6197312028744475,0.26150369342763824,6663.603471581893,3073.0105225342736,6.782773971557617,0.29478538,7.2529793,10.627556,0.2943668,-0.6019362097851284,6.9066865872579,24.60427063783514,1.3017724643848305,32.02916202271463,133475.98,0.05215470748409122,0.0138682397082448,0.08413541946362443,0.5426888646903485,0.2648222818174263,0.10832886359615002,3187.8964525291954,3442.2398934748226,6.354649543762207,0.25796986,9.384918,13.594055,0.25789213,-2.5525701246890176,41.17520078497574,36.37990247711414,1.4246922648848306,51.83016565660992,102218.42,0.18235243727764816,0.010639296844601631,0.03570317487854488,0.14610836810498845,0.45373760769022187,0.3643918717834848,6561.78830723103,3382.521683530625,7.347958087921143,0.4005962,9.045124,13.63821,0.40045092,-0.6531350566607224,7.774855523685195,22.579155822930744,1.3285723887176644,29.998042986974344,246493.17,0.20022561437384043,0.025675738230347633,0.0787935731237281,0.17711349011106509,0.22684903837520579,0.5168269099777767,6832.387970503517,4000.1536402844567,7.005792617797852,135,80400,4
0.18992455,4.8345566,7.204056,0.18763965,-1.0232408882964952,13.075793115483144,25.455142593545794,1.3512214892278938,34.39553568394044,55405.57,0.017013454056985223,0.0056368401274085045,0.02535988523569309,0.08651018455928627,0.6306291305084563,0.25743678941245696,6693.222881249615,3034.3252325773074,6.738430976867676,0.2870731,6.6265106,9.490585,0.28669244,-0.4345051558802704,4.239222205455166,23.083007399291,1.2927376823768073,29.840273487750085,126583.26,0.028790964338392823,0.013150179758667946,0.08149318783411165,0.5505690621425757,0.2628408151190452,0.10507299697824862,3147.717218315016,3421.2736560992294,6.311318874359131,0.24970025,7.494831,11.2464905,0.2496518,-1.9738046952699182,27.66224437698496,30.01531291201853,1.3906933731459161,41.74209675981239,95769.93,0.10753833550923982,0.009978778660297394,0.03318133674253785,0.14009848866947278,0.4561345176866764,0.37053048108438497,6645.414389858092,3350.3431505538115,7.329325199127197,0.39956355,8.742142,13.05542,0.39945036,-0.4575326255686191,5.016911800855361,21.87922722892374,1.321259630208087,28.908139677798836,245223.97,0.12787331451182007,0.0254974402487278,0.07677964024976702,0.1646560620072974,0.21770590540312784,0.5404351458794705,7011.12570843516,3969.0678784639567,6.9849700927734375,136,81000,4
0.19206832,6.036377,9.049702,0.18981802,-1.1945141886645745,17.48558537440751,31.428279496142157,1.3592289943739793,42.71822873466807,56663.406,0.02379595605739114,0.005770155228674412,0.02483562779917173,0.08687502792790476,0.6312978186691337,0.25693380858948767,6694.573907193487,3028.5151727434936,6.7498931884765625,0.28538334,6.865692,10.144329,0.28499958,-0.5537041636993337,6.15647191552239,24.057788551062355,1.2969533391368975,31.201829193659073,125097.46,0.04083630049478137,0.012996396981179714,0.0807104826063722,0.5365589197549853,0.2721471324122233,0.11056064142068119,3257.361602574911,3460.201971719819,6.384520530700684,0.25899264,9.350014,13.558865,0.2589475,-2.095151637766921,32.43168204669447,36.10146471630302,1.392910803126223,50.28612021221279,103030.56,0.14592146407420636,0.010724116116762161,0.03217665549092696,0.13378352992934314,0.4374863871997032,0.39649873742843317,6787.174857731325,3348.4046561572595,7.343613624572754,0.40848634,8.5401535,13.135338,0.40836847,-0.5113226006837687,5.941187911654522,20.906827820008562,1.3195979819144932,27.588607799584622,256298.64,0.1654182515265956,0.026645880192518234,0.07505588973894363,0.16042709891146484,0.22171836812096846,0.5422597120128274,7047.504139877262,3951.619527298713,7.005052089691162,137,81600,4
