ch1_rms,ch1_peak,ch1_p2p,ch1_std,ch1_skewness,ch1_kurtosis,ch1_crest_f,ch1_shape_f,ch1_impulse_f,ch1_energy,ch1_kurt_rms,ch1_total_power,ch1_low_band,ch1_mid_band,ch1_high_band,ch1_bhigh_band,ch1_mean_freq,ch1_freq_std,ch1_spectral_entropy,ch2_rms,ch2_peak,ch2_p2p,ch2_std,ch2_skewness,ch2_kurtosis,ch2_crest_f,ch2_shape_f,ch2_impulse_f,ch2_energy,ch2_kurt_rms,ch2_total_power,ch2_low_band,ch2_mid_band,ch2_high_band,ch2_bhigh_band,ch2_mean_freq,ch2_freq_std,ch2_spectral_entropy,ch3_rms,ch3_peak,ch3_p2p,ch3_std,ch3_skewness,ch3_kurtosis,ch3_crest_f,ch3_shape_f,ch3_impulse_f,ch3_energy,ch3_kurt_rms,ch3_total_power,ch3_low_band,ch3_mid_band,ch3_high_band,ch3_bhigh_band,ch3_mean_freq,ch3_freq_std,ch3_spectral_entropy,ch4_rms,ch4_peak,ch4_p2p,ch4_std,ch4_skewness,ch4_kurtosis,ch4_crest_f,ch4_shape_f,ch4_impulse_f,ch4_energy,ch4_kurt_rms,ch4_total_power,ch4_low_band,ch4_mid_band,ch4_high_band,ch4_bhigh_band,ch4_mean_freq,ch4_freq_std,ch4_spectral_entropy,file_idx,time_sec,bearing_id
0.15052731,0.9567261,1.9044876,0.14936176,-0.009444075188913636,1.1134841270159086,6.355830399878898,1.3080441595638737,8.313706833795342,34803.41,0.0005716698284647664,0.0035693063400685787,0.004206865582106341,0.00514163632286728,0.8389305084246161,0.15170016683231857,7064.389399734635,2045.5503692896139,5.966656684875488,0.19604431,1.1429787,2.279663,0.19575377,-0.0026097044500926862,0.3330545114200394,5.830205746854778,1.2687342418431176,7.3969816680629155,59033.652,0.0004919628359500144,0.006128100678324699,0.04242317968097383,0.45005974918484043,0.4546532536198065,0.05285834622491432,3920.320304609523,3207.1996581481744,6.387151718139648,0.12516488,0.90789795,1.6874313,0.12514141,-0.010643380163498238,1.0966882309162687,7.253615706172516,1.3070700068137229,9.480983530566787,24063.355,0.00026916163076804654,0.002505567856132984,0.009094019009304934,0.05721812594892993,0.8216411310859174,0.1120385933190053,6599.688593867542,2149.022990322907,6.366364479064941,0.17066519,1.0206223,2.0404816,0.1706652,-0.00656847184525487,0.8312475419363765,5.9802602725345855,1.293216655883023,7.733772191002588,44738.465,0.0007051965265959617,0.004660013131797314,0.04889270478646529,0.2095001729287376,0.6812215218984186,0.060381603090456495,5282.379148641203,2834.6206472492295,6.566431999206543,1,0,1
0.15066566,0.97703934,1.8996239,0.14937635,-0.012391388082749252,1.1333665333198253,6.484817873083467,1.3081419960648635,8.483062596668812,34867.414,0.0005840196352482802,0.003571420907974243,0.002727493296446782,0.00517446129969614,0.8380327285970134,0.15404629043893842,7082.907369827329,2039.4760735470063,5.955685615539551,0.19876969,1.1962891,2.2761345,0.19850093,-0.004580531266213722,0.329538295707152,6.018468262853095,1.2682102608213939,7.632683205416604,60686.42,0.0005144065865252978,0.006302600726485252,0.0416585317249384,0.4637924858064432,0.44247392553098164,0.05207040670536953,3845.0459299400327,3202.5576528724787,6.383569240570068,0.12615693,0.8316994,1.6396523,0.1261459,-0.015798654500583813,1.091687186449244,6.592577963645475,1.3054300815742528,8.606149588934553,24446.314,0.00027653022555556905,0.002546805888414383,0.010102963614592134,0.06385496824830589,0.8129052674116656,0.11313230857925187,6564.129436031017,2197.752143830845,6.3839545249938965,0.17217861,1.043129,2.054119,0.1721783,-0.006638777372917067,0.814291159072797,6.058412019097096,1.291545491584605,7.824714729472284,45535.45,0.0007156431538981702,0.004744452424347401,0.05465706319243824,0.21251447932506246,0.6721026094917798,0.06072252299666465,5232.81311351979,2852.3312294704747,6.615906238555908,2,600,1
0.14839254,1.0100365,1.8917084,0.1471732,-0.009691984757003756,1.1425847279044596,6.806517677646102,1.3092601998827578,8.911502695200515,33823.25,0.0005540343946597977,0.0034691705368459225,0.0021133356659077587,0.005188241014898192,0.8398976398477385,0.152782598771233,7086.478833528147,2019.264952575876,5.965282440185547,0.20185612,1.1563301,2.2545815,0.2016234,0.0022252456515413003,0.3023667405130852,5.728486708738235,1.2676124147629804,7.2615008698372865,62585.69,0.0005019976859021552,0.0065074097365140915,0.04010484751099609,0.4891137506586711,0.4217979804935624,0.04897922158634721,3689.9339930091396,3182.622108203092,6.342225074768066,0.12521203,0.8559227,1.6132355,0.12519993,-0.011925541621213565,1.0835018214720886,6.8357865325176785,1.305509729236627,8.924185825257808,24081.486,0.00026632617579503646,0.002510978141799569,0.01036682017199527,0.06888797546792351,0.8096771411562634,0.11106387279111334,6528.143159357926,2216.8385800216583,6.40157413482666,0.17110246,1.1883736,2.2486687,0.17110245,-0.007636327720158832,0.8024152323235207,6.945391296552517,1.2908297345676039,8.965317603849428,44968.016,0.0006877399002883403,0.004688231740146875,0.05584134417691251,0.2166816349837647,0.6674760705897491,0.059997219119571885,5190.08313360406,2867.7137786539042,6.621513366699219,3,1200,1
0.150413,0.96588135,1.8713951,0.14920296,-0.008314394087959148,1.2000761357486391,6.421528096817575,1.3135787296358936,8.43518271979491,34750.574,0.0006142573598068257,0.003562228288501501,0.01646859954671314,0.037256888282570504,0.8236591491848385,0.12261200478608114,6638.258860430798,2258.2051497939265,6.183799743652344,0.36873347,1.9861221,3.8842201,0.36857006,-0.02119012036290844,0.2130745654223163,5.38633543262783,1.264047340668785,6.8085829795817245,208841.27,0.003938962375260888,0.0217240322381258,0.04576773379127968,0.7877120991052904,0.15298087729889323,0.013538279619690653,1875.638974813244,2128.2609489053625,5.267632961273193,0.14756863,1.2070656,2.4054527,0.14754887,-0.028007955757285704,1.1828818470678089,8.17968966071255,1.3059194973040862,10.68201620989355,33448.703,0.0005609414428693261,0.0034832903183996677,0.0305876589535691,0.14393108622797673,0.7141275846313866,0.11135096488138065,5760.141324997196,2614.4394165081685,6.700390815734863,0.2501423,1.9483566,3.3011436,0.25013986,-0.06261368792373953,0.57131413618333,7.788992829201128,1.2757898272764872,9.93711781626403,96109.33,0.0022367815272824588,0.010010074824094772,0.07380731474641512,0.46934320194458384,0.42618146824673286,0.03066444460905718,3366.3646307627723,2817.094806547986,6.444604873657227,4,1800,1
0.14855048,0.8529663,1.7004013,0.14740914,-0.00781423875837484,1.2808522291862978,5.741928973362434,1.3194302220428562,7.576074620328906,33895.29,0.0006237280470230897,0.0034787659533321857,0.007187990399933969,0.005442526239324276,0.8566772407706188,0.13068929062516815,6903.639430347132,1979.361120263241,6.015981674194336,0.42087832,2.3834229,4.617119,0.4207358,-0.01582696113283701,0.21124708893341237,5.66297367437873,1.2640513420770219,7.158289473262285,272084.8,0.006628525902462576,0.028335101902484894,0.03821753569281224,0.8251911020086243,0.124301707785603,0.012288430138824755,1699.0784637157894,1961.6647502849194,4.972315788269043,0.1561399,1.2431145,2.3903847,0.15611477,-0.03819655707170298,1.1289486038436358,7.961542877176777,1.3007397307252146,10.355895138282497,37447.164,0.0006710111028973198,0.003901503048837185,0.033641189421739735,0.16871413547214176,0.681269450105591,0.11637269592432309,5585.9060159670635,2738.9224466779215,6.723586559295654,0.26865366,2.1629333,3.7298203,0.26865262,-0.05673032838511924,0.5446022551047429,8.05101014238359,1.2746663880054843,10.262352018025808,110860.48,0.0028369422035879515,0.011555821634829044,0.07163228123177011,0.5047476343193661,0.3929725323764146,0.030643683504294424,3169.9073449048387,2784.817493206848,6.317639350891113,5,2400,1
0.1484626,0.8631706,1.719284,0.14739284,-0.010730953307591534,1.2091099440766246,5.814061327516082,1.3170024763186976,7.657133165859031,33855.195,0.0005874000316298403,0.0034260996617376804,0.0014513484592776035,0.004464071524147353,0.8547442040603301,0.13933669385764644,6971.52360906926,1960.9800456970172,5.978643894195557,0.43933797,2.3563385,4.676914,0.43921658,-0.008012326294698852,0.2173536671642462,5.363384610864014,1.2647569198643114,6.783377800499459,296475.4,0.008097704477479756,0.030838962644338608,0.036686076264011186,0.8364332962493584,0.11479691833828398,0.012082416197990699,1639.7328945477516,1899.4196326529802,4.952430248260498,0.1616901,1.3489723,2.5180817,0.16166282,-0.03332854538818983,0.8698589148259179,8.342949333175076,1.2911592416368625,10.77207613410372,40156.707,0.0005945420117369396,0.004179797600954771,0.039298232414069094,0.19252589693286518,0.6496649358681895,0.11850784646576674,5402.167011523248,2862.467198755586,6.730106353759766,0.28077766,2.2047043,3.7398338,0.28077665,-0.058587018455246,0.4474522960512459,7.852135604957953,1.2712187209084425,9.981781780169836,121092.24,0.0027809742058144404,0.012610498815774918,0.07668118861288381,0.5292402672466388,0.3624966581251373,0.03157732551620216,2992.9185663022704,2768.761124848252,6.270846843719482,6,3000,1
0.14877267,0.91342926,1.7947197,0.14763871,-0.0033619675400301413,1.260909719586885,6.139765113318002,1.318090177792498,8.092764089871899,33996.758,0.0006176986367698224,0.003483433276414871,0.004193291606983967,0.0045128035941904825,0.8536018956416027,0.13768861076471722,6947.897541246527,1989.7762845185807,5.985858917236328,0.44888696,2.3488998,4.5913696,0.44876045,-0.017199931479385186,0.258506406291537,5.2327201427409005,1.2670229415353513,6.629976467501628,309503.25,0.010495890013284031,0.032219935208559036,0.03738363647221062,0.8375982327352808,0.11271060737150464,0.012305680685637095,1632.6120732307345,1889.6307071467945,5.075170993804932,0.16827849,1.2722015,2.29187,0.16825087,-0.03135446246365124,0.7620303160768307,7.560096194245012,1.286555542431655,9.726483660080183,43495.906,0.0006110639015545758,0.004529331810772419,0.04059636158091785,0.21037741755995504,0.6287434459710843,0.12028017871094784,5292.725135421314,2921.420335215417,6.741861820220947,0.2909368,2.1298409,3.71027,0.29093555,-0.056106202236776294,0.4100677879866166,7.320630688550868,1.270722434790845,9.302489652791913,130013.53,0.0029379897324675512,0.013547576032578945,0.07337626650196467,0.5431943919961463,0.3467369245297608,0.03668772078343583,2960.6483512032664,2790.597290708725,6.327635765075684,7,3600,1
0.15076317,1.0672569,1.9788742,0.14970876,-0.025339736730740515,1.261329811316716,7.079029547140629,1.318601166842676,9.334416621035329,34912.562,0.0006516429334282324,0.0034668869338929653,0.002711314162454938,0.004417724316742071,0.8561634568965051,0.13670405013704082,6961.131137736664,1962.5102072802774,5.978222846984863,0.44949338,2.5502205,4.9185753,0.4493698,0.0011784856448064335,0.26024074921834783,5.673544065475217,1.2658605051020113,7.181915356456954,310340.06,0.010623521330865093,0.0323040671646595,0.03734553523548022,0.8360285816924896,0.11334747900170333,0.013275657992726836,1637.9144639256137,1910.8118140188392,5.041615009307861,0.16831055,1.3501167,2.4550438,0.16826825,-0.025034728242245417,0.8108352114379445,8.021580982198671,1.2880243621289345,10.331991727923423,43512.49,0.000650695773875281,0.0045316158793866634,0.042592146726210395,0.21172810890916965,0.633822020991151,0.11185491014346946,5246.537146514569,2918.9121905282727,6.724208831787109,0.29225662,2.0763397,3.7517548,0.29225287,-0.05322542382136145,0.4345617526381358,7.104508690890548,1.2707240058525142,9.027869743333328,131195.81,0.0031703627003496384,0.013668789528310299,0.07743627999935772,0.5468426901439448,0.3433051701722935,0.032410817623409915,2897.7425835984122,2759.890992436774,6.275839328765869,8,4200,1
0.14796638,0.90465546,1.7997742,0.14688158,-0.010173999153435857,1.301229913499216,6.113925519120287,1.3208813958222638,8.075770473703543,33629.266,0.0006237438715633693,0.0034500944893807173,0.0013945362975485705,0.004553152699073984,0.8547000434759902,0.13934884987184212,6981.84190916892,1959.347636483596,5.975499629974365,0.44813612,2.3838997,4.527569,0.44801614,-0.0036931622977998077,0.18284930926208132,5.3195883501013475,1.262561039644023,6.716304997797177,308468.72,0.007374509285682659,0.03213992714881897,0.03545398630036837,0.8365031406303118,0.11508010985680069,0.0129604223733075,1644.0130075548186,1903.865893595549,5.009197235107422,0.17005546,1.3087273,2.4166107,0.1700232,-0.022181281555377543,0.7597871128244589,7.695884826661254,1.2858519240197217,9.895768311454749,44419.37,0.0006354103501731758,0.004622974898666143,0.04195179718834033,0.21339351569348913,0.6302794495241762,0.11437259327749733,5233.821524885429,2923.0870616526468,6.72935152053833,0.29473412,2.3852348,4.2922974,0.29473096,-0.037868622842795734,0.3868762098555494,8.092835772694613,1.2690849034879197,10.270495705568571,133429.56,0.0029194005583344056,0.013897959142923355,0.07463798731874123,0.5572849501234767,0.33630305797690363,0.03176977859854153,2858.777703345309,2741.364142579323,6.231394290924072,9,4800,1
0.15579918,0.95825195,1.9013405,0.1547292,-0.01951767271655568,0.937669666451042,6.15055837561446,1.3012281356229372,8.003279608192214,37283.92,0.0005524723406924273,0.0038218963891267776,0.0019384819044076537,0.005758591115598921,0.8251723429938076,0.1671025201025835,7095.451100865373,2159.4557091370148,5.876218318939209,0.27199855,1.6659737,3.2830238,0.27180797,-0.010961708893747351,0.15421311896159295,6.1249357246823255,1.2606032755643015,7.721114037183734,113638.22,0.0008440879585371953,0.011818278580904007,0.09231014051471993,0.5996253677649381,0.272594264810525,0.03546551338651412,2595.18309406577,2905.157923932383,6.048857688903809,0.16020443,1.2432098,2.3223877,0.16017294,-0.008002691734080726,0.6096948330243848,7.7601466709501725,1.2809859474515346,9.94063883571203,39422.145,0.0004016155776335099,0.0041014403104782104,0.09416714557656525,0.12619295151568372,0.6959612731415324,0.08367508152118186,5476.759310958295,2878.653576233629,6.5110626220703125,0.22351994,1.3309479,2.6026726,0.2235193,-0.01695847530297032,0.3625243221010801,5.954492912686543,1.2713146423297987,7.570034027581283,76740.35,0.0009049033757942511,0.007996167987585068,0.21381805986736438,0.27546975707669347,0.46703902475226833,0.043669423823596384,3707.1109308016553,3110.437762940167,6.501468181610107,10,5400,1
0.15443632,0.97522736,1.8199921,0.1534153,-0.022634958082906595,0.9595781221953241,6.314753909773868,1.3022385675530568,8.223316085967234,36634.49,0.0005458560350753948,0.0037712655030190945,0.001881652454720583,0.005842355308498781,0.8247987244209937,0.1674473753530534,7094.788847482387,2159.140138406955,5.877496242523193,0.26561168,1.4883041,2.9331207,0.26540422,-0.020570388497229454,0.17803704191672143,5.603308361126329,1.26182086925021,7.070371426940013,108364.13,0.0008861332531080706,0.0112686762586236,0.09403665345160252,0.5890848981955985,0.2802308355968925,0.03664283980144011,2659.133781823528,2928.511127524478,6.079043388366699,0.15362129,1.0996819,2.170086,0.15359335,-0.0105605093979591,0.6408023079833147,7.158395049107811,1.2833495867893892,9.186723328407519,36248.832,0.0003568861173584771,0.003776545636355877,0.08697474248844007,0.13867132154250278,0.6848828676607261,0.08946649040117682,5502.650903112688,2923.800509837558,6.4815216064453125,0.2177298,1.4125824,2.7608871,0.21772818,-0.01259255394181334,0.402152158061567,6.487776834813752,1.273279909644022,8.260755902060172,72816.03,0.0009037783908205113,0.007595485541969538,0.2311747996361242,0.26171348349564477,0.4618409910973463,0.045266211864290605,3718.636231465721,3172.7389549732284,6.380097389221191,11,6000,1
0.15419096,1.0253906,1.8835068,0.15314393,-0.01860728983782942,0.9529991845860986,6.650134620805416,1.3009008487896212,8.65116577282712,36518.168,0.0005386766504099489,0.0037521589547395706,0.0018982868768753442,0.0058309544930598214,0.8257655408152056,0.16647638279440719,7090.387628375894,2147.673561812666,5.89507532119751,0.25946477,1.728344,3.0968666,0.259274,-0.008839717530392577,0.1620200807057821,6.661189339562825,1.2615194596883366,8.40321997655939,103406.53,0.0007343150672023955,0.010756637901067734,0.08495114265609502,0.5863369071197124,0.2904312972744717,0.038275942298559455,2738.8749159717063,2961.795980237833,6.100794315338135,0.14898041,1.0572433,2.027607,0.14893785,-0.005654623712753544,0.6718968609171005,7.096526012499393,1.284077697823267,9.112490784734316,34091.766,0.00033099334347843235,0.0035472740419209003,0.06534501396412186,0.1394155633981757,0.7012193815248937,0.09401602879999577,5658.626100115648,2848.0885466091518,6.486870765686035,0.20980427,1.2787819,2.5416374,0.20980331,-0.013581103831135375,0.4170509335439738,6.0951186123643994,1.2736812528847925,7.763238310714709,67611.38,0.0008080651213384085,0.007040178868919611,0.19968047448959886,0.25811306533966094,0.4934886132463275,0.04871325395081995,3936.865815488012,3175.315406210705,6.410279750823975,12,6600,1
0.15298036,0.93250275,1.803112,0.15198179,-0.024626105914731453,0.9338221447432633,6.095571760796394,1.3004835863578272,7.927191024433809,35946.992,0.0005114543227214426,0.003691559424623847,0.001916717833875929,0.005945789647377976,0.8212963539473735,0.17081037882991257,7105.138406978401,2180.31299980201,5.876565456390381,0.25446638,1.3446808,2.618885,0.25427094,-0.010445207438144385,0.1464039411362572,5.28431599317474,1.2603476937212124,6.660075474918074,99460.836,0.0006138672245146992,0.010333403944969177,0.08936268386021023,0.5787363564619333,0.29191193326884074,0.039984218580070896,2767.7337818531323,2989.421518352838,6.105584144592285,0.14694537,0.95443726,1.9007683,0.14690886,-0.012745020175111884,0.6527210382692341,6.495184172243999,1.2838223087017608,8.338662339510172,33166.758,0.000304334553613546,0.0034505226649343967,0.07623797204812835,0.13968972555922085,0.6877637080407305,0.09630378633152265,5605.687949714811,2919.8563351912535,6.469274997711182,0.2090851,1.2477875,2.445221,0.20908312,-0.012902812270321713,0.3565428072756269,5.967844837830144,1.270414163405907,7.581634607024504,67148.664,0.0006814030543957519,0.006980816833674908,0.21301781243133786,0.26007605129689443,0.47896931457552205,0.04793166018822172,3843.8556708220804,3203.8060934064306,6.330982208251953,13,7200,1
0.15554973,1.001358,1.9280434,0.15448095,-0.024813315072419167,0.9673015872931323,6.437542521747109,1.3016552303126807,8.379460893846279,37164.625,0.0005662901411218575,0.0038138139061629772,0.0018792722862843475,0.005880221185847397,0.8262875324309793,0.16592031866310947,7079.654943648761,2155.1702013822432,5.887147426605225,0.25438344,1.3908386,2.766323,0.25419414,-0.0234366620192977,0.19963399880712096,5.467488751915667,1.262686791481946,6.903725829647161,99396.0,0.0008359684410389303,0.010337143205106258,0.0846104905551532,0.574649916431059,0.300694909967584,0.040039364542373786,2820.1698756611263,3007.2878219335353,6.108985900878906,0.14750096,1.0986328,2.1292686,0.14746934,-0.017692440933591888,0.6743112076928788,7.44830947171234,1.2846910990847293,9.5687768816022,33418.035,0.0003191830273075787,0.003476116806268692,0.07269797104475588,0.1331359384814718,0.6979302076089935,0.09622837243363762,5662.08186526933,2876.257145995759,6.466394901275635,0.2087545,1.3285637,2.6486397,0.20875368,-0.016086188504000655,0.42032202789760387,6.36423992469939,1.2735165697887676,8.104964998254719,66936.484,0.0007982253054594136,0.0069654155522584915,0.20270788109710394,0.2528877132291879,0.49597051519956864,0.048427301098347086,3948.0765782197104,3199.967469709867,6.367354869842529,14,7800,1
0.1553708,1.0344505,1.8838882,0.15428331,-0.021995126074528335,0.994579318506323,6.657946794157224,1.3027805645808226,8.673843683497054,37079.176,0.0005795848846281332,0.003807098837569356,0.0018859370164600914,0.005785368490652128,0.8274429686112541,0.16485406565702357,7073.856004304174,2147.857533601331,5.891392707824707,0.24843699,1.5758514,2.9802322,0.24824913,-0.0073656462708671586,0.2267656751019822,6.343062910700051,1.2639836849741988,8.01752803192209,94803.36,0.0008638579497801172,0.009865861386060715,0.08778776675655971,0.5573608272822196,0.31341672745900284,0.04142930063597365,2906.097402833148,3039.7227129241965,6.15891170501709,0.14791968,1.0767937,2.1478653,0.14789525,-0.013170459070065256,0.7211653543865784,7.279583330681716,1.2868965898895786,9.368070964134652,33608.04,0.0003452540196933251,0.0034989695996046066,0.08679280152643658,0.12608670767412622,0.6922003383710778,0.09491564387929835,5609.733489552678,2905.9859272467334,6.458403587341309,0.20720841,1.4996529,2.6831627,0.2072081,-0.012516377560133839,0.4713310199708296,7.2374131109157505,1.2763705438772623,9.237620908688546,65948.664,0.0008688714662217494,0.0068725841119885445,0.2048260212855346,0.24279385692909772,0.5037645771995085,0.04860997994924038,3989.03288196708,3194.691166981223,6.3759765625,15,8400,1
0.14840588,0.8983612,1.7821312,0.14732476,-0.010103904894440793,1.3232991177962132,6.053407099820145,1.3231159794033736,8.009359663659835,33829.332,0.000641892725444613,0.0034760332200676203,0.0012273155242352694,0.004345047693996487,0.8564112444017018,0.13801286299362014,6969.954482686774,1950.8551985140639,5.978992462158203,0.44871452,2.349949,4.6447754,0.4485926,0.010682861938611553,0.1163046883052341,5.2370689039552305,1.259131516123894,6.594158509097144,309265.47,0.004714956949833599,0.03220725432038307,0.039288579501181885,0.8353554288648626,0.11106693786958217,0.014287212110754632,1629.8114533583766,1928.3928923418548,5.078821659088135,0.16705261,1.1795044,2.321148,0.16702351,-0.010036635928637946,0.657969656942603,7.060676169381778,1.2844416773760237,9.069026742463937,42864.5,0.0005124115911920388,0.004464717581868172,0.04393191467373872,0.22056054871681596,0.6310595594622737,0.10444558132761649,5184.677485114813,2942.9695396883644,6.680263519287109,0.29403445,1.9285202,3.663826,0.2940324,-0.04060032020983682,0.3123193178294894,6.558823955683253,1.2672110945532802,8.311414483891916,132796.81,0.0023344884068882085,0.01382408570498228,0.07144409649795425,0.5354343338740469,0.3634255642560945,0.02969145364365363,2927.162276565972,2720.836889266446,6.285233497619629,16,9000,1
0.1490625,0.9397507,1.8048286,0.14800218,-0.012567573897953236,1.3270249081781058,6.304407044951841,1.3227917695577887,8.339417751060381,34129.348,0.0006551679898716945,0.0035062646493315697,0.0011703002088742683,0.004497518042726265,0.8533279649757096,0.14100043676650986,6977.020660552711,1979.7988128098502,5.959534645080566,0.46360472,2.3597717,4.709339,0.46347222,0.019539584189560002,0.21638907731940105,5.090051146193574,1.2645518228265502,6.436633455213338,330131.47,0.00999601098879758,0.034398406744003296,0.040247886231858515,0.8388104315314981,0.10632743737014574,0.014611721824571171,1618.8733163299423,1898.9516968847008,5.044917106628418,0.17253695,1.2639999,2.4382591,0.17250328,-0.027269185447806307,0.7831533766992242,7.325966452839062,1.2873581224786375,9.43114241812304,45725.188,0.0006940253507489625,0.004765263292938471,0.0407983902995738,0.23594909274290643,0.6180111546025198,0.10523920619876731,5101.724375528165,2964.0752708207215,6.642691135406494,0.30446613,2.0119667,3.7790298,0.3044641,-0.053379009921998476,0.3733615899868181,6.60817909770046,1.2697020803737196,8.390418747859961,142386.61,0.003208378342861844,0.014836098067462444,0.07778638183360971,0.5594017729160647,0.33506462182409247,0.027743843366351686,2783.3058182879213,2685.637592591784,6.195511817932129,17,9600,1
0.1489729,0.9376526,1.8024445,0.14791691,-0.014358093541401844,1.2920434687710403,6.2941152110896015,1.3209664905155527,8.3143152813494,34088.332,0.0006363648726047813,0.003496334422379732,0.001082971200596057,0.004769591629041617,0.8487894961040209,0.14535456724450826,6987.168131725571,2021.927151818719,5.938645839691162,0.44955638,2.344799,4.5614243,0.44941214,0.013897305752270219,0.23894108865033203,5.215806389136437,1.2654127025862099,6.60014765905824,310427.06,0.009759498504374126,0.03231871873140335,0.036922950460445296,0.8341344407954004,0.11277012162652814,0.01616927581273906,1662.8691418580165,1956.9428207568742,5.081140041351318,0.17157376,1.2865067,2.504158,0.17154638,-0.010681659755903237,0.6974887590516121,7.498271687241126,1.2840083302338023,9.62784330882999,45216.082,0.0006044225644220584,0.004706918261945248,0.042815362504667547,0.24275308833459056,0.610020102699536,0.10440920483771643,5045.043402902939,3000.296791479781,6.645462512969971,0.30068514,2.055359,3.8474083,0.30068305,-0.053114578057951396,0.4259848327376634,6.835585236205797,1.2709259837139624,8.687522890614384,138872.14,0.003482105973961798,0.014471005648374557,0.07076199320613093,0.5699965452320995,0.33055766575457024,0.028679773373491247,2780.2765092011764,2697.949664405627,6.191633701324463,18,10200,1
0.1975737,1.1722565,2.3139954,0.19673608,-0.009400363895063633,0.4621691531592398,5.933261517645543,1.276776962563902,7.575451618635107,59958.33,0.0007042349022096935,0.006188864819705486,0.020716936627111358,0.13078389305847382,0.7316040962255926,0.11688794711863697,5753.975602552314,2740.0542029114195,6.711002826690674,0.45733017,2.6082993,5.0715446,0.45720723,0.00023209526679528688,0.27705998957419276,5.703317738257117,1.2674592822649056,7.228723007075876,321255.78,0.012119737509031905,0.03345361351966858,0.03921201750056726,0.831266976332748,0.11328238792481439,0.01623554197794352,1653.4759864942405,1954.361502927919,5.061941146850586,0.17498396,1.2909889,2.44236,0.17496523,-0.015834204406685065,0.7220295633831961,7.377755636838611,1.2852514591037596,9.482271197212,47031.38,0.0006769365694748057,0.004896662198007107,0.043307662573503145,0.23712883602616114,0.6218160577274066,0.0977452978269695,5047.475377988813,2968.085169554068,6.63047981262207,0.3034747,2.1858215,3.8913727,0.30347136,-0.09042298694983032,0.42096345823116676,7.202648434546268,1.2708739038761525,9.153657934289438,141460.83,0.003570543513040005,0.01473588589578867,0.0760199833894131,0.5814437975007218,0.31465210033398217,0.02788002446889927,2712.8503867330255,2693.3615626953965,6.146435737609863,19,10800,1
0.19436662,1.1759758,2.2937775,0.19353075,-9.35738438813623e-05,0.48479345321218403,6.05029714289348,1.2776937979514398,7.730427135278088,58027.6,0.0006919002173958592,0.00599192688241601,0.022050476329643326,0.12488514724672548,0.7353949250243345,0.11766188861275019,5831.651896129197,2730.6691948932585,6.697806358337402,0.45433897,2.621746,4.9957275,0.4542078,0.006780533387133441,0.14345509284776226,5.770462692031149,1.2607771023955867,7.275267232356882,317067.12,0.006112739932130144,0.03296840935945511,0.0399737383729368,0.8288250475178238,0.11512465126335994,0.016072413752677785,1662.246168624845,1958.9226311041778,5.123295307159424,0.17655782,1.245594,2.3488045,0.17653264,-0.02369130502465288,0.7098629529382472,7.054878658568931,1.2840103976985455,9.058537552155382,47881.215,0.0006897987170275649,0.004985415376722813,0.04629662925751088,0.2429351010497289,0.6176695747296134,0.09309644137388588,4970.0693396619745,2980.1607993046496,6.632221221923828,0.3030027,1.8592834,3.4991264,0.3029994,-0.03141665293585246,0.30365291059950295,6.13619461941976,1.2671965657916655,7.7757647487836765,141021.12,0.0025595484679874496,0.014687241986393929,0.07631797854258847,0.5804453001341098,0.31501024771883057,0.02822195555176272,2717.9682631834103,2697.468169727927,6.192224502563477,20,11400,1
0.19509777,1.212883,2.3615837,0.19419962,-0.00650738386206217,0.49081306708925476,6.21679565620336,1.277773326414032,7.94365566530399,58464.98,0.0007110913177406818,0.006030469201505184,0.024884667063147604,0.12677761822418998,0.7337282573889082,0.11460167743580163,5792.216641819966,2729.114661086292,6.7305145263671875,0.46181983,2.7279854,5.3331375,0.4616942,0.004461284667985945,0.24853976216795282,5.907033910837822,1.265339941100148,7.474405940832291,327594.3,0.011305406368930035,0.03408248350024223,0.044307298423316516,0.828025072150678,0.11172672384811155,0.01593629777784505,1638.1374006260035,1935.0559767392604,5.104703903198242,0.17679037,1.3133049,2.553749,0.17676115,-0.01804312778381678,0.6757837067369286,7.428599700856507,1.283059500001773,9.531335417948185,48007.426,0.0006601492750780034,0.004999092314392328,0.04855834080427429,0.25435803032487636,0.6045951507755871,0.09248553205280446,4891.305802099451,3008.985093039525,6.62835168838501,0.30496085,1.9994736,3.9873123,0.3049601,-0.03408181088826704,0.37659019614055067,6.556492717310278,1.269787623521748,8.325353306178364,142849.7,0.003257206928052781,0.01488049328327179,0.07615356248605758,0.5882524060477112,0.3077924706361167,0.027797621705690324,2674.2834943906787,2681.947212782906,6.165807723999023,21,12000,1
0.1834608,1.263237,2.4990082,0.18248421,-0.009333633427032851,0.5437097138180174,6.885596197315814,1.2802005339761264,8.814943928595738,51698.477,0.0006159425992017995,0.005322213750332594,0.022445087341827374,0.07419973475702173,0.7681198791105819,0.13521947450892235,6188.389068748072,2639.938458830243,6.544098854064941,0.32073325,2.0051956,3.8930893,0.32056338,-0.017245059552997904,0.40347506624412466,6.251910653944977,1.2728108779760163,7.957499888500126,158008.03,0.004269653554398947,0.01643524505198002,0.06949013469695128,0.6935534285167629,0.20884991167304914,0.028101754468260194,2193.718988149253,2587.5837164468894,6.084633827209473,0.16716504,1.2701035,2.4010658,0.16714641,-0.009588823736093701,0.6489549777889008,7.597901135389503,1.2814304540468946,9.736181901783832,42922.215,0.0005067530886893071,0.00446770153939724,0.06315760939751933,0.1616687682220201,0.6741849547744934,0.1009858988158337,5476.055715132402,2884.691625657739,6.711413383483887,0.24815416,1.7835617,3.2653809,0.24815373,-0.03888125746068937,0.44639273087117104,7.187313250691132,1.2726469623481111,9.146912375973258,94587.63,0.001692791140569192,0.009850706905126572,0.16988163406902135,0.3835402296418208,0.40792669755744304,0.03864830982363261,3315.264671596631,2979.7387292764943,6.683690547943115,22,12600,1
0.1751817,1.0396957,1.9859314,0.17421794,-0.014279077235346044,0.6142232703162582,5.934956272143164,1.2842150257142224,7.621760021686627,47137.734,0.0005784705177895809,0.004851910751312971,0.018955489895270676,0.07937162448904689,0.7541149924655491,0.14753329339659366,6344.818062940955,2655.609388153265,6.420790195465088,0.26896873,1.513958,2.8866768,0.26877397,0.0038378956157829585,0.13097547904859574,5.628750861604543,1.2598555459571688,7.091412989830041,111120.67,0.0006854837635677607,0.011551586911082268,0.08934343884325376,0.5928563907092272,0.2793615543920087,0.038434116202668234,2648.4790463464337,2931.0835659505183,6.058147430419922,0.15453178,1.250267,2.3628235,0.15451638,-0.0008146402162185032,0.7129196390162122,8.090679171887304,1.2842333420757885,10.390319952643045,36679.79,0.0004065479469322419,0.003821861231699586,0.06506654158340829,0.14391570173067234,0.6985079105895386,0.09250654088416885,5621.6214780448545,2856.8800171307644,6.485818386077881,0.21698873,1.3816833,2.592945,0.21698831,-0.016096200484305982,0.42615224799541584,6.367535151884898,1.2738016187553138,8.110976583989727,72321.19,0.0009447425485375275,0.007533208001405001,0.21024780739725746,0.2770054299320353,0.46605770337837416,0.046684909863046006,3777.866149309503,3146.179241558855,6.434698104858398,23,13200,1
0.15460335,1.044178,1.9458771,0.15348633,-0.018851711044206514,0.9731771699546692,6.7539159278057985,1.303309382329762,8.802441996232652,36713.77,0.0005559906407978267,0.0037642742972820997,0.0018377014016668157,0.00619768805152958,0.8176157811358676,0.1743199987661185,7100.066207427362,2216.1376811323757,5.856784820556641,0.2625035,1.4568329,2.866745,0.2622952,-0.003060539284729265,0.13714032479668692,5.5497654673479655,1.2602028950756905,6.993830508969641,105842.836,0.0006511868147069349,0.011010866612195969,0.0885241563951491,0.5858243052652864,0.285504259191916,0.0401426323259458,2703.402647795083,2959.6100203903434,6.071479797363281,0.15184334,1.0808945,2.034378,0.15181932,-0.0013353657785441333,0.7100095552718142,7.118484589896587,1.2850456246314506,9.14757747631326,35414.633,0.00037743935093737115,0.0036853174678981304,0.06576601346507804,0.14852964789828396,0.6909104932711462,0.09479044138441482,5609.838323581421,2882.5569219522476,6.475898265838623,0.21403717,1.2728691,2.5391579,0.21403672,-0.011124315568743557,0.4373984499069383,5.946953697641584,1.2743743838783508,7.5786454544204815,70367.09,0.0009179816496522616,0.007328980602324009,0.21038310508191668,0.275926296050011,0.46645882867280825,0.04722774737383107,3784.053307199728,3161.0121542041375,6.393488883972168,24,13800,1
0.15440468,1.0128975,1.897335,0.15325326,-0.025618414191759514,1.0244559521391219,6.560017865367246,1.304489696118171,8.557475711778112,36619.48,0.0005822844385253088,0.0037581955548375845,0.0017990534091325407,0.005941910009906849,0.8228873001870123,0.1693389272934434,7092.727896407118,2179.6481438276373,5.873779773712158,0.2579106,1.4703751,2.7842522,0.2576851,-0.0027328651481550283,0.17406494381219373,5.701103437861964,1.2619497826972101,7.194506244572119,102171.47,0.0007701727414999267,0.010616089217364788,0.0925929378076836,0.5698041282077373,0.2956197940600069,0.041977717176565885,2781.2876044533505,3000.857409172312,6.09747314453125,0.1506877,1.2350082,2.2259712,0.15066627,-0.004439536829997733,0.7070471780205692,8.195813489811597,1.2850763800605514,10.532246331208418,34877.617,0.00036455205184832807,0.003631552215665579,0.06840019083351104,0.14818856320544843,0.690650389060642,0.09275617635721133,5594.344580043439,2889.122408468011,6.462146759033203,0.21161592,1.3231277,2.5936127,0.21161582,-0.010839219405832759,0.46966029542627474,6.252496249610627,1.2760379031046356,7.978422203560445,68784.07,0.0009418401384784863,0.007164988666772842,0.21642999247760664,0.25721265952402256,0.4794224178452897,0.04693007192052266,3852.126920408981,3167.7972883814255,6.411297798156738,25,14400,1
0.15390693,0.9203911,1.817894,0.15280539,-0.02253560354512118,1.0063880901853102,5.980179733376941,1.303721484644586,7.796488800490308,36383.754,0.0005646744670027163,0.003732376266270876,0.0018077223742654685,0.0059598296730084,0.8230483963481608,0.1691547152917685,7083.332994107803,2177.983747835093,5.879304885864258,0.25349957,1.4413834,2.8704643,0.25329447,-0.004089390021640257,0.14524839740792972,5.685940122013292,1.2606570744806886,7.1680206399179225,98706.47,0.0005998190300800039,0.010258401744067669,0.0919576538454827,0.5628087018142002,0.3022550868416987,0.04297381665283148,2825.200102883363,3021.383417073943,6.104538917541504,0.14992014,1.140976,2.1335602,0.14989027,-0.011384474234467654,0.6830387471953423,7.610558425230297,1.2848482278771232,9.77841250587768,34523.21,0.0003450525234855873,0.0035917754285037518,0.08139438814869875,0.1409384387233156,0.6848177018527872,0.09284647292035121,5551.193281447368,2917.2613530527356,6.468040943145752,0.21038872,1.4439583,2.7119637,0.21038759,-0.012434380050606412,0.445701489834641,6.863287548019825,1.27497762978216,8.750538090529322,67988.6,0.0008732405442475287,0.0070775654166936874,0.21843982241483584,0.25282144375291765,0.4817050262508521,0.047029636436805564,3852.911161736034,3172.3650152896944,6.382364273071289,26,15000,1
0.15296048,0.9241104,1.8324852,0.151795,-0.019736038901142988,0.9868922101484454,6.041497889294009,1.3025653929653738,7.869446072319175,35937.65,0.0005402399091369613,0.003684571012854576,0.0018300872644465224,0.005859047690299796,0.8244332802484485,0.16784957030819697,7083.818685224853,2167.8162524474315,5.887225151062012,0.24583478,1.3876915,2.7310371,0.24561125,-0.007955636615906246,0.19938692230587396,5.6448134899601525,1.2626147494572497,7.127224770387934,92827.766,0.000728232390190639,0.00964332465082407,0.09907573715409825,0.5407249410585662,0.3157971782021758,0.04439724823892751,2921.976722346186,3056.0974385606355,6.196707248687744,0.15059729,1.0917664,1.9726753,0.15057313,-0.014772916692484938,0.6587291489549782,7.249575096477206,1.2848032898460293,9.314277934001607,34835.78,0.0003388250409988946,0.0036281852517277002,0.10926199275083531,0.1374269176221245,0.663422370067377,0.08988547053831668,5386.456698110147,3018.0826581318906,6.459588527679443,0.21147804,1.2156487,2.4233818,0.21147743,-0.009528907241854614,0.432663769673828,5.7483446190838965,1.2747746606674193,7.327844061226711,68694.47,0.0008653895237533957,0.007158507592976093,0.2605242689018555,0.22397113257727558,0.46971422465030693,0.045786064164959325,3761.7838419320537,3192.102961310069,6.348122596740723,27,15600,1
0.15331104,0.9147644,1.7632484,0.15223317,-0.017912061257688697,1.0189918729114238,5.966722165323868,1.3043795761913373,7.782870529307371,36102.57,0.0005629430791272622,0.0037096973974257708,0.0017703448020160778,0.00568535963724045,0.8248816967857876,0.16763888707413993,7085.452771722331,2163.4121792470346,5.887260437011719,0.25562885,1.5447617,3.0676842,0.25541124,-0.0038655100789090117,0.2981800937107293,6.042986279980945,1.266703147988765,7.654669744134723,100371.63,0.0012732630597379819,0.010424934327602386,0.10225693711404163,0.5609758820683278,0.2959013820719568,0.040861605438361794,2779.8732049690207,2993.7032054237116,6.242417812347412,0.15345249,1.2195587,2.2273064,0.15342319,-0.018220827082337323,0.7212618012166367,7.947467970010809,1.285992557657243,10.220384661719821,36169.21,0.0003999342922745866,0.0037626586854457855,0.09868120691197643,0.14826814408191388,0.660218782713376,0.09282733336905684,5381.739846167653,3019.011513743689,6.525465965270996,0.21729612,1.7700195,3.1777382,0.21729569,-0.010587520557205597,0.5134986533347163,8.145656271700904,1.2772558099861755,10.404086799228189,72526.24,0.0011448464026406324,0.007540076971054077,0.23296382599092907,0.2572415766467923,0.4643190371632749,0.045470349221547836,3712.6420445027875,3163.7994564062346,6.460458278656006,28,16200,1
0.1464444,0.8990288,1.7241478,0.14529559,-0.007989717972858058,1.3351207285934636,6.139045314347983,1.3222838900553144,8.117560719537332,32940.996,0.0006140610594836849,0.0033769607543945312,0.0011767419974788866,0.0044059925771925915,0.8559451721466327,0.13846898175814346,6966.636214404254,1957.4660687267594,5.976967811584473,0.4815669,2.7397156,5.1896095,0.48143992,-0.008265986099018543,0.22915849255149867,5.689169131373971,1.263830531757704,7.190145648578811,356208.66,0.012324306550087413,0.03709292784333229,0.035989581308045054,0.8499077588660842,0.09812637785177482,0.015973491840582228,1581.6164363950315,1870.4420102713939,4.9952497482299805,0.17683889,1.2328148,2.3519516,0.17681155,-0.018617695718725832,0.6350860034303869,6.971400865369232,1.2815922406248765,8.934493255393281,48033.785,0.0006210744445074672,0.004998181946575642,0.04510233087720791,0.26146381319654594,0.594075062344376,0.09935662726919005,4911.223322219108,3016.468176622279,6.597093105316162,0.31414524,2.087307,3.867054,0.31414443,-0.04323452819982204,0.34629352219309917,6.644401153004213,1.2683242692696428,8.427255237145266,151583.58,0.003372611266774138,0.015789935365319252,0.07292443385923476,0.5907790193909147,0.310706053908544,0.02558675479128949,2636.826896168276,2626.38353969852,6.097919940948486,29,16800,1
0.14653434,0.8826256,1.72472,0.1454305,-0.008362500494628198,1.3295026627973305,6.023336156561567,1.3218013106796063,7.961653626461275,32981.473,0.0006129807626076654,0.0033783186227083206,0.002303970008521468,0.004587985248475011,0.8540096572413878,0.13909501340080638,6961.7178066771385,1978.48400059384,5.981978416442871,0.46819094,2.7151108,5.279541,0.46805716,0.0021351601451549376,0.2649388085991342,5.799152775237789,1.2675684625252341,7.350823167272809,336695.4,0.01273026938812961,0.035050246864557266,0.03906931132669592,0.8419206249615648,0.10288700391651003,0.016120093770972975,1606.6799122837715,1899.8649224411347,5.065877914428711,0.17769775,1.3314247,2.4817467,0.1776741,-0.01778880553724565,0.6427567580816596,7.492636955272401,1.2817408665976753,9.60361898420666,48501.49,0.0006408764998333852,0.005048826336860657,0.046540499066990294,0.261635199655399,0.5993667654448135,0.09245518372915325,4877.697000565984,3005.365382570653,6.583780288696289,0.31049412,2.199459,3.8902283,0.3104916,-0.05259326538303171,0.4064569126379487,7.083738143851508,1.2700705341125047,8.996847087903582,148080.55,0.0037777051815382295,0.015421262942254543,0.0703606707222655,0.5885881260883342,0.31476499466055397,0.026282437731767815,2670.9510034091277,2642.1225713415615,6.13892936706543,30,17400,1
0.14708215,0.9785652,1.8566132,0.14591315,-0.008915500825478418,1.3503656618881026,6.653188141283952,1.3224429751282853,8.798461919707597,33228.53,0.0006319624354969728,0.0034017954021692276,0.001348283737095613,0.004191600403610886,0.8565290950625735,0.13792753202521496,6972.8692292565875,1952.803857928659,5.97321891784668,0.4785105,2.7210236,5.4260254,0.4783867,-0.0005424611975556374,0.2207418558510339,5.686444843421299,1.2636914782643762,7.185911890266917,351701.44,0.011573123131252482,0.03661046177148819,0.0393019910554934,0.8457570180564883,0.09965727328808723,0.015280653799117107,1576.580582999125,1870.5846348192724,4.986047744750977,0.17731313,1.2256622,2.3763657,0.1772933,-0.00801482865801574,0.6268081464901214,6.9124164875762775,1.2812914257502348,8.85681997679599,48291.76,0.0006195812364529347,0.0050313640385866165,0.04616182841719087,0.2645203896419051,0.6032213820619807,0.08609414662476118,4852.62730446631,2997.7693637333664,6.570594310760498,0.3127281,2.1783829,3.952217,0.31272683,-0.03167839426703451,0.3126471762273373,6.965740606419062,1.2664830159666158,8.821992171686945,150219.06,0.0029903510459592824,0.015659768134355545,0.0729640190103032,0.6034582671715019,0.29870844578630745,0.024865818574088375,2598.567862111387,2626.837792536587,6.075178623199463,31,18000,1
0.1467393,0.890255,1.7273903,0.1456625,-0.007093466909889226,1.2934809042380406,6.066915609471234,1.319896912068522,8.00770317877597,33073.8,0.0005997162845298863,0.003393308725208044,0.0015351358929787768,0.004165539884460442,0.8560352402248746,0.13826084192945554,6974.462937816382,1951.8808825756948,5.982912540435791,0.47112563,2.5336266,4.98724,0.470987,-0.009247259793663027,0.23039065798018488,5.3778151335448765,1.2649066496019217,6.802434122765199,340929.6,0.011350416528364564,0.035486623644828796,0.04122567229452829,0.83945116600132,0.10323866286749797,0.0160816381767712,1599.973256059706,1902.1973895282126,5.034589767456055,0.17734039,1.1834145,2.3477554,0.17731658,-0.005435326179051891,0.6081684267402503,6.673124326495891,1.27979046947513,8.540200914720245,48306.605,0.0006015261194886456,0.005030173808336258,0.04486587519668661,0.26945707245822015,0.6014614037257143,0.08421344979762975,4826.106573481151,3006.015478265489,6.551974296569824,0.30831105,2.0342827,3.9434433,0.3083103,-0.034139903238157014,0.31781551727897206,6.598150524250625,1.2669664095072046,8.359635079125008,146005.56,0.0028716495057455015,0.015212178230285645,0.07028683260025069,0.6034799171291809,0.3003730205450265,0.025856039767487824,2625.3482531765694,2650.255858313056,6.089657306671143,32,18600,1
0.1470811,0.92630386,1.8027306,0.1460052,-0.008369815615669029,1.2977976778795473,6.29791196867673,1.320586790328574,8.31693935254326,33228.06,0.0006073437284234266,0.0034115896560251713,0.003201225515377259,0.004408016889200758,0.8538061262252842,0.1385806173023258,6959.371086379512,1979.3291239794323,5.985608100891113,0.45789522,2.6008606,5.136299,0.4577524,-0.013250028261461454,0.29384541101711825,5.680034396353119,1.268417647863383,7.204655868821068,322050.1,0.012917645139011896,0.03351874276995659,0.045388747427271156,0.8276920816249075,0.10948675699322342,0.01742874628780364,1645.239795545674,1956.6484486105805,5.113806247711182,0.17627636,1.220417,2.3999214,0.17625067,-0.0006875407719948612,0.6153927388641272,6.9233166064765586,1.2807047667125897,8.86672457942526,47728.676,0.0005941944952294304,0.00496952049434185,0.049701032058697706,0.2575748240386551,0.6073862316904037,0.08533477294495605,4868.045572493115,3001.365000510263,6.565011024475098,0.30399683,2.009201,3.6154747,0.30399653,-0.04461298080710082,0.3585156524171178,6.6092828731403115,1.2696707686823847,8.391613266006983,141948.02,0.0030618530800969783,0.014782185666263103,0.07802470802132738,0.5859435438219095,0.30845089330233016,0.027576688711033474,2681.74973542572,2682.0907368061526,6.15825891494751,33,19200,1
0.14788336,0.9232521,1.8043518,0.14673539,-0.008103681960572666,1.2957428509521423,6.243110334164261,1.3206725922117373,8.245104708540355,33591.53,0.0006197207070256975,0.003444468602538109,0.003733684975406313,0.004429134609614044,0.8529500034025291,0.1388836971371607,6962.11706983316,1987.838781092718,5.977190017700195,0.46659458,2.382183,4.656124,0.46645433,0.0005324070515102254,0.22026092923218155,5.1054667010955,1.265446955391514,6.460697292767903,334403.3,0.010439897002738134,0.03478723019361496,0.04272098464815448,0.8344087989149017,0.1060912208157741,0.016775953627686833,1617.5411342445348,1931.745231584448,5.1042938232421875,0.17815194,1.185894,2.26717,0.17813204,-0.006164592438980519,0.60380896257344,6.656644005511845,1.2805473260193079,8.524147681568497,48749.74,0.000608221452019206,0.005075939930975437,0.04721431361655293,0.2657648072069069,0.5987924128525232,0.08822604937962797,4849.7033358153385,3023.1676250401683,6.569455146789551,0.30908164,2.0074844,3.6507607,0.30907997,-0.05286130900032558,0.34607146503418473,6.49499728039172,1.2680559080917733,8.236019674467366,146736.33,0.0031583382848479123,0.015282068401575089,0.07166907865192032,0.5973130835889435,0.30296381324455773,0.02804938522563368,2657.169436339891,2677.701431232327,6.14141845703125,34,19800,1
0.1542991,0.96406937,1.8589973,0.1531333,-0.018777765316786082,0.979840536674828,6.248055860230412,1.3017407017307001,8.133348620001662,36569.414,0.0005554038948235941,0.0037488345988094807,0.003248261110222556,0.006144868252728474,0.8215350455994019,0.16903711736821764,7072.146427965919,2191.706569407698,5.896836280822754,0.2609478,1.7286301,3.106594,0.26072434,-0.010387758198799713,0.1658418212758801,6.624428745896676,1.2612931403735552,8.35534653612489,104592.01,0.0007689685460751309,0.010872302576899529,0.09270455589265789,0.5788404465237224,0.28737181176872495,0.0410775803398319,2728.8231339381537,2976.218633704043,6.0828857421875,0.15359473,1.1918068,2.3322105,0.15357396,-0.009443569785605219,0.7206983859031282,7.759424919581347,1.2842709955166765,9.965204366172523,36236.305,0.00040110570087226844,0.003773503703996539,0.06275811642325688,0.14177050759567042,0.7046193095900206,0.09084675980149509,5636.0280055113635,2808.734417243521,6.496049880981445,0.21430577,1.3504028,2.670002,0.2143057,-0.01583140629422777,0.43364954064956596,6.301290024728942,1.2740995876190262,8.028471022012491,70543.82,0.0009146909346818871,0.007349624298512936,0.1963447141433791,0.2726910604184526,0.48313206227042715,0.04782663104126889,3864.1458599505618,3124.2227845946695,6.46519136428833,35,20400,1
0.15404163,0.9191513,1.8143654,0.15289794,-0.022727542737458382,1.0095085167186673,5.966901857546793,1.302270542173875,7.770520517176208,36447.477,0.0005684109597152863,0.003741146996617317,0.0030799395528726824,0.006085045778354741,0.825825996424538,0.16497382014028805,7065.989754322441,2155.6730385660007,5.914299488067627,0.2638055,1.4558792,2.8759003,0.2635853,-0.013802656155890079,0.16235193488165534,5.518759706996059,1.2615506172553963,6.96219471487148,106895.375,0.0007863083881990204,0.011112231761217117,0.10595060974594972,0.5726638135912855,0.28089042116310947,0.04048940914686235,2684.6704062426775,2971.5618980544077,6.072266578674316,0.15347232,1.1770248,2.117443,0.15345457,-0.013041064027421286,0.6233351838040311,7.669297284934823,1.28237713867426,9.834931507961072,36178.566,0.00034581343808919344,0.0037659243680536747,0.08103561729069673,0.14920158069333883,0.680735727279994,0.08902204340985491,5482.462624251609,2912.8095692043917,6.483685493469238,0.22118162,1.415062,2.7778625,0.22118141,0.0008961671916329989,0.40921957050411617,6.397737637834273,1.2735235656208528,8.147669648478272,75143.13,0.0009793828703525337,0.007819609716534615,0.23954937217659825,0.2691544323890376,0.4459657367571287,0.04532439184713034,3625.340442719614,3170.9735438642933,6.330055236816406,36,21000,1
0.15398987,0.9343147,1.8325806,0.15288338,-0.0219417778532292,1.0324049323260684,6.0673780019801296,1.3042993436922259,7.913677145966723,36422.98,0.0005805219417251442,0.0037387660704553127,0.002082935698901428,0.005938772601958563,0.8275907935310958,0.1643506227469233,7077.072557032766,2141.1638511148103,5.908540725708008,0.2529108,1.4446259,2.8045654,0.252697,-0.006636530565223259,0.19852656048961181,5.711997650773206,1.2627190109924273,7.212648024403928,98248.516,0.0008122469149159841,0.01021556369960308,0.09047863075903016,0.5639154706064284,0.30286185603256816,0.04273753830648047,2842.0200844070964,3029.9923176793213,6.101540565490723,0.150142,1.0658264,2.0103455,0.15012343,-0.01455502950798049,0.7074180651359065,7.0987892942451465,1.2856157287146628,9.126315171573605,34625.465,0.0003594884344370156,0.003604367608204484,0.07031847064330117,0.13901019986207003,0.698753236186982,0.09191376504404652,5619.437362694026,2854.290858405245,6.472646236419678,0.21078889,1.4317513,2.6629448,0.21078888,-0.006098579154601161,0.4405470538075704,6.792346818313826,1.2745659198270531,8.65729377030959,68247.484,0.0008697274447223537,0.0071019334718585014,0.2090479287812892,0.2532918535168811,0.488907525499822,0.04874652864652316,3915.927376482309,3171.5822305084735,6.393464088439941,37,21600,1
0.15354156,1.0526657,1.9874573,0.15243869,-0.018383327738319365,1.007867175793975,6.855900621073361,1.302435873603123,8.929370914802032,36211.22,0.0005601536269557685,0.00371874263510108,0.001966016921330793,0.0059547885492504,0.8275314272025982,0.164510679288524,7066.43160301861,2141.9939793049116,5.915604591369629,0.24817136,1.3568878,2.6932716,0.24792339,-0.012309529438170872,0.1813179945942336,5.467543963176379,1.2619977127953155,6.900027976164228,94600.74,0.000687776835941213,0.009839598089456558,0.0985616512355644,0.5457831417116259,0.3115442905195328,0.044104326392738424,2902.1484842547798,3051.192309213519,6.16184139251709,0.149519,1.0873795,2.1012306,0.14950083,-0.01288318344944075,0.675057607351679,7.2725170792961915,1.2840449697480345,9.338238973139397,34338.71,0.0003373854348838173,0.003575046081095934,0.0749930021244241,0.1354943884577182,0.696355306119777,0.09315181610119504,5603.078532409273,2869.9553827793,6.477598667144775,0.2122311,1.2935638,2.4707794,0.2122307,-0.024217487100145586,0.42663969477938446,6.095072047270549,1.2745534481739358,7.768495094753853,69184.57,0.0008655603560597412,0.00719808042049408,0.21713705605040456,0.252147076902379,0.4826317654668953,0.04807732490973819,3856.2243928709167,3170.5162484135612,6.374894618988037,38,22200,1
0.15340193,1.0264397,1.8854141,0.152307,-0.02125171238666382,1.011851075121183,6.691178477587775,1.3032040352945617,8.719970792925356,36145.387,0.0005603248048945293,0.0037144478410482407,0.0019798908898722503,0.005919353276121186,0.8269201884866156,0.16514540565883917,7072.987815946542,2149.190792461058,5.9066667556762695,0.24391676,1.348877,2.5816917,0.24368425,-0.002547541995449001,0.2019504828429115,5.530070694071406,1.2632570793828208,6.985900953801814,91384.914,0.0007148443693663955,0.00950520858168602,0.09523351873457975,0.5398111332414,0.3199730505025829,0.04497605729998876,2962.475896883343,3075.6981374056013,6.166450500488281,0.14907028,1.095295,2.1181107,0.1490512,-0.014472800459339737,0.6830447890796743,7.347507286332062,1.2850985436717566,9.442270913346295,34132.914,0.00033729773571256224,0.0035574280191212893,0.08232055951212343,0.1394900083952212,0.6850091401086278,0.09317526029944265,5546.418232354835,2920.587981877358,6.472824573516846,0.20935504,1.211071,2.3517609,0.20935501,-0.010958570170141914,0.44262326698687326,5.784771202013369,1.274823762802218,7.374563790735818,67322.16,0.0008502916866590334,0.007015799637883902,0.2153734340173751,0.24565303456568272,0.49056265576197794,0.04840455346221369,3906.3793255998203,3180.5793929940887,6.389489650726318,39,22800,1
0.15355392,0.9902954,1.8574715,0.15240876,-0.021528281246406163,1.032586869908644,6.449170578140326,1.3040050703181045,8.409751133296096,36217.047,0.0005740770786569128,0.003714539110660553,0.0019632616757943333,0.005842809122904034,0.8284383729218703,0.16372005854501265,7070.120332557226,2136.151883423936,5.912515640258789,0.24079807,1.4550209,2.7693748,0.24055602,-0.00987924211695774,0.19492155830920233,6.042494021362081,1.2630853226792746,7.632185510791407,89062.98,0.0006553478651396652,0.009248364716768265,0.10272114739790839,0.5215728921943952,0.3299912409631311,0.04570801640453991,3026.4251563791227,3092.0405447791404,6.2318501472473145,0.14967865,1.0467529,2.0745277,0.14965586,-0.011051011634085377,0.7223089937002705,6.993335035002383,1.2863827392852873,8.996105479126241,34412.08,0.00036254542033430803,0.003580457530915737,0.09949557311369955,0.13090542863311577,0.6779191864277574,0.09167438982146782,5488.362498242141,2953.2893195642882,6.470378875732422,0.21036148,1.3548851,2.5287628,0.2103614,-0.012817011492921677,0.4415305308094286,6.440747121195241,1.2749763918605264,8.211800525506618,67971.0,0.0008646206741325493,0.007067568600177765,0.23020388812072465,0.23490000449979312,0.4870672932802866,0.04782217995476607,3876.5891212365277,3190.7305568253378,6.377752780914307,40,23400,1
0.14805461,0.8615494,1.7220497,0.14696893,-0.007763337020415534,1.3624102240480527,5.819132212771027,1.323053824826087,7.699025131327401,33669.383,0.0006546296733614681,0.0034562121145427227,0.0011481081722696128,0.004393218733163172,0.855093780416682,0.1393620272350299,6968.694222349919,1967.983073830572,5.973244667053223,0.47267422,2.521038,5.030155,0.47253495,0.007918297063385317,0.2684385308652697,5.333563677633202,1.2676218719060344,6.760941972985735,343174.56,0.013399621194093787,0.03572957217693329,0.04454252120907743,0.8376522403281157,0.10152400395750338,0.016278564354209626,1604.5826405499204,1905.709618706379,5.0902814865112305,0.17648217,1.2611389,2.3736,0.1764552,-0.007996227811490323,0.6510122372862157,7.1459848331822045,1.2827925289906135,9.16681595633831,47840.188,0.000631527840494721,0.004979937803000212,0.0526396334963284,0.2614737848999951,0.5820724709624309,0.10381178444261058,4890.939386832045,3060.6946848671387,6.616668224334717,0.31517148,1.9238472,3.6322594,0.3151708,-0.02658182542630908,0.371125867404277,6.104128449022749,1.2694588222589478,7.748939711838344,152575.58,0.0036619201583768875,0.015891235321760178,0.08424332171778236,0.5659955140226859,0.32413730130215385,0.025620353857045444,2685.1717132090885,2635.7583167592925,6.146494388580322,41,24000,1
0.14898014,0.9349823,1.8250465,0.14786021,-0.00926508575724607,1.3695384628847886,6.275885466968507,1.3237585073470761,8.307756778091203,34091.65,0.0006746643372326765,0.003494091099128127,0.002444895927748901,0.004571990311283486,0.8537096701782937,0.13927024218765532,6964.133135546729,1984.6796210429263,5.9734110832214355,0.48397353,2.794075,5.338764,0.4838315,-0.0015475543464077896,0.2720564552060383,5.773197958515872,1.2668314798769489,7.313668913424354,359777.84,0.014926070311670194,0.03747323900461197,0.03880500889335768,0.8485915205696595,0.09740255285824997,0.015198531763622894,1573.3444031440993,1863.1400077180356,4.999274730682373,0.17966521,1.322937,2.4207115,0.17963865,-0.009073335906537295,0.6437888010653818,7.363345566166823,1.282160191003786,9.440988557595883,49581.445,0.0006708097317622755,0.0051595051772892475,0.04971540717665832,0.2685705435233569,0.5881956357339114,0.09351607807354198,4835.82005522188,3042.311039722645,6.5636491775512695,0.3191787,2.4538994,4.335594,0.3191787,-0.04856519842290698,0.3673491894956258,7.68816772579119,1.2686383293410899,9.753504259372379,156480.08,0.003812542507909438,0.016302630305290222,0.07673253320215472,0.5886760534568267,0.30990045823202295,0.024687838048311487,2625.892705623045,2620.9060419839334,6.096660614013672,42,24600,1
0.14854522,0.8921623,1.7695427,0.14745922,-0.009058612096885656,1.3064344356296171,6.0059981736433805,1.320525656230644,7.931074679623866,33892.89,0.0006360955395913272,0.0034801748115569353,0.005192335566111589,0.005092605073307356,0.8512961289329735,0.13841570682297397,6937.409352830881,2017.0137863139282,5.984722137451172,0.4845173,2.7209282,5.2282333,0.48437178,0.012006298586194526,0.24182461670986033,5.615750269260767,1.2659305530388902,7.109149844108251,360586.78,0.01332716220729117,0.03753676638007164,0.039588681951336316,0.8471728277471087,0.09802474251190223,0.015211196887925375,1571.9016994069461,1859.5821253514566,5.015295028686523,0.17871514,1.3165474,2.4952888,0.17869407,-0.0064818012464656835,0.6205315271520035,7.3667367887012265,1.2813703284166338,9.439517938349807,49058.46,0.0006330080464300997,0.005108948331326246,0.050063606374190855,0.283585032022946,0.5807935971930571,0.08555577608732375,4730.02749969326,3062.2376051978235,6.527744293212891,0.31760824,2.2506714,4.1689873,0.31760782,-0.05217535825892283,0.36654055546430175,7.086313019088589,1.2688994285524795,8.991818540493817,154944.0,0.0037298302209338398,0.01613520458340645,0.07447527982728545,0.5994427488528372,0.3022603578770392,0.02381837745834442,2590.8087187862816,2610.1149817968444,6.078428268432617,43,25200,1
0.148456,0.95500946,1.8544197,0.14730373,-0.01071402046409437,1.3316193586714222,6.432945881972351,1.3208323298751616,8.496842897303603,33852.19,0.0006468017762127797,0.0034650778397917747,0.005862397130127514,0.0049672980650202845,0.851789725010784,0.13737741721225322,6934.814960667941,2010.9155759028363,5.991713523864746,0.4776237,2.5270462,4.9494743,0.47747785,-0.000751230633265538,0.24893927902380808,5.290872705461246,1.2667042837883677,6.701971121000743,350399.06,0.01295498474507969,0.0364706926047802,0.04287774180689084,0.8401860382790022,0.10147174517217995,0.015461621045156419,1585.571380793451,1881.0053227827832,5.064201354980469,0.17812964,1.2791634,2.4317741,0.17810802,-0.010746172453463635,0.5951146119888753,7.181080799332085,1.2802676527948436,9.193705459542619,48737.535,0.0005991635782330667,0.005070103332400322,0.052100500597551114,0.28271534507212487,0.5846288157036998,0.08055309397854489,4710.452671003328,3054.2341888683704,6.508175849914551,0.3153877,2.1837234,4.2391777,0.3153874,-0.04126327242562888,0.3441959683039757,6.9239335497347,1.2678295465378826,8.77836753264641,152784.98,0.0034055304287846943,0.015906525775790215,0.07843643508550657,0.6045826745622229,0.2935028491864022,0.023474665345909636,2555.93319767672,2616.6277585081793,6.0682373046875,44,25800,1
0.14857423,0.90875626,1.7934799,0.14749329,-0.007315617090605123,1.2880372410828604,6.116513189472693,1.3195829462349158,8.071246495303424,33906.13,0.0006276281417524007,0.003482160624116659,0.006693026871459053,0.005281312257079774,0.8495050668987068,0.13851747877073445,6934.713821338011,2027.9699747440438,5.99846076965332,0.47197157,2.5300026,4.939747,0.47182074,0.006842685109137066,0.23974226715745095,5.360497849987802,1.2655635243132972,6.784050551118789,342155.0,0.011896192116181165,0.035632096230983734,0.04268711451457726,0.8371363455259401,0.10370494681419767,0.016468347205964476,1604.506138694582,1913.6324064254932,5.086371421813965,0.17732054,1.227951,2.453804,0.17730029,-0.010413818815762593,0.5842090018807609,6.925035588854186,1.27986069694695,8.863080875183334,48295.793,0.0005775697310702855,0.005031900014728308,0.04897316498505781,0.2833459020012931,0.5863563435294522,0.08132235092970415,4730.786311961542,3054.582375880854,6.514639854431152,0.31458968,2.1325111,3.89328,0.31458896,-0.04192588242872835,0.3568294535591523,6.778706612540667,1.2684564895478432,8.598494393445417,152012.81,0.0034949307694652674,0.015834733843803406,0.0771985287218657,0.6050011362708915,0.29387129450805455,0.023925511525791993,2563.791036758599,2625.354508202764,6.061168193817139,45,26400,1
0.14754707,0.92105865,1.7603874,0.14644282,-0.012209010430449568,1.3105474390022547,6.2424735267686,1.3197848243732715,8.238721827236931,33438.934,0.0006211193513699857,0.003429359756410122,0.005652292394475682,0.005005671573702199,0.8506315570592199,0.13870684797925414,6940.312442887604,2015.531719649315,5.999636650085449,0.4716102,2.3513794,4.6173096,0.47145376,-0.00227929003984702,0.13428388966976135,4.985853681583643,1.2616918247108435,6.290610829271882,341631.22,0.006642883376376963,0.03556489944458008,0.040577720154553895,0.8400423488903708,0.10284215890137863,0.01653456089796473,1600.4566131197298,1907.5994775137106,5.102054595947266,0.17675059,1.3342857,2.4515152,0.17672738,-0.007037057928863992,0.6023446726624506,7.5489749172761424,1.280105965270016,9.663487823333588,47985.82,0.0005878797725149061,0.004997306503355503,0.049000547110977885,0.28742200389826617,0.5808036314649505,0.08277141787748722,4714.424991208768,3065.1001313930205,6.534560680389404,0.31380317,1.908493,3.5173416,0.31380314,-0.037358253159109234,0.3129991794966984,6.0818157617551485,1.2666744980506635,7.703680927282365,151253.66,0.0030350963582670355,0.015760431066155434,0.0753602985161224,0.607863527589577,0.29202649538401876,0.024745580754357132,2563.1782377765617,2628.032420998514,6.076419830322266,46,27000,1
0.15447713,0.97284317,1.866436,0.15327138,-0.02383574787633555,0.9759586815200647,6.297651586251415,1.3018732758769171,8.198744300977667,36653.85,0.0005557612327886641,0.003757323371246457,0.004729672230905376,0.006317463447456388,0.8185852635834455,0.17033479176763963,7068.046915534438,2222.3037895286866,5.889512062072754,0.2656071,1.5481949,2.977848,0.265373,-0.0015582534033539435,0.184747625914639,5.828891435910101,1.262308677930186,7.357860242289965,108360.39,0.0009194698929186109,0.011277749203145504,0.09154430226108852,0.5943533410855937,0.2743173665550525,0.03977991904855385,2641.8047260748385,2952.749699381129,6.01422119140625,0.15419634,1.2241364,2.387333,0.15418285,-0.012610046080896005,0.7302886294417554,7.9388160407434905,1.2845410597628186,10.19773517030484,36520.723,0.0004128485514887518,0.0038003232330083847,0.06313622070007151,0.14398878730190695,0.7030565120733493,0.08981435569319614,5605.676495582414,2826.1735676947374,6.494723320007324,0.21484327,1.298809,2.5720596,0.21484312,-0.0207434952810724,0.4500221461051268,6.045379184495975,1.2750247436943738,7.708008045283161,70898.125,0.0009587843301750255,0.007379109971225262,0.1941473356849165,0.2751689992343478,0.4839552764184986,0.04672367534619666,3854.339970923614,3112.4719893657248,6.509635925292969,47,27600,1
0.15014629,0.9293556,1.8073082,0.14896226,-0.014723751295468629,1.0940638574548753,6.189667538552645,1.3058026308522692,8.082484155996763,34627.445,0.0005560336836537839,0.003551196539774537,0.0041368828875363185,0.005608362847026949,0.8438912676409289,0.14633435287786278,7003.076850105829,2012.5475474781747,6.017275333404541,0.25538486,1.4276505,2.8345108,0.25512525,-0.0038392501889837178,0.20869772646719564,5.590192144161751,1.2635872999098903,7.063695797446485,100180.11,0.0008877656232404164,0.010419603437185287,0.09738136893320692,0.5681367494023012,0.29471059253350806,0.039765730606328535,2757.9621126504976,2979.461170492179,6.108637809753418,0.14897226,1.1935234,2.1624565,0.14896092,-0.009412763575151268,0.6786911739532284,8.01171589411387,1.284179304391309,10.288479743953006,34088.04,0.00033426723048350567,0.003550711553543806,0.06935846371108213,0.1472660668075281,0.7003714705844273,0.0829976872185545,5543.905539804862,2805.191368449905,6.491907119750977,0.21138436,1.374054,2.5880814,0.21138433,-0.005402534418458478,0.43514358622797644,6.500263221604686,1.2747427175686616,8.28616320405918,68633.62,0.0008688082965728569,0.007154048886150122,0.21771415436823052,0.25377611683286483,0.48278770377265867,0.04571547107734154,3838.259616148659,3155.4419590482257,6.3651580810546875,48,28200,1
0.15027055,0.96559525,1.9050598,0.14905557,-0.011503103664016362,1.0876464167549589,6.425711731819428,1.3049834468177808,8.38544744410297,34684.78,0.0005546043274053219,0.0035548382438719273,0.0032501472523385135,0.005543151431897792,0.8450547989968058,0.14612074703672134,7010.671943511385,1999.2065164205067,6.016716957092285,0.25268555,1.4652252,2.8393745,0.25242993,-0.019044537059495815,0.20175792917588264,5.798611111088164,1.2625229015663657,7.320879325054968,98073.58,0.0008225308941966428,0.01019010879099369,0.09690330780457815,0.5623591034937998,0.2996496792755113,0.04108214574575552,2802.2356830632193,3005.8335012923803,6.099102020263672,0.14703704,0.9727478,1.9123077,0.14702035,-0.00977910028192307,0.6681507413744909,6.615664836267467,1.2842039998771195,8.49586324463887,33208.152,0.0003123068495228344,0.003458999563008547,0.07142927337129348,0.14324388857411724,0.700858020204899,0.08446431610026651,5557.665096251255,2818.760524280652,6.4819488525390625,0.20814696,1.2896538,2.5468826,0.20814677,-0.011122604437538503,0.44095463543654434,6.195880933836746,1.274468721440177,7.896456451980425,66547.445,0.000827702368696552,0.006923927925527096,0.2164756363623056,0.24198027277653844,0.49520603970701993,0.04633306160960018,3917.4317498506302,3167.594736725626,6.359519004821777,49,28800,1
0.15016694,1.0275841,1.9506454,0.14901662,-0.014366689464715908,1.0962431253614566,6.842944597605463,1.3058569321840834,8.935906639394224,34636.97,0.0005574478563357796,0.00354727148078382,0.003294673544228988,0.005501119839950068,0.8435577892940197,0.14761786924517553,7015.334812367377,2011.9420312829823,6.011450290679932,0.24969424,1.4725685,2.855873,0.2494028,-0.021325101931475448,0.19508598994282922,5.897486837627023,1.2624839521363447,7.445482490469256,95765.32,0.0007583334261193022,0.00995183177292347,0.09842780040146315,0.5542412858200642,0.30514398775562945,0.04218125245114621,2846.4170769415314,3021.966050054989,6.138551235198975,0.14784154,1.0608673,2.0074844,0.14783074,-0.0075290096276497895,0.6733745931545991,7.175705071312807,1.2850949636851239,9.221462448096265,33572.543,0.0003216937860089688,0.0034915911965072155,0.08880725837948875,0.14383356657237029,0.6830929955959807,0.08426155301538979,5449.416032205168,2902.79245261808,6.478388786315918,0.21006386,1.1992455,2.3910522,0.21006386,-0.012700897330865792,0.41131146394678675,5.708956571114487,1.272668649173825,7.265610047586894,67778.805,0.0008008961000533357,0.0070507097989320755,0.23563693472059394,0.23438337524721584,0.4843882129784887,0.0455856814984849,3841.1058090418746,3176.1171077035956,6.3451948165893555,50,29400,1
0.1499306,0.97112656,1.8312454,0.1487482,-0.016981875943633346,1.0999409996776368,6.477173972632513,1.306208268068371,8.460538196826276,34528.023,0.0005558152572344101,0.0035404772497713566,0.0019034926774078027,0.005270964237585807,0.8466999124414007,0.14609659428971827,7015.53249692539,1980.2251053033149,6.011910438537598,0.25006428,1.5827179,2.9759407,0.24976733,-0.01700408550286734,0.20794554516424002,6.329244115380138,1.2626932175189003,7.991893616543871,96049.375,0.0008131230762319866,0.009968115948140621,0.09824537708964798,0.5564924003824349,0.30403813049571715,0.04121853867730206,2825.9154462302154,3017.4868599818005,6.093827724456787,0.14710535,1.017952,1.9361496,0.14710078,-0.007549955855352143,0.661777572390899,6.919884000000366,1.2851385217180888,8.893009494281578,33239.016,0.0003099031055456221,0.003461783519014716,0.0959999520849824,0.1433354415879948,0.6764634726000054,0.0841966776337774,5410.042687300378,2929.434656203519,6.468929290771484,0.20943506,1.2845993,2.5476456,0.20943354,-0.008563800504644501,0.423585912383583,6.133640186071709,1.273903820131425,7.813667664385683,67373.63,0.0008149651828462552,0.007012108340859413,0.23009604344806844,0.23980598052627017,0.4846990261480257,0.04539293979558233,3840.9443234597315,3183.1155334644654,6.340023517608643,51,30000,1
0.15025856,0.99315643,1.8299103,0.14898497,-0.018020826024610546,1.0964928607981772,6.609649789551695,1.3063161489908646,8.634292259322914,34679.246,0.0005589367329415489,0.003549750428646803,0.0022050033102337893,0.005019719906421767,0.8451852679314801,0.14756249839245203,7024.215316979221,1993.6369832249813,6.008330821990967,0.24634565,1.3994217,2.7439117,0.24603675,-0.021827652682080145,0.2086776292121577,5.680724090023762,1.263325187777,7.17660182776773,93213.97,0.0007685206025837726,0.009683309122920036,0.10652687398622167,0.5388978024087008,0.3122497324482821,0.0423200097163533,2882.543971574126,3045.1192049447554,6.1273603439331055,0.14758508,0.9990692,1.9617081,0.14758267,-0.01639727374765509,0.6589732117403737,6.769445936740771,1.2850657368417155,8.69918303076688,33456.164,0.0003126349806355586,0.0034797857515513897,0.11923964602530741,0.13710021081912582,0.6597572147596393,0.08389839499150846,5305.475326141094,3011.0014851693327,6.4559245109558105,0.2106294,1.3545036,2.6435852,0.21062872,-0.00137320923368173,0.41612384384763645,6.430743326864928,1.273766136201675,8.191263080404333,68144.25,0.000819027706663242,0.007099648006260395,0.2598011638857492,0.22220300451181405,0.4739297752543091,0.044060284344608354,3763.617837033882,3203.896047583311,6.2782087326049805,52,30600,1
0.14681491,0.946331,1.8206596,0.14560501,-0.006373756623308418,1.413204673758723,6.445741836968972,1.3272256540192215,8.554953925268473,33107.89,0.0006565771254302612,0.003389575984328985,0.001209977022857844,0.0040642581136719836,0.8643724412927241,0.1303500561982085,6949.371679753504,1884.5205719114401,6.016721248626709,0.48004204,2.6762962,5.1991463,0.47986826,0.012489832559671305,0.2739604881528934,5.575128862015593,1.2668943492403992,7.0630992515893265,353956.38,0.014548057982847432,0.03678981959819794,0.044658933772743416,0.8369007963973913,0.10109670668879327,0.01734054275592487,1605.2321094761617,1917.0031976906132,5.095412731170654,0.1762404,1.248455,2.3244858,0.17623772,-0.006117435676953908,0.621869812850584,7.083818757134419,1.2820847110946154,9.082055724738831,47709.2,0.0005999586921785803,0.004969383589923382,0.04951738456995598,0.2793031689885651,0.5762670696116423,0.0949101745365235,4795.1697726001275,3072.9215786772847,6.586483955383301,0.3178848,2.1718025,4.0203094,0.31788462,-0.04525839916278288,0.40623705044373803,6.8320426188681775,1.2701914341452185,8.678002012228724,155213.95,0.004148189561523936,0.016159670427441597,0.07920404471470895,0.5776610923748912,0.3188845524700666,0.024246906457572326,2642.9150480356334,2618.1960652049265,6.110837459564209,53,31200,1
0.14934921,0.98867416,1.8784523,0.14810719,-0.008086404513059794,1.2705408458867176,6.619881995307007,1.3179395307473964,8.724604170556473,34260.77,0.0006321212366393557,0.003508172929286957,0.020654363548276274,0.022696643670963513,0.8280049067531194,0.1286412422858734,6709.778992318333,2241.4033389059,6.116437911987305,0.4902627,2.615738,5.0382614,0.49009502,0.007400635250977597,0.32214271298001673,5.3353803650433775,1.2682801180226952,6.766756839086988,369189.1,0.01861074151104048,0.03841967135667801,0.03751790665885618,0.8494672168519508,0.09651662984726679,0.016495392264746882,1570.810419489741,1869.205574675623,5.016788959503174,0.17774448,1.1823654,2.318287,0.17773671,-0.003880089586102458,0.6236911900015993,6.652051477843199,1.281383928106596,8.523831852693961,48527.0,0.0006225211036490463,0.0050523909740149975,0.04901392423144813,0.2892529829351694,0.5674100386833474,0.09432108965317895,4734.267726286949,3084.1581171605567,6.555812835693359,0.32130498,2.377224,4.355049,0.32130468,-0.039546816625386075,0.3663808826964736,7.398652803754214,1.268876218018148,9.387974588086232,158571.86,0.0039048343542664845,0.01651424542069435,0.06940556628271431,0.6054655539470982,0.3008593034481182,0.024265820700112767,2572.2985174488895,2597.797521106991,6.047817230224609,54,31800,1
0.14717,0.8798599,1.7560005,0.14588086,-0.008260646016188275,1.3790781257676121,5.978527424696214,1.3224289714361035,7.906177872997273,33268.242,0.0006469431440413521,0.0034040953032672405,0.007516179744104006,0.005824829861922609,0.8527584389742545,0.133897383479864,6904.75465937965,2004.279628433253,6.030074119567871,0.48822302,2.816105,5.3367615,0.4880512,0.009250100179781725,0.20887941464919502,5.768070728149979,1.2636075191422735,7.2885775430496915,366123.56,0.01186775684720509,0.03809426724910736,0.04174187331664834,0.843662220006072,0.09843496414514669,0.016158239491502767,1572.2097741199425,1869.9100969117578,5.0658183097839355,0.18027508,1.2910843,2.5260925,0.18027395,-0.004231247359813784,0.5677494959686942,7.161745655625944,1.279018401785645,9.160004482504792,49918.625,0.0005996523915863453,0.005202095489948988,0.05053107640271938,0.2909696980530351,0.5737969181851879,0.08470006931244681,4683.705121128549,3067.883564499415,6.511933326721191,0.32047203,2.3787498,4.142189,0.32047164,-0.04031553822659912,0.333424418662303,7.422644134679469,1.2665537910262694,9.40117806824652,157750.77,0.003516883142803033,0.016420364379882812,0.07392345015485165,0.6033963479893015,0.2977610412976406,0.02491600203963323,2573.1018240372446,2608.899251338391,6.079141616821289,55,32400,1
0.15255742,0.9549141,1.8556595,0.15138821,-0.0038860818798787428,1.2226736253934387,6.25937504116593,1.314715055950023,8.229294607512585,35748.504,0.0006622833856076569,0.003663577139377594,0.02833233191858284,0.03546820693150641,0.8095777141960524,0.12661679949138585,6593.263193072882,2388.5701950199245,6.145965099334717,0.4992881,2.9655457,5.6856155,0.49911985,-0.014115581531445313,0.26867969075833775,5.939547895215375,1.2665995716461078,7.523028819866403,382907.34,0.016697049788800856,0.039879243820905685,0.04031665147493911,0.8506045257317226,0.09434478322656001,0.014731641422337342,1545.37139061062,1825.1345697205884,5.0054850578308105,0.17922387,1.2501717,2.4523735,0.179223,-0.0021491647437530763,0.6391545717536689,6.975475389297692,1.2816524740975335,8.940135290749724,49338.16,0.0006594612132927221,0.0051385946571826935,0.051646382724306245,0.3043767004317839,0.563817665205372,0.0801562666358919,4613.863187682448,3092.851794235292,6.515036582946777,0.3242693,2.302742,4.069233,0.32426906,-0.05744387360637758,0.355021558462401,7.1013260945428485,1.2686476479941078,9.00908064750875,161511.28,0.003925346817442016,0.016825417056679726,0.07514373285644056,0.6157203685598427,0.2851736180093338,0.023958544246565967,2517.978431660037,2598.547773514243,6.043710231781006,56,33000,1
0.15351488,0.9431839,1.8675804,0.15236267,-0.012106512697116212,1.101745113325534,6.143925055256371,1.309665547534112,8.0464869715533,36198.63,0.0006119036001337045,0.003715507686138153,0.033638831656650506,0.05660178470895178,0.7871670379303014,0.12258909079451914,6416.461672051237,2527.9521872906785,6.215421676635742,0.5105887,2.7653694,5.368805,0.51042604,0.025541759727787012,0.26638705669853513,5.416041101721456,1.2669467344420058,6.861835587443121,400436.5,0.018104975209128363,0.041692350059747696,0.03593782180555626,0.8605901424107397,0.08940810962011594,0.014061582048599867,1512.6445775906166,1779.2644399422056,4.9079179763793945,0.18005396,1.2685776,2.5154114,0.18005334,-0.0003168228288120766,0.612453611613502,7.045540934961871,1.2801424266536579,9.019295869619864,49796.25,0.0006437006546148921,0.0051866015419363976,0.05150056669141077,0.3198136636535254,0.5469689647362542,0.08171448162759277,4524.813287622178,3114.791259291652,6.4932403564453125,0.3282539,2.1588326,4.0576935,0.32825053,-0.034284857294978134,0.32997927588606446,6.576715714982535,1.2675734638853884,8.336470319855275,165504.95,0.0038311240777925805,0.017255742102861404,0.07045728427137746,0.6314811164359493,0.27469865952014394,0.023359839712267842,2460.119539950043,2563.1969840662246,5.973377227783203,57,33600,1
0.15651725,0.9911537,1.8555641,0.15532093,-0.0033039659707735304,1.0502129619722727,6.332552496961786,1.305962730977711,8.270077553044775,37628.39,0.0006302694183865651,0.003859757911413908,0.03303790538798492,0.0841811499007298,0.7653103288289451,0.11746789356580292,6250.370615567383,2642.1761160037,6.271698474884033,0.5113813,2.9236794,5.382633,0.5112147,0.007931484216824006,0.1740202546570222,5.717219599373637,1.2623003424246462,7.216848258020352,401680.7,0.011900885225270514,0.04180750250816345,0.03626742418971339,0.8591998514222852,0.09007643583063167,0.014453654343703833,1520.5764165019966,1789.5149494444745,4.930728912353516,0.18079992,1.4509201,2.6486397,0.1807997,-0.0061945323419426756,0.6198200757207011,8.025004291871145,1.281207211123199,10.2816933680968,50209.707,0.0006623057719782619,0.005229183938354254,0.04628491957456707,0.3316734176677857,0.542202353375563,0.07983708014627351,4484.797945245088,3120.802579602098,6.457502365112305,0.330218,2.4431229,4.4581413,0.330217,-0.03672928109968855,0.3219465438894047,7.398515398103473,1.2670755894564434,9.374478259182919,167491.45,0.0038281299447961684,0.01744578592479229,0.06776749427203618,0.6362863656842868,0.2734042910819903,0.022538836055416622,2446.333366106525,2551.723643446592,5.954445838928223,58,34200,1
0.15657708,0.9721756,1.8799782,0.15531915,-0.019829130647732923,0.9605357131602767,6.208926588151303,1.300124392464632,8.072376908329268,37657.164,0.0005773328652309254,0.003861852688714862,0.0192126313915479,0.02430013092524481,0.8009736331581235,0.1554822855564077,6828.819776365928,2391.64247501547,6.06770658493042,0.27274182,1.5213966,2.9685974,0.2724617,-0.007879597796881315,0.16094327910425266,5.57815670687227,1.2609162874399706,7.033588645613544,114260.13,0.0008905940930752931,0.011879583820700645,0.08907066037508223,0.6120559461732206,0.2622523970808136,0.03661593968649423,2544.1255809056506,2898.1117081364396,5.959877014160156,0.1546112,1.1742592,2.15559,0.15460928,-0.013072679683644613,0.724466042205191,7.594916701169156,1.2847968904579634,9.757925361012498,36717.5,0.0004139823622620996,0.0038248419295996428,0.07054038906281589,0.14330877032182623,0.7006130119292067,0.08553405428183107,5553.60902189719,2832.633189247946,6.498384475708008,0.21764863,1.3772011,2.6218414,0.2176446,-0.010675608310252986,0.43794375276419073,6.327635095100705,1.2745227679102544,8.06471499577087,72761.734,0.000982747731216413,0.007573036476969719,0.20380801243231098,0.27470547815061563,0.4762277767542924,0.04525376726362305,3803.1999625495396,3105.763099176075,6.511674404144287,59,34800,1
0.15572864,0.9990692,1.9293785,0.15445165,-0.02011187335141602,0.9913751503739494,6.4154494997660905,1.3014972027551914,8.349689578416376,37250.168,0.0005830582862752337,0.0038185552693903446,0.016624325019105986,0.019044069423697248,0.8117239215779496,0.15257603847577803,6865.37035046938,2309.6802727364275,6.055398941040039,0.26940948,1.4493942,2.8094292,0.2691309,-0.0008042710839581411,0.1609497875344763,5.379893233099667,1.2616652523862624,6.787624353775031,111485.125,0.0008478946354327655,0.011589842848479748,0.0832410720118681,0.6070864724524584,0.27174014797286905,0.037927330377805955,2611.6463736741266,2923.9082478261653,5.975232124328613,0.15265237,1.1810303,2.339077,0.15265007,-0.004832217644309789,0.7284663061352443,7.736730777871577,1.2854237176587084,9.94497723908138,35793.016,0.00039557027660935715,0.003730509430170059,0.0705826449454845,0.14288166649688336,0.6997801078810129,0.08675083705400034,5569.294922942642,2836.891002549457,6.476205825805664,0.21530412,1.438427,2.7070045,0.2152956,-0.01028695298329979,0.4207143671651621,6.680907742230186,1.2737260856971944,8.509646467454461,71202.6,0.0009040588793882092,0.0074187396094202995,0.2005027485317831,0.27483303328498504,0.47858705152383363,0.04607146638308782,3832.1389490633537,3136.0282238580066,6.426206588745117,60,35400,1
0.1531654,0.9712219,1.8591881,0.15189536,-0.015829532246060766,1.0393432581489446,6.34100079810966,1.3038319603592823,8.26759950129307,36034.008,0.0005720074448960438,0.003689908655360341,0.01424584161046662,0.011697199861393616,0.8215741795953256,0.15245086816400216,6924.746623422247,2230.3460761876,6.024791240692139,0.26547933,1.403904,2.768898,0.26520708,0.0019275092857111895,0.15233678085023694,5.2881856414837705,1.260509673915964,6.665809158578899,108256.164,0.0007567067379680681,0.011251800693571568,0.08388474152650127,0.604002771449827,0.27433897230271354,0.037768160384289665,2626.285360646842,2929.3254796034344,5.97160005569458,0.15195191,1.1027336,2.1250725,0.15195039,-0.008113600374879926,0.6692056556604387,7.257122459578888,1.2832624574345286,9.312792801443802,35465.29,0.00035676664612035747,0.003693036735057831,0.075089578677029,0.1512202492524347,0.688154163563407,0.08553127979752737,5496.015146026376,2881.258953608382,6.474428176879883,0.21337587,1.581192,2.848339,0.21336909,-0.007644980543376269,0.4373584508124324,7.4103601460383075,1.2740065565911685,9.440847412798938,69932.94,0.0009066062587281486,0.007276753894984722,0.20358749535652731,0.2730396545026849,0.4773834670877508,0.045983311580060776,3823.863213688399,3145.1039145757863,6.414047718048096,61,36000,1
0.1499473,0.94394684,1.8800735,0.14864662,-0.016044198944726355,1.1097513761122313,6.295190609563123,1.3073118404202644,8.229777221639218,34535.723,0.0005610225258074599,0.003538459073752165,0.003551851657347296,0.004999169150081581,0.8455010490738188,0.14592170544765334,7013.320712741019,2000.934711562971,6.011878490447998,0.25945526,1.5455246,2.9346466,0.25916785,-0.018239375983265284,0.18838943240937178,5.956805715290633,1.2625227544824864,7.520602759614733,103398.97,0.0008537023571919519,0.010756672360002995,0.09228794319156716,0.5849077423490355,0.28486514023590426,0.03793454475703343,2691.686132122643,2948.071025846821,6.040343284606934,0.1523263,1.077652,2.0975113,0.15232413,-0.01369875696714845,0.7055497858544659,7.07462842788836,1.2854170614414098,9.093848084625815,35640.273,0.000379863220323614,0.0037159528583288193,0.09051332474918686,0.15420719216075626,0.672726000038513,0.08254970769517869,5378.043486111451,2929.9925628143787,6.485762596130371,0.2118952,1.3380051,2.5323868,0.21188648,-0.019656595159912218,0.42461766521507016,6.314466211964169,1.274283193371534,8.046418169056329,68965.75,0.0008560172453526978,0.0071884747594594955,0.22317349812910445,0.2477158645445303,0.48314855369264487,0.04595618861724508,3848.0417576981536,3152.360352559695,6.420319557189941,62,36600,1
0.14936142,0.9378433,1.8176079,0.1480529,-0.014090217442445931,1.0665689803684248,6.279020000506673,1.305154843875163,8.19509336850518,34266.367,0.0005308143386145627,0.00351045117713511,0.00224820138788321,0.004794032028663923,0.8458050733953876,0.14712521285302071,7019.088935141567,1994.2310419926869,6.008842468261719,0.25268173,1.5102386,2.909851,0.2523706,-0.010166814780906648,0.2057456983596202,5.976841437799986,1.2626485189313141,7.5466499893553225,98070.625,0.0008387376636751877,0.010197045281529427,0.09168312060464696,0.569455148060959,0.29816444777299617,0.040691994735434805,2792.4716199552413,2988.8964707959553,6.096660614013672,0.14952677,1.2022018,2.1790504,0.14952445,-0.004647772571202273,0.6531030784900449,8.040043959967644,1.2837657917173357,10.321533399779074,34342.28,0.00032648076217756816,0.003579593263566494,0.09212483791743062,0.14332095912827417,0.6791500401765053,0.0854001785606263,5432.3332632694755,2913.67276582295,6.484088897705078,0.20884468,1.2770653,2.3720741,0.20883523,-0.0027211912450196773,0.41015041565771027,6.114904616194856,1.2730161873097,7.784372560308133,66994.33,0.0007802554212654307,0.0069778310135006905,0.21720929062369468,0.2427328252362988,0.4933958647195467,0.04665586302978978,3902.934125684319,3150.607569554825,6.412232398986816,63,37200,1
0.14928417,0.90494156,1.7564774,0.14797723,-0.015518562347299673,1.1250445997283958,6.061872229464406,1.3078096801751815,7.927775181731765,34230.934,0.0005587592941256157,0.003504794090986252,0.0022345472368987163,0.004887427449828436,0.8449052198296975,0.1479455125261994,7029.771083442054,1995.3020224263262,6.004393577575684,0.24580036,1.4823914,2.848053,0.2454856,-0.008431295592271636,0.2129043564699309,6.030875427360206,1.263595051657217,7.6205843472044625,92801.766,0.0007771674698729063,0.00964199099689722,0.09571507181122191,0.5503399059547883,0.31220034674603075,0.0417390127792976,2887.1483430464473,3026.075259264882,6.160164833068848,0.14756033,1.1128426,2.059269,0.1475553,-0.007034455856302757,0.6853788780145322,7.541610763822562,1.2858130984568084,9.697101903651623,33444.94,0.0003249444822357073,0.003484231885522604,0.09389511267255643,0.13595215177035672,0.6828071357086024,0.08734158176274685,5478.507043951464,2900.745164993116,6.488177299499512,0.20666309,1.2862206,2.462101,0.2066559,-0.016350568468097397,0.4290152893114505,6.223755626307182,1.2740319936264526,7.929263788466359,65601.99,0.0007825722058323513,0.006831576116383076,0.22021689080690554,0.2348934590225748,0.49753811979031565,0.04734456055862702,3941.302473172118,3165.390966377104,6.395941734313965,64,37800,1
0.14562957,0.92954636,1.8125534,0.14427269,-0.009500826162582526,1.3953515854071892,6.382950639138368,1.3238955931843333,8.450360222726436,32575.443,0.0006275985297730114,0.0033311445731669664,0.001458478962224003,0.003790407627103716,0.8633052671674836,0.13144154002332278,6953.522668461046,1890.7954767717174,6.019662857055664,0.50828046,3.0722618,5.921364,0.5081157,0.00117611855900742,0.227064380854459,6.044422471158251,1.265540341091195,7.649460475863947,396824.1,0.015155234349153486,0.041301093995571136,0.03629707936320119,0.8549579053139722,0.09171074509202681,0.017031451508326315,1551.0670577626188,1850.726646795236,4.988962173461914,0.17530474,1.1694908,2.3382187,0.1753039,-0.003299834837317637,0.5986500194786326,6.671187611643256,1.2802628758015266,8.540873836742632,47203.97,0.0005653893759016434,0.004921379033476114,0.05290571883646308,0.3097745571836715,0.5417820044939364,0.09553505217917523,4627.259526592483,3152.601078667516,6.566983222961426,0.32728732,2.035427,3.8122177,0.32728636,-0.03917230283285845,0.2956481013338874,6.219083331341396,1.2661167909721665,7.874085830290516,164531.69,0.0033922808000158124,0.01713564246892929,0.06755201133825556,0.6101404317296779,0.29894485949209093,0.02335919859884108,2539.178509955373,2567.22811134996,6.014529228210449,65,38400,1
0.14520878,0.9202957,1.739788,0.14377739,-0.009651383843619354,1.4732432109479356,6.337741703322951,1.3283637358120053,8.418826245695595,32387.463,0.000655006948391695,0.0033043804578483105,0.0010603970265313672,0.004158873251955177,0.8657275687995036,0.1290499253213866,6938.440901960808,1876.1123307083164,6.0299973487854,0.52077246,2.7647018,5.4595947,0.5206146,0.006492280356578823,0.24692566903635393,5.308848049551263,1.265748695529737,6.719667493498003,416569.25,0.018161773997366355,0.043346863240003586,0.034023073977146205,0.8631448451931728,0.08718764596409245,0.015641878085741263,1522.2631439628444,1794.4482159716204,4.9915876388549805,0.18184178,1.2688637,2.449894,0.18184078,0.0016441882257416075,0.580462280490913,6.977844736524469,1.2798305989794776,8.930459208781018,50790.035,0.0006346710066108659,0.0052861301228404045,0.0486910899144121,0.32110453436078445,0.5411031107661648,0.08909914507614167,4545.304986825071,3113.980992401445,6.523536682128906,0.33390996,2.271843,4.088688,0.33390722,-0.0542441442616929,0.3245730429203557,6.803759211179679,1.2669427727399363,8.61997356009268,171257.64,0.004034873598866007,0.01782817393541336,0.06703221295338714,0.6279094926757944,0.2824590802802211,0.0225961613291004,2466.186902053564,2537.9625104826628,6.007984161376953,66,39000,1
0.14370179,0.8552551,1.6758919,0.14232674,-0.006516487790203062,1.4441751805791778,5.951596820420184,1.3272049121382075,7.898988535182774,31718.717,0.0006158410154850744,0.003240287769585848,0.001421109991581935,0.003525931970797887,0.8714404682826739,0.12360928376223076,6935.054428795625,1810.3795276274775,6.056880950927734,0.52996635,2.841854,5.4406166,0.52981144,-0.0033141815721737344,0.15677203058062394,5.362329272452137,1.2614139436534746,6.764116914745081,431407.62,0.012366926463068303,0.04492736980319023,0.035571551899404086,0.865558317536834,0.08445699740751123,0.014410670208522474,1485.989274399138,1750.9871269963378,4.942381858825684,0.18366262,1.3895988,2.536106,0.18366148,-0.008783158741782147,0.5557910311653691,7.566040506587804,1.2779931259017456,9.669347757766023,51812.293,0.0006324040836516184,0.005399605259299278,0.05191747248245174,0.33767091874745003,0.5323836769696337,0.07802582951829172,4407.39050724389,3118.9311098248468,6.466360092163086,0.3385378,2.304268,4.3346405,0.33853263,-0.03390441743143394,0.30812891688315336,6.806530319597651,1.2661272210231898,8.617933318387713,176037.64,0.004047260798750324,0.018329590559005737,0.07059540888485318,0.6366856918482184,0.27021203125481996,0.022503511336061467,2406.7794186804344,2525.277678199024,5.960720062255859,67,39600,1
0.14326876,0.9161949,1.7482758,0.14187199,-0.008329019336041396,1.4731624432405734,6.394938366631724,1.3279834276188671,8.492372171590272,31527.84,0.0006206641992375267,0.003223059233278036,0.0014069085485387256,0.0037082225250494806,0.8721424227157463,0.12273907211237442,6928.457124208261,1806.0069219024674,6.062617778778076,0.551068,2.8520584,5.6721687,0.55090886,0.008304035423690891,0.21447328685322553,5.175510770929672,1.2649591231414246,6.546809566616077,466446.3,0.019778529677058475,0.048568397760391235,0.033332155638286884,0.8744539588758921,0.07895025054525928,0.01326130270162947,1441.7749270894049,1689.9027855498873,4.9626030921936035,0.18630122,1.2412071,2.3823738,0.18630028,0.0032651277159647016,0.48664843829665205,6.662367247121859,1.2758011064745665,8.499855505663602,53311.707,0.0005862435760343851,0.00555419409647584,0.04935400137329338,0.354316660847287,0.5207091720650371,0.07561804334502907,4317.490275302009,3130.225758780386,6.444174766540527,0.34976816,2.1735191,4.242897,0.34976497,-0.053788070220129484,0.28670190803583884,6.214170905360024,1.2660284101105084,7.867316911490422,187910.81,0.004290932487554998,0.019582604989409447,0.06473424074303816,0.6635228168545035,0.25046481461161385,0.021274801605559474,2292.8161768078553,2477.492747666994,5.900981426239014,68,40200,1
0.14264645,0.9191513,1.7700195,0.14128023,-0.007362288519963826,1.4932225716531367,6.443562574534308,1.3282483134255851,8.558651122137414,31254.545,0.0006182560563306287,0.0031915355939418077,0.0016266821666273662,0.003722668909234797,0.8717855373371277,0.1228619797286991,6927.827503806138,1807.812725500037,6.070035457611084,0.58341634,3.241825,6.3526154,0.58326787,0.02408661929173919,0.3206975127298315,5.556623745840284,1.2718645075573551,7.067272524196773,522815.44,0.03715437443423025,0.05443054810166359,0.03384293001643583,0.8839728510149182,0.07074178385889035,0.011440518738673685,1371.5699854106424,1596.3893866942394,5.0057268142700195,0.19397137,1.2934685,2.5128365,0.19397031,0.018494707900375502,0.4886104930316115,6.668347519915768,1.2759116792724576,8.508222482151918,57791.832,0.0006916928452912098,0.006016063503921032,0.049106462808448555,0.4091352398247495,0.4739209210043891,0.06783550401143493,3978.499321981495,3159.886376902088,6.337657928466797,0.37752426,2.4121284,4.4137,0.3775232,-0.10035546989189303,0.38132138505591007,6.389333680237886,1.2720008257973565,8.127237717578982,218917.75,0.007745877180902091,0.02280101366341114,0.06611815498859165,0.7048893323148249,0.21138922560674492,0.017600675476250306,2043.322978270277,2347.41802242202,5.764164924621582,69,40800,1
0.14393562,0.8992195,1.7539978,0.14255226,-0.006882028056913435,1.4873482212348987,6.247373013229945,1.3280931112965868,8.297093062628534,31822.025,0.0006383895940883386,0.0032527432776987553,0.003998690809093849,0.004032609558232517,0.8698021804248652,0.12216350807593926,6909.918957369353,1834.2655133072983,6.073819160461426,0.6079685,3.2562256,6.1323166,0.60781634,0.0022388549289787656,0.17653157351258786,5.355911591920578,1.2632075690734925,6.765628062213661,567745.06,0.024118302144652357,0.05917302891612053,0.0545867799309328,0.8669445665117437,0.06709093580596281,0.011375791677908783,1343.634804790566,1571.193826750255,4.971136093139648,0.20119125,1.2069702,2.3936272,0.20119044,-0.0034953591198780246,0.4172809105644464,5.999118926779189,1.27295071788733,7.636582744572994,62174.086,0.000683698839785215,0.00647924467921257,0.06167512464126631,0.4188455039689701,0.45449312027593236,0.06498441828247309,3835.5819102926935,3161.1654525185304,6.286489486694336,0.3964942,2.352047,4.3985367,0.3964927,-0.049046244848232216,0.2656911316428938,5.932109242988982,1.2666890791337797,7.514137994341648,241470.97,0.006566356479707974,0.02516266703605652,0.12334382983014865,0.663135541753471,0.1970682326447557,0.016449801416597916,1933.3178380054867,2300.8245209993133,5.7597784996032715,70,41400,1
0.14978322,0.904274,1.7791748,0.1484008,-0.015273599834887111,1.1203478377075147,6.03721807731155,1.306170835947628,7.885638182892806,34460.18,0.0005639045203109795,0.003523843362927437,0.002619278697057765,0.005252836889164994,0.844215500046127,0.14788650543494963,7016.193988318291,2010.4896514082195,6.0049147605896,0.30259305,1.9467354,3.5315514,0.30233762,-0.016027983014702853,0.14774406185764688,6.433509846691219,1.259321168729434,8.101855139194281,140640.08,0.0012386421193319257,0.01462937518954277,0.09432044351810791,0.6636745510099701,0.21307800804391555,0.028922851428475848,2190.8651820832056,2680.894882764896,5.799111843109131,0.16211244,1.204586,2.3306847,0.16210885,-0.004991893863696406,0.642894271105392,7.430558657765018,1.2806804597275234,9.516171277917534,40366.76,0.0004440224977712059,0.004208491183817387,0.0967319369063063,0.16134846094705277,0.6699158276662764,0.07200009519552736,5233.513178445795,2896.2557245336125,6.500030517578125,0.23933256,1.5217781,2.9143333,0.23932858,-0.0005488098761601715,0.35437734411717425,6.358424977820855,1.2706991420578633,8.079645164190007,87982.195,0.001162714450819865,0.0091629009693861,0.23130606110749985,0.3306680377620114,0.4014852737606617,0.036536428234205234,3287.139754013942,3022.1522580920346,6.4162139892578125,71,42000,1
0.1494791,0.9607315,1.782608,0.14810579,-0.012814516406290053,1.0893492365621134,6.427195958077591,1.305582547194629,8.391234870322101,34320.39,0.0005438624831687195,0.0035142700653523207,0.0030690501869537093,0.005100632486163439,0.84545851135451,0.1463454062295267,7007.787205206989,2000.579302950042,6.015519142150879,0.2865608,1.8488884,3.5432816,0.286288,-0.004866346790756687,0.13544283107281352,6.451993341897752,1.259857680429255,8.128593365896664,126131.85,0.0009133204224371019,0.013112389482557774,0.09037517682159249,0.6409186919817951,0.2364066242786964,0.03229545391182735,2354.665199676561,2783.3195129559713,5.862757205963135,0.15417069,1.2472153,2.4541855,0.15416259,-0.013207723088802347,0.6449986223724324,8.089833774988072,1.282051139061854,10.37158060611179,36508.574,0.00036438968420202594,0.003803506027907133,0.09108840973578727,0.1670621954815974,0.6653842992474257,0.07646110866214335,5264.088325833572,2930.375916629146,6.480310440063477,0.22730342,1.531887,2.9665947,0.22729065,0.004033235816977008,0.3373272335733981,6.7393930303175225,1.2693113881754754,8.554388322810093,79360.266,0.0009004824461661425,0.00826497282832861,0.24068643372838497,0.2964121876756636,0.42449216830572145,0.03840484722132693,3433.1750714934883,3099.9118887116288,6.353095054626465,72,42600,1
0.14858112,0.91018677,1.7656326,0.14708558,-0.014613389228777874,1.1050091716470654,6.125857602572722,1.3064594278675328,8.003184418708999,33909.27,0.0005385429724923453,0.0034618021454662085,0.0028082503406697107,0.004927070075963382,0.8447511274383339,0.1474871886639665,7020.347135122157,1999.2021269454915,6.0111188888549805,0.27449068,1.4840126,2.9493332,0.27419007,-0.012095721198882942,0.1538406278139668,5.406422471846011,1.260272250016466,6.813564213157778,115730.14,0.0008733362418505562,0.012028057128190994,0.08769090550216713,0.6254577612474723,0.25246867445652565,0.03437825492620586,2473.0367875468487,2841.466044196511,5.947274208068848,0.15002118,1.1467934,2.0402908,0.15001164,-0.010079219427187296,0.6292180329184496,7.6442097147105645,1.2826050980499826,9.804502350716326,34569.758,0.0003187215839245608,0.0036021084524691105,0.08760460255375214,0.16871798589557802,0.6635289985099911,0.0801444941254229,5301.623880599952,2947.426345332118,6.457845687866211,0.21820378,1.4398575,2.873516,0.21818873,-0.004793518452924773,0.3958865612221074,6.598682492460578,1.272225356667092,8.395011187542028,73133.4,0.000897469839309975,0.0076228356920182705,0.22379603067697063,0.2928625163521669,0.44243974382578455,0.04089713507444443,3584.3583856019677,3128.165714922267,6.363211154937744,73,43200,1
0.14885937,0.94537735,1.7990112,0.14750512,-0.014189005994873046,1.138495106184795,6.3508086211255845,1.3082149300963553,8.308222656396948,34036.39,0.0005590309299228501,0.0034833394456654787,0.002216999889543424,0.00487396484957929,0.8454726670807294,0.14741088206855885,7023.143649368143,1993.421186091605,6.0087361335754395,0.27488074,1.5813828,3.042984,0.27459013,-0.009184528136003844,0.16292201276542073,5.752977703482538,1.2614084293945764,7.256854569318324,116059.27,0.0009301585736268644,0.012066897004842758,0.08696377874502793,0.6214011758005626,0.25476871789324995,0.036861858276486685,2511.160366831951,2866.14743812473,5.961098670959473,0.15030603,0.9987831,1.9934654,0.1502999,-0.0069342848754422644,0.625952636162141,6.644996905337808,1.28278950559734,8.524132294950853,34701.164,0.00031948252022844897,0.0036178589798510075,0.09981352225815812,0.16416194493468902,0.6552243554970725,0.08079639612336555,5260.441759534475,2980.9284510080743,6.461902141571045,0.22039182,1.3298035,2.6192665,0.22038673,-0.006351790357073085,0.42447320994671456,6.033814855642694,1.2746114869216567,7.6907697249956115,74607.445,0.0010014567751131748,0.007772095967084169,0.23307612931799934,0.2922423177095124,0.43461784635432305,0.04005889086111309,3529.345524688483,3133.1133291757255,6.3227739334106445,74,43800,1
0.14800999,1.0035515,1.8802643,0.1466172,-0.015421813983816606,1.1212941326773036,6.780295792210579,1.3073205966361872,8.864020340502451,33649.086,0.0005381255542999016,0.0034363921731710434,0.002126908648919602,0.00488760135744612,0.8458150010086767,0.14714635119375175,7022.036424096738,1989.8102527830592,6.00606632232666,0.26818633,1.5202522,2.8868675,0.26788256,-0.02431631852604899,0.20058520674633096,5.668641736024843,1.2625083353768922,7.156707442023386,110475.13,0.0010376370120383945,0.011475842446088791,0.08957403498560314,0.6122543557816803,0.26175127159567924,0.03641606169316854,2539.108543144829,2887.9323786000305,5.924304008483887,0.14553675,1.0120392,1.9732475,0.145521,-0.008069890402059878,0.6637252738642543,6.953839361561326,1.2853347914762123,8.938011665812919,32533.932,0.0002977687046198568,0.0033843391574919224,0.10052802332477703,0.16114080668475547,0.6550813151897584,0.08324620829143928,5278.6419602893275,3007.098281509494,6.426759719848633,0.21358466,1.3631821,2.56176,0.21356753,-0.005192099742661045,0.39684923805848715,6.382396836901754,1.2730350761204645,8.125015043134276,70069.875,0.0008258587867163491,0.007287322543561459,0.25615885992413406,0.2557079322659832,0.4473829868711472,0.04074522061172803,3582.22943898957,3184.774046575712,6.183245658874512,75,44400,1
0.14790915,0.90055466,1.7539978,0.14646181,-0.016954966604946543,1.1333343615626683,6.088566257414622,1.308588704496132,7.967429031082931,33603.25,0.0005424231493466033,0.0034309569746255875,0.002204757584821765,0.004934313712641939,0.8460801167578624,0.1467541942187308,7021.659672507079,1984.0099594787055,6.011859893798828,0.26925462,1.7356873,3.4277916,0.2689447,-0.033092514030147346,0.20846464335176274,6.446267197308651,1.2615902244595263,8.132547680408905,111357.01,0.0010956834297020806,0.011569453403353691,0.09629336227009097,0.6092984434462279,0.25975858042355093,0.034645186361283616,2511.458894110306,2866.0509423540834,5.910337448120117,0.14712307,1.1536598,2.128315,0.14710644,-0.007932117451103397,0.6967627600563673,7.841461109760256,1.2867579206936925,10.090062192864146,33247.02,0.00032644350241557295,0.003461315296590328,0.11378743580495336,0.16142075232134773,0.6415699304951488,0.08321783668997197,5200.937243729238,3048.053787307929,6.430995941162109,0.21709166,1.5398979,2.8324127,0.21708438,-0.009348531734701522,0.40583248968196584,7.093307433159203,1.273472722570486,9.033133528976327,72389.83,0.0009014038481128824,0.007529313676059246,0.2673044189301312,0.25916854995958577,0.43345158574095377,0.04006916009150009,3484.066608928273,3189.9748646301564,6.130951881408691,76,45000,1
0.1438828,0.8817673,1.7587662,0.14250407,-0.010398720776593932,1.3008523904184806,6.1283718166800005,1.3179202167556519,8.076705113054269,31798.668,0.0005575239082956136,0.0032506627030670643,0.0014134104884349341,0.004012449489292809,0.8652844357073373,0.12928478618290212,6962.50137533088,1847.2566711066386,6.036480903625488,0.52634287,3.3967018,6.5107346,0.5261713,0.02180273825069864,0.5639227516221363,6.453401411992041,1.2830753701595587,8.28020040549564,425528.6,0.043280731234933964,0.044179897755384445,0.04437514118386156,0.8595940064821934,0.08373732898576182,0.012291778936200374,1413.786589366169,1726.2154197240866,5.413515567779541,0.18119249,1.5991211,2.8037071,0.18118784,-0.02639085532288579,0.6632691213935358,8.825537504324371,1.2824342286339063,11.318171381700301,50427.98,0.0007149086105875547,0.005248153116554022,0.050808858795873796,0.36374115002905166,0.4794867901275154,0.10596134864745665,4347.371704028975,3227.1146688933222,6.677512168884277,0.3557941,2.6563644,4.940796,0.35578975,-0.0608537520887418,0.43126895122604925,7.466015952275748,1.2755002145825896,9.522904949231517,194441.39,0.006911036242449362,0.02025650255382061,0.1161170577536851,0.6333668562822268,0.23351580168899475,0.01699807735494714,2106.2030440405624,2420.2763330386024,6.071849822998047,77,45600,1
0.14233166,0.89616776,1.7906189,0.14091782,-0.00663463395124315,1.43943350662094,6.296334606219181,1.3272277005757718,8.356669701526654,31116.752,0.0005907417475084383,0.003177281469106674,0.0012402654040373595,0.0038035380130807374,0.8730283326384235,0.12192370356816648,6922.74430668856,1795.8961858015841,6.067610263824463,0.61494565,3.1532288,6.270981,0.61480224,0.027504856854588505,0.2632862200480668,5.127654385788568,1.2679053754058929,6.501380558975499,580850.94,0.03765087423288829,0.06044991314411163,0.04120576789090578,0.8811018124080066,0.06659361923609093,0.011097029661982337,1331.2070512454313,1557.1921525572916,5.055453777313232,0.20210552,1.4175415,2.6363373,0.20210062,-0.0022744593263055923,0.4170095029534431,7.01386824456357,1.2726762100061857,8.92638325501807,62740.44,0.0006957587419459191,0.006531593855470419,0.05909508121975013,0.4445088582059065,0.4295529080707029,0.06684107592244275,3719.2356463890255,3167.4666886280315,6.312579154968262,0.41532585,2.6351929,4.861641,0.41532174,-0.020783937044584238,0.34269898054885006,6.344880458347917,1.272401129998926,8.073233064929429,264953.2,0.01019691182321547,0.027606351301074028,0.09240743922817256,0.7018689705000725,0.19161186789955725,0.014109778310022556,1863.7074853884862,2208.2899792527855,5.658380508422852,78,46200,1
0.14268996,0.88653564,1.6952515,0.14129779,-0.011096326723782012,1.4694275902851501,6.213020563021889,1.3278394039536918,8.249893521212835,31273.611,0.0006091466120639205,0.0031944923102855682,0.0013361954214548058,0.003717393517462808,0.8734397500516466,0.12150336834327585,6929.649334006221,1793.5248166102808,6.067254543304443,0.67231333,3.9509773,7.6037407,0.67217004,0.02070238191445688,0.42820239221411827,5.876690427070505,1.2760890098834798,7.4991800684832794,694280.0,0.08748548107717267,0.07223668694496155,0.03953172490034434,0.8934256130900334,0.05780758983211508,0.009233189836253063,1239.065891981841,1449.420863891361,5.084394931793213,0.23465477,1.6823769,3.0714035,0.2346502,0.005727731355959133,0.4214542136242221,7.1695830712227275,1.277273039170644,9.157515159006078,84576.555,0.0012778148839279306,0.008807932026684284,0.048724695194915985,0.5845875920369935,0.3187601936524858,0.047926402157087815,2900.77980099229,3045.643011234129,5.731412887573242,0.49681962,3.4046173,6.028557,0.4968175,-0.019114546107647633,0.7610735184937032,6.852823850500589,1.2983143214226447,8.897119347309495,379130.47,0.04636833996774994,0.03948378935456276,0.07895633289792178,0.7785999687127344,0.13304267755529744,0.00939992472861692,1483.3510422444363,1929.5153605831856,5.203532695770264,79,46800,1
0.14223914,0.88768005,1.7016411,0.14087537,-0.006200380140203799,1.4222079826133607,6.240758086456926,1.3257472765341836,8.27366803668712,31076.31,0.0005821562504307504,0.003175688674673438,0.001997618571348678,0.003809573205372288,0.8723297272757539,0.12186006147863969,6918.36202694924,1805.8596230286264,6.072700023651123,0.652671,3.2746315,6.4893723,0.6525258,0.013204862986622438,0.1556719000465252,5.017277622407359,1.2624189140961348,6.333906167808039,654304.3,0.028247982562460704,0.06814653426408768,0.04267715407832855,0.8855946439552314,0.06150708311189949,0.01021914061831576,1295.3647917579592,1487.4331777620685,4.967443466186523,0.22049327,1.3367653,2.6325226,0.22048672,0.006529867665657033,0.39067402961463316,6.062612602630614,1.274243478226548,7.725244569951175,74676.15,0.000923412842961942,0.007776813581585884,0.05899139430327072,0.5448193415336479,0.3437502469532077,0.05243777835185309,3093.442216588667,3103.577682442089,5.829801082611084,0.4435641,2.8861046,5.4322243,0.44356054,0.004155605556690444,0.2961697130765715,6.506623658965409,1.2694577003510994,8.259883507178905,302206.62,0.011464791231798542,0.03147193416953087,0.07991620801520843,0.7476531935682861,0.160333855215608,0.01209508138427556,1680.8672524455178,2093.3376757013993,5.395878791809082,80,47400,1
0.14353897,0.8792877,1.7305374,0.14214353,-0.0064260468331306265,1.4515673686174981,6.125777128513827,1.3266981921485455,8.127057441960824,31646.875,0.0006161925733632677,0.0032299011945724487,0.00340259472084597,0.0037421405978904487,0.8806178776309784,0.11223374132934937,6888.300123987485,1725.9944297810457,6.111049652099609,0.68135804,3.5222054,6.911373,0.6812229,0.05214511282787982,0.23050170888355304,5.169389879053317,1.2661610864560495,6.545280305586661,713086.2,0.049679325148372935,0.07428246736526489,0.052492539134605345,0.8792786255962859,0.058703306530869026,0.009523666893752888,1266.529114994685,1449.7104758954454,5.076530933380127,0.22618765,1.4255524,2.7199745,0.22618347,0.04995338076993418,0.4266768917408461,6.30252089765341,1.275355202709409,8.037952817042587,78583.07,0.00111679805467523,0.008184267207980156,0.060070193977723646,0.5479954003693299,0.3407658239027225,0.05116726232591579,3069.6680899474313,3087.5120174183553,5.8566460609436035,0.45666176,2.682495,5.0764084,0.45665917,0.0012031055475814803,0.28032776601421183,5.874140003404217,1.270363651026845,7.4622939413837654,320317.38,0.01219115080735889,0.033367935568094254,0.08796709400295949,0.7438463875008638,0.15650408160084955,0.011680754373229357,1659.0225194324062,2075.917469757391,5.454710006713867,81,48000,1
0.14421897,0.88157654,1.7320633,0.14278701,-0.004453093836784365,1.3802296383440735,6.112764224432993,1.3226057148795558,8.084776897002433,31947.432,0.0005970914650948648,0.003261469304561615,0.0030270962325626106,0.0038660162962028855,0.870043940639741,0.12305940806500844,6919.64653843662,1824.9049346159534,6.068428039550781,0.830914,3.962803,7.89423,0.830795,0.10322566705284668,0.10806348545076183,4.769209315291987,1.260822735069934,6.013127533034687,1060482.1,0.051511395988761095,0.11039090901613235,0.05541408054272247,0.8924673893749221,0.045323660234044216,0.006793362853791724,1140.495881904339,1241.7129032006499,4.9432373046875,0.23941621,1.6152382,3.1377792,0.23941222,-0.0006181468587564036,0.36467199565784814,6.746569821873302,1.2733547839569437,8.590776958017795,88043.71,0.0011981650116742024,0.009166568517684937,0.06494100778075207,0.5782049082694158,0.30984280661099556,0.04701001675580942,2880.567745815829,3006.906534269541,5.973067283630371,0.5420827,3.199768,6.0572624,0.5420797,-0.03703349568744628,0.5497475146513966,5.902730168828138,1.287809342274072,7.601591056353909,451359.25,0.047470690706264224,0.04701102524995804,0.09086760364343101,0.7868786583311138,0.11374178191381032,0.008510851642358012,1418.0464865705032,1804.3132165149948,5.293500900268555,82,48600,1
0.14421484,0.89092255,1.6958237,0.1428645,-0.007434747636071149,1.416979392719111,6.177745328737809,1.3255630180975728,8.188990743056657,31945.604,0.0006129193453306418,0.0032640937715768814,0.0022464943724475233,0.003864343113561223,0.8716293308719699,0.12225634726854938,6922.498693000291,1808.5620160765222,6.069066047668457,0.8045268,4.7478676,8.542538,0.8044031,0.16532562561467593,0.3811739856467211,5.901441132272783,1.2725612547102054,7.509945331892803,994196.56,0.1596927974021218,0.1034192368388176,0.045845808692853394,0.9016392190649664,0.04510142053362217,0.007412020795717013,1142.0749963921476,1278.6342573406557,5.004334449768066,0.27814952,1.6935349,3.1486511,0.2781434,-0.01625702765955222,0.23779765521679064,6.088577392238751,1.2707286946949607,7.736930002216611,118835.95,0.0014233798008441185,0.012367509305477142,0.04029532485506494,0.6908125840210276,0.23060521725138616,0.03828603603497558,2311.834730563099,2805.940319286178,5.2984418869018555,0.57243437,3.3460617,6.4457893,0.5724319,-0.0858879320801952,0.6105708788430779,5.845319405582647,1.2867170053364476,7.521271880799467,503318.2,0.06555999030866484,0.052371829748153687,0.07539887381514444,0.8159137105654405,0.10080249921989591,0.00788380383826529,1300.923979375753,1742.6790790089065,5.035253524780273,83,49200,1
0.15177576,1.0066986,1.9439697,0.15034786,-0.02245008229464601,1.0211159728405637,6.632802182745772,1.3034368865332873,8.645439026126303,35383.117,0.0005418570927760946,0.0036165257915854454,0.002385450404964351,0.00506232482561212,0.8512929361588094,0.1412324581173983,7004.5402747170965,1958.338657444624,6.013055801391602,0.31365836,1.9841194,3.5449982,0.313395,-0.02500812004852297,0.1771135883893149,6.325734268212401,1.2612137247381563,7.978102878141392,151114.1,0.0017142704268522811,0.0157035980373621,0.09486463628906967,0.6639588390009661,0.21370125686518313,0.027470790154113606,2164.2786429766784,2651.5734482745384,5.771254539489746,0.15690206,1.0214806,2.023697,0.15688485,-0.011726352202738866,0.5500315591343292,6.510306881023064,1.2796201699850862,8.330719997802905,37813.645,0.0003333513283111596,0.003939004614949226,0.12007522238488053,0.1730080383078922,0.6345868893670034,0.07232613320766137,5047.854238441151,3028.634608237161,6.397568702697754,0.23621103,1.4136314,2.7199745,0.23619163,-0.025267880119897213,0.3144646233308839,5.984612273087954,1.269416924490844,7.596968106005631,85702.125,0.0009789770278577775,0.008931346237659454,0.3062616006397476,0.2577877801078631,0.4023035549228599,0.03364261294769493,3222.918141815556,3112.4625114259566,6.165463447570801,84,49800,1
0.15003282,0.97198486,1.863575,0.14857058,-0.014662526433748152,1.0399625835938187,6.478481669379929,1.3042444839432417,8.449523981672494,34575.12,0.000526941961776924,0.003531254827976227,0.0022172357183264414,0.004853262621540258,0.8533024881697531,0.13960029927559497,7003.5220982342125,1937.8634684149815,6.015018463134766,0.30307165,1.6824722,3.3117294,0.30280706,-0.019323414568199672,0.19432545778462496,5.551400933586694,1.262821298881595,7.01042733758758,141085.31,0.0016394981875509067,0.014675887301564217,0.08727720366195388,0.6598125892027137,0.22420165571585948,0.028703974344212724,2245.996108605732,2687.8276136388267,5.878715515136719,0.15502101,1.1090279,2.0676613,0.15501033,-0.01159645887898583,0.5625951307045898,7.154048663818069,1.280039786816885,9.157466926570374,36912.41,0.0003249063788553786,0.0038422257639467716,0.11719072396480802,0.18016684887792703,0.6291745709882501,0.07346403824382046,5049.169247120819,3030.688186670496,6.4240875244140625,0.2302004,1.4450073,2.7655602,0.23019518,-0.007873725163419545,0.3401071363353858,6.277171350150907,1.2706459683730928,7.976062468890984,81396.055,0.0009550805537801076,0.008471440523862839,0.2759967964107468,0.27842546395515494,0.4104995635026758,0.0350733353611906,3328.561909664736,3111.675355696064,6.277281761169434,85,50400,1
0.14905204,0.9455681,1.785469,0.14760078,-0.01757786604261183,1.0060260604269295,6.343878905610334,1.3036240236679797,8.270032944649648,34124.56,0.0004965476311503565,0.0034869001246988773,0.002216625446526121,0.004741346548501412,0.8532047212446262,0.13981269646437902,7009.070857936335,1935.5848909845597,6.014299392700195,0.3062495,1.9564629,3.5953522,0.30598527,-0.027431421534979773,0.15420517865834382,6.388460599736167,1.25958744332978,8.046824753660987,144059.53,0.0013564397503628893,0.014998971484601498,0.0940139141620011,0.6606347596827803,0.21725353945577883,0.02809337418952056,2202.160830974022,2664.0426710110773,5.811934471130371,0.1530613,1.0816574,2.0648956,0.15305041,-0.007855708402209971,0.5434168865703928,7.0668248996546605,1.2796008532500436,9.042715171425836,35985.04,0.0002982598026917967,0.0037512723356485367,0.11802045226152115,0.18562039053637694,0.6215570129463577,0.07479765188187154,5016.430539058386,3071.8339805423648,6.409810543060303,0.23108959,1.4268875,2.6382446,0.23108335,-0.006591256250247079,0.3022984264560278,6.174607432447539,1.2692067016102606,7.836853133108854,82026.086,0.000862099572368722,0.008548243902623653,0.30608296549480174,0.26336959406990723,0.3962936314382436,0.03424817417427571,3206.5812835976567,3143.6179607757003,6.077286720275879,86,51000,1
0.15308113,1.2636185,2.214241,0.150859,-0.02345704655139368,1.0172100649972222,8.254566951054608,1.3030331530603132,10.755974401450404,35994.367,0.0005585953695224554,0.0036427064333111048,0.0032767440546653767,0.0103982392772362,0.8373607287555955,0.14893624632823224,7003.944145894326,2040.673499079039,6.098116397857666,0.30574742,1.5974998,3.1822205,0.30567494,-0.021539045805732824,0.14928890551044782,5.224900506173415,1.2601191902556903,6.583997395027325,143587.56,0.0013046040901923993,0.014952722936868668,0.09212783185115445,0.6539279333248283,0.22214472993334028,0.03179414641211879,2272.885140154106,2726.4414142150517,5.860860824584961,0.15636091,1.3905525,2.476406,0.15603127,-0.045388561614750106,0.6891627987299334,8.89322354665236,1.2828533637497945,11.408701741474822,37553.254,0.0004119405798210507,0.0038977100048214197,0.12086822540285744,0.18482830026337677,0.6029989359009296,0.09129657845551097,5062.189083520784,3162.8524054604413,6.503887176513672,0.23351647,1.8699646,3.4849167,0.23337123,-0.012275055776010653,0.33415256235796154,8.007848880303783,1.269510048151935,10.16604461767141,83757.99,0.000993607498740314,0.008708713576197624,0.29438942302769483,0.2687171622560229,0.3959359569897333,0.04095036605592716,3278.1635568032293,3198.5277797412673,6.124408721923828,87,51600,1
0.15307693,2.9533386,4.145336,0.15082741,-0.026391107326433214,1.1695280173887719,19.293165780367126,1.30459072775773,25.16968518632411,35992.395,0.0006421694279756047,0.0036428074818104506,0.003396134822900581,0.011161848919508386,0.8341081233949724,0.15130598812559418,7004.293306056073,2059.66865187221,6.103278160095215,0.3049267,3.2574654,4.9661636,0.3048619,-0.02747646732948628,0.21731046183878044,10.682781903397476,1.262649707336586,13.488611443909637,142817.72,0.0018787215298815905,0.01486518606543541,0.0916049854549872,0.6537593384389532,0.22254318111006033,0.0320870149016981,2280.5843154531035,2728.6171362263317,5.858320236206055,0.15597102,2.3745537,3.594017,0.15557502,-0.0714502927994662,0.9159837293446214,15.224326117759228,1.2859983946780351,19.578458947618774,37366.207,0.0005420800366817887,0.003875004593282938,0.12232886484137682,0.18329818541401208,0.5987388824207506,0.09562638366366531,5081.032968601816,3180.2513618120643,6.522895812988281,0.23342906,2.1925926,3.7345886,0.23326556,-0.01646263533429384,0.37832956327401446,9.392972008734137,1.270966391974771,11.938151743911986,83695.3,0.001123284999231883,0.008709446527063847,0.29240495064008515,0.27432603940284256,0.39127347684381486,0.041989103684060176,3264.752645119482,3206.3192930697237,6.107138633728027,88,52200,1
0.15157655,1.7798424,2.9491425,0.14919694,-0.021758371632813956,1.1137473714173973,11.742201485747035,1.3063248262450728,15.33912931570433,35290.293,0.000587915283538816,0.0035589623730629683,0.003366511191234808,0.01105184873689072,0.8291027902511968,0.1564529704491703,7030.122740158633,2087.9014630616093,6.087810039520264,0.29816377,1.8177032,3.4500122,0.29809818,-0.02381199673738187,0.175556473613931,6.09632497312222,1.261453452490924,7.690230184877455,136552.9,0.001387510704110585,0.014211521483957767,0.09586531475936247,0.6468707863921817,0.22482885255836227,0.03243044662753989,2309.925126818823,2738.96956385292,5.9335618019104,0.15518148,2.108574,3.5517693,0.15479238,-0.07709668206480548,1.1071438902034814,13.587793340315066,1.2912312342848475,17.544983166135516,36988.867,0.0006420423165236875,0.0038292575627565384,0.13025615238616534,0.17612416980959106,0.5931641165928424,0.10044772495366686,5093.201358655748,3210.2394863627937,6.543176651000977,0.23270626,2.2928238,4.501915,0.2325505,-0.013735067619820872,0.3723036447744841,9.852866680161158,1.2702007233330215,12.515118384098308,83177.79,0.0010917660384558308,0.00865701399743557,0.3065715152455894,0.27022664868248203,0.38163207208451166,0.04156341328315061,3204.038971542956,3202.5366331550863,6.098697185516357,89,52800,1
0.14880289,2.4137497,3.6244392,0.14640336,-0.014751600561313964,1.5141559335243766,16.221120923969345,1.3254376429214667,21.5000842831545,34010.574,0.0007423625978025584,0.0034290538169443607,0.0026944098989037644,0.011127629094873175,0.8561520302746283,0.13002003910743598,6916.233210752001,1908.2125719856701,6.167511940002441,0.7469442,4.042053,7.6958656,0.74691933,0.1124994213372077,0.26526061177639404,5.411452799003005,1.2678287411321782,6.860795389865368,856973.75,0.08257058828859411,0.08925177901983261,0.045041816749585975,0.8907075456123341,0.05493352795386483,0.00931548576055469,1226.9969184498875,1408.3813867496337,5.053609371185303,0.26258704,3.00951,4.4629097,0.26238275,-0.02382764996531457,0.4267667155707491,11.460999875225324,1.275951546627034,14.623680516741683,105910.195,0.002029007701678189,0.011019936762750149,0.04386882512077862,0.6411597330749582,0.26462043271894137,0.05034827818392568,2626.927828123695,2996.735316572308,5.513679027557373,0.51726496,2.906227,5.618477,0.517193,0.00623232172054777,0.4686683456177705,5.61844958427245,1.2794969333823218,7.188789013453678,410976.8,0.03355195794459767,0.04281961917877197,0.07500349738269202,0.7837227899827273,0.1310586856729054,0.01021366213189231,1487.282825808556,1934.4795882627461,5.160884857177734,90,53400,1
20.92004,330.0661,491.80783,20.919235,-3.5943545136373505,66.44062854237714,15.777508026438769,5.922651641331023,93.44468380890542,672227460.0,12725761.671783991,59.06118392944336,0.9769999551106937,0.022018041215472416,0.0007878591355113871,0.000194088764145169,115.35770441375726,251.74095146086265,3.5775182247161865,19.790468,345.74442,510.799,19.78943,-3.9817286961485645,73.77275587271491,17.470249390293265,5.3000478495097605,92.59315771142771,601593700.0,11316712.530339392,53.91381072998047,0.9599165991069631,0.03870125460777268,0.0011342709251090592,0.00024779247811329287,139.76431574504463,302.98349430952277,3.939521074295044,0.26813373,2.9931068,5.2490234,0.26792988,0.04656398611989338,0.46884137699966555,11.1627390012449,1.278659727913241,14.273344814151557,110431.805,0.0024234369740532475,0.011486679315567017,0.0451653739608579,0.6450335615725756,0.2604550910900855,0.04934324195790746,2582.3230721175487,2979.5920283760943,5.538716793060303,0.5622686,3.7157059,6.6563606,0.5622092,-0.07967536675319203,0.5841554001628184,6.60841770992693,1.2864384503608803,8.501322638110917,485600.22,0.05838533348778063,0.05059000477194786,0.0863661144104227,0.7932758626753897,0.11139476652138093,0.008961959098252611,1357.43343799943,1821.4360017967074,5.110192775726318,91,54000,1
0.23836727,2.613449,3.9710045,0.23692109,-0.02101162907215066,0.24781932528228756,10.963959306947377,1.2659616327831684,13.879951826049547,87273.92,0.0008000584060072344,0.008980653248727322,0.0649764715491001,0.29294539203447884,0.5461474619638482,0.09592286419317954,4592.163537801004,3127.8241247484016,6.837515830993652,0.82252276,4.2158127,8.324528,0.8225033,-0.06296300476744904,0.21646146847799974,5.125466298322378,1.2659066442997875,6.488361842188823,1039171.06,0.09907687403346054,0.1083545833826065,0.06096664460754237,0.8838557595524209,0.04699164676333191,0.008184024831002508,1175.5897866392004,1297.5131544342998,4.964280605316162,0.24096072,2.4104118,4.122162,0.2407246,-0.02468519455121902,0.3846999980156851,10.003339393673004,1.2705365338703856,12.70960816041913,89183.336,0.0012969020380428772,0.009278398007154465,0.0736604041895982,0.5424146638185746,0.3292427361005695,0.054679171975649005,3048.4454628784138,3087.526225901847,6.1003642082214355,0.5417114,3.5185814,6.755638,0.541647,-0.12900526709841834,0.552943652163068,6.495306274166472,1.2804652805274859,8.317014170477863,450741.12,0.04761598199496094,0.046974197030067444,0.12568144832930167,0.749810302342411,0.11510306878515016,0.009403792064181222,1423.1310295454352,1841.009431831292,5.37916898727417,92,54600,1
0.24401033,1.6205788,2.9862404,0.24268527,-0.00629252034816678,0.22154941394595973,6.6414351018118,1.263875769006421,8.393948896643028,91455.04,0.0007854227005915397,0.00942267570644617,0.06616727678933934,0.3085669898455045,0.5372945605374166,0.08796274056713603,4481.252662421942,3083.036724223161,6.864033222198486,0.85378903,4.581356,8.971882,0.8537635,0.028351496050196594,0.16895062629724178,5.365911108625728,1.2637099648504813,6.780955338480167,1119676.0,0.08977638024379934,0.1167788878083229,0.07510000607956835,0.8687825930043239,0.04829484680664921,0.007821083194547579,1172.633548479253,1272.2530601399121,4.938450336456299,0.23856696,1.9577026,3.6008835,0.23837341,0.003326931258282433,0.3172278589409183,8.20609273300088,1.2674977494069575,10.401204070547003,87420.2,0.0010275726616154118,0.009099666029214859,0.09055118612916786,0.5266177154529637,0.3307838891702679,0.0520445577134268,3063.1629365214426,3054.5737143698793,6.193228721618652,0.53590953,3.4584045,6.1403275,0.535854,-0.14786538039531225,0.6324734163234949,6.45333647718144,1.2800745230746584,8.260751613283743,441137.75,0.052168482991549775,0.046001333743333817,0.1516068310578249,0.7207713491862395,0.11831559565933984,0.009304676555176736,1459.7557782257002,1848.247688847278,5.534147262573242,93,55200,1
0.2555941,1.9203186,3.5219193,0.25428402,-0.04782644370531516,0.25946412301880617,7.513156874455743,1.2655728284820065,9.508447196471186,100344.35,0.0011073391229102696,0.010344100184738636,0.06747393824965725,0.3164669453158679,0.5208051882232763,0.09524217302694232,4453.5882804933435,3127.0408071870497,6.895724773406982,0.86440045,4.786968,9.268379,0.8643817,-0.012203176173950753,0.15545411755168015,5.537905783192636,1.2627202084385496,6.992825544874144,1147680.9,0.08678849549347932,0.11967521160840988,0.0853563431916907,0.8549326740695197,0.05004812051729585,0.0096601637754379,1189.8668492544682,1334.2352232593446,5.001760959625244,0.23813242,2.2827148,4.14629,0.23793639,-0.031873708280062835,0.2982185746692432,9.585905483015782,1.2665903579956628,12.141415457496533,87102.03,0.0009589782816421697,0.00905848853290081,0.10221642534844019,0.5094280272317488,0.33477834933061423,0.05357424212983107,3104.6707113957536,3072.3706392664076,6.2426228523254395,0.5199677,3.7947655,6.6721916,0.51990443,-0.08624632931943388,0.40877143864168186,7.298079579426128,1.2735532666194538,9.29449308844475,415282.78,0.029880366936246638,0.04325073957443237,0.1658425769158502,0.699458235757855,0.12432941614343747,0.010368250384427605,1504.4232908602457,1903.5623677343183,5.611891746520996,94,55800,1
0.26413068,1.8432617,3.644371,0.26292598,-0.0243345467444396,0.2707637879882463,6.978597512823703,1.2660337037341411,8.835139656063507,107159.08,0.0013178500293414737,0.011059504933655262,0.05245618692764366,0.33007368469391973,0.5097369249175286,0.10771545608127739,4516.745083215589,3196.805569818627,6.913400173187256,0.91208756,4.576397,9.044266,0.9120669,-0.004104256195769875,0.21222363888425466,5.01749738110543,1.2664758960717193,6.354539491779971,1277804.1,0.14687229662325557,0.1330060213804245,0.048646794243968394,0.889390102910862,0.05086172916971763,0.01109781747214872,1212.6727122045686,1363.4865968619665,4.994297504425049,0.25286174,1.6059875,3.0795097,0.2527067,-0.030253316554185113,0.20132110719341734,6.351247761810635,1.2629325210458373,8.021197347641957,98210.39,0.0008230415988424343,0.010220283642411232,0.06522525032745422,0.587231794230577,0.3008044006847686,0.04673590064593153,2859.7540606280777,2982.9849807611517,6.065903663635254,0.56008106,3.2644272,6.286335,0.5600319,0.018376723072734365,0.41626624279898783,5.828490536088764,1.2758588617745843,7.436331301251424,481829.1,0.04096139644043116,0.05018913373351097,0.08978984145575912,0.7937807286855141,0.10745400849499279,0.008974268536206639,1401.4706439134084,1788.164868621104,5.331101417541504,95,56400,1
0.18123196,1.793766,3.2502174,0.17946735,-0.013589197857257198,0.6335623961694181,9.897625204974942,1.2824380964742634,12.693091627553793,50449.957,0.0006834843080971587,0.005150306969881058,0.021295266469346735,0.12083190175046703,0.6891254225529478,0.1687137664452442,6252.151698422333,2850.963878850025,6.704257965087891,0.33694914,1.8428802,3.6343575,0.33689532,-0.00826204508079923,0.15949893386593894,5.469312816554097,1.2615757320624226,6.899952320443102,174389.34,0.0020559625170024475,0.01815330609679222,0.09183916125134381,0.6858827565689912,0.1858076487213136,0.03645889659763647,2099.730326350958,2669.4148806280314,5.855754852294922,0.16741858,1.6265869,2.8223991,0.16718997,-0.05772852954081543,1.0254067441953083,9.715689100810117,1.2889226908148665,12.522772139011646,43052.51,0.0008055839955062166,0.004475544672459364,0.09751571712533176,0.2014121813578852,0.6069567675133217,0.09410875939081882,5115.044312515546,3120.6634920424135,6.563932418823242,0.25129732,2.222538,3.9299011,0.25118995,-0.008070206625786605,0.3458658760853779,8.84425648103088,1.2693241900883112,11.226228694762492,96998.92,0.001379301401684468,0.010110638104379177,0.24315776720882104,0.36482832641102525,0.3534982726134692,0.03851027383472508,3057.2231719881797,3025.2506572793236,6.344191551208496,96,57000,1
0.18180004,1.3998032,2.559185,0.18005571,-0.014619022155931497,0.6369665031831664,7.699685764204277,1.2830646924423825,9.879194947006093,50766.727,0.0006958128891225081,0.005187610629945993,0.021337951663116084,0.12680489829570152,0.6756296435358387,0.17619082645029263,6285.938322875846,2887.8159869565766,6.715376377105713,0.34040603,1.8630028,3.541851,0.34035298,-0.004334484901372853,0.11428940241580587,5.472884175449955,1.2590846068208659,6.890824220242787,177985.94,0.0015345991121081283,0.018555549904704094,0.0847125458010437,0.694558787989192,0.18389430616655023,0.03682255568122368,2106.7860977211944,2668.501860820378,5.832031726837158,0.1665174,1.6320229,2.937603,0.16632284,-0.05578631990024259,0.9358441420445964,9.800914450802606,1.2863633417692322,12.607537065404513,42590.277,0.0007195186923357185,0.004428443498909473,0.09985615154826971,0.21072577731752853,0.5927472209521425,0.09666337099460641,5065.457078869314,3171.730164261221,6.547274589538574,0.24961929,1.5964508,3.0257225,0.24951799,-0.007970654064303393,0.29628120452511064,6.395542604779023,1.2672065362223088,8.104473391496697,95707.836,0.0011503147206720268,0.009972285479307175,0.24830233680686417,0.3620192226510073,0.3509655237113574,0.03870688133153637,3045.369895035365,3059.428364343121,6.271151542663574,97,57600,1
0.1830252,1.5183449,2.9312134,0.18125515,-0.01601050041367861,0.6821478906613709,8.2958243493826,1.2839130235629284,10.651116923420972,51453.273,0.0007654592311057172,0.005252539180219173,0.02352388134848145,0.12899250042447696,0.6656606151603914,0.1817833244421391,6292.06861812238,2919.6433032355617,6.734270095825195,0.33195215,1.9365311,3.7352562,0.33190495,-0.019757023510358924,0.15778392924834783,5.833765619054208,1.2609604611763359,7.356147785419408,169255.27,0.0019158642546313702,0.01764669269323349,0.09388372788521303,0.6712210454426666,0.1949465938021653,0.03993532005698123,2198.6847692190127,2734.042988461591,5.931802749633789,0.1699563,1.899147,3.205967,0.16976082,-0.07425909682167325,0.9533122298473904,11.174325816416614,1.2856332724211357,14.366085066544198,44367.58,0.0007953974637125499,0.004604502115398645,0.1290973522116717,0.21109151173504176,0.5625801657399326,0.09722425115653872,4889.996729687647,3254.2807861167444,6.534614562988281,0.25306684,1.8550873,3.3637047,0.25296307,-0.00390803466866464,0.31094752406106885,7.330424232917008,1.2688233515047183,9.301013443197915,98369.79,0.001275346094392299,0.010234625078737736,0.2834789971281834,0.3395859352523169,0.33822777878361543,0.038700938837432544,2956.0410261240318,3071.6892643591345,6.2079620361328125,98,58200,1
0.15256861,2.6109695,3.8592339,0.15057063,-0.02069688676199094,1.1529781485111812,17.11341257370331,1.3061488220547048,22.352663674625266,35753.75,0.0006247148331124251,0.0036261803470551968,0.003014654684305578,0.010913119728463917,0.8155851493346864,0.17045442282817913,7085.4147079147,2189.554575712066,6.002682209014893,0.33272243,1.8325806,3.6554337,0.33267224,-0.007498670484818683,0.09483856762514575,5.507836040395072,1.2580324377097856,6.929036400424851,170041.69,0.0011622867292078675,0.017696158960461617,0.09168362356915201,0.6806651149290542,0.19241056282689023,0.035227807921400706,2149.038869798719,2669.8020898215977,5.906674385070801,0.16880864,1.9990921,3.3109665,0.16864227,-0.05209189530339968,0.8404639149464366,11.842356607426867,1.2831547202625408,15.195575779942091,43770.406,0.0006824922845873338,0.0045502278953790665,0.12820453579729324,0.22063477195264924,0.5569782243949161,0.09417636573127242,4830.273062104943,3254.4818572096833,6.493138313293457,0.2525453,1.8708229,3.5108566,0.2524402,-0.015404262692737213,0.2850076742007208,7.407870697375699,1.267135743368125,9.386777742931274,97964.75,0.0011593476776055025,0.010189519263803959,0.28111253144030646,0.34277918576191435,0.3385633584360346,0.03753890328528276,2938.503555560394,3065.5223003999386,6.148563385009766,99,58800,1
0.16360533,1.2730598,2.4321556,0.16165783,-0.009799660795729569,1.3238292745631766,7.781285771592482,1.31588908884317,10.23930904407174,41113.66,0.0009484660686007821,0.004178838804364204,0.0026934278335023296,0.010062939162710045,0.8419151550227167,0.14529426601506296,7049.62080478813,2049.1829241486626,6.006160259246826,0.33210945,1.8273354,3.621292,0.332057,-0.007687065550989776,0.15770533599348502,5.502208234487025,1.2608381507747357,6.937394055569032,169415.7,0.0019185420765319404,0.01763208769261837,0.10850028337183888,0.6376959810670373,0.22169212313563216,0.03210084374096621,2296.322731680824,2744.2825898353362,5.994612693786621,0.18092644,2.053547,3.754425,0.18074603,-0.04237120154850897,0.8352683782771071,11.350175690989838,1.2853435744893427,14.588875393819556,50280.004,0.0008950230338625783,0.0052275750786066055,0.16198892010642058,0.20630240224834065,0.5490201343455597,0.08267770901165698,4682.748572069123,3290.7723767121734,6.458061218261719,0.26775098,1.8503189,3.573513,0.26765883,-0.007435374927440868,0.377946403042432,6.910596253499255,1.2717284748573399,8.788402033850277,110116.734,0.0019424707275871552,0.011462979018688202,0.32723512136940613,0.28582387219766686,0.35420375548977406,0.03273090858063478,2984.984795884475,3104.6873455144864,6.083586692810059,100,59400,1
0.1640991,1.5886307,2.5457382,0.16202526,-0.024271746481767675,1.3333251447233438,9.68092270380563,1.3156467466067925,12.736674459491326,41362.2,0.000966853863549266,0.004202632233500481,0.002965326450826608,0.011808368276643376,0.837923668987521,0.14727331066212046,7041.619837522354,2069.7438721132366,6.040012836456299,0.32770923,2.012539,3.9095879,0.32768768,-0.0129103935754414,0.1894259024231597,6.141233566764092,1.2622896809828192,7.752015759855283,164956.16,0.0021847112620406004,0.017177600413560867,0.0973410401135939,0.6435720981946826,0.2268100001234237,0.032268735696961454,2340.771030918441,2750.060481553931,6.018805503845215,0.17801912,3.2327652,4.775238,0.17771758,-0.1708693439242835,1.8749711556565165,18.159651470714813,1.2962537669585998,23.539516625701587,48677.082,0.0018830471867196592,0.005053247325122356,0.1401393791295401,0.19934140208809492,0.5620825217566373,0.09842859906752745,4910.910848431758,3288.9480386881673,6.544794082641602,0.2614451,2.6641846,4.368782,0.26127145,-0.01761374149345222,0.4495294401134049,10.190225475935081,1.2729384770326346,12.97153009800557,104991.04,0.0021002945232132405,0.01091992761939764,0.2979945387359865,0.2932729066731923,0.3711793239902054,0.03754649820473461,3137.207805920946,3155.653792544049,6.142014503479004,101,60000,1
0.1583965,2.2859573,3.4694672,0.15629601,-0.004519388791841807,1.7588199052675249,14.431867966680445,1.3364292194830634,19.287170042515136,38537.4,0.0011071428690917588,0.0039080483838915825,0.00259094285123283,0.011148335387384063,0.8600467440637932,0.12620786844980925,6956.865042011434,1921.308850260085,6.097973823547363,0.94598466,5.306244,10.023403,0.9459774,-0.0034897415978731405,0.22302290312649875,5.60922825917817,1.267364102034958,7.108934535809967,1374546.5,0.17860180497609782,0.14307448267936707,0.04382310851657522,0.8996460577305437,0.04596739414663349,0.010559896882892992,1197.695808748343,1362.1912581166878,5.012361526489258,0.26953068,2.5075912,4.407978,0.269348,-0.05961888794761556,0.4090005090322686,9.303546492764148,1.2677618907081123,11.794681692001264,111585.46,0.002158523099693814,0.011602746322751045,0.05453803327000021,0.5764613848170496,0.3107606349656081,0.0582368565652789,3029.9509043126927,3075.8918038138263,6.149674415588379,0.5787884,3.795147,7.269001,0.5787233,0.03216903273148063,0.35594574875699614,6.557054260457127,1.272526139445729,8.344022944210094,514553.84,0.039945060497219555,0.05358833447098732,0.07806733905964494,0.7896682581003617,0.12306160183611745,0.00920134439071467,1489.4734029842364,1869.7605940714134,5.400759696960449,102,60600,1
0.16097845,0.9882927,1.9394875,0.15977828,-0.0047608411404176,1.6726627632214477,6.1392856352357255,1.3367782265183343,8.20686336361088,39804.0,0.0011232576090787387,0.00408040639013052,0.0013957203436900179,0.00446061873849753,0.8682771995152342,0.12586378409912638,6997.833686249583,1910.9340993859892,5.920463562011719,0.864664,4.58107,8.917332,0.8645841,0.03255670421503674,0.2243460447139678,5.298092496162011,1.2654270937619223,6.704349789907896,1148380.9,0.12540301098987547,0.119622603058815,0.04197538017216845,0.8858468457475066,0.06024707679087604,0.011927717378409326,1294.6263726672084,1470.0753558871518,5.090803146362305,0.26086006,1.5037537,2.933693,0.2608577,-0.011562307333623607,0.2619989929875266,5.764599176192807,1.2663418182503756,7.2999530022926,104521.68,0.0012131931588705176,0.010894163511693478,0.06242466884926385,0.5587995624884211,0.3355593181459843,0.043215392507898284,3038.7560650951723,3011.9935555416514,6.087775230407715,0.5324656,3.3966064,6.445122,0.53246546,-0.03663355203917843,0.25002698287890857,6.379016017603031,1.2663703676371936,8.078196859390669,435486.03,0.020098008569627127,0.04536835476756096,0.0802439139529752,0.7653537080623438,0.14512706845159537,0.009273919379069264,1621.2022236973376,1981.764455096157,5.578431606292725,103,61200,1
0.2801529,1.7485619,3.4423828,0.27949712,-0.010142429785982104,0.3308644947896484,6.241455789329015,1.2685381093560082,7.9175245266528,120553.95,0.002038123868611661,0.01249632053077221,0.034110589070519344,0.3022612015329648,0.5597610774236654,0.10384814129211833,4775.694329230705,3096.7983747342287,6.945148944854736,0.94846356,5.4141045,10.1940155,0.9483998,0.04423321721975143,0.3071801630297357,5.70828937962813,1.2710430377638855,7.2554814735255135,1381759.6,0.24858548403748995,0.1437469869852066,0.030778455827723674,0.9034625012000863,0.05543498463736135,0.010320474685460464,1234.428875618534,1375.2549424692418,4.880052089691162,0.25556937,1.795578,3.3877373,0.25556627,0.001457125123522914,0.2781559280161092,7.025795042468649,1.266879194862551,8.900833566706812,100324.93,0.0011866523948759443,0.010449531488120556,0.053663207422891684,0.5520563142452873,0.3542723196666627,0.040007052852835144,3129.3177031011423,2994.7232411092723,6.1421051025390625,0.5423143,2.9434204,5.711174,0.54231405,-0.017765254417738362,0.15029903427438773,5.427517694068724,1.2618042386967623,6.8484648319902215,451745.0,0.013000509900152777,0.047044433653354645,0.07158428557746807,0.77948763712874,0.14027112235826236,0.008655366851095761,1624.0063431160472,1939.8200594799416,5.581303596496582,104,61800,1
0.28729728,1.9620895,3.7899017,0.28667584,-0.005686233248892616,0.3420345347039695,6.829474848621424,1.268483804060099,8.663078235742226,126781.016,0.0023302150739727876,0.013148391619324684,0.032514391842449954,0.3379024248116253,0.5240351344532002,0.10552314927015011,4628.972317018292,3180.496003134169,6.913043022155762,1.035321,5.700493,10.661316,1.0352632,0.046978163570131494,0.31107052562620385,5.506014921061148,1.2736592202330224,7.012786670956902,1646422.4,0.3574036232740347,0.17148923873901367,0.024571965524660754,0.9213261423206822,0.04549922261428705,0.008599037691652508,1175.0506815623824,1262.7400487977525,4.80308723449707,0.26933247,1.676178,3.1236649,0.26933,0.005024606315269153,0.3090740219893129,6.22345307190171,1.2698681548740371,7.902964869390325,111421.41,0.0016263624920508063,0.011606371030211449,0.047322468995491494,0.6053108724823801,0.312398062088051,0.034967703651689566,2847.3349420437735,2914.881336362016,5.998886585235596,0.57703114,3.3360481,6.400299,0.5770309,0.011539142504044662,0.21803685320279786,5.781400552992075,1.2660406412972418,7.319488063718999,511434.2,0.02417279648298799,0.053292255848646164,0.06325725518214036,0.8089801070497028,0.12021249857609136,0.007548809923446647,1508.031637233142,1826.2089799289317,5.492912292480469,105,62400,1
0.30563775,2.8722763,5.1585197,0.30502042,-0.024895872732982053,0.39810156278623765,9.397649125058315,1.2696115221808617,11.931363610625969,143484.56,0.00347393622436658,0.014890477992594242,0.029943631772994767,0.3554986515406318,0.5187672674229742,0.09577687696580219,4483.661373064886,3109.7675673256617,6.907092094421387,1.0806389,6.0400963,12.061501,1.0805821,0.00028855636139306725,0.34071778433738764,5.589375289016759,1.271769322530539,7.108396024688358,1793710.6,0.464640612410457,0.18678689002990723,0.02339443577263875,0.9193303165090211,0.048690224239662946,0.008581809362233728,1199.6712479151433,1264.1186540103581,4.896783351898193,0.28694695,1.7465591,3.479004,0.28694257,-0.005099137249801069,0.3474145964643518,6.08669696192717,1.27129120928434,7.737964341302677,126472.016,0.002355344986530664,0.013166332617402077,0.04543047540328017,0.6331468329763446,0.29046383302260204,0.030958018541859797,2675.515903284036,2852.4742311024165,5.925530433654785,0.6101278,3.5877228,7.165718,0.61012775,-0.01792682229522041,0.3478735182484711,5.88028072009029,1.2703091786975522,7.469774572061189,571785.1,0.04820639370973744,0.059580788016319275,0.05609176713510476,0.8238389290175175,0.11334686708164779,0.0067212077414107365,1462.576215382022,1774.4517477635754,5.450377464294434,106,63000,1
0.31864437,2.4731636,4.8213005,0.31807902,-0.02244658645651832,0.3089599894460693,7.761516605348423,1.266337541531391,9.828699856602835,155956.6,0.0031851307491313698,0.01618097350001335,0.03986525154195379,0.3448197406192308,0.49145796047978196,0.12383056404518232,4598.761734738921,3283.7199266823304,6.967225551605225,1.1593269,6.795311,13.359737,1.1592748,-0.020843062700863026,0.49729565114607066,5.861427790384367,1.2780654059172043,7.49128808817844,2064443.9,0.8983350188463756,0.21527862548828125,0.0425511360267874,0.8960312738068382,0.04965898788412317,0.011753926816350959,1197.398047030525,1344.673353027115,5.009888648986816,0.29626128,1.6674042,3.230381,0.2962587,0.0010786838784735957,0.2482539814194089,5.6281542104889475,1.2660968418526348,7.125788271383716,134815.88,0.001912475174482195,0.014065174385905266,0.06135608155265999,0.6354518225367924,0.27415816830989426,0.029033064668067637,2545.0493126283536,2790.817179675328,5.948286533355713,0.6459953,4.553604,8.223438,0.64599454,-0.049547258048748405,0.3097727255606877,7.048973874604181,1.2693056380061138,8.947302281206738,640988.06,0.05394617548166592,0.0668555200099945,0.07816231251267766,0.8114695143058377,0.10431804342466147,0.0060491728991195655,1385.7283655495146,1680.536938205835,5.526865482330322,107,63600,1
0.21353374,1.7086983,3.227234,0.21264145,-0.004020464980044066,0.6060918331235623,8.002005860811023,1.2798084021402631,10.241034334689536,70036.48,0.0012600984959809111,0.0072266883216798306,0.0201061028749766,0.1563855277070856,0.689537504910482,0.1339457684314395,5848.398206914352,2796.035757278114,6.837247371673584,0.4465946,2.7471542,5.0807953,0.44647494,-0.004765020002741175,0.1924840824157079,6.151337837488599,1.2628790422961231,7.768395637064901,306350.16,0.007656824187829117,0.03191837668418884,0.08760737160359064,0.7452842685547962,0.14197503414578308,0.02512335034813815,1742.9807901490185,2329.3190632005108,5.669286727905273,0.18788858,1.3698578,2.6435852,0.18788214,0.0028392361972577537,0.5550749262225643,7.2907986516215315,1.2774068284352968,9.313315982377768,54224.05,0.0006917563018484154,0.005642326548695564,0.08611023788245478,0.28649858901610925,0.5703927783906623,0.056995887684376356,4622.293129998164,3061.741266266374,6.45174503326416,0.31092912,1.970005,3.5954475,0.31092808,-0.045151219095829996,0.3246330135962814,6.335865350955609,1.2685179263421065,8.037158776602858,148495.73,0.0030341585553888,0.015469240956008434,0.25651820823314897,0.438655883235979,0.2840734339448864,0.02075021495990087,2520.732741955199,2755.7074998263065,6.220922946929932,108,64200,1
0.2220825,2.0298958,4.025173,0.2211703,-0.005118981730389773,0.6155382012015007,9.140278148263452,1.2781604826433117,11.682742329531134,75756.49,0.0014973120789514498,0.007835161872208118,0.020919676005993346,0.17459924238295804,0.6619775414197255,0.14247743444854968,5786.619444340877,2865.431036048757,6.897487640380859,0.4680314,2.606964,5.02491,0.4679325,-0.007578543318689043,0.1488572626380673,5.570062341244073,1.2600652188565757,7.01864182307948,336466.0,0.007142825079229574,0.03501184657216072,0.07692151160065627,0.7642792336920042,0.13064316867321976,0.02814240019599522,1745.6891755966972,2333.6386734961366,5.709425926208496,0.1919884,1.3604164,2.715397,0.19198674,-0.0029631766391737245,0.5096853071812992,7.0859304897604956,1.2751497227550121,9.035622299526448,56616.258,0.0006924716757093747,0.005894483998417854,0.09397810116471993,0.30569962425811686,0.5440471190013442,0.05627125480586808,4447.773694716802,3125.433313625546,6.415372848510742,0.31908804,1.8159866,3.5985947,0.31908393,-0.036407593489077905,0.23061626306660088,5.691177341373416,1.2640216168202838,7.193771184676334,156391.19,0.0023907383360253663,0.016272326931357384,0.2295919284110222,0.4799902164723235,0.27029821181358094,0.020116214595967418,2447.790818009981,2714.254034229342,6.20211935043335,109,64800,1
0.22346425,2.2612572,4.138088,0.22264205,-0.012339231197664183,0.6259919733129884,10.119100329953213,1.278776284884507,12.940065526369064,76702.11,0.001560993108960076,0.007930058054625988,0.026696432605133852,0.17412488026051412,0.6633403347554877,0.13581814854359084,5717.956540428965,2849.5886208783754,6.9300947189331055,1.6661397,128.15332,130.89932,1.6660112,-35.084262410221264,1521.9352868618032,76.91631057721683,3.7842088006111054,291.0673793970157,4263969.0,11728.48346734457,0.434428870677948,0.7477627448237966,0.23618281837364463,0.013652320187079597,0.0024013054581116153,444.93271992750346,867.607401697845,5.125182151794434,0.19317587,1.4262199,2.700138,0.19317193,-0.00954022743165392,0.5111818269807915,7.383013007014567,1.2762349109344069,9.42245894748358,57318.78,0.0007118473752087193,0.005966524127870798,0.09830981985180856,0.3231376179284347,0.5246355013355058,0.05391376328769986,4306.321663471666,3156.3344854429324,6.378292083740234,0.32673204,1.956749,3.8370132,0.32673156,-0.045331949493860636,0.2744915476336329,5.988849350925747,1.2664205823612318,7.584402082696283,163973.89,0.003128209786297855,0.017028357833623886,0.25102887431623283,0.46904970775070537,0.2612318051745348,0.018686941315546716,2356.8153728446055,2696.263632205267,6.125513076782227,110,65400,1
0.22319937,2.8220177,5.4039,0.22238544,-0.005139061326910968,0.9722625133292193,12.643484168349383,1.2842944899349016,16.237957051063027,76520.38,0.0024129892094972277,0.007908830419182777,0.02138447862151866,0.1779235194325412,0.6538573995863334,0.14681033134814495,5803.014745790443,2882.7551788860674,6.936391353607178,0.48669708,3.2889366,6.154251,0.48659965,-0.021068755167509508,0.33378782357377146,6.757666658243338,1.2681697079001994,8.569868152088977,363838.53,0.018728605611189796,0.03779997676610947,0.09545051475801049,0.7597370573969094,0.11923655105000946,0.02556670212689933,1662.1450410361322,2269.974998607793,5.693753242492676,0.19204152,1.2814522,2.49691,0.1920322,-0.0038760646935930092,0.4783697667104314,6.672787236900225,1.2758780932639546,8.513663056616645,56647.59,0.0006506451991369546,0.0058968449011445045,0.09233227499026862,0.34289069624737156,0.5098842503876163,0.05488935297375834,4236.925186282506,3169.7268698851803,6.374635696411133,0.32311368,2.2812843,4.2365074,0.32311365,-0.04892898101954844,0.3410950478371797,7.060314911687319,1.270284649825065,8.968609655275166,160362.16,0.0037178922224398196,0.016664333641529083,0.26145874362267285,0.45124125977720936,0.2685509102965891,0.01874648050386265,2366.6809750503703,2709.7014589938235,6.100004196166992,111,66000,1
0.22107685,2.6460648,4.9408913,0.2203234,-0.0015904330044381242,0.5934627785172828,11.968981848147585,1.2778718386172176,15.294824840737641,75071.95,0.0014176418544422744,0.007767759263515472,0.02048774772929151,0.17858816687403573,0.6674732463404538,0.13343081069019877,5714.154630125163,2809.4737538358604,6.932089328765869,0.46865964,3.1838417,6.0185432,0.46854427,-0.016238613326871893,0.27269615265209257,6.793505217716991,1.2657507841481754,8.59888455645835,337369.9,0.0131555565776309,0.03515966981649399,0.08289585130333915,0.7629687091530896,0.13006770322731045,0.02405993546091592,1707.2517755316458,2258.3232897360135,5.726492881774902,0.18935432,1.5237808,2.7944565,0.18934585,0.00016659233359451886,0.48345686748726635,8.04724634622647,1.276056839830582,10.268743741958176,55073.367,0.0006215249430665995,0.005728473886847496,0.102210151436367,0.3241167514377537,0.5186794960223837,0.05499041542052767,4281.839803634731,3160.1485721024937,6.400383949279785,0.3154932,2.1270752,3.9691925,0.31549305,-0.050693345195300436,0.4176506535165525,6.7420636026233955,1.272594415901499,8.57991249237847,152887.23,0.004137834887879647,0.015912402421236038,0.26126756514232197,0.4434789812461836,0.276202529894595,0.01904823867777236,2403.004498604127,2727.991001324159,6.106068134307861,112,66600,1
0.20992196,1.6897202,3.2888412,0.20917189,-0.004389718978478486,0.5717108501135248,8.049277862573549,1.2781710270701514,10.288353752827675,67687.266,0.0011102170494160274,0.006993265822529793,0.028812000742454595,0.18795946760659862,0.6644402381163418,0.11877159251471374,5621.770221365757,2814.318466784905,6.859627723693848,0.43704137,2.5051117,4.9284935,0.43693012,-0.004160605036587404,0.24106059270380475,5.731978376595981,1.2644376718826262,7.247729393801162,293383.94,0.00879460673041403,0.030547965317964554,0.10648443986760446,0.7354292728544813,0.1380740332121612,0.02000752470283548,1686.6971191501234,2247.476658628149,5.704409122467041,0.19146557,1.5522003,2.86026,0.19145541,-0.012575392843646907,0.5486336523386957,8.10694217780336,1.2790492358291792,10.369178197484885,56308.324,0.0007373016619059543,0.005855218041688204,0.15789348004319442,0.29959455966876253,0.4897637462545279,0.05274521163232901,4090.9097858802,3207.8716916553403,6.343708515167236,0.3100377,2.104187,4.0668488,0.3100375,-0.04573211797276136,0.4633043704431761,6.786874615418699,1.2745699073149304,8.650346149560166,147645.52,0.0042807950498348355,0.015365920029580593,0.33543866907334285,0.375434260326978,0.27001725129858056,0.019107625925394243,2344.7739527836,2784.741599437843,6.011823654174805,113,67200,1
0.342952,2.9397964,5.589485,0.3424777,-0.07012092407497349,0.5905573954726067,8.572034384327553,1.2718360652429241,10.902222482521996,180658.31,0.008169501144749335,0.01877805031836033,0.042881584817030485,0.37739454848904136,0.4657370625962315,0.11396616576731787,4275.453126273163,3211.1486348457843,6.909002304077148,1.3267231,7.3594093,13.807201,1.3266875,-0.10209111708646511,0.37039368886887347,5.547057512736893,1.2717470684417906,7.054454130306472,2703658.2,1.1475846747336467,0.28190991282463074,0.05008922674925175,0.9095323589056052,0.03327024811055625,0.007105561328492141,1092.4202948953503,1105.2550791800859,4.797536849975586,0.33264822,1.9742012,3.8363457,0.33263832,0.014792332816718145,0.22158606696709837,5.934801683793279,1.26509157495391,7.508067609211727,169965.83,0.002713209021613133,0.017702940851449966,0.07028860100733046,0.6797607455861124,0.21919317933559876,0.03075685586631413,2253.3268239004956,2648.3633766453668,5.751043796539307,0.73155147,4.438877,8.02803,0.73155123,-0.12706683115116219,0.20750645912642662,6.067757769091817,1.2645669057666717,7.673085667012611,822017.3,0.0594307437304693,0.08563061058521271,0.09721335220025502,0.811041902703676,0.08694789159454948,0.004796063616903177,1267.7526371674967,1529.309244930338,5.374451160430908,114,67800,1
0.3673807,2.8203964,5.1956177,0.36696535,-0.06470850215011438,0.37764094843206575,7.677040079717887,1.2675113142599543,9.73073516109605,207311.75,0.006879303482923206,0.021543897688388824,0.08854605801517568,0.39154972914308134,0.4189578647828599,0.10092499825750693,3943.024386524017,3245.0145306370114,6.787522315979004,1.4787327,8.754826,16.097355,1.4787011,-0.09852296487563832,0.23081528778387383,5.920492298401358,1.2642715459039338,7.485109950617281,3358694.8,1.103629456421697,0.34991365671157837,0.08529364426164056,0.8732803436502663,0.034335833811467584,0.007086368889911692,1076.299114139826,1102.495887955144,4.888579845428467,0.37053826,2.0109177,3.9524078,0.37052804,-0.011276259825217285,0.19725619277729,5.427017547598394,1.2637872610674734,6.858595642263,210890.66,0.003718458157753359,0.02196662500500679,0.09146901674288486,0.6947152021155021,0.19131297822068688,0.022502129820444562,2000.329179324047,2488.994072962044,5.620248794555664,0.8161624,4.549122,8.487511,0.81616175,-0.1854587868915406,0.3124735302272108,5.573794891124238,1.2661954851517216,7.057513926311889,1023162.0,0.13864990705807767,0.10660285502672195,0.1635277917719174,0.7584780059578026,0.07400280563389061,0.0039905898773304116,1154.4142648172285,1436.6825712353732,5.313535690307617,115,68400,1
0.3915399,3.0815125,5.854988,0.39091542,-0.0021667050018606714,0.2414662656092208,7.870238612713945,1.2627052644639762,9.93779172888694,235474.17,0.005674930857245192,0.02445852756500244,0.09509988026483623,0.3695866567330969,0.41108197409772046,0.12420511059061423,4125.418339711741,3383.2786884859183,6.909488677978516,1.4513422,7.928753,14.92691,1.4513342,0.000749206849736628,0.15962668247730472,5.46304845416869,1.2619179674706815,6.893919001483152,3235421.5,0.7082471094127244,0.33716705441474915,0.06831911957155662,0.880028981433555,0.04107937707578137,0.010566135711545212,1128.1966543554954,1251.1171190304062,4.998635292053223,0.3849747,2.3255348,4.3515205,0.38495702,-0.024345216255552072,0.19002267384228988,6.040747330352851,1.2643659361307988,7.6377151532910466,227643.69,0.004173823970212058,0.023695334792137146,0.07802680865894193,0.7176412131253133,0.18055190900571033,0.023779003045531835,1938.6860129987476,2478.8358725188714,5.575138092041016,0.8800214,6.096554,10.914803,0.88001347,-0.09243432940745472,0.3542788463649038,6.927733631142763,1.2696272796619494,8.79563960434038,1189536.1,0.21248004109672075,0.12398609519004822,0.13248380578810492,0.7959469343728041,0.06750461747379563,0.004063656471774551,1113.7851773381594,1381.0854258682139,5.2006049156188965,116,69000,1
0.41322735,3.6011696,6.2908173,0.41263452,-0.008045254148180591,0.28441377470318274,8.714741631594226,1.26497238667477,11.023907520998405,262282.5,0.008292908180536289,0.027245765551924706,0.06898393545064557,0.4034128210363413,0.38829184206166895,0.13927777886270104,4147.471805649363,3441.339640310334,6.973657608032227,1.6069584,9.215641,17.147923,1.6069525,0.003946870926231672,0.11755273794693766,5.734834880098602,1.2589359919127712,7.2197900382373845,3966436.5,0.7838830501531877,0.41314345598220825,0.052106681199926334,0.8968018279698817,0.039232603470749375,0.01185317512469725,1134.2322280076064,1273.7388454043103,4.9737725257873535,0.40115407,2.4058342,4.5098305,0.40113652,-0.02120048746307357,0.20692169490365275,5.997282269725908,1.2634800173799625,7.57744630640472,247180.17,0.005358593870589324,0.025753887370228767,0.06380139012386904,0.7488118659851537,0.16533669768445852,0.0220490110187697,1864.059002114274,2393.4627793803147,5.557000160217285,0.9109204,4.60701,8.914852,0.91090846,-0.05330932624578297,0.11728249075200381,5.057532997418726,1.2593550492366614,6.369229716987292,1274535.9,0.0807522920593359,0.13287922739982605,0.0990146875070346,0.8361586606038824,0.06051484439207539,0.004310740401233672,1123.3824259569462,1342.4675815557646,5.277066707611084,117,69600,1
0.15811102,1.3552666,2.642727,0.15650369,-0.012464097771518596,1.540394831822101,8.571613560697148,1.3307205070713166,11.406421943982426,38398.61,0.0009626770634480994,0.003912267275154591,0.002767082955462604,0.011268725009111505,0.8458970566293816,0.14006091743994503,6990.897102783279,2037.1037531170537,6.03661584854126,1.8433111,10.049057,19.345951,1.8433092,-0.033447648045394685,0.20816585555927292,5.4516338358564145,1.263546764416778,6.888394294085137,5219014.5,2.4032780621509935,0.5436511635780334,0.0583539488690514,0.8910162677063517,0.040943987706033906,0.009679981494240526,1109.023992946159,1194.5871246823774,4.968587398529053,0.42372656,3.2223701,5.6090355,0.42369038,-0.033402567770232136,0.2391305969263624,7.604834017710686,1.2648744969632362,9.619160602663412,275779.88,0.007708642261766315,0.028725406154990196,0.0739506355735422,0.7494630826745089,0.15587644076832066,0.02070856232341237,1810.1335661244543,2326.2659134695227,5.635348320007324,1.0003477,5.425167,10.535049,1.0003281,-0.04944820343549546,0.1848135079738653,5.4232812271851065,1.2628763833322796,6.8489337819882214,1537068.5,0.1850707054794198,0.1600920408964157,0.0913200027545595,0.8509746504724808,0.05420597109220538,0.0034984187089857,1102.3054140861482,1247.2163442025394,5.270657539367676,118,70200,1
5.1786036,140.48749,250.60492,5.1785536,6.50040347921331,157.6430044993673,27.128449541854444,3.6406953758550924,98.76642080116675,41192348.0,113377.11338500517,2.3648552894592285,0.9311432230232373,0.05231958422495716,0.012165976806748654,0.004370027795735431,207.78809525585646,930.3883217627348,3.1794533729553223,1.9550118,10.461044,20.456219,1.9550103,-0.04813631425914594,0.18613324042155854,5.350885387331813,1.2623063070710376,6.754456372846655,5870701.5,2.7190770227554646,0.6104408502578735,0.05939453388547296,0.8926081907143881,0.036483713124719444,0.011505602165064814,1092.6487795187384,1249.7378494830875,5.008467197418213,0.5216522,2.863884,5.3836823,0.52162176,-0.05276036396147328,0.10576214128276717,5.490025448259286,1.2602553119888662,6.918833734136085,417977.94,0.00783167182078962,0.04354472458362579,0.07277257756476163,0.8046072238309226,0.10859128426021318,0.014028157730382096,1432.1692183693815,2014.091599564872,5.064396858215332,1.1370426,6.342602,12.563992,1.1370258,-0.05653556067561336,0.2844384774648496,5.578156477026149,1.2682532699720315,7.074515192410304,1985842.2,0.4754396015912187,0.20668157935142517,0.10534763066231004,0.8478744955138316,0.043793086182029914,0.002984102713680553,990.1091906881579,1153.200927896376,5.076545715332031,119,70800,1
0.29260704,3.9165497,7.4645042,0.29213178,-0.04066957077470498,1.9056589589082602,13.385015251633703,1.3043408024425291,17.45862153408106,131510.6,0.013969609289292874,0.013651778921484947,0.060896176449233105,0.20503914932141293,0.4956264923586123,0.23837775604820605,5810.9661520213795,3569.6063012597724,7.235130310058594,0.9186862,5.648136,10.955811,0.9186449,-0.026237224424780988,0.21501673237912922,6.148058031795948,1.2625541344850038,7.7622560871061586,1296359.9,0.1531584806154018,0.13502854108810425,0.11655564153399837,0.8174387735808091,0.04227344911116952,0.02371161823894123,1109.154053109813,1827.9759704594562,4.988077640533447,0.28757977,2.3137093,4.555416,0.28755367,-0.025306561402473057,0.40344032192307777,8.045451945218115,1.2704158042927816,10.221069303918739,127030.48,0.002759387287559987,0.01321227103471756,0.20591738606397952,0.44785401934556124,0.321731055717954,0.024496102579122554,2800.434947893793,2921.3305811162727,5.878072261810303,0.57505774,4.603863,8.342171,0.57505727,-0.0855200501952666,0.4265803254627092,8.005913845407678,1.268254644511,10.153537418010863,507942.0,0.046649463041837,0.05290451645851135,0.4036849974658666,0.4965031030544717,0.09235903268280865,0.007451551991247635,1251.7558530848648,1824.5967001014928,5.429051399230957,120,71400,1
0.32354572,3.8621902,7.509804,0.3231158,-0.01365122602848502,2.463900457842896,11.937077075194262,1.3191180503465096,15.746413838314938,160791.31,0.027000127637899864,0.016691189259290695,0.04159132060586791,0.20824317425329325,0.4301920519004928,0.3199055374568383,6306.2835933191045,3660.1679199493487,7.3292155265808105,0.9508429,5.6905746,10.857391,0.9508039,-0.012991760518449384,0.1620834163461029,5.9847684033352015,1.2612038444946507,7.548012918704407,1388701.1,0.13248712770834695,0.14464186131954193,0.09139705963343105,0.8270463000384473,0.0394607803112856,0.0420636369468195,1314.1494797152918,2252.390076911421,5.055506706237793,0.284185,2.1006584,3.8557053,0.28415722,-0.011455267021293621,0.27460235424089463,7.391869639703401,1.2651728541868457,9.351992809873549,124049.055,0.0017910545503827787,0.012913110665977001,0.1887556979134619,0.48522802923569025,0.2995382661305464,0.026476300500923006,2707.0580556575756,2933.9589291331176,5.819962501525879,0.5725553,4.4080734,8.0019,0.57255447,-0.059062884164265375,0.33491517311809194,7.698947853198189,1.2655814409685315,9.743645518009165,503530.88,0.03599188487208675,0.052560485899448395,0.3548968190528362,0.5495124847706417,0.08740774923928778,0.00818105319332277,1265.4360793972494,1830.4254058591857,5.444119930267334,121,72000,1
0.31926537,3.545761,7.064438,0.31885797,-0.012308858525187863,2.3264503310411113,11.105999868533264,1.3173055433542904,14.629995191356711,156565.05,0.024171356154872776,0.01626831293106079,0.04147578155372541,0.2188439719929083,0.42680871636252815,0.3128224473312586,6193.829502478231,3604.9396581769747,7.330066680908203,0.94073784,5.155945,9.945488,0.9406929,-0.01989668415427378,0.14410550597700933,5.480745629363364,1.259382715062588,6.902356311282382,1359341.0,0.11286389512475041,0.14157700538635254,0.08754594349923091,0.8355612398205093,0.03910877438328806,0.037753854906842764,1283.263146535558,2173.5337960555853,5.059305191040039,0.28522852,1.7835617,3.4714699,0.2851912,-0.013864868902722325,0.24545560999739768,6.253097350103946,1.2645423250593273,7.907306261950485,124961.74,0.0016245936830311003,0.013017795979976654,0.18828514054318823,0.5059610085696704,0.2790365896962821,0.026715253459305522,2592.0851550899565,2910.9314804370592,5.768778324127197,0.56516725,4.7579765,8.4236145,0.565166,-0.06440634266320389,0.29824151421565936,8.418705342028757,1.264445714260025,10.644995889365074,490619.94,0.030428184496592268,0.051168110221624374,0.3502618610981077,0.5536898444669438,0.08797100689399898,0.008075028293655188,1267.9973104161916,1840.7395426137955,5.433813095092773,122,72600,1
0.30607745,4.21381,7.7361107,0.30562398,-0.012185297674457139,2.2962906904995632,13.767136258986564,1.3118641305214895,18.06061223822529,143897.72,0.02015358011033926,0.014934622682631016,0.043828576283478145,0.23803187515637012,0.42763110260346215,0.29046415082581845,6010.885588317166,3601.2666101863606,7.311878681182861,0.9107786,6.121731,11.263752,0.9107387,-0.020130642337326584,0.21018853398796233,6.721425958818507,1.2622872300817407,8.484370155765836,1274139.1,0.1446306232909475,0.13306555151939392,0.09281069545337255,0.8385877164216267,0.038222043738720166,0.03035379864629315,1206.8811639057687,2019.4621095324596,5.036745548248291,0.28396633,1.7634392,3.507328,0.283941,-0.016675544709670705,0.2596646865702996,6.2100290617370195,1.2646380818456662,7.853439240868602,123858.24,0.0016884192776421465,0.012904088012874126,0.18889552635476775,0.5164385540554569,0.26754156909553917,0.027122356646542584,2527.8132420676648,2895.986115423666,5.750974655151367,0.5546378,5.2770615,9.309101,0.5546368,-0.07202614095075159,0.40740822016051936,9.514428263168535,1.2668379240569005,12.05323854952246,472509.0,0.038553837575209034,0.04926885664463043,0.36879290382653,0.5323021240361513,0.09065083737998314,0.008251189434295083,1269.4144640241661,1861.520367802439,5.411360740661621,123,73200,1
0.2985952,4.388714,8.622837,0.29814202,-0.02208011456745353,2.3128285745890436,14.69787184430709,1.309139221192214,19.241560499503592,136948.36,0.01838546737915429,0.014210272580385208,0.042900402365182076,0.23734487319346895,0.4385095087147545,0.28119474267664635,5999.318582670965,3584.9213961830687,7.2947163581848145,0.86336577,5.196476,9.95512,0.8633271,-0.019313351408052366,0.18815064099495293,6.018858016983718,1.2606571714592087,7.587716523114065,1144935.1,0.1045406041174372,0.11944650113582611,0.09436403985540115,0.8347117155180813,0.042455066598995186,0.028447751904440512,1216.4843818891284,1998.4227430486683,5.091818332672119,0.27534163,1.9717216,3.7323952,0.2753131,-0.015203777517165387,0.29864478184480303,7.161000860246587,1.2659844907136046,9.065716027091884,116448.78,0.0017164946217440912,0.012135626748204231,0.19120077999856488,0.5048242473220927,0.2749018075016769,0.029071390416873667,2596.6734314213813,2933.39041637037,5.790774822235107,0.5285602,5.2742004,9.096241,0.52855855,-0.07445079027168577,0.47245421721699987,9.978428621655864,1.2683828041228264,12.656467275899278,429121.38,0.03687547575340294,0.04473445937037468,0.36440732941317583,0.5273508398021238,0.09920186553845155,0.009036561332507872,1318.578897966387,1935.0392856660173,5.439610004425049,124,73800,1
0.29678404,3.8575172,7.253933,0.29636657,-0.01134179404437897,2.0122055469454887,12.997724538587835,1.3072568598825114,16.99136456598945,135292.06,0.015611136851271403,0.014047181233763695,0.04332798974779212,0.22466476597358173,0.4377780853767826,0.2941721121638252,6145.392189122626,3639.2668346155224,7.298410415649414,0.84341776,6.298542,10.438919,0.8433748,-0.01986927331138686,0.1535806363693255,7.467879257121186,1.2594982390845002,9.405780774050951,1092639.0,0.07771546279833669,0.11393330991268158,0.0975475693938614,0.8281524757854236,0.046027578706451355,0.028251590959523468,1237.3506530402933,2001.876276249322,5.154391288757324,0.26684535,1.5440941,3.0615807,0.2668183,-0.017627819750362497,0.2725196309636462,5.786475618718155,1.2664170515203395,7.328091391778839,109373.09,0.0013817717834842163,0.011382678523659706,0.1947246936474132,0.4899422011803518,0.2849775994921647,0.030353102150833238,2654.546833728147,2969.151346683825,5.825694561004639,0.5192205,3.9815903,6.8486214,0.5192182,-0.06046949178589772,0.29554855095870547,7.668400015873054,1.2643790323843296,9.695764192024223,414090.03,0.021480088327757343,0.04312559589743614,0.366904364969358,0.521254679427765,0.10276713762949156,0.009070431492151013,1327.8666966195094,1960.0275823736154,5.451559543609619,125,74400,1
0.43288916,11.025524,18.51492,0.43259665,-0.4477288216436166,3.987369677642194,25.4696237955812,1.3947759338006993,35.52441831311634,287835.7,0.14002105932284956,0.027632124722003937,0.13763805803443466,0.3973200599200298,0.3325144975735222,0.13248505178260056,3736.8905993244507,3512.0876132423023,6.870113372802734,2.0658298,11.177444,22.255516,2.0658104,-0.04500342417241098,0.16143467787573673,5.41063194439534,1.2614425039006933,6.825201107626439,6555114.5,2.9401869411537644,0.6828616261482239,0.05733343192342299,0.9127675540467217,0.0235876908531279,0.006306492409507549,988.6258843512963,986.2122257058725,4.8790693283081055,0.47886166,2.9139519,5.415058,0.47884232,-0.03783238806307314,0.12045777297775295,6.085164294008719,1.2597328066045257,7.66568109475726,352217.84,0.00633395678006611,0.036697737872600555,0.09073507604178466,0.7626958511711903,0.12722925925556672,0.01933928690653418,1604.6180301845786,2174.156708217297,5.447360992431641,1.2110213,7.343197,13.791275,1.2110198,-0.09775107226922639,0.1745963022138035,6.0636397095940655,1.2614173498183352,7.648780332735683,2252655.5,0.37552787054989556,0.23446913063526154,0.14064788991737068,0.8181648669230615,0.03906778232678858,0.0021187967517869804,943.1165081216338,1075.478835977264,5.0880537033081055,126,75000,1
