file_idx,time_sec,bearing_id,ch1_rms,ch1_peak,ch1_p2p,ch1_std,ch1_skewness,ch1_kurtosis,ch1_crest_f,ch1_shape_f,ch1_impulse_f,ch1_energy,ch1_kurt_rms,ch1_total_power,ch1_low_band,ch1_mid_band,ch1_high_band,ch1_bhigh_band,ch1_mean_freq,ch1_freq_std,ch1_spectral_entropy,ch2_rms,ch2_peak,ch2_p2p,ch2_std,ch2_skewness,ch2_kurtosis,ch2_crest_f,ch2_shape_f,ch2_impulse_f,ch2_energy,ch2_kurt_rms,ch2_total_power,ch2_low_band,ch2_mid_band,ch2_high_band,ch2_bhigh_band,ch2_mean_freq,ch2_freq_std,ch2_spectral_entropy,ch3_rms,ch3_peak,ch3_p2p,ch3_std,ch3_skewness,ch3_kurtosis,ch3_crest_f,ch3_shape_f,ch3_impulse_f,ch3_energy,ch3_kurt_rms,ch3_total_power,ch3_low_band,ch3_mid_band,ch3_high_band,ch3_bhigh_band,ch3_mean_freq,ch3_freq_std,ch3_spectral_entropy,ch4_rms,ch4_peak,ch4_p2p,ch4_std,ch4_skewness,ch4_kurtosis,ch4_crest_f,ch4_shape_f,ch4_impulse_f,ch4_energy,ch4_kurt_rms,ch4_total_power,ch4_low_band,ch4_mid_band,ch4_high_band,ch4_bhigh_band,ch4_mean_freq,ch4_freq_std,ch4_spectral_entropy
1,0,4,0.18921405,6.4370155,8.808136,0.1868935,-1.6251671185864298,25.360513573888834,34.0197543851772,1.3962030091743551,47.49848344420791,54991.805,0.0325066022753927,0.0055902996100485,0.0204660963404107,0.0844374738136766,0.6528796940326123,0.2421698336028951,6766.926136310457,2965.487681163293,6.6349310874938965,0.22104174,6.8172455,9.531784,0.22051089,-1.5122128503146364,22.50926498811883,30.84143978694219,1.3652361432523372,42.10584830726463,75048.11,0.0537351503497693,0.0077801407314836,0.0386834907156376,0.3484519286289249,0.4559889511600634,0.156845276640786,4847.954767935975,3541.8612233813155,6.934313774108887,0.20375846,8.574295,12.482262,0.2036521,-5.614652664507659,113.25576234934128,42.08068173744755,1.6579643738772665,69.76827114949815,63770.9,0.1952193821373189,0.006636057049036,0.0451428062968889,0.1415304300787144,0.5278642132459442,0.2854143381033319,6312.722129289285,3296.653793199536,7.2621564865112305,0.23326387,8.904648,13.195896,0.23304473,-3.5285881064324958,64.2586052202145,38.174141643356215,1.5119853789839777,57.71874402026543,83576.88,0.1902484663866915,0.0086879720911383,0.0643719638449811,0.2006824360750286,0.523305007240403,0.2116012314092972,5682.008773587245,3345.0098723250776,7.250585079193115
2,600,4,0.18901981,6.69508,10.20155,0.18676333,-1.7720768794512411,29.10694527659261,35.41998934935839,1.4005922611763637,49.60896297392304,54878.96,0.037155743532707,0.0055879764258861,0.025203734438937,0.086798978041961,0.6467759651938435,0.2411705230396718,6707.659040064061,3009.0862467287325,6.663673400878906,0.22814436,7.052517,10.723877,0.22760734,-1.4835292844711792,22.675057932490635,30.912518976209444,1.362757199623367,42.12625779350802,79948.57,0.0614309699737096,0.0083039607852697,0.0491213608765572,0.3797266189255725,0.4245049240710777,0.1466158786361815,4554.653363574621,3574.2398042086324,6.880198001861572,0.20937224,7.994175,12.902737,0.20927352,-5.327278046334861,108.9752731293444,38.1816379257536,1.6260165979155068,62.08397700317208,67333.23,0.2094133391185905,0.0070238639600574,0.0836172558574206,0.1527156288986907,0.4961718439406792,0.2674449185700597,5940.779970839369,3483.192169778676,7.239674091339111,0.23978466,8.385563,13.632202,0.23957132,-3.37783137134542,62.19360702044992,34.97122363125215,1.492328154832428,52.18854163407637,88314.91,0.2056038840451277,0.0091999340802431,0.1038400602862078,0.2073158898514262,0.4901316554836691,0.1986714334986049,5349.347253434152,3467.370190492838,7.203924179077148
3,1200,4,0.19620077,7.5881004,11.191559,0.1938468,-2.10827342493608,35.76870521339102,38.675181104779625,1.424153721240911,55.079403090318806,59127.926,0.0530036865394184,0.0060153664089739,0.0254270024166771,0.092925613441413,0.631569517264741,0.2500217333654347,6685.550077355486,3050.21587277373,6.73480224609375,0.23532043,8.314896,12.383652,0.23467636,-1.769944931219687,27.982229962267656,35.33435447750691,1.3831966012288743,48.87435902011151,85057.086,0.0858066375549033,0.00880734808743,0.0470429971740481,0.366774320876872,0.42610001054715,0.1600459319221488,4675.3099763654245,3592.8931816872105,6.930930614471436,0.22277386,10.149193,16.074753,0.2226422,-5.78482103554431,120.0800891870362,45.55827415459886,1.682592399290444,76.65600581766243,76228.91,0.295752183373081,0.0079418290406465,0.0729004274796644,0.1556790439739647,0.48880301475855,0.2825591435044662,6014.783544998838,3476.099999601568,7.274118900299072,0.25109774,10.480309,16.49208,0.25083703,-3.8229652775929455,73.33874112648625,41.73796460750659,1.538157307529499,64.19955526269952,96844.91,0.2915443690160068,0.0100719686597585,0.0885156170303992,0.2053327860945049,0.4883653665536557,0.2177370205542761,5492.917101368309,3463.3033929160547,7.257984161376953
4,1800,4,0.21451049,5.1903725,9.067631,0.21248625,-0.9704058779664986,12.529125675054113,24.19635783395473,1.338696872769385,32.391588564875214,70678.66,0.0265286328355659,0.0072129438631236,0.0160387220558642,0.098607821362098,0.7236062153674112,0.1617259466547173,5933.479799732662,2799.655441523053,6.859096527099609,0.3682659,6.126976,10.92453,0.36793062,-0.2774333606725424,2.3523968405143965,16.637370070068386,1.276032604678513,21.229826665567348,208311.97,0.0432669817428565,0.0216556582599878,0.0262651807834104,0.7228274738656539,0.2008334685778328,0.0500648293461313,2406.6662390515,2731.021984922901,5.494108200073242,0.20686878,7.887268,12.291241,0.20680845,-4.671491980268923,87.9345649041425,38.12691294322905,1.5789619205926946,60.20094368740242,65732.65,0.1610421107435051,0.0068221720866858,0.0423710025457152,0.1746286117019318,0.5278260752457784,0.2551226739076555,5959.424753268493,3300.2691171107776,7.3144073486328125,0.29929635,8.111572,13.138771,0.29913485,-1.4734845871667326,20.114744881807244,27.10214235797005,1.3574016310704655,36.78849224233542,137592.28,0.1614061976655166,0.0142940189689397,0.0481146028533028,0.3646957020965618,0.4675487223291538,0.1196156641206964,4249.375882997739,3219.460271252968,6.774927616119385
5,2400,4,0.22273035319670786,6.8470649009883315,11.148235248019787,0.22055165464636267,-1.2855800281441203,19.423144096964503,29.857705997214207,1.3827649414872298,41.576410362849444,76802.67631226423,0.05084942982350106,0.007843084603537838,0.018789136704196293,0.09403651779495723,0.6955427729299417,0.1952567906221674,6113.676966841353,2859.993518930626,6.892336078680939,0.34169152616016313,7.649047562174002,13.023706392610258,0.34126506332594814,-0.5532949476376449,6.480512956431629,21.47348864557887,1.2987781404922698,28.01345191255895,182136.330224558,0.0788854890356381,0.018947564692283786,0.035387990838824615,0.6393377775573883,0.24726971467711722,0.08125229051098236,2896.1380447712863,2999.3622273065976,5.913487090255262,0.22116755914991357,9.497703861149198,15.433208966193071,0.2210423305447829,-5.236725047885428,98.5317200947644,42.01365547204412,1.6395319757285094,68.91214661740307,75607.27660247541,0.26507711552766944,0.007876965750309037,0.04253459875616195,0.16816047916927088,0.527514753892902,0.27816549585036165,5990.877094210882,3296.2179068648134,7.321058075051889,0.2981425241319173,9.453989419467437,15.790189099319557,0.2979415745696927,-1.9448368395990845,28.880598581032586,30.58045193938227,1.3966480198119235,42.840694763840965,137675.06104732494,0.2608179115783683,0.014325887344698477,0.06137551511523209,0.3229769775842787,0.4803851222955882,0.14572526673698316,4480.174957271515,3291.962931840759,6.884424656985571
6,3000,4,0.22429242965361923,6.844028420521374,11.15343493286926,0.2221751753872121,-1.351844247639693,20.480022838485063,29.891184084277768,1.3878406680802375,41.66383062806139,77878.83038538744,0.05441267104792498,0.007955471149482357,0.01953466363228918,0.09958528648257228,0.6821840194036961,0.20036047044466537,6136.442906950397,2904.80787820758,6.9226527687804875,0.3605365970124437,7.6628009153816965,13.031558507989413,0.36009940678623653,-0.5720676454195284,6.675528138401738,21.328773658640948,1.2992238114935009,27.816095853299963,205053.41668917052,0.08408905746466173,0.02131852366698552,0.035460888859390374,0.6507473325851508,0.2324361793027604,0.08251085831574519,2847.114783058368,2994.290186369106,5.88452295081219,0.22659514520840468,9.617249827654524,15.570770637879994,0.22649649792834348,-5.226783099246108,98.620790203896,41.57293228778538,1.6409607090211067,68.41102742993361,79271.40705138285,0.28180322191673535,0.008248114890339019,0.043136180838172555,0.17306492773907653,0.5074131860861052,0.27975120924449853,5978.940111273373,3358.773271820344,7.3187005757606975,0.3102131326738648,9.50587875675512,15.919013648772216,0.3100238048058872,-2.0120499196725574,29.938923216920458,30.53146741355139,1.4006994751252977,42.792344586986616,149500.2109183511,0.27603010012421775,0.015545786577047057,0.06053128688899759,0.3323397582971809,0.46388100273556127,0.14860242213976965,4444.273979350707,3306.902356173915,6.876307265402586
7,3600,4,0.22518255500189718,6.8393035564099165,11.146796067109085,0.22313209284754743,-1.3522019956247608,20.39731773878337,29.986952293780686,1.3878679775076561,41.81970851462016,78503.12643496729,0.054825675678191826,0.00802108571531725,0.019478731660618503,0.10091025935801229,0.6814071737592826,0.20012217013632472,6128.520380973219,2902.401712743923,6.934894810197926,0.36823283324070744,7.628925548186034,12.993619524380815,0.367778142334841,-0.5765166210903162,6.618958678318435,20.952514961948676,1.3016051388287202,27.310971754640192,214783.25250466692,0.08511353912175702,0.022315907785301452,0.03388114834798664,0.6550870330274109,0.23019578260213108,0.08237838909642053,2834.4679570132075,2989.0493768189103,5.870190962499416,0.2289361977622541,9.544121717854278,15.42514991593892,0.22884935926310535,-5.228854902953216,98.57060145351663,42.05559510355411,1.6407351313511684,68.9053391156159,80915.52507964164,0.28437769149625347,0.008408422182434754,0.04394930427130986,0.17551588145412,0.504863963129947,0.27985259691497844,5974.345779884518,3349.735366080515,7.31813436323947,0.31525844954888144,9.520367793799302,15.727988458234108,0.3150626073787479,-2.0016845905404415,29.499912885360896,30.491898107741836,1.400532880827713,42.714148023169386,154627.05735324387,0.2785754968731337,0.016055492310111007,0.05871091494858782,0.337705416331537,0.46090324569654345,0.14854827036272278,4434.655159985425,3307.170668699362,6.877196157224507
8,4200,4,0.22798095519173145,6.808134874381918,11.358613775306612,0.22608470287782356,-1.4018384708155849,21.86180915825761,30.67789196347788,1.3964181714710389,43.02112888136158,80518.12095419958,0.061643191498354614,0.008236366691872676,0.019677297301497844,0.09816181782465308,0.6734073816128907,0.20719365275072238,6192.3376967808945,2912.5760838055658,6.975923999647897,0.3585435109138944,7.873187412289687,13.166253305239671,0.3580475512272799,-0.6501922839537493,7.6219621497465075,23.11728217632314,1.3059605025743806,30.376610397839457,202568.75754351652,0.09313042044368292,0.02106488688699605,0.03630494336145019,0.6238365701722688,0.23873592449293107,0.0975827003792114,3049.5671537618,3158.827325027023,6.053903885271282,0.23409815688782665,9.782199954695717,15.72240164648665,0.23402731779514863,-5.222279852287984,98.6825156911505,41.0391224027628,1.6428672285673955,67.77677832349995,84676.36573875655,0.30763258389140596,0.008800923639809685,0.04406711269195416,0.17066177620848286,0.491293277456364,0.28228272469126103,6027.93931631968,3368.6953020145424,7.313950085722903,0.320636012231824,9.877625883270241,16.22155066119757,0.3204362907785689,-2.1047592881198876,32.18414112836586,31.405815725120583,1.4099943291624797,44.60747589414664,160211.08511635318,0.30058915321999924,0.01664871613235189,0.0584033101905462,0.32040492718858893,0.4696215158236784,0.15642418880352416,4549.283188413489,3323.3023473116746,6.9227908012795645
9,4800,4,0.22670219500277172,6.8350956421697315,11.246128615693781,0.22471272400542305,-1.3829598994947536,21.058519304947918,30.047360153353768,1.3942438041153555,41.963249257303126,79587.49533146693,0.05792251191952039,0.00813395930307351,0.019231064185326455,0.10075336757614306,0.6780900025698589,0.20274058824532032,6178.135591957027,2900.965658511846,6.9481916207821754,0.3712470576298277,7.726237139931541,13.089873506084826,0.37075759068115066,-0.5987197362649125,6.867692936154061,21.70247242533038,1.3028622409616908,28.367076657047264,218652.48181104453,0.08864431820692134,0.02270018791008652,0.0332591987735458,0.6518000309096146,0.22722669124054223,0.08745076042770603,2886.204562657079,3049.1570642376773,5.834667619042713,0.23305330532929788,9.632322615059348,15.537691558166472,0.23298654814753703,-5.2291215100914865,98.57378934790472,41.7526840834853,1.6408117922778391,68.59821327252756,83900.06334482273,0.29561736344560785,0.00871591956059388,0.046201698202364805,0.17608726885952947,0.4979289656213597,0.2812193331050916,6010.336929759133,3340.7141867323876,7.31761932444465,0.32209388953290596,9.589986510637544,15.959121505879628,0.3219094328534426,-2.025890777440923,29.905222444433484,30.57960265759664,1.4020174403962118,42.900224279418254,161746.18397140977,0.28816233998542706,0.01679901067670232,0.056724439969174256,0.33276498900110985,0.4653886661870946,0.1520180118108454,4484.739384277422,3315.679712641727,6.861207117248954
10,5400,4,0.2186204347451274,6.801277008187025,11.46252657372925,0.21613609425860247,-1.525721838815099,24.92410886475948,31.29554607906196,1.4106286016392064,44.20027133773611,74089.38517360152,0.05905586368057195,0.0075500004186823694,0.021954081506525162,0.08938558524200087,0.6510072423013893,0.22610059961208112,6591.184840079417,2977.760843641342,6.827601205757174,0.2463708382541302,7.889090670737041,13.177579188518035,0.24573837188773004,-1.1963229751636502,16.714490648027034,26.423115758315973,1.3477584745189226,35.72044095739484,85962.37568493403,0.09026055088674882,0.008901863988034317,0.05008193665368883,0.4207827265890732,0.39652745502964787,0.1303436578736051,4218.230825386885,3513.4204431737408,6.735231549104792,0.22794215995465483,9.756039145370194,15.707119898110106,0.22784975927350193,-5.211699774402327,98.8073574117017,40.88922119891086,1.6451105940489168,67.50451506847698,80212.72964289824,0.29737395699192504,0.00835004488543288,0.044154209860537225,0.1553957012413367,0.5131099371304706,0.28254969500306704,6219.153945628996,3330.5305337520026,7.327250508638642,0.26993970662150657,9.802953860675562,16.18177688626211,0.2696581744115626,-2.8018335941847097,48.590398913015854,32.371720832160605,1.4653236777466538,47.41620606714065,112467.9086089831,0.2917476531523618,0.011701189722687369,0.07557815238484132,0.24301338969381056,0.4707041469218314,0.1890374497383598,5248.354097399937,3416.6344805583603,7.1525578524492825
11,6000,4,0.20186007,6.396103,11.247063,0.19959906,-1.766185543983071,28.250172428894768,31.685825225360876,1.4094908868792064,44.66088189861468,62588.14,0.0469053934219894,0.0063720876350998,0.0237423792091827,0.0914858654745211,0.6506401584368641,0.2340775005161024,6642.791956292562,2965.820763791342,6.777905464172363,0.25408107,7.17659,12.70771,0.25337905,-1.3050960989831946,18.396711955726545,28.245276020920212,1.3545668142302467,38.26011355686246,99159.85,0.076670703835367,0.0102658197283744,0.0552284052876299,0.4063264548486334,0.3988777392733368,0.1395378368778075,4293.241452862516,3580.2208815650715,6.831233024597168,0.22425129,8.584118,15.401649,0.22417957,-5.282843244410759,103.51338353312788,38.27901312533477,1.656870349303183,63.42336184823738,77243.35,0.2617798818210746,0.0080368556082248,0.0418095098764735,0.1590893999784436,0.5154566169295552,0.2835939198034805,6199.281083488336,3333.35950883884,7.291165351867676,0.26380217,8.888435,16.136074,0.26358336,-3.068176400491727,53.41150807321576,33.69356415206306,1.4888210575238607,50.163687812812725,106892.68,0.2586713323861802,0.0111082457005977,0.0860249484134859,0.2384852408376359,0.4737529708508947,0.2016972198593211,5282.740098219688,3483.182337197908,7.193597316741943
12,6600,4,0.20111127,7.701111,12.801266,0.19887608,-1.9320862310466376,32.30705291103943,38.2927857005943,1.4148075870454793,54.176923738576846,62124.66,0.0528497569303504,0.0063339127227663,0.0240840134636546,0.0924885424572479,0.6463180269725587,0.2370469168292003,6641.723347739377,2972.980248453412,6.798882007598877,0.25307453,8.067131,13.358498,0.25237244,-1.3962114137799635,20.036809403207545,31.876503514099344,1.3569218012796775,43.25392256702057,98375.76,0.0821906283889652,0.0101968562230467,0.0565089218471084,0.4030864229271697,0.3983670890760684,0.1420022310999932,4311.198906327987,3580.650934102978,6.8417181968688965,0.22377877,11.015224,18.344975,0.22370042,-5.561162830750527,112.73678240524188,49.223724339700176,1.67414234636476,82.40752136324605,76918.17,0.2827099933475532,0.0080143855884671,0.0425609423864324,0.1566582873938747,0.5137587748233757,0.2869641680817937,6211.9036338630085,3332.421032711236,7.297225952148437,0.26271594,10.436249,17.81292,0.26251203,-3.2701388251555863,58.360841914307606,39.72446038025174,1.4976647630796578,59.49392454408344,106014.21,0.2780143517012308,0.011030564084649,0.0855082114225631,0.2346000642476793,0.4740403519401169,0.2058051990453729,5310.408636338501,3486.550301573105,7.194248199462891
13,7200,4,0.19254574,7.209778,10.133457,0.19036485,-1.507920744339918,24.57750773116245,37.44449378482752,1.3844173726761884,51.83880770705,56945.45,0.0337810788621468,0.0057932478375732,0.0218305536215507,0.0856873354322686,0.6654396523862998,0.2269794881893692,6680.707223759649,2908.2344721678146,6.720529079437256,0.24399151,7.9568863,11.299324,0.24335544,-1.106410547549111,15.721703134445406,32.61132455582529,1.3347102412367464,43.5266688651338,91440.94,0.055718375256361,0.009468532167375,0.0578600933628773,0.4145811855631521,0.3988089025786666,0.12871938833819,4206.265298156528,3548.303708953092,6.7783403396606445,0.20669448,10.515404,15.209675,0.20665018,-4.979790054937494,101.25688862653983,50.87413827583888,1.6036433175180294,81.58397188093193,65621.93,0.1848162372203734,0.0068207303993403,0.0412916344108774,0.1541870345835878,0.5318792943254597,0.2725890152034841,6221.74493945156,3290.8948218804603,7.264827728271484,0.24859694,10.305214,15.387249,0.24842215,-2.7790951505311585,48.81814977254238,41.45350330839934,1.4513464817260515,60.16339618210664,94925.48,0.186450866081602,0.0098678125068545,0.0913059012884982,0.2417814742131518,0.480153759812973,0.186717844745682,5198.0966087533925,3474.9755602389987,7.128012657165527
14,7800,4,0.19537781,9.474373,13.016415,0.19296394,-2.591928069220032,45.358080531789184,48.492573322134,1.4407181975575485,69.86413283194975,58632.94,0.0660930254947648,0.005961419083178,0.0254844585394739,0.1007243371009874,0.6102640982256332,0.2634583913853037,6605.684318884356,3094.4148679150658,6.874090671539307,0.24592137,9.833622,13.720417,0.24516754,-1.893785446715765,28.76765540369383,39.98685370072419,1.38083513249248,55.21525242802143,92893.164,0.1052178855252339,0.0096063409000635,0.0609068414718176,0.3959356909560276,0.3815242618653461,0.1615937474685706,4344.740001406964,3628.530063269816,6.927145957946777,0.22474796,12.671757,17.375183,0.2246575,-6.5806585880020885,135.99336951190938,56.38207786706361,1.7505561533399576,98.69999334872,77585.88,0.3469770382198302,0.0080839460715651,0.0450005427607309,0.1607437312237886,0.4868860519087009,0.3073056372085013,6179.529464190792,3404.174626798868,7.322431564331055,0.25953034,12.511253,17.837143,0.25931,-4.062145603527296,75.0009737894071,48.2072869240493,1.5455336837570712,74.50598574394708,103458.81,0.3402666739161177,0.0107646966353058,0.0901989757674673,0.2309010983472405,0.4496683177899886,0.229179335887636,5312.619395519265,3551.992877131621,7.236062049865723
15,8400,4,0.1974475,8.050728,14.247131,0.1949742,-3.0332369634747423,55.70843890106501,40.77401892756493,1.4676108288614176,59.84039171459776,59881.746,0.0846695964508568,0.0060758176259696,0.0272462518116376,0.1055321719277807,0.5889147749683539,0.2782360847441987,6603.734067313537,3165.217132065483,6.913853645324707,0.24721761,8.556271,15.083694,0.24641041,-2.187877537164574,35.10487595921813,34.61027951355498,1.399791058487005,48.44715979500621,93875.02,0.1311248668767043,0.009708397090435,0.0640974255597084,0.3862116271640093,0.3750213442956546,0.1746278315357881,4412.306096538543,3669.6850159050846,6.9693450927734375,0.23244308,10.007381,16.376877,0.23232377,-6.905498820018499,143.28823590274976,43.05304105868839,1.8016448926738176,77.56629153779582,82989.75,0.418289551890908,0.0086378697305917,0.0473704767638237,0.161250860103801,0.4724027643266334,0.31890780453808,6177.508747750989,3442.8236465583154,7.327081680297852,0.2646344,10.012627,16.431713,0.26436737,-4.363718312209368,81.66705973000334,37.83569568044469,1.5800324933327765,59.78162858317908,107568.17,0.4005272925015911,0.0111843887716531,0.0900432158042975,0.2271342608172235,0.4387835737469475,0.2439844181874401,5362.377018598628,3580.704938170496,7.2627997398376465
16,9000,4,0.24920134,8.38747,12.8686905,0.24721283,-1.4218290233764417,22.84736549840604,33.65740393856984,1.4224095506638663,47.87461281296548,95387.62,0.0881125235382031,0.0097683230414986,0.0203438760060659,0.1101165883183865,0.6560375174148211,0.2134694174641032,6026.4466363768415,2984.741063369728,7.090198516845703,0.433152,9.365749,14.964867,0.4326978,-0.4135623918991841,3.673085639102701,21.62231634978749,1.2894879122743852,27.88171556848814,288185.3,0.1292981499389225,0.0299561340361833,0.0294683903104694,0.7376301073891323,0.1545840259255098,0.078296034270998,2381.57727435215,2883.578807192762,5.574380874633789,0.25165778,11.750507,18.130589,0.251566,-5.603725879865328,102.91413845323984,46.69240572897829,1.676748223184361,78.29140834257872,97277.4,0.4127779737286551,0.0101172123104333,0.0478406906793137,0.1918379072270492,0.4630419889531288,0.2972190980068129,5863.793730132476,3464.4955336695903,7.346240043640137,0.35844758,11.350441,17.953396,0.35824952,-1.8183359292400216,24.1436767345512,31.66555324640792,1.3859240644084243,43.88605225712548,197352.44,0.3985713022970911,0.020512918010354,0.0515140907968311,0.3755225174838447,0.4286340181192865,0.1442966786090727,4124.550811346491,3297.1973325129734,6.778266906738281
17,9600,4,0.2285790014115473,6.838406012090688,11.21416075640573,0.22671816581240647,-1.4690269045775999,22.519660722310288,29.90893675959806,1.3999763164433228,41.77357741242337,80959.03992234082,0.06446293542032257,0.008285952968021065,0.02015807911058313,0.10654583316339124,0.6664498620417068,0.20633643768841164,6145.889294018478,2956.7935366064244,6.96107134115503,0.40150163605861605,7.71620190700298,13.061698401508876,0.4009780008082527,-0.6067674889736185,6.885884850617668,21.237890920578863,1.3009856949053629,27.703765866960005,259315.30968404099,0.09762895249591219,0.026956562186898455,0.03421237999358377,0.6701587815705168,0.2118167902065301,0.08299029816805713,2761.1657330490925,2977.089339770889,5.739389161763887,0.23858540196991024,9.651094087214132,15.55626045187894,0.23854519279854217,-5.216124508867223,98.66122304068145,41.86179739651537,1.6445323903502076,68.55048947964303,88097.25048066364,0.32114161861756013,0.009151374283248494,0.0444621773240758,0.18106286662963203,0.4770745092717821,0.2821652047804204,5984.8124520229,3442.581228224713,7.3182125682487795,0.33357819666474087,9.626730150562516,15.93953983375844,0.33339458397498123,-2.111193564478979,31.292439707368995,30.503750238585646,1.4109436934294823,42.85328821430743,174155.72609173073,0.3123545844846992,0.01811202972067047,0.05828278931939648,0.34262306240793383,0.44211024027641116,0.1551547078404162,4450.615787646215,3338.1664223648895,6.873674257697864
18,10200,4,0.22755975389930183,6.806049298812336,11.420403287054814,0.2256548988736011,-1.537538416208543,24.131073677718867,30.746626809995067,1.4066621930240133,43.23060855057922,80209.75828094692,0.06828500373024698,0.008205353920003515,0.02160483029545053,0.11140504419659614,0.654716136963645,0.21010880414084818,6140.108047175914,2998.1500385683707,6.976940102396934,0.4014875081755043,7.903086949433004,13.18650559404977,0.40097009150071,-0.6285634367583307,7.167723238204405,22.62870273160041,1.3024132495095297,29.65525427242721,259295.53498093292,0.10213896092907321,0.026935858303114218,0.03445527145197585,0.6680734407671101,0.2117360150718302,0.08435458968552448,2769.9553797316685,2986.4482758724025,5.695645759960975,0.24060014930968704,9.876761239590339,15.819259544714583,0.24057755638209,-5.21044491295102,98.74673820904309,40.862861583475194,1.6457822033279366,67.44117238004944,89679.0747285618,0.3376033553513595,0.009313675281885203,0.044173378710782446,0.18660620804513542,0.45989734608815025,0.28303671184385626,5957.241244017909,3502.5213732059597,7.318052856699424,0.33451895319041774,10.061914825041114,16.40173678152835,0.3343352623854592,-2.182306346263327,32.8575993441291,31.6399984703668,1.4166095634307339,45.16141012433558,175197.19319282798,0.3257198549832906,0.018209265310483176,0.059234764776914306,0.3462813155437629,0.4265124876273586,0.15939678775673566,4451.600145900959,3361.7475411271316,6.866668531533234
19,10800,4,0.22144497143630376,6.846974789741732,11.099272915919869,0.21924718875911767,-1.2990008158582667,19.531095213938755,29.899639223307823,1.384406729846272,41.65479070653638,75935.68855427863,0.05045120334664175,0.007749569499630469,0.02031447290428274,0.10372869738872363,0.6813637562963761,0.19763285270968717,6125.416996334323,2913.935981506101,6.915514694509179,0.36580115524713663,7.62394843217022,12.99326965380891,0.36532164033030123,-0.5198301956802478,6.024506688328459,20.941025133070404,1.2961674029668422,27.254764264973772,211685.80186737058,0.07813916541607624,0.021974916991695796,0.03569852616744569,0.6732572011036857,0.21413349867078402,0.07760489644925343,2710.3682798928003,2924.906126574905,5.822262054027958,0.2237685069524532,9.481346550152969,15.377197474066985,0.22368335349192123,-5.2488876742451644,98.38637046010389,42.20586595905954,1.6370495248008259,69.19807188038415,77337.41877021544,0.26220874906947067,0.008039851419316844,0.0449682157736824,0.1879792626851763,0.503479238207013,0.27810866096670317,5903.658649221959,3376.565870787537,7.323389471615699,0.3077317967053977,9.42248476734247,15.68425219818826,0.30757045057379934,-1.8462483090179842,26.747546085115683,30.326844361316045,1.3897362793275985,42.280762970229844,147018.59352981864,0.2578292918571328,0.015257577823071316,0.060644657105461144,0.3603107162857697,0.43577925723975297,0.14339339987575794,4295.783169018427,3314.692825667389,6.8621894607066665
20,11400,4,0.22282439046099184,6.8429719966969484,11.169271827891864,0.22069455253190262,-1.291377742176058,19.40060468930494,29.964321568158866,1.3833920779869202,41.752286990860945,76866.75865054663,0.050843686780202395,0.007847542391043582,0.019976450518634517,0.10623500475635317,0.6827208431933233,0.19543564501864352,6082.88909247202,2908.0076169003064,6.916673419290987,0.3842362473075763,7.701167462693848,13.032123925809438,0.3837643511175493,-0.4995626156219506,5.882408660903689,21.33193726072816,1.2939952495726033,27.778251004100184,235703.39900976556,0.07897520248988885,0.02447269769842359,0.03361203500710696,0.6849013214171693,0.2073916759612739,0.07552369484930305,2652.8194538284633,2875.493463083691,5.724246139807958,0.2252447474755987,9.577347001259335,15.451965906564329,0.22517014437502855,-5.246987910570403,98.41929321200784,41.73366563401177,1.6371081529511748,68.74079640970088,78340.48856058167,0.26674221630037215,0.008140640433095214,0.0462574235547799,0.1939712919175638,0.4994408554544193,0.27789454076042147,5883.986908461027,3392.5329730443596,7.325310446639887,0.31097321869854383,9.539853032448674,15.812949926859808,0.3108205282678572,-1.867523450617565,27.256683497530894,30.617782769909194,1.3898589641585788,42.834194270371086,150265.62016995702,0.26269141308482363,0.01560351043220516,0.058989186288539074,0.37321234640399964,0.4231554672134709,0.14282486131122873,4255.071319774166,3320.4578690193043,6.841626325008891
21,12000,4,0.2240035502923411,6.841759063014622,11.2350033896732,0.22194988393318338,-1.3187504559248728,19.951195892233482,29.959502318704295,1.386020503663064,41.76246719887078,77677.95185322444,0.05286181985693557,0.007936783684743095,0.021105219892360225,0.10701194622172762,0.6784145259112824,0.19690426776897357,6071.449877784686,2921.8332806999106,6.940087203004376,0.38568856928795897,7.664921344694508,13.08454804021705,0.38521874908284126,-0.5228702170090794,6.13495847528175,21.03263549842825,1.296000881962136,27.38029826788014,237647.88755622596,0.0826005029555591,0.024679225205479795,0.0362009688468605,0.6803191296292042,0.20580583949370002,0.07734638701351129,2666.571671525613,2900.3365033467758,5.8163573377410085,0.2276371438534303,9.56053314565416,15.499036548296047,0.22757517935931082,-5.242977901245894,98.45042260779384,41.919777322299026,1.638170583598117,68.87590060103508,79998.4663040264,0.2734267130081955,0.00832078300745356,0.04420363317735273,0.19077912565167418,0.48765663230436007,0.27916869348306367,5892.240407213427,3427.115968561607,7.321137002271048,0.3175317001787829,9.55358549562005,15.92395506953109,0.3173882267365816,-1.8815481524600215,27.44990664129794,30.550071863048935,1.3925289854469711,42.73587887924745,156972.52690034552,0.26884742269156786,0.016319979239228642,0.062040832140143054,0.37266038371345916,0.4126780541374347,0.1449150148151092,4229.483079476846,3331.3489714490183,6.860837086529456
22,12600,4,0.21406388415185384,6.837985101314025,11.161588038713232,0.21133858713193135,-1.4652866766378314,22.98865482625004,30.436561248596213,1.4030187299159955,42.677332745146714,71281.38698163882,0.05208208791212739,0.007250068499193211,0.024817731483010082,0.08766866982284363,0.6401018831971974,0.23211510532167998,6616.302096865762,3037.627011995553,6.7952507254703,0.2433724412775521,7.659914768192352,13.011168412712792,0.24272031775834838,-0.9539547974833145,12.057071006392466,23.659787941306675,1.3285151265592487,31.411253520377215,83471.97433874049,0.07999869568395324,0.008638579599245143,0.0633038724024253,0.4588668371894758,0.3464379458558476,0.12159593035630886,3850.495294552029,3507.476011900975,6.600790055811275,0.2206115297557842,9.577981474129773,15.462540607763966,0.2205053574203864,-5.2264137069147125,98.63400788210335,41.52964416191146,1.6407942192509404,68.37514294913011,75243.55433898326,0.26896423428024213,0.007835825934392898,0.03770865077920357,0.16553097532019054,0.4885006163411105,0.28157605028824045,6075.686564384627,3516.3838869163505,7.333376911610674,0.26424153906844733,9.481283108198063,15.769179123248817,0.2640109114715908,-2.4564722562595627,39.72169894436769,31.377989999689085,1.4329250658636443,44.86754967532304,107786.92292996512,0.2643630990806942,0.011199799366380084,0.09652734633153053,0.2709306461339477,0.40812767991731375,0.17681735017068995,4815.44177791313,3474.5309452810707,7.050082627394502
23,13200,4,0.20621853,9.712124,12.926006,0.20411657,-2.370298507121486,41.39766059390727,47.096272435584055,1.4336471956064312,67.51943890111896,65320.055,0.0748663242405684,0.0066553144715726,0.0283476280935974,0.0943431893623358,0.6287602470308934,0.248484398317876,6642.084861591359,3028.532454184071,6.847194671630859,0.26484907,10.901356,14.823341,0.26407126,-1.6230060719800472,24.3240806094398,41.160634914763925,1.365648189831343,56.21094656386836,107742.76,0.1196823812963386,0.0111498879268765,0.063861295100286,0.4120803858535383,0.3769042709876322,0.1471193005172635,4223.70819033585,3621.9575146135976,6.815842628479004,0.2359452,13.689804,18.5503,0.23588946,-5.902560112494052,119.67502905442164,58.02111833399328,1.688202297493384,97.9513852749981,85509.33,0.3708925338040779,0.0088991224765777,0.0462182252893008,0.1656251438796823,0.4978423627645055,0.2902557831089922,6131.589844719719,3387.511773490915,7.315003871917725,0.27746862,13.349152,18.62259,0.2772686,-3.4074117036500837,60.58736294135376,48.11049093771456,1.499395711585482,72.13666379454138,118254.86,0.359118317664928,0.0123053342103958,0.0969603077311895,0.2470051658984275,0.4488192542717886,0.2071702397636429,5162.629063230313,3551.1907654529787,7.188712120056152
24,13800,4,0.21290249,7.4850082,12.746525,0.21072546,-2.6910073169860644,47.60768905428149,35.15697899511218,1.4673710798377928,51.588334232134684,69622.99,0.0978137780320974,0.0071053165011107,0.0303973182764682,0.1000007307237266,0.6122518447973991,0.2572848496195664,6608.406646049166,3070.8844295931885,6.919443607330322,0.26966012,8.297539,14.188862,0.26888084,-1.8947546510903808,28.937371678359128,30.77035975396987,1.392630577790409,42.85174388314873,111692.66,0.1530121599013852,0.011571692302823,0.0665061989832273,0.3902045953750557,0.382554541170529,0.1606964803108773,4368.050082531688,3644.682416321068,6.902729034423828,0.25063396,10.290241,17.063427,0.2505548,-6.311409364529276,127.92943518960637,41.05685217846418,1.7596337398663384,72.2450223462186,96487.484,0.5048125134215223,0.0100583424791693,0.0491402168160719,0.1648186565970057,0.485166475369547,0.3008141942947002,6124.441709348937,3415.061404206716,7.328207015991211,0.28998795,9.883785,16.85419,0.2897877,-3.733817619575265,67.43679260270672,34.08343414290318,1.543615136758582,52.61170485588103,129166.85,0.4768883607007788,0.0134584587067365,0.100063689753279,0.2343488056979366,0.4437294260031755,0.2218092839663269,5231.656351312259,3575.369063674693,7.208086967468262
25,14400,4,0.20493692,7.4440956,11.787701,0.20279308,-2.404755096181681,39.87704147485567,36.32383834764351,1.437820071910795,52.22714386533972,64510.68,0.070340226615029,0.0065850103273987,0.029285960800016,0.0941535061727996,0.6280269526346715,0.2484681994830721,6640.831036778321,3027.36383224766,6.850722789764404,0.26401955,7.6013565,12.97369,0.26327825,-1.6428883774481833,23.58374690409135,28.79088513782824,1.3668921155064628,39.35403389349868,107068.914,0.1145927506345738,0.011096341535449,0.0717250375231028,0.4080390068762551,0.3743144338636194,0.1458867901165473,4199.733731602888,3624.7235328824713,6.807244777679443,0.23592684,9.117603,15.660381,0.23587874,-6.098372286335112,121.4729874051126,38.64589305893345,1.6984102005011974,65.6365789790492,85496.02,0.3763475485233303,0.0089079495519399,0.0512472512545401,0.1634251280392332,0.495935425092144,0.2893344089768514,6104.256368926634,3403.6784091484824,7.305817127227783,0.27884302,9.091663,15.903378,0.27864674,-3.478147372583209,60.45302498482064,32.60495281356104,1.5012610766315857,48.94854656458424,119429.27,0.3654745327846921,0.0124264191836118,0.1112423203615018,0.2383735126392869,0.4448177761284564,0.2055207855537093,5104.744759930784,3575.4447479386104,7.147715091705322
26,15000,4,0.20550288,7.9811096,11.520767,0.20342176,-2.651797146804704,46.09782002363973,38.83697161875415,1.4546530324380906,56.49431853620769,64867.484,0.0822151891878013,0.0066257389262318,0.0278917837371474,0.0978196409832048,0.6211871161123615,0.2530286746105801,6642.297638663982,3035.330366652616,6.884135246276856,0.25872746,8.634853,12.842846,0.25795278,-1.946487679052892,29.882309346450317,33.37432109565993,1.3878392713006555,46.31819346973379,102819.695,0.1339011369089995,0.0106528084725141,0.0731920155747255,0.3757700181648777,0.3918094157486566,0.1591866355587043,4419.895183366638,3644.696026381296,6.895090103149414,0.23942739,10.845089,16.177464,0.23937525,-6.494901927877402,131.96231899230892,45.29594154713868,1.7474682824868422,79.15322117933343,88051.92,0.4336558880621626,0.0091820508241653,0.0487639460470474,0.1630847916560054,0.4903225956424569,0.2977652134463772,6146.855853576467,3402.3844148626604,7.320975303649902,0.2792985,10.828495,16.63332,0.27910644,-3.839434582284583,68.73248234291815,38.77032808217451,1.5343548718945832,59.48744177804882,119819.75,0.4182505591095495,0.0124761499464511,0.1121114783216763,0.2206437977142624,0.4498098485146211,0.2173841892176436,5235.520912498146,3570.313149483062,7.178002834320068
27,15600,4,0.20514177,7.8805923,11.1328125,0.20306201,-2.7396926830399737,46.62471049111608,38.41534772943911,1.4557151876726475,55.921805129743085,64639.707,0.0825719466857542,0.0065921675413846,0.0289785638032829,0.0962502609949148,0.6211228960419336,0.253578903102774,6638.252368856835,3043.115794697129,6.8777055740356445,0.25662833,8.815002,12.495804,0.2558654,-2.024232847086473,30.526167271286845,34.349295286439705,1.3894482509387958,47.72656825690984,101158.03,0.1324008281246872,0.0104679549112916,0.0730297266867491,0.3727031451311462,0.3940193850430378,0.1602085911610609,4434.044304148014,3649.461400625049,6.89671802520752,0.23788078,10.931206,15.561676,0.23782443,-6.612504265079839,132.06675824532832,45.95245437673919,1.7481676931953336,80.33259616478567,86918.04,0.4228934343289152,0.0090412767603993,0.0496498305671797,0.1599277894119949,0.492985576681849,0.2973727741861373,6145.522372452257,3396.188643948038,7.319506645202637,0.27577353,10.607052,15.67688,0.2755831,-4.002371799097627,70.61369550867876,38.46290843245802,1.5404797742755845,59.251332500230255,116814.39,0.4084126860766403,0.0121412929147481,0.1052385036395954,0.2177849439866943,0.4573428345357875,0.219581767916441,5288.246007231706,3550.3287636675595,7.204797267913818
28,16200,4,0.23210888,7.3657036,12.236214,0.23033072,-1.6113979912033936,23.551194969949364,31.733829856937653,1.37468200153982,43.6239247444471,82751.28,0.0683565196369793,0.0084861302748322,0.0250712600743751,0.1281874069542103,0.6593579744771509,0.1873571581290149,5881.763233464115,3014.523946235012,7.00682258605957,0.45384166,9.179878,14.144802,0.45343384,-0.3328518669225446,2.64427822663707,20.227050788419803,1.2761664889335331,25.813084386194824,316373.38,0.1121823598768899,0.0328692868351936,0.0326054373804722,0.771046080108629,0.1467167772673044,0.0496217670178375,2107.035820970153,2596.1262512270314,5.415172100067139,0.24702896,11.067867,18.002796,0.24699022,-5.269606484270641,98.87769483232562,44.80392582052149,1.6251107729216587,72.8113425204071,93731.805,0.3682051219082544,0.0097499405965209,0.0500266013564804,0.2016935559233415,0.4721643179675969,0.2760623374489362,5791.304653373717,3465.869446729368,7.331389427185059,0.35364732,11.316586,17.792416,0.35352033,-1.707538718828454,22.885847381411057,31.9996359478585,1.3721489868317331,43.9082680449625,192102.03,0.3579715314622203,0.0199855379760265,0.0597538723026781,0.4095166069455868,0.395389403962861,0.1353125762421933,3993.6537104570034,3361.928138170804,6.795345783233643
29,16800,4,0.22518866558390538,6.8347909274087755,11.159879852024828,0.2231885055657739,-1.41584022173444,21.295264047875015,30.10333438101674,1.3943603772773994,42.05624687975762,78507.43807247633,0.05728305357102557,0.008023466873720755,0.021094728965542053,0.11106220393968215,0.6649853518776052,0.2036787803798923,6117.054558800888,2965.4106175130214,6.944453338834299,0.40052363095343674,7.741507183208623,13.04688111228934,0.40001590497334827,-0.5613600078741319,6.291251866992111,21.438119003398565,1.2973818430173174,27.95279607078469,257948.89923252372,0.08788065324625075,0.02680132984695481,0.03456967388639349,0.6819772608378578,0.2037358259151339,0.0791587470414047,2683.1960816954506,2911.935726541711,5.761019753999347,0.2338954405762353,9.638520490068657,15.484377203086973,0.23385888307624933,-5.225252092305718,98.55918705493085,41.753215632148304,1.6413360078891537,68.57597459840723,84525.15614446695,0.2968370023838502,0.008781677301256379,0.04384616325484601,0.19402458995982633,0.47173670458823735,0.2802829532559101,5883.9304165660715,3478.471432651813,7.3219245205244246,0.3270167620473303,9.652567720857165,15.826587992097103,0.32686782938301406,-2.0205083158038324,29.204492140404714,30.67368510615644,1.4007248558213994,43.06702318165991,166996.77729471045,0.2890284525770797,0.017348626786182954,0.060835278390070344,0.36503989855747804,0.4156825116973022,0.15006243917262535,4303.0794807037855,3341.1583590654045,6.860294311877132
30,17400,4,0.22698490294996598,6.835815338616083,11.21648844371683,0.22507474225123503,-1.4709326498399968,22.713979519140885,30.020477200603562,1.3978641924994326,41.94442087973332,79791.81273339341,0.06317933044863058,0.00815902064372134,0.02124690338246437,0.11301797621148921,0.6600903115636778,0.20570708530598333,6112.777046040561,2978.1601697331052,6.971716966618976,0.4082795860312262,7.750592647423548,13.095198934897892,0.4077268178149734,-0.5888501488606739,6.7304757477450465,21.41155231986794,1.3006249892980788,27.94262453794055,268880.4161215589,0.09723131970780255,0.027927372143485476,0.03402318908901182,0.679741531443629,0.20435101688963758,0.08098287264674184,2700.4438858370368,2935.4160662865124,5.782873983258338,0.2378545260400577,9.702580100226733,15.634938466872205,0.23783146264513028,-5.2206455510113825,98.6406266543695,41.586158802670695,1.6424849810528301,68.35534979339006,87530.44418485773,0.3165650394378331,0.009087198843198106,0.044743595435613376,0.19836477757733953,0.45608452515752484,0.28155548774278133,5903.5881571043155,3535.810666655561,7.320294286550677,0.33437432097354663,9.809377516378685,16.176098093247347,0.3342141415220659,-2.0802356617676665,30.75201099262373,30.97497973632121,1.405402040254673,43.70699753330062,175036.8255164148,0.30936825508099763,0.018181732628779874,0.06074719738458778,0.3713766076994467,0.4004288402788166,0.15350464819970622,4298.711764767544,3365.623456120335,6.852928938508093
31,18000,4,0.22855246341850538,6.831624021853025,11.223283726495065,0.22671894883210314,-1.5104879468451389,23.385454458021762,30.07681197746638,1.401955917596721,42.06729615840885,80939.3970005653,0.06728707342659355,0.008287311411859283,0.02194470674541065,0.11629992237518288,0.6545160967897337,0.2068817804005726,6073.955788400564,2995.98099414838,6.9973930527099775,0.42245472477662294,7.707948439038604,13.066840113069718,0.4219339376206553,-0.5852378903442381,6.710065332615248,20.94747460757347,1.300866397365577,27.298478480522494,289423.3628565272,0.10156701117568702,0.030119367014119065,0.03511854440018124,0.6828299223196146,0.19848767731411376,0.08144823488533373,2671.2643205860563,2928.498948434405,5.768092973734253,0.24066190066555754,9.722481209948665,15.66980052260649,0.24065578003198956,-5.214573189791565,98.69251230192995,41.5955524060499,1.6439431880262483,68.29911185699699,89728.01092051464,0.33215581443019415,0.009330983855780196,0.043592995359568745,0.1967526766332524,0.45005565418881954,0.28217360988929313,5890.946004330802,3554.1470878810364,7.319573005257692,0.33940092511253955,9.773376155578303,16.1554798122177,0.33926043854229815,-2.12055715083876,31.668226437354313,30.799895574592934,1.4097393345383435,43.41899218432231,180662.4571637069,0.3241168027651784,0.01880956172398721,0.06074905062177901,0.3777179756532649,0.3878728052892885,0.15547764942196637,4282.483837728361,3376.3199187897,6.874331251016155
32,18600,4,0.22794843132243664,6.8106757429925775,11.382860250218318,0.22613559594900812,-1.4308509484376681,21.941614152283286,30.616035174594405,1.3941530195975922,42.8986219496984,80494.24454410802,0.061863175503066636,0.00824157254630551,0.022192429465599114,0.11327724166612484,0.6637008069224724,0.20218718430725163,6073.407244035294,2966.9572072554147,6.979328229101238,0.4140883510206244,7.942035163784585,13.184498377463296,0.41357270200091967,-0.5700377383457703,6.5392411679251765,22.72277323682744,1.2986383352242452,29.746761795767306,277210.44700052514,0.09562887221258483,0.0288175221751118,0.03689154378529174,0.6789210979182486,0.20231568685144902,0.08000466536002415,2675.5333786494402,2924.994857383751,5.825674265801072,0.2379808127127096,9.765494494967129,15.768201545585406,0.23796517413884433,-5.225820405827785,98.58638753228631,41.28601047199656,1.6412682475237033,68.10764967121699,87628.11758091711,0.31182180273680415,0.00911423042709089,0.04310729803580772,0.19716092001435337,0.46250432890789517,0.28054698671947353,5872.936617353016,3520.8913194898073,7.321579923253852,0.334318382978165,9.88940266023425,16.256210297548446,0.33417946091316925,-2.053441592046001,30.24203254020544,31.187562705404375,1.4033920203238823,44.09359490521431,174974.8278497278,0.3053909740867877,0.018212406924370147,0.06407932725609282,0.3753426033360518,0.3899602194541145,0.15215045338157757,4262.321768605911,3370.5103060286774,6.891387275829988
33,19200,4,0.23063598026225213,6.815481241004707,11.430239581733213,0.22895359719159852,-1.531509435948149,23.915397721210404,30.401331878204594,1.4061853826271582,42.64445836368383,82503.26003953314,0.07221884213805628,0.008449317484626252,0.022314427201484695,0.11809567654218034,0.6496816590507544,0.20877064100593581,6087.729817854081,3007.4283833079044,7.012075198639218,0.4281099394608627,7.863409865973579,13.175518983696248,0.42756790811288,-0.6090865550587903,6.962418588019075,21.971749743148237,1.3040667451189338,28.754017631659128,297822.50650230004,0.10885879275184082,0.030947011034701575,0.034724712784502273,0.6792411611738054,0.20017799074195547,0.08341350511283649,2706.956955639878,2958.4589152793724,5.81355453685702,0.24532066101125272,9.782292853856415,15.821567705275893,0.24533478119771504,-5.2159887897022825,98.67536048694193,41.48841695146384,1.6452594071578088,68.12698376609441,93496.57823536465,0.3495547972295789,0.00969694982498583,0.043501586169543104,0.19351188658555446,0.4442736034914341,0.2833747380491312,5935.875698623916,3559.1225473475383,7.31730402825936,0.34480324981491284,9.906446864811466,16.464524904784582,0.3446576575132341,-2.1478389046905515,32.31970088940636,31.055654619804137,1.416107860752255,44.00053570787368,186828.71925411958,0.338772890502279,0.019409979578028033,0.06105298689515498,0.3702061557088787,0.3863637032244615,0.16106002100389616,4360.868377735566,3396.84685916718,6.911493222211922
34,19800,4,0.22316579223646466,6.826257715602537,11.259625357283879,0.22098244384340016,-1.691140054189881,27.53461556261837,30.398248523135756,1.4267722080707275,42.80883843979086,77100.17319498325,0.0707669770500173,0.007866396548589371,0.024774580915146685,0.09949182159779431,0.6310875761956838,0.23100914884857904,6515.193203101042,3040.1587835327937,6.93264138208013,0.2928189601576107,7.722062528798921,13.111822011300294,0.29212709650622776,-1.1313302248778196,14.51124558263994,23.066761875186394,1.3415445296180395,30.70175793616854,128707.79202736718,0.10701361607803536,0.013316907048454328,0.05768200315755905,0.4811324631757432,0.3297560230333296,0.12181144923295392,3755.653257924532,3475.597152475253,6.598913601410699,0.2415906877732311,9.603314385607478,15.556701334952784,0.24158033193302347,-5.2064653435796355,98.78730520615272,42.18873971008498,1.647495263197046,68.77711875915891,90467.19361354032,0.3461611098063129,0.009387800218861172,0.038471750020141596,0.1703892115028864,0.46716428417080835,0.2833578876725318,6056.153351536256,3513.8176868819423,7.323180752969481,0.30489993122017306,9.631669248016461,16.131912646072973,0.30468748627261744,-2.6376493115138206,43.05116128260757,30.995695599559134,1.456205033481538,44.38747415317535,144218.49099001006,0.3330850299601397,0.014971778079744147,0.09387182284441452,0.27717315643803103,0.3918849044082941,0.18383858849785564,4816.381586925162,3483.1131750844943,7.061452891067763
35,20400,4,0.22257465,9.184074,14.284992,0.2204894,-2.910762820799656,51.56400327149787,41.26289472136414,1.4821387515836044,61.15733526932313,76092.63,0.1265462946976,0.0077723730355501,0.0306400658601224,0.1070391926814245,0.6032231416264068,0.2590274460629151,6560.6374293831,3095.9393630493773,6.965908050537109,0.29058293,9.45015,15.492535,0.28978547,-1.8895342123821317,28.10561194548354,32.52135180846511,1.3913555640235742,45.24876378843178,129697.42,0.2003887842049294,0.0134218838065862,0.0695007222583147,0.4118331656372299,0.3610477864911905,0.1575778200806044,4215.46738262369,3643.425559579773,6.855841636657715,0.26493046,10.345268,17.569065,0.26484585,-6.210313486566371,122.485348887589,39.04899561731128,1.773720159115502,69.26199071989933,107808.99,0.6034088802472567,0.0112081449478864,0.051014179547266,0.1676565026148637,0.4773656558375033,0.3038962524118843,6098.985254295296,3430.128180794469,7.330191612243652,0.30887762,10.010147,17.986584,0.3086611,-3.633586126196733,64.02588270380882,32.40813364207322,1.545035809829165,50.071727006894506,146542.66,0.5827755561160647,0.0152284633368253,0.1100598155270395,0.2378198021326713,0.4295676013044697,0.2224986267116747,5148.279183644638,3605.591008755486,7.172118186950684
36,21000,4,0.22197472,11.38792,15.910339,0.21982577,-3.4084957835516074,66.57121582934283,51.30278171229663,1.502970634066789,77.1065743598679,75682.984,0.1616220167415563,0.0077380733564496,0.030766795612976,0.1097915761097578,0.5912807224150798,0.2680876221701949,6564.887907956369,3130.573471357375,6.984674453735352,0.2902381,11.502457,16.794014,0.28945374,-2.1577250969756467,34.89636660089835,39.631103501073824,1.4010053693671478,55.523388799140896,129389.81,0.2476269868654599,0.01341706328094,0.0679748435061302,0.4148479688874729,0.3538205979802735,0.1633180998793901,4219.827726897666,3661.332569007624,6.869584083557129,0.2668898,12.953281,19.156742,0.26680872,-6.721599788808802,138.64695822743684,48.53419235172991,1.8107786116427464,87.88467744419675,109409.53,0.7034582376821007,0.0113942213356494,0.0508443492152657,0.1678600929424351,0.4718825166418013,0.3093489597791416,6101.763473509163,3442.9211738363365,7.329288005828857,0.3087052,12.506294,18.706512,0.3084817,-4.039211854855781,74.44458377234508,40.512093147593504,1.5692928232661671,63.57533703221489,146379.11,0.6760969026774876,0.0152292875573039,0.1108154021835926,0.2309417138930064,0.4260305706744267,0.2321610513534205,5196.918379514732,3621.321381117152,7.173815727233887
37,21600,4,0.22495523,7.8673363,13.114262,0.22273088,-3.429071735351616,62.71764541049944,34.97289767340971,1.5134377400282302,52.92930321731903,77729.055,0.1606105728096553,0.007946909405291,0.0319317339586106,0.1108906302725514,0.5838203973539599,0.2732795209835413,6558.525000852781,3151.2651534862507,7.004688262939453,0.2924712,8.269215,14.108849,0.29163545,-2.2375226926458143,34.62281633666801,28.273603088645043,1.4106936785040656,39.88539314582096,131388.53,0.2533347821834658,0.0136170042678713,0.0672407147625149,0.40884966135427,0.354231955921081,0.1696351524143663,4275.012578399342,3676.446615331876,6.8907318115234375,0.27327722,10.649109,17.18359,0.2731691,-6.758561944132899,134.97292314182695,38.9681538969149,1.8329722891026672,71.42754625079449,114709.17,0.7527666973435242,0.0119491629302501,0.0525537036612014,0.1647949278741889,0.4670536563166881,0.3155308099707911,6115.664722204143,3448.047758742182,7.330437660217285,0.3123898,10.696888,17.734241,0.3121476,-4.204605863521139,76.21558581177291,34.24211762903626,1.591878098266164,54.50927709209101,149894.22,0.7258236622730564,0.0155980493873357,0.1035716328501826,0.2266514503614422,0.4282794027863723,0.2414407319809687,5280.122573062354,3615.622439006096,7.2083740234375
38,22200,4,0.20205663,6.298542,9.89418,0.19990465,-2.261344327401597,37.45081818516259,31.172161871662187,1.4331120571291898,44.673201025282985,62710.094,0.062424309035295,0.0063847601413726,0.0290948179934429,0.0989828145776812,0.6237345351366521,0.2481145114309136,6619.395996828975,3042.150953015668,6.857324600219727,0.26877585,7.187557,10.852718,0.26805982,-1.4195712812351502,19.49685761744249,26.74182671598049,1.3560720644413906,36.26384416180852,110961.34,0.1017479339766747,0.0114903328940272,0.0716917061378232,0.4408420208617223,0.350016952143011,0.1374133941584547,3995.2379933620223,3604.7388155041,6.743411540985107,0.23243581,9.695244,14.488983,0.23240103,-5.838532776062629,115.80819927166596,41.71148987804796,1.6899651075263955,70.49096247714476,82984.555,0.3380270402902121,0.0086299274116754,0.0526700294414203,0.1664378090167556,0.4916167312560453,0.2892142711427066,6089.862515747456,3414.4336641890186,7.306534767150879,0.2781463,9.733486,14.847279,0.27799657,-3.240859703051969,55.201190380529134,34.99412463727801,1.490926244835272,52.173658836941954,118833.195,0.3304011661373122,0.0123539324849843,0.1231403224371699,0.2400445414762149,0.4336440723741541,0.2031219868701871,5019.092634354454,3601.900995255626,7.111098289489746
39,22800,4,0.20349327,6.9521904,10.599041,0.2014111,-2.234102983747781,37.083189198564185,34.16422809194733,1.4367112591745832,49.08413116095052,63605.004,0.0635883061489063,0.0064828330650925,0.0272876267091315,0.0974984570785875,0.6278442307190729,0.2472997521917766,6633.795228867506,3021.1989191277303,6.855539321899414,0.26804453,7.992935,11.9133,0.26733658,-1.442006823996708,20.34143605104723,29.81943015407236,1.3586980848188188,40.5156026408778,110358.34,0.1050048634095118,0.0114327017217874,0.0678569195600063,0.4320234901383879,0.3597298580548302,0.140354515427488,4078.297412249531,3605.8498288833134,6.778576374053955,0.2330479,10.454464,15.529442,0.2330077,-5.8875533887850455,116.10378281961805,44.859721296670976,1.7093292757042142,76.68003491266056,83422.195,0.3424736516829318,0.0086856903508305,0.0505895682519065,0.1631216673632551,0.4951973415366433,0.2910300230552382,6119.806319687737,3398.897474699724,7.308340072631836,0.276343,9.909058,15.4613495,0.27618045,-3.3199412286092107,57.344261202811765,35.85782179007814,1.5050942537086704,53.96940152695146,117297.31,0.3344134671458163,0.0122046340256929,0.1127718372030542,0.234538685022233,0.4461610731600381,0.206480864068787,5125.036585962611,3572.37454137138,7.144474029541016
40,23400,4,0.22872242,7.975292,11.849976,0.22685751,-1.9440606440433008,30.4085402496932,34.86886895558247,1.3958307775955177,48.67104046835969,80354.23,0.083220543430181,0.0082221264019608,0.0228456495009107,0.1273232159407632,0.6478252501550843,0.2019734571237586,5950.083820407964,3052.0655772699947,7.002547264099121,0.42845374,8.159733,13.012314,0.4280278,-0.4232733491806273,3.9712770600551552,19.04460619886792,1.2926045224191784,24.61714410040644,281967.53,0.1338276814103076,0.0292809288948774,0.0347355084844899,0.7479297654673656,0.1593182515122517,0.0580052547744104,2236.015797515599,2740.855272834164,5.9033613204956055,0.24864674,9.574032,14.861679,0.24860649,-5.5937230343782645,106.3845107990268,38.504554607190045,1.673600048452367,64.44122445648924,94963.51,0.4066393965950168,0.0098693259060382,0.0467245639045888,0.201887203544894,0.4703422386083989,0.2809872749903362,5814.805021733333,3477.406283267177,7.340188026428223,0.33929175,9.237385,15.831184,0.33917135,-2.0207895558423044,29.482826034474563,27.22549180289606,1.4050403524704562,38.252914599035336,176822.62,0.3907170074357509,0.0183719433844089,0.0720182808824552,0.4047660422260374,0.3737532648400558,0.1494292716742806,4058.617315343776,3473.1062074292468,7.001096725463867
41,24000,4,0.22718545717887217,6.837102967161761,11.25572713550916,0.22534480061005127,-1.383605240362479,20.924759831592258,29.98202113141736,1.389277433893735,41.82141676880559,79937.24349729267,0.057941716093195775,0.00818367594530083,0.021578818674880332,0.11619173042476429,0.6638889555904569,0.20079546278183574,5981.374866559921,2983.1764399169574,6.923127541680692,0.4342491801268983,7.6635445533339785,13.07471698099516,0.4337595196296308,-0.5101045802738926,5.894130837447955,20.52412397586001,1.293190205450764,26.657933049077904,307071.8816320258,0.08774661732433126,0.031942328106670276,0.03506459467513339,0.7073539706490033,0.180368047600726,0.07521381156358266,2517.4333586828443,2801.620230704327,5.613219442878269,0.23487372271651213,9.632183388020259,15.51266496814941,0.2348477476757081,-5.232081383712934,98.52578440974027,41.82132855135948,1.639785460649008,68.71094189002838,85257.54996490567,0.29682863078267263,0.008866837163076067,0.042389859402104824,0.2124813304572068,0.4454104268766578,0.2795445364757706,5749.878713071652,3608.3701702119347,7.326040188105383,0.3400890561266696,9.588930196101904,15.885390681720647,0.33998141583226715,-1.9014428460974795,27.387982986005305,30.311957632710257,1.3916611709672617,42.27294112478945,181440.96301424084,0.28947471520254064,0.018870770394549277,0.06283665075675988,0.3913243097874166,0.3826001564501545,0.14631578130071687,4106.0701279316145,3336.245273001953,6.76156659181318
42,24600,4,0.23427309965475956,6.813703930937255,11.501227122743844,0.23277212752434945,-1.6908113334812003,27.233187101510822,30.323336624464925,1.4190586690847962,42.6160061954535,85338.69592473528,0.09324869313299274,0.008752789209355228,0.023715390790624277,0.12112885161297002,0.6344962940437442,0.21611198213589553,6046.587626643681,3055.5944167929893,7.035667101424645,0.45876758526180805,7.7880903805974775,13.16231312970558,0.45819828691784326,-0.649587646093696,7.4275253865929365,21.12113470800651,1.307440817952406,27.59094167551378,345375.02397079865,0.13601865379549005,0.035915518704939677,0.03395882409812932,0.6885652187512576,0.188262564748412,0.0851517671552611,2665.273534060245,2937.926773781188,5.693586901613081,0.2538765486071231,9.676651335966357,15.648813264560513,0.25392504283946155,-5.199095189259819,98.82164435289064,42.22526256332508,1.649083201442025,68.75556750743173,100813.53492999451,0.41518948942827216,0.010454132142206017,0.04183023888935353,0.19702155307665256,0.4189361071363341,0.28510821835980826,5880.087829201178,3637.7071769272175,7.3217706898266925,0.363024649597463,9.734263030163863,16.16504016660633,0.3628990851512542,-2.25815343848802,34.16735379521274,30.368573717623406,1.4238599834195567,42.727633940289145,208544.74006484513,0.3958958578451532,0.021672591019501305,0.0615469327023066,0.3707536691216353,0.3786517243522219,0.16399825560616016,4324.473881523263,3393.268050509828,6.857944805599509
43,25200,4,0.23281366515924573,6.814495947626635,11.363444266128981,0.23122643380679075,-1.6343334297447036,25.91776675949752,30.35191491098002,1.4142896310554882,42.626758516787,84184.84293225552,0.08413042686004507,0.008630721444023276,0.02353577628884236,0.12155290548477204,0.6340689272532808,0.21630550439913782,6063.405875532467,3067.5819499244903,7.015307330839679,0.4545564650924004,7.842323383909816,13.182427574994446,0.45400448983230124,-0.6175873097239846,7.060320100688375,21.517986239962575,1.3043217281581945,28.121839662367908,338641.172314627,0.1235457476584316,0.03522291948434945,0.03534209376814761,0.6888829859381188,0.18730228951307587,0.08413152524305038,2646.093355983393,2928.2134625854815,5.703490527427068,0.25054179438956153,9.75840689751572,15.741923690653291,0.25057962147029605,-5.206785387216112,98.74663232637594,41.77365174896991,1.647451133930508,68.33231346332143,97900.69579625102,0.38443439982475625,0.010155644515040526,0.04158190469648382,0.1993770380553067,0.418102030058891,0.2847080031393671,5870.585666282864,3658.9071134786413,7.320326373302518,0.35696019292879394,9.934996620344673,16.296225998221583,0.35683369360692924,-2.1901580768660116,32.81059464050138,30.93634826837789,1.4188884466701417,43.799561964385816,201159.9689904819,0.3670140359693403,0.020908570322283108,0.062499134129332584,0.3738105674651098,0.37511098404940724,0.16256020320913223,4302.815894734427,3394.8551446930496,6.868572490617993
44,25800,4,0.2332845480079329,6.80120467551143,11.47642374026113,0.23173076267337017,-1.6892017471766263,27.64631951974153,30.64424783045949,1.417751727572408,43.15809071513799,84554.77404299143,0.09249037737868435,0.008662991589399779,0.02425672992212525,0.12133090213637156,0.6328554873111931,0.21662889234852775,6058.243144231368,3071.028701189263,7.028958794878756,0.44939442770227433,7.897174779506218,13.197248384411433,0.44882533936654745,-0.6642320918664192,7.583772255798084,21.938009595209394,1.3062011894345769,28.726368483725622,330474.57881851785,0.13428752060422705,0.03431757323648967,0.036735120682625744,0.6810371951349747,0.19139275938777672,0.08584854225404438,2678.7134056889436,2959.4773717385942,5.8094420616539715,0.25222217768104993,9.806983503538415,15.718414255096663,0.2522605288288714,-5.201295218498257,98.80801564925993,41.618816627733274,1.648186935139728,68.13272045431516,99358.7432530571,0.4030891467498863,0.010290633831885804,0.04102968556208307,0.19766545158715154,0.4208451955651781,0.28453482152044984,5863.371202796536,3654.7892600440514,7.321884592637085,0.3580080632434029,9.94637374309157,16.26559793411138,0.35787653844274936,-2.2674483345149214,34.40697304595554,30.948155400245046,1.4232842757920818,43.877755234778824,202424.78101768857,0.3865246035159837,0.021006683715975964,0.06365069626756518,0.36648105174838297,0.3796850640191554,0.1639503674536295,4329.7056646228775,3397.9996465549398,6.893553340007726
45,26400,4,0.23046096638034572,6.828524703461993,11.32501275569767,0.22877086799263763,-1.4806341859507823,23.07986625912611,30.094102296618438,1.4010613866473083,42.08969447221562,82370.20493299843,0.06888480117870652,0.008440568602421287,0.02409951422281615,0.11996745401735619,0.6444714416970589,0.2095858800867526,6032.161427216254,3041.1051180738286,6.99912099787147,0.4435944479727013,7.717534523074503,13.117320615300587,0.4430642973121718,-0.553330857527847,6.466626113566774,20.803482769078624,1.2997494232835116,27.090013610166956,321413.97853152995,0.1036237230514849,0.03343366277726456,0.03705982086242475,0.6912405363588339,0.18692936553930026,0.08085262575310888,2601.4966034336258,2891.58562466597,5.765099731947413,0.24295344956772963,9.670051195421033,15.603940545625381,0.24295370805479272,-5.22579378028046,98.60157150614333,41.92138472162616,1.6430572698161299,68.67409450143049,91562.70003258032,0.33109882457411377,0.009520942676607462,0.04104350852054332,0.20593096821144682,0.43259633641956896,0.28174524717413496,5801.0073234190995,3643.0742120467044,7.320988227042255,0.3457221831574241,9.608144133901646,16.036123581501098,0.345595086182445,-2.0456655618105186,30.43167206407647,30.284993336412423,1.4074468883378937,42.38788167933897,187889.9838698024,0.32326294135603306,0.01955004539716419,0.06338492248670075,0.38133294450425786,0.37801335123080826,0.15487362975959312,4219.060191525436,3373.292741238097,6.878143259661316
46,27000,4,0.23183339884113502,6.820679172998476,11.461713126501946,0.2301779030419484,-1.5845222159100287,24.963237932346097,30.238456008139472,1.4123658431561692,42.41781137946276,83421.94348870631,0.07829395523651037,0.008540612996180747,0.02502882591615569,0.12030164461918522,0.6324121292598153,0.21687875014569785,6087.627168963036,3078.269335312425,7.0253419001276605,0.4346344939531586,7.775993670209801,13.18273853812084,0.43405735558062264,-0.6304252134628293,7.186806313724204,21.291141657279578,1.305396805581153,27.81323760580428,307656.9759782531,0.11662670893192087,0.03194393562371635,0.03896422765330642,0.6744115044010254,0.19453689456552342,0.08642315789874719,2703.2410732948147,2979.221740518303,5.9280123149336825,0.24899589451012527,9.67804413373239,15.673158984263843,0.24902217976294405,-5.21545101461035,98.66289458852714,42.07710011482134,1.6462574709567779,68.70639887828213,96576.81525976413,0.3646581519487915,0.010001438773009788,0.04051199972920547,0.20027211682441173,0.4223994887230643,0.2837400729660252,5854.977657577062,3670.0484152636695,7.317565468224519,0.35175728006525503,9.681431586643036,16.191521553519294,0.3516108010651099,-2.1473073430863274,32.16090046653104,30.38794454440705,1.419170860275123,42.71552170957803,194949.37012125913,0.3499814616535295,0.020222699250511445,0.06483404111329241,0.3701611224477694,0.37620322249416155,0.16178403085137993,4299.233464116014,3398.897374425629,6.932930461088917
47,27600,4,0.22348462,8.020115,12.931538,0.22128683,-2.88246465407066,51.64056331760239,35.88665243464002,1.4860299619580222,53.3286407524875,76716.09,0.1288194787910355,0.007822623476386,0.0296449895419892,0.1066375940130444,0.5773127805537576,0.2863380021582944,6631.7642648092415,3172.0640341440594,6.967366218566895,0.29356703,8.661079,14.387417,0.29282987,-1.8184782807764412,27.720351988161724,29.502902144212342,1.3925629415099847,41.08464819316552,132374.94,0.205886498040377,0.013694548048079,0.0812102512867263,0.4054057187585504,0.340455131493856,0.1728920726983558,4199.485121458743,3717.386400960636,6.847301959991455,0.26340115,10.474014,16.712284,0.26330885,-6.20393942374445,124.8502315184041,39.76449705787257,1.8007970692503994,71.6077897623049,106567.94,0.6009800059213993,0.0110853146761655,0.0470656778390387,0.1770397107537781,0.4621650967097693,0.3136678482684782,6108.9418997626,3482.085716389402,7.333163261413574,0.30909172,10.841465,17.525959,0.308907,-3.509111597945428,63.74859008037359,35.07523624819521,1.5468638092987397,54.25661355511201,146745.89,0.5818620761154082,0.0152525566518306,0.1279070482684126,0.2431081774696405,0.4041415108982536,0.2247942396734939,5014.477197024581,3685.634081654228,7.127599716186523
48,28200,4,0.21567668,8.375931,13.402081,0.21344241,-2.655924582521786,47.4982283218991,38.83558842822137,1.4722966398784627,57.17750635083835,71449.24,0.102775635531078,0.007273681461811,0.0283383311329101,0.105743623974842,0.5890406546851293,0.2768077142728272,6632.888943611326,3135.8258940344035,6.936861038208008,0.283379,9.456825,15.044689,0.28262532,-1.7117380771289183,25.98149449629983,33.37165294514107,1.384889422527835,46.21604917615883,123346.41,0.167546249982728,0.0127589032053947,0.0732691239677436,0.4169363670649253,0.3457897607922054,0.1639664262799152,4168.353556129824,3690.371692842212,6.810831069946289,0.25372523,11.600399,17.922306,0.2536334,-6.000663538083095,121.10590721198209,45.720321095252224,1.774240293965765,81.11883594056918,98882.28,0.5019031848823209,0.0102558331564068,0.0457723807739104,0.175358073730211,0.4699597724484206,0.3088508321940617,6120.576900836285,3456.9034808397005,7.326691627502441,0.298419,11.372852,18.401623,0.2982298,-3.3962835110797056,61.57789727601619,38.11034945579483,1.5366567087735516,58.56252416514784,136786.78,0.4883494806773267,0.0141882691532373,0.1128488110291778,0.249575060939296,0.4151869915289978,0.2223426630831378,5068.822952663318,3650.554432901072,7.146004676818848
49,28800,4,0.22142845,9.498215,14.829254,0.21918622,-2.927808706520763,54.3904746030444,42.89518602234815,1.4917161025462282,63.9874397115416,75310.94,0.1307544743633864,0.0076935030519962,0.0280213789009868,0.1078074679589623,0.5821625074477822,0.2819389889470352,6631.885032575061,3152.10544121205,6.959765434265137,0.286959,9.75647,15.154934,0.28619882,-1.9139001132515727,29.58989915430337,33.99952600254064,1.399605457537343,47.585922147004496,126482.625,0.2006424584079085,0.0131164118647575,0.0681506077212158,0.4078370009146845,0.3518090848404424,0.1721651149713525,4275.756842975119,3707.87928536472,6.854024887084961,0.26275736,12.784958,18.66293,0.26265252,-6.278994690780568,127.95919092875587,48.65689714719717,1.808555005056801,87.99867486643228,106047.65,0.6099455266686284,0.0110608451068401,0.0446730766502459,0.1728079722374627,0.4672483254734054,0.3152102278738153,6152.674976603235,3456.340980124074,7.333484649658203,0.3052707,12.276173,19.04583,0.30504945,-3.66954898302537,67.33839465835983,40.21405451513867,1.5610173327167842,62.77483611715474,143140.16,0.5847944714061889,0.014915358275175,0.1071104739262786,0.2409932062066138,0.4187970223588426,0.2330522719322766,5178.360738900506,3646.7159789637526,7.186017036437988
50,29400,4,0.22016817,8.270073,13.3049965,0.21790536,-2.824676997244838,50.620709431503045,37.56252691987317,1.4843280566674135,55.755112586746,74456.1,0.118945052982847,0.0076071564108133,0.0277658912869061,0.1066544733153447,0.5854155948419251,0.2801021458419992,6636.77198054378,3150.003142281801,6.936525821685791,0.28601217,9.316826,14.861679,0.2852335,-1.881135849889127,28.80633065079502,32.57492776879998,1.3947372914769451,45.43346652647206,125649.336,0.1927640356127972,0.0130259105935692,0.0747581679802386,0.4050810551175759,0.3506454275346556,0.1694801366762811,4247.074490590863,3707.475033532744,6.831033229827881,0.26069066,11.129665,16.744614,0.26059344,-6.259285033400021,126.01479352533138,42.69299638604656,1.7970081251518324,76.71966139309777,104385.98,0.5820005750418579,0.0108868423849344,0.0465180899603779,0.1713193405500868,0.4690354499247434,0.3130674566923896,6147.816785267242,3457.0111608133743,7.32772159576416,0.3036974,11.30867,17.572021,0.30346683,-3.660550002197448,66.87593387845172,37.2366367776114,1.5540435098504255,57.867353713095206,141668.52,0.5688977244760799,0.0147577999159693,0.1135303479329033,0.2369814383433784,0.4194310486980548,0.2300070263336026,5157.16163222633,3645.9046977064654,7.172110557556152
51,30000,4,0.22274767,8.989429,14.633942,0.22049588,-3.084876511869295,58.27933677187429,40.35700813108795,1.5008063084525225,60.56805239367846,76210.984,0.1434720387262457,0.0077601508237421,0.0277592902836072,0.1086557414870798,0.5809648925667914,0.282549106322341,6636.003436078425,3163.9992251111707,6.95255184173584,0.28395492,9.481335,15.818119,0.2831768,-2.113826837895566,34.016815058762774,33.390281598875525,1.4127470301010523,47.17202116321534,123848.29,0.2211521831076353,0.0127995274960994,0.0732905115842836,0.3876224697711942,0.3618278112799762,0.1772185286342576,4386.059087922532,3717.943454103217,6.90000057220459,0.2648004,11.618042,20.013046,0.26469988,-6.312724964513847,128.35591293650262,43.87471473700423,1.818355528220113,79.77983009141337,107703.17,0.6310887294047915,0.0111762946471571,0.047516437914144,0.1700248865411717,0.4670059593155889,0.315388041508539,6156.990743550933,3460.764563747416,7.334671497344971,0.30520093,10.86235,19.710064,0.30497116,-3.784937717863984,70.5214596817794,35.590816538051534,1.576380743378839,56.10467783189738,143074.72,0.6118778452675375,0.0148413702845573,0.1108979467539078,0.229266729612183,0.4241220710315517,0.2356609018528697,5235.511388275807,3636.5008893588906,7.202585220336914
52,30600,4,0.22698908,8.691978,13.144779,0.22467256,-3.344538024685229,59.36892474487477,38.2924968253045,1.5192797090154002,58.17701343447807,79140.92,0.1576082720871468,0.0080681033432483,0.029415634454617,0.1094268436767728,0.5720947331988602,0.288993438772177,6616.438824870684,3191.207535032487,6.970674514770508,0.28859556,9.137726,14.147377,0.2877875,-2.311517210350412,35.77476466761362,31.6627390882102,1.4258626613624632,45.14671742249712,127929.43,0.24816203956484,0.0132334921509027,0.0711097773990039,0.384906731128432,0.3595504763702794,0.1843925487254389,4417.796259215472,3728.278314650977,6.911820411682129,0.272932,11.151981,17.351818,0.27280363,-6.6096290159424695,129.34955293955042,40.85992715923898,1.857821283889565,75.9104423348896,114419.52,0.7177657286806114,0.011895639821887,0.0479953723663829,0.1676477192177835,0.4623827375279965,0.3219125948636935,6153.794978555497,3463.892720719208,7.326264381408691,0.31067163,10.878944,17.805958,0.31043112,-4.086610114365259,73.6928791626798,35.01750218945965,1.6048272857857522,56.19704299388805,148249.9,0.6864863321747235,0.0154053512960672,0.1040661459654345,0.2244917289051,0.4252509314248693,0.2461389231808314,5306.185175917229,3626.842435326625,7.225338935852051
53,31200,4,0.23247923169804907,6.831965494741974,11.433668486842592,0.2308622783022986,-1.5800739116858216,24.848557795856937,29.95435080579827,1.4118246110825798,41.929876525456905,83923.47204036481,0.07906136622308765,0.008600490868627728,0.023221864116023193,0.11995771188745483,0.6383128548855306,0.2146512834003248,6073.370323295786,3058.559437539189,7.011323422057584,0.4329903256044511,7.716150358872135,13.178413178876207,0.4324483689799115,-0.6311994249868738,7.17700679972672,20.8974440517753,1.3056787735132496,27.264025811685425,305164.14316901856,0.1156237045196894,0.031727786408602944,0.03861345096044448,0.674809455793645,0.19550366968438504,0.08584265330726237,2706.596888811805,2978.865915957691,5.902162670476147,0.24924010735362234,9.63924007317453,15.771073778138032,0.24925812873527903,-5.213191707157924,98.6854525067039,42.25516576866546,1.6471386896061482,68.86215554399058,96784.84816215392,0.36899679860363865,0.010039499842952118,0.04133250117431691,0.1992708640184603,0.4257678603307713,0.2837859458263714,5879.255095006326,3648.393354186421,7.317512953251249,0.3538174972429766,9.633624859382214,16.194827348546923,0.3536712730308381,-2.152123298060974,32.127219057129736,30.242903501353435,1.4186515865158205,42.422482642228566,197394.7855290149,0.3535668217564073,0.020504971938247848,0.06435487441061073,0.358808362544192,0.39238355317925694,0.16199538237426175,4353.751240387456,3388.6198663635605,6.90739991470347
54,31800,4,0.22956571897129038,6.837512023485661,11.15938553750551,0.22781347879502606,-1.4110470183932038,21.57393103195183,29.903004835450893,1.3912612073093684,41.70578085089225,81694.4372606204,0.062387495195247736,0.008363793821357404,0.02190948333632446,0.12134141133249773,0.6512791650383623,0.20600748808740274,6019.11547572491,3018.7106913559774,6.973971345550325,0.45288308226855994,7.731420402149216,13.052687177745932,0.45241836008510566,-0.512138732187241,5.977027196719465,20.808136809870252,1.2962730971507523,27.071599119153568,335983.2512398802,0.09404827285885209,0.03491500811636063,0.03533723045246005,0.7068931185874238,0.17715978818398984,0.07741278232315013,2521.687406417952,2822.497016309009,5.675172489322295,0.23826425096210613,9.572851412093334,15.449307656968513,0.23824576725784608,-5.232383510661766,98.51953170268912,42.22873234606015,1.6402455744155162,69.097725279136,87847.73665650396,0.3063063152632297,0.009121944968106418,0.04282842037828592,0.21749648908952823,0.43711885776809734,0.2797259517497136,5737.440460761849,3634.3578444749523,7.325015578676026,0.34683307756653553,9.62314703346543,15.891587748994217,0.34671179463089763,-1.9031834346944692,27.634809796079956,30.30810366957426,1.3948140560229414,42.29902513396409,189177.74511345048,0.2991629929078803,0.01965442221854342,0.06128815243471771,0.3988555234612065,0.3779002802319808,0.14531843820774387,4081.7592685647046,3331.461067034157,6.784301770076166
55,32400,4,0.2292811434793709,6.81701074514401,11.362355514452108,0.22747634709735937,-1.4409499477440382,22.058358888384827,30.41118786114559,1.3947819676430253,42.56665761793507,81481.33417988404,0.06374350637700418,0.008336098792957674,0.023358253205003367,0.12230495808777482,0.6461549289724933,0.2076348877840001,6021.811806732021,3039.853232659375,6.9777089936225,0.4494181513900165,7.827185820178235,13.156157230731795,0.4489416096717019,-0.5322115035960604,6.158332498948233,21.47451424749287,1.2963100695729564,27.994318826843113,330511.86723327154,0.09781504753136493,0.03437064469322792,0.03636683212475182,0.7035402052812727,0.178280604550682,0.07811744031727086,2535.784119359676,2836.979575574207,5.720948891442254,0.23954524360130514,9.741477019377971,15.678028209786572,0.2395270391042018,-5.227538504473157,98.56934019681374,41.46326370013274,1.641040753265441,68.29704188223629,88847.29494645007,0.3153706417273955,0.00921795988607758,0.04153174311460748,0.21521902187173655,0.4320056068154199,0.2803137985506653,5735.015497014544,3651.540485414935,7.3244785640672445,0.34586490620329086,9.760057716213867,16.168219382416243,0.3457449894459154,-1.9638685415525945,28.628896764637986,30.66778863401061,1.3973755374413082,43.01663728379169,188055.1429848478,0.3070780487556607,0.01954328432727805,0.06325765918575414,0.39708096058449255,0.3700561653008349,0.14819210831181545,4095.4425195071153,3348.5598241574407,6.816873912951094
56,33000,4,0.22819790366504983,6.822998331639404,11.381927981170671,0.2263391457700666,-1.4557814572906567,22.702579590388577,30.30134826851727,1.3962590166049096,42.39735050140466,80677.64909987229,0.06459606466610696,0.008252503375827084,0.023065590691368244,0.12141217255681683,0.6472116621400723,0.20772721079457337,6035.4606084706065,3033.7759098464453,6.9818184097934335,0.43825579897037575,7.812747788592208,13.17515851547728,0.4377822910055981,-0.5449045005184598,6.302464439337063,21.50174240429083,1.2969563582427162,28.037424343255125,313181.9598380232,0.09800202907545774,0.0325661917699094,0.03710751705245676,0.6973368372726743,0.18342698446417122,0.07857320649179864,2564.6689514993122,2854.642028310825,5.751191955113651,0.2383913133514205,9.778810960859628,15.850218578510637,0.23836670718975772,-5.226881842180371,98.60809405395777,41.238274126975135,1.6416078388765294,68.04285082591709,87946.3668877393,0.31528886188393884,0.00912957715023912,0.04248101744468562,0.21336353318844303,0.4357803130708724,0.28050446370360543,5770.247569764861,3637.1646984353924,7.3224870188235744,0.3402879531328736,9.964645724341393,16.52891411020692,0.3401527215767698,-1.9808471645947832,29.340498619862664,31.280633790740712,1.3999555331548175,44.22772885943717,181666.38068121046,0.3060359267351963,0.018869302548060952,0.06277670041955646,0.39634286905039506,0.36972068140573594,0.14943422370545045,4124.962249584773,3357.6708438999053,6.842841510926151
57,33600,4,0.22998212669615165,6.811850744912573,11.368769137081832,0.22823594359414104,-1.5502273405223739,24.27198791856639,30.51162756924559,1.405191245225815,42.82171334069524,82007.74836519717,0.07246208981649334,0.008394208667008329,0.02372282676753387,0.12359931039296024,0.6358222563060975,0.21364609914514604,6057.728780913352,3067.7629317919746,7.009168878549177,0.45246647966970804,7.832067259095717,13.13426171375164,0.45196230314049485,-0.5657195499224104,6.486632183422618,21.473488719876652,1.2982428256191665,28.00899419220859,335323.0327606565,0.10735740422711088,0.03486196005384144,0.03634823180606579,0.6961435381850946,0.18222297939183557,0.08104673971441045,2584.1768357121573,2880.1504059366553,5.744123976871483,0.24406032398296076,9.69994930958428,15.595972255418044,0.24405822287213302,-5.216386288896011,98.65837877689476,41.82049593262621,1.6439921020802823,68.53044409398521,92462.0658250082,0.3421188540744726,0.009593363328588223,0.042374399046308006,0.21328724513917247,0.41936158377826904,0.28234119175777933,5786.9473180326795,3687.2676067902635,7.3231334998108215,0.348728362390752,9.688683140276813,15.951323356439953,0.3485975321603459,-2.0774794795158815,30.57151026654732,30.447184681142758,1.4075256518683494,42.70485426996696,191386.9603427073,0.32927893605325087,0.019884022713451764,0.06310426167734554,0.39496562127469925,0.35962697653374676,0.15509724429924976,4159.2668866451695,3382.405488424937,6.848940724758409
58,34200,4,0.22760202915033795,6.833113215879904,11.329011067305045,0.22574213176054292,-1.4585947001087387,22.831838532430456,30.069214802651235,1.397333400721514,42.02141108603345,80240.6272121927,0.06427866356953844,0.008216391971963038,0.023512613612435722,0.12296931918969602,0.6422770637432069,0.20976274627598637,6036.467136758949,3052.753190612214,6.981277713820303,0.4548100871766387,7.782804014397859,13.161093955636867,0.4543354089881911,-0.5171040452904375,6.099851518354116,21.126142360077267,1.296908528581474,27.51669192432435,339044.8938734994,0.09784685576157622,0.03527553976686478,0.03524375884354545,0.7097479092411185,0.17442025111343085,0.07719524049166598,2505.0880940731886,2810.5251952076674,5.625896167784056,0.23837149810023112,9.664805110852019,15.654317810410934,0.23834768848001806,-5.226260004852044,98.61504796709359,41.788057795423455,1.6415449775652822,68.60214652999795,87930.97284924464,0.3158951923804383,0.009145149194859259,0.04280101021972712,0.21965803813130388,0.4260954619514735,0.28057944502871024,5730.69325789467,3680.6657383635707,7.326374571265241,0.3452864917430576,9.680275283711506,16.142152759848365,0.34516847532390355,-1.9496733671511493,28.780806589623943,30.473860746529628,1.3977303219191497,42.64829898100546,187386.35752977766,0.3077020705804481,0.019495366795467105,0.06283474112472995,0.41090263393528137,0.3543564863336019,0.1470940641464317,4027.0157482555724,3351.6480244706713,6.787434445112998
59,34800,4,0.22099009654834778,6.822391274251301,11.342701755499748,0.21866264851008926,-1.7022263117560803,28.642211358433777,30.589784724788995,1.4260577230685167,43.137845016931664,75632.88973724518,0.06963742152618507,0.00771037574363277,0.02623078127129585,0.09894165698975252,0.6163494736618063,0.24023009719294147,6538.376278753976,3110.5829797330666,6.902320888726376,0.28112959673488674,7.761143222696002,13.131102466230988,0.28052602385034264,-1.162080993480921,15.672000960568855,23.768749390177383,1.3432240366202546,31.750058397647777,117213.12676479177,0.10470004044836004,0.012146429104014927,0.07079494045690532,0.46538408317808844,0.31866181991295517,0.1275031098230878,3753.681648116736,3512.308223149791,6.59070332718427,0.23588545548308998,9.657756133488375,15.715600421705243,0.23584146009662443,-5.201421219788318,98.89127531808501,41.73176370539881,1.6479646187370514,68.26482865346586,86022.03798468676,0.33208884796757177,0.008935644124829882,0.03526645449948654,0.1787600692467411,0.4417436587780761,0.2837730374770401,5976.622967271741,3667.4841608077763,7.3272448341326895,0.2961121243440386,9.640433949395849,16.186476502065,0.2958989976549947,-2.658216925224493,44.81156365751997,31.194408639653194,1.4570486805703076,44.814103002971535,135747.01453543387,0.3238109468070387,0.014095519926400084,0.10626014973065566,0.2740239136427678,0.36767683394434436,0.1836913709211917,4681.458364277971,3518.5306500339293,6.987532647156769
60,35400,4,0.21340768,7.918644,11.823177,0.21124323,-2.6346452044913904,46.8305337288861,37.1057121131893,1.4532114431593377,53.92244544971542,69953.805,0.0971335561084389,0.0071355998516082,0.029638042326544,0.1038187688191646,0.5941107510308395,0.2723695546299802,6608.363221685824,3146.00820643301,6.892581462860107,0.29051483,8.839703,13.381195,0.28989017,-1.5162430533922933,21.91948192349028,30.42771587361783,1.3582107675654111,41.32725133211097,129636.66,0.1561361597038002,0.0134459100663661,0.0803995425443736,0.4550977403128465,0.3185873862684426,0.1458857722273786,3850.243854585445,3630.6011782168966,6.685834884643555,0.24714777,10.123348,15.379047,0.24706164,-6.1879300265254,125.78057815174242,40.96071062191679,1.7314788010255162,70.92260211707656,93821.98,0.4692889869896026,0.0097708851099014,0.0530646601431402,0.1778441225247403,0.4702619991039391,0.2987742922283828,6017.075702804677,3481.1530355333307,7.306796550750732,0.29701772,9.584904,15.223122,0.29683864,-3.293453835424524,57.91216799505218,32.27047736346832,1.4981347087796544,48.34552220726282,135505.19,0.4507121678196809,0.0141042750328779,0.1334356046880007,0.258582705743221,0.401321747025728,0.2066159656755257,4826.4405183426725,3665.6449478223335,7.053947925567627
61,36000,4,0.21241422,8.640289,12.33778,0.2102095,-2.6996711666502877,49.28623201343162,40.67660492596816,1.4601630684751208,59.3944762641315,69304.016,0.1003367351093375,0.0070682256482541,0.0275605216782069,0.1029835645377734,0.5975063144380145,0.2718848876599107,6630.9864734094535,3132.250995249974,6.880802154541016,0.2838342,9.429646,13.591671,0.28322724,-1.612678898427438,24.080828100084727,33.22237382907784,1.369434669158543,45.495870513444935,123743.0,0.1562896598376343,0.0128256473690271,0.0762928446607725,0.4418053704157181,0.3322581003287849,0.1496114257120468,3957.737946154046,3656.986156490638,6.710801601409912,0.2452386,10.6209755,16.692734,0.24516012,-6.155775389140724,125.51829989892916,43.30874259082224,1.7492286261566474,75.75689230302477,92378.06,0.4540068195281571,0.0096190832555294,0.0473593072632219,0.1739445037449347,0.4750817453341215,0.3035514558940971,6102.050375530147,3456.5245151158656,7.318013668060303,0.29252222,10.471725,16.874218,0.29235083,-3.3554435898713355,60.07577491255316,35.79805116774956,1.5124362355619518,54.14226974879036,131434.38,0.4398806265187475,0.0136716570705175,0.1243232891570616,0.2525538783302546,0.4107336051956308,0.2123402995655945,4949.966768175054,3657.008975051013,7.0978217124938965
62,36600,4,0.21473576,6.982708,11.721611,0.21260895,-2.711513662063714,48.67102657163646,32.51767630823472,1.4686006244982373,47.75547973372744,70827.19,0.103487527595086,0.0072157988324761,0.0281261031168812,0.1029651402397734,0.59114818771852,0.2776970677495174,6640.343436538843,3148.262217219877,6.890989303588867,0.28399003,7.560253,12.839699,0.28338334,-1.681792144798356,24.89525668266427,26.62154464556309,1.376631830676027,36.64806574097415,123878.91,0.1619306113142457,0.0128286127001047,0.0792561543205698,0.4267513262104095,0.3367396830633291,0.1572178807304266,4046.3580263305,3682.825217762528,6.734333038330078,0.25075427,9.661961,16.197968,0.2506701,-6.1964561783966285,126.29846502877676,38.53158998344138,1.7656673570634218,68.03397064978567,96580.16,0.4993343009304876,0.010032370686531,0.0483619819429307,0.1727364554584445,0.4725095467705547,0.3063281271742202,6101.759462436099,3462.411590703704,7.318325042724609,0.29808232,9.778023,16.69197,0.29788005,-3.400001925139964,61.20652218283581,32.80309514612246,1.52275890522384,49.95120525283046,136478.33,0.483217423066072,0.0141678862273693,0.1286205554338516,0.2418943126905333,0.4126468875746926,0.2167888116922167,4981.593792665752,3652.555744584273,7.115435600280762
63,37200,4,0.21882968,9.199619,14.737415,0.21664238,-2.841400811568291,53.83195347515643,42.04008999116053,1.4835593193356102,62.368967292378926,73553.555,0.1234425866112997,0.0075031500309705,0.0281254212427912,0.1052577650104004,0.587170384977387,0.2793792386494018,6633.693557486144,3156.3519777209267,6.913444519042969,0.28528932,9.753132,15.558815,0.2846506,-1.8675346623433304,29.567840338625015,34.18681062561553,1.3918770924861594,47.58383857512347,125015.05,0.1958671679170487,0.0129500161856412,0.0774939061314887,0.4118632296297544,0.3455299161026112,0.1650762525570167,4174.846301020763,3698.422646694924,6.81834602355957,0.25782332,11.411953,17.991924,0.25771996,-6.158533413701873,127.80927699258136,44.26268752623388,1.783650833793652,78.94917951242114,102102.32,0.5647433846786181,0.0106143597513437,0.0483891951420585,0.171376234707795,0.4710144227701662,0.3091559970936461,6109.856276190709,3458.739681296881,7.326416969299316,0.3035518,11.090946,17.878246,0.303349,-3.4478631016248893,64.41699787528484,36.53724487760199,1.538122971962691,56.19877567865091,141532.72,0.5469299314311012,0.0147039592266082,0.1197120505185284,0.2380188476640123,0.4190950855845002,0.2231213504367059,5068.416414578233,3635.732042501073,7.154607772827148
64,37800,4,0.21557344,7.8948975,14.500332,0.2133942,-2.767369202597965,50.144119671208784,36.62277356227329,1.4727130652956495,53.93483711277417,71380.85,0.1082931681375726,0.0072901253588497,0.0293062768137604,0.1014553900505496,0.5917500162869564,0.2774201274896238,6644.792936064357,3149.879227428104,6.8817667961120605,0.28079087,8.67939,15.636539,0.2801767,-1.8405678556333032,28.04154576116944,30.91051391775128,1.3877599837379089,42.89637429198169,121103.62,0.1743146352718886,0.0125728221610188,0.0799870407007806,0.4117374748421866,0.3458948226627697,0.1623427727276097,4153.613562268021,3697.587344107754,6.795676708221436,0.62912965,42.589855,55.225086,0.6286151,-13.370295935286087,471.6675673566465,67.69646815293846,2.3619401394356485,159.89500542870655,607955.06,73.89186412246288,0.0646253824234008,0.4326159067071701,0.1423369228852922,0.2341705353697368,0.1908207776151629,3481.1108352175274,3970.540588096091,6.707205772399902,2.4643533,125.86928,144.45087,2.4608676,-22.75170837166826,787.7179007679822,51.075986864457256,3.3140091290132547,169.26628674224114,9328186.0,29052.439935544306,0.9787854552268982,0.8768470452534523,0.071391667039585,0.0276909989437212,0.0240639745525304,570.6103395211312,1770.5889689045923,4.649825572967529
65,38400,4,0.24340948,9.151554,13.153553,0.24157792,-1.7576458454766997,28.24753259874548,37.59736035648977,1.3806327253544313,51.90814609532637,91005.195,0.0991586272525301,0.0093545690178871,0.0275082696613655,0.1433762491394253,0.6325642208429131,0.1965205061480065,5768.974859746673,3105.5142326671817,7.030061721801758,0.50103754,9.644222,14.409161,0.500719,-0.2887399462938865,2.538674781811416,19.24850241162752,1.2792814304517954,24.62425169925083,385595.38,0.1599882646491862,0.0401366017758846,0.0341018512743442,0.7910339873613104,0.1270662307595892,0.047787778907593,1971.2862983100551,2490.6562423002306,5.416934490203857,0.26172724,10.783005,16.295433,0.26165044,-5.140239514584554,98.85060740975766,41.19939754774367,1.626528080726321,67.01197702066823,105217.76,0.4638473376759755,0.01098217908293,0.0503659782731057,0.2242837849952978,0.4479023322558312,0.277393195799886,5651.350175546136,3536.1609009909284,7.32509708404541,0.3876872,10.69746,16.973019,0.3875457,-1.4892201501211175,20.090872409362333,27.59301829302424,1.361329241583466,37.56318266593828,230862.89,0.4538628892279687,0.0240638647228479,0.0592719529428804,0.4434007428610225,0.3707648366937698,0.1265362129102737,3741.7219415968334,3317.87510992805,6.670882225036621
66,39000,4,0.23141064633077396,6.83809062272759,11.191528578604894,0.2297600529244882,-1.4511515690319658,22.28697444900879,29.838968682436587,1.39534324639558,41.627264681754475,83095.9392456683,0.06720781903703091,0.008513034564858385,0.023268184021312394,0.12076133334333784,0.6471574280873509,0.20798706276133305,6010.621002683193,3026.874106173529,6.999784348792785,0.4634011910165577,7.745711208506066,13.074335317482067,0.46295232081386706,-0.5284955418255982,6.166034653374072,20.80398596629207,1.298563524631841,27.08223266467114,352858.8070174363,0.10232537014406767,0.0367249185767606,0.03693454946760158,0.7037829130209697,0.17542537124256763,0.07925235010260082,2526.7231214484627,2839.13807051156,5.701337322209872,0.2420192626101778,9.685224589777178,15.567327874755938,0.24201354261619573,-5.222282308447964,98.65175361750134,41.819119538220306,1.642138443322348,68.60821500780331,90810.31005047761,0.33310430483174064,0.009425665880699437,0.04055152735618827,0.21822981237028405,0.4243283988864184,0.2803499612238539,5709.352682353862,3681.845161582158,7.3249551193944225,0.3511379650127192,9.785010284426615,16.007373068859817,0.35100779510955277,-1.9931655156636063,29.476988569296566,30.65356577972721,1.4006934620336473,43.027840859895484,194217.79907403802,0.32244137782927873,0.020184037599614478,0.06458954659107032,0.3912756678617276,0.37393625351538406,0.14866818224034406,4105.508926210719,3346.7979281847074,6.817650474018883
67,39600,4,0.22924003012098146,6.837001001462398,11.190408530402177,0.2274550643652769,-1.4567577484923235,22.455561218084885,29.924623801800603,1.394741579676042,41.76453680282393,81450.61177837518,0.06505621789899076,0.008336777868398053,0.023992483385424798,0.1245829466760183,0.645487502189979,0.2060960404586791,5978.636979130433,3042.1750706259627,6.984907919961124,0.46484471902157964,7.7279968018107175,13.079639588055716,0.46440566478553275,-0.5209808387516444,6.0146629071318065,20.67768589549968,1.294828072412356,26.881013651928065,355206.25448675995,0.0983378632864346,0.036929497679580044,0.036342075919307645,0.7144249769338372,0.1697024715732361,0.07570723404978325,2461.467107653686,2778.3395609734816,5.660695486377074,0.2391889741763757,9.618634795927976,15.496968306989569,0.23917062241848858,-5.2248628931634,98.60550830392098,42.03848187266222,1.6410299960534234,68.87627851279001,88568.15310210732,0.3177819627939191,0.009199152535909179,0.04002493756213133,0.2230774761924613,0.4243676469866978,0.2793246326755528,5652.510949414745,3694.649234696202,7.3279633297591165,0.34831756885442694,9.670125862795599,15.959086962314487,0.3481933473797556,-1.9386229177907692,28.32296084650023,30.406279021431054,1.3960599069033686,42.50031438245901,190906.82269962179,0.30741108297729625,0.0198436714550862,0.06447666304483511,0.4083839448921948,0.35853987674548365,0.14478844307704603,4001.9161058703826,3336.029843710631,6.786680224335248
68,40200,4,0.2283851843350294,6.834926093035418,11.213172127367095,0.22654293627340888,-1.4014857983160378,21.372817488102775,30.000406649885203,1.3907674299783168,41.86175963024724,80815.74727151953,0.060479801327872514,0.008272085532712518,0.02323748994153562,0.12237595155496969,0.6487694820602861,0.20589093072331083,5999.68709569708,3035.150522858651,6.967360338924571,0.4566293680654327,7.693841683518859,13.066059129474214,0.45618150931205237,-0.501913760082628,5.816992238767587,20.528860546171686,1.2911361597173636,26.65076794181658,341947.81849533,0.09064113629278107,0.03558049343717019,0.03619829841776011,0.7115434537661726,0.17288012926770457,0.0758969106033168,2479.2184450396394,2787.1511232709386,5.67057535075731,0.23679599170151017,9.640826255350627,15.556539258584543,0.23675781099138565,-5.2357853857482075,98.50319382211401,41.8482687339068,1.6396196928091085,68.74471368824462,86716.17745011486,0.3003611844400352,0.009014692724452149,0.04161277535846592,0.22363983410126378,0.43281490673978407,0.2787533468718575,5669.607469014182,3672.946945605318,7.328077851606523,0.3458697470601071,9.63683676207539,16.049842328911517,0.34573639266340045,-1.8738349257297053,27.153827659311155,30.35568540420853,1.3917414635429333,42.357016608873955,188060.74364422678,0.29366122570414777,0.019561104406048538,0.06311158526383609,0.40840371232451456,0.36469871852077107,0.1432677188885717,3998.880831719346,3328.651711210469,6.772409184128788
69,40800,4,0.22997423677592804,6.837586718349012,11.34583035830558,0.22825768843620842,-1.36181745512833,20.67178031101131,29.88984305990418,1.3869289115910082,41.65562942817934,82001.79559463455,0.05961934524560315,0.008395166637970367,0.023548250794115672,0.1308553193232637,0.6479422283650511,0.2008870335574962,5899.550298541129,3031.628319316682,6.966067866369807,0.5005545341716232,7.7325616099823025,13.172168904419049,0.5001194461393891,-0.4690449162484047,5.588219676343428,20.414084148858237,1.2925386856982881,26.501997173467558,415682.321016784,0.0928123336338928,0.04320917111406749,0.034553538408655625,0.7343961347822878,0.1579072167646577,0.07045309425820726,2378.0447088312276,2649.0506758072534,5.702750428652316,0.24181073273315487,9.62601650644273,15.704383839620224,0.24181052763735522,-5.2516105900898715,98.3408050024107,42.08927374663884,1.6364002444646573,69.11163693079108,90643.19836361762,0.29823652461391803,0.009404363677957668,0.04249928190284985,0.22966603060763416,0.43974976805657706,0.2771705437238473,5601.832879851625,3608.2142045344212,7.3285203598979844,0.3757972038291225,9.546647827714093,16.25624484111359,0.37571394593464863,-1.7092429080785863,24.292291122104576,29.783863398018262,1.3794689977394143,41.157376714242965,224611.12234612432,0.2927617382193749,0.023322442552377896,0.060158277483220585,0.42093419292036954,0.3718259492663502,0.13449977452204204,3888.765369842347,3244.9230247285504,6.788101192642433
70,41400,4,0.22923529130228126,6.830594870107868,11.185302702324655,0.2274726951448398,-1.3272545941064349,19.919111086569714,30.08115472177345,1.3832517431154834,41.93953840747185,81447.06942198498,0.056364959257716056,0.00834133628679844,0.02361322806006657,0.13373561915566554,0.6492767506996214,0.1981059301143573,5862.3920440268685,3025.5908787631834,6.95073821641178,0.5195287779761546,7.758632596344224,13.072048930710384,0.5191086831092862,-0.44120340477249365,5.339938569693789,20.42393603874138,1.2887637882056024,26.49109547265892,449698.4710155499,0.08566118501822126,0.04679041496779368,0.03384875575438003,0.7470173672154816,0.14885622475819932,0.06775715817396524,2304.3992195464316,2575.4163479455137,5.606221700638805,0.2407091633579877,9.65985305821171,15.51046707934535,0.24070330514493807,-5.261224841113583,98.25142758184428,41.89350979989269,1.6344701886862842,69.00540706340222,89765.47567481588,0.2858747421830402,0.009325931992986057,0.04322977340086972,0.24201203175186087,0.43240207401929864,0.27603400242434273,5512.429147876861,3630.9513958626508,7.336391415518334,0.385099049635333,9.582435141499317,15.826219487141703,0.3850284631563166,-1.6257021457277954,22.8558210132813,29.76977839741641,1.3731067860710096,41.07361576495517,236749.61810684178,0.2798378677123876,0.02459568058050116,0.060833481127323674,0.442022304172043,0.3496088660510502,0.13040034597401826,3750.1999848849296,3222.280192167039,6.723908099805026
71,42000,4,0.22264159615659818,6.824278848756681,11.246773114170455,0.22042437543649301,-1.6020280823330508,25.801262545086576,30.47134150062993,1.4132753885983753,42.82246297013727,76742.26637551354,0.06581542544550062,0.007831044197557958,0.024940761085989367,0.10545636479609859,0.6157958817039273,0.23772469786969083,6478.532107215955,3139.734616948177,6.8702664283919646,0.34503683631340865,7.836676250276562,13.11884721377089,0.34455709482332664,-0.7452353359965332,8.86465628364393,23.06099787446153,1.3139920689184756,30.387027432383647,186110.40852391257,0.0996890684461072,0.019349691264108043,0.05641266875546055,0.5969027687395001,0.23381551601047323,0.10034612401335281,3034.1574219258637,3255.477417228628,6.279320570304875,0.23947164963772077,9.653964711846994,15.559819945340358,0.23944103467920147,-5.223089299749354,98.63899319628243,41.87892863033597,1.6417872712631527,68.68388498119164,88789.55671763516,0.3221443889337287,0.009218705777846647,0.039926418041323554,0.20251614243112187,0.44265136409592976,0.28087449351528043,5824.1796959541325,3646.8301014074655,7.332420499425583,0.3365494745360008,9.686384904003582,16.00019694515607,0.3363943242211663,-2.0593673682688607,30.745767765907797,30.616714516232033,1.4055493277574378,43.01257740288692,177457.97849862257,0.3123743829174158,0.018433484141602844,0.09470084032777934,0.36461612694650336,0.31721176490807307,0.1603371200634578,4174.089679218234,3410.481626248325,6.917215482981289
72,42600,4,0.21881217,7.8113556,12.143898,0.21660487,-2.248552508725959,37.03028939246543,35.69890867986624,1.4212987348771289,50.73881374341992,73541.78,0.0848873507528989,0.0074977856129407,0.0307274649442304,0.1279166458439256,0.5814531829182841,0.2598531975686276,6391.167927870425,3263.8552246644813,6.862574577331543,0.41507876,9.1362,13.595867,0.41468605,-0.4830878589007542,4.508541657303194,22.01076241266428,1.2892192427595026,28.376698450282728,264638.0,0.1338314323286039,0.0274855587631464,0.0528093044550468,0.7206634608912511,0.1577830487025411,0.0687304289826911,2303.0241254779576,2921.6935832822955,5.947457313537598,0.26017338,9.528923,14.768124,0.26007357,-4.864858168806747,89.11741533801687,36.62528049910493,1.5927172616018006,58.33371646215644,103972.14,0.4083325689047911,0.0108158662915229,0.0488400817696482,0.2273318612832213,0.454004486825318,0.269771798152481,5637.217581052752,3535.686621366855,7.26432466506958,0.380959,9.117317,14.992142,0.38080856,-1.4435092977187491,18.53318106237922,23.932541559680093,1.3568667982562193,32.47327104030227,222919.31,0.3903578702583635,0.0231899358332157,0.1089623720495387,0.471384904174869,0.2870057370148146,0.1326190449550771,3589.8386699473795,3372.91629038057,6.731076240539551
73,43200,4,0.22492841,7.6691628,15.03849,0.2227701,-2.198345724388704,37.92474277231571,34.096016546064334,1.4277475837894764,48.68050524070579,77710.52,0.0970733211070734,0.0079286796972155,0.0274013685668667,0.1297398322824189,0.5757909190186182,0.26701958272776,6402.709070786132,3250.7186497443054,6.927494525909424,0.42880827,8.332062,16.295624,0.42840648,-0.4399697670391398,4.611556963425269,19.430739362683795,1.293381634474487,25.131361436014323,282434.34,0.15591941457318,0.0293654780834913,0.0455903838823162,0.7274798830691096,0.1551714027393595,0.071745525392897,2344.106774876372,2922.499303834768,6.026328086853027,0.2789042,9.761906,18.469143,0.27880952,-4.215530201292792,75.48860783873751,35.00092750171455,1.5648289409440623,54.77046431476426,119481.67,0.4567742687327302,0.0124262403696775,0.0418366332429618,0.2237305185461044,0.456500934490589,0.2778841998329276,5696.030395197064,3477.3970506493274,7.308178901672363,0.44919196,13.164616,21.805,0.4490492,-1.010878327383655,13.052124901498251,29.30732709045881,1.3327379255471128,39.05898630995572,309923.97,0.5313847779681968,0.0322750993072986,0.073721031842819,0.5559890652650099,0.247050162040532,0.1232106830686193,3385.624972807213,3208.443742618861,6.528156757354736
74,43800,4,0.22666915,7.572365,12.185287,0.22442976,-2.627977541693524,44.69799218658174,33.40712614361652,1.450496075743919,48.45690537341163,78918.0,0.1179933852004875,0.0080745946615934,0.0272923255422063,0.1077063747050876,0.5900483042580522,0.2748966266212264,6555.290562790899,3147.9532149253782,6.949012756347656,0.33045188,7.9756737,12.900543,0.32990736,-1.1990776779945207,15.122570255103014,24.135658643746364,1.3399984857456717,32.34174603519242,167728.81,0.1803260614876053,0.0174375921487808,0.0654198777838723,0.5383786724717468,0.2636691795045752,0.1325082895874077,3436.070219672107,3529.563322581768,6.569240093231201,0.36951917,11.50589,18.830872,0.36943075,-2.20966042562146,37.03004830309064,31.13746376112369,1.5391022267937664,47.92373981158537,209732.23,0.6904022416370028,0.0219176094979047,0.0240942261294783,0.1027199051158261,0.4774642521147334,0.3956847866726434,6726.356555564607,2972.662920128942,7.162452697753906,0.48086005,17.268753,29.027939,0.48070562,-1.0808722074084312,16.469274942835636,35.91222204957569,1.3819923541927106,49.63041629468768,355163.72,0.8805403969698966,0.0370288304984569,0.0532248924038914,0.2350196698056049,0.2538634633388221,0.4577194366270814,6345.558147036021,3882.131038111648,7.141854763031006
75,44400,4,0.20940514,7.0227623,11.777973,0.20716694,-2.182940141011842,36.05397827413297,33.536723736173755,1.424887442231069,47.7860565054748,67354.38,0.0693270204346277,0.006866414565593,0.0266000939535217,0.1012817763466417,0.6074769320467489,0.26457755314663,6601.029690117499,3101.6171045705973,6.8759050369262695,0.30713543,7.2595596,11.979485,0.3066402,-0.9955562794846978,12.455443586082062,23.63634687601315,1.3256865923095895,31.334388144811303,144894.22,0.1108355006840563,0.0150475855916738,0.0725401464386706,0.5359975866782345,0.2713636044431787,0.1200722190900808,3380.749012936076,3491.5511967269863,6.542914867401123,0.2638416,9.313583,14.519405,0.26377147,-4.128265904459166,73.7329768308025,35.29990494793216,1.5703999279723078,55.43496818787207,106924.63,0.3573015094277978,0.0111305499449372,0.0386260811203403,0.1577355947565224,0.4687189391025219,0.334861321343415,6326.679296708534,3389.6995820052475,7.365352153778076,0.37032476,10.414982,16.566658,0.37017637,-1.4340657087740882,20.0204198360815,28.123914325947712,1.3861148207374352,38.98297446445127,210647.72,0.3765339878741318,0.0219302084296941,0.085268141482074,0.2925023257229159,0.3081742590182255,0.3139143026457437,5331.800339129879,3870.26526608573,7.087761402130127
76,45000,4,0.20562592,10.918808,15.527821,0.2034683,-2.2975602423786947,42.95544382491781,53.1003479733596,1.423670930141725,75.59742179044976,64945.18,0.076794418601258,0.0066307066008448,0.0269817613971311,0.1009061852740658,0.6073168870605743,0.2647329397169481,6640.392591448062,3106.2098130924,6.837913990020752,0.29911414,11.239624,16.180134,0.29860657,-1.0601577617639948,14.495496648718088,37.57637169129792,1.3266548562317175,49.85087598399509,137424.81,0.116032824250588,0.0142674520611763,0.0738824825857054,0.528706894939039,0.2766802701711352,0.1207038664864,3432.527830793173,3517.5303750143926,6.558619499206543,0.30152795,34.126854,42.392254,0.3014613,-21.51051143251957,1572.6203501618263,113.17973760337829,1.858000051224226,210.28795826531868,139651.73,12.999725303997243,0.0147626362740993,0.1890200526517791,0.2305819537218123,0.3414621298012497,0.2388844956012014,4739.232228410423,3939.5842399020976,7.196511745452881,0.35892582,16.09106,25.801373,0.35875964,-2.042657284960665,42.21701011680525,44.831159445194885,1.4093380662461172,63.182259560238336,197879.4,0.7006583057808522,0.0206113941967487,0.0984396725388721,0.3120912917995881,0.3194240911682351,0.269921183164624,5050.773171373982,3853.776485865776,7.117223262786865
77,45600,4,0.32292536,6.7926407,11.265469,0.32151642,-0.5607332888706732,6.315099333328394,21.03470816545295,1.3224534226079927,27.817421807049687,160175.3,0.0686734380700964,0.0165270045399665,0.0150370770749578,0.0935057018711198,0.7213259567946623,0.170110315504375,5534.351136694174,2549.4122162269023,6.865900993347168,0.59382534,7.4275017,12.931633,0.5935777,-0.136934467246883,0.8391753832406605,12.507889399035582,1.2640620478917235,15.810748288574722,541637.44,0.1043488436314158,0.0563538670539855,0.0262595752722052,0.8095623457619275,0.1178549240772731,0.0463121834538632,1897.7343574691135,2321.569756008293,5.514565467834473,0.719076,33.036613,45.72048,0.71902865,-0.4356613034297015,7.573010197007456,45.94314715571483,1.3291440572137572,61.06506101180042,794220.0,2.02473254484436,0.0828379169106483,0.0092500974404452,0.0448142943976129,0.3143509264898463,0.631531103126061,8008.604330218984,2596.2221406430203,7.080581188201904,1.0475527,22.545052,33.7121,1.0475034,-0.1207808011548218,2.304355330505137,21.521639408826715,1.3186420379333257,28.379338449748527,1685555.2,2.774936044393611,0.1754646003246307,0.0112812658435752,0.0917602352560282,0.4448379352225092,0.4520241642812637,6854.5426552765975,3382.164481741316,6.533308029174805
78,46200,4,0.24550211380698922,6.820308060869475,11.263335865514694,0.24473356850121528,-1.2435286432943833,18.502643613285656,29.880523852724036,1.37734796732411,41.57752218904179,94938.71985297605,0.06274584423937833,0.009784326482126312,0.019022272640947024,0.10783292316498637,0.6803079111347847,0.19697596407680087,5843.539868982143,2795.86748315258,6.950687506355685,0.5507137485394626,7.796196646493437,13.121886292866984,0.5502747868399016,-0.454674086049786,5.422866322931862,20.41025835606702,1.2890203505774074,26.47400027180676,508443.24613852135,0.0958763366804713,0.05291409909225231,0.03251659368143424,0.7397241262022483,0.15242204011636884,0.07220924506576386,2358.6091546841035,2635.6302690916873,5.66104142489785,0.37636013241602984,9.735627374235658,15.713182057371736,0.3770725227459803,-5.338648001338268,97.69219788603677,43.83856831456993,1.6243162654224126,71.03566592943311,261761.1583391449,0.36725012124675965,0.026970522748680677,0.06103234428502878,0.0651217550669201,0.25048495655463227,0.33339085753954323,7715.346983449273,2296.581980108265,7.368054127005148,0.6571733291059456,9.858925658306877,16.355247544278818,0.6574274310006376,-1.351448638601968,19.828022583800685,28.64826789618504,1.3632655137856444,38.94328623337792,755047.1302705819,0.38419019978385016,0.07857535502809451,0.04461351628106176,0.1748160674550481,0.38004050345691914,0.3181935138315717,6324.116564622123,3502.9235349078035,6.8328859225206315
79,46800,4,0.24644430532889378,6.830344695775679,11.260720342021454,0.2457246628458507,-1.2290197805885203,18.299213975152927,29.66067185417532,1.3751178612441977,41.21443669026642,95802.35085890489,0.06200252393283946,0.009877898859221154,0.01816429698858287,0.10400039980017381,0.6936221825260315,0.19093303571739356,5803.355089190356,2744.966307830471,6.900190432494613,0.5489299398803198,7.739489842437248,13.083947272203677,0.5485058196859641,-0.4512734570934591,5.416668638589413,20.11733357111516,1.2898918495630594,26.077442039944778,504987.87696384377,0.09511920492052044,0.0525030225606582,0.030434889169937307,0.7418696743855255,0.15346903977584953,0.07204613433533565,2363.8270774802904,2633.9803059443,5.631042614788092,0.37239857327796155,10.114212792486603,16.10600146579652,0.373092283705842,-5.3374758766271,97.7023526956019,42.979641112803584,1.624300375709329,70.32755954699084,254911.46321174933,0.3815573137050907,0.026260220894601255,0.06112826059726831,0.06727515520402984,0.22540852499616926,0.3358725195955955,7812.144622568985,2380.6421097045036,7.362824502319287,0.6678492417512839,10.34712745834987,16.75022168764043,0.6681090943309167,-1.3564946448222825,19.92969019788858,29.178102140439623,1.365605834523369,39.92482977534591,781821.6893473739,0.4177572892970308,0.0812904539097084,0.04407841180538152,0.17326446186315178,0.40581719303418173,0.30686933039667463,6231.373433170083,3477.50758376878,6.774404706937505
80,47400,4,0.24151656957586473,6.825534463441985,11.264937696504159,0.2404684730499978,-1.323610079932259,19.916851595587772,29.86603219653467,1.3836946496200897,41.59587894270487,91385.0409879044,0.0683301029086603,0.009399894199848538,0.021160744877944587,0.11700983616598715,0.6663327720208502,0.19897351894577592,5835.407198190299,2883.6651574018224,6.97281515627132,0.5539835560083178,7.7732400102862105,13.091258759363802,0.5535458691251214,-0.4612328506258022,5.505538707849526,20.265509620048256,1.289750811495838,26.280013540134732,514807.17446930875,0.10163299928433522,0.05355438883923625,0.03194389973973713,0.7420831327754727,0.1506411112888819,0.07221747204622328,2358.4394470147463,2638.11678723998,5.577487138577704,0.36935469126114523,13.158224094336,18.95743263151552,0.37003038407704136,-5.320458434056635,98.27083910623456,36.20473285244229,1.6258953939807075,64.57445270478496,249723.10491199582,1.6207680829804225,0.02574372192335686,0.06000758301046297,0.07316451340788205,0.19529908575163113,0.3378927564546115,7874.093205067303,2588.3410081951965,7.352105670093447,0.660011343980922,9.949171621977806,16.315611943603923,0.6602588790289136,-1.3637743792928307,20.376258750225475,28.744599082939953,1.3757394040829651,39.1940368987663,762117.26354143,0.4955278447922355,0.07918225675079611,0.04501983948270047,0.17750508802523632,0.37670960579548646,0.3175551046853441,6288.07558534523,3502.190702256441,6.784574887988176
81,48000,4,0.2513717490879593,6.813649389265231,11.300759949308514,0.25097718785279555,-1.1671144024431679,18.70627205698709,29.880176424721853,1.4161358000086683,41.83191419295538,100465.53762846757,0.07061745592898235,0.010356395687161436,0.017851658217343813,0.09320985854676536,0.7274241329300359,0.1745582400824142,5693.277839739931,2595.8687123717345,6.705514527139471,0.5581180056115728,7.764228158685874,13.070752015860071,0.5577037607418406,-0.4290393445638092,5.238580392225611,20.19089240395621,1.2875364434040368,26.164132147336893,522909.509152505,0.08601116489449084,0.0544245769180227,0.030959371419413302,0.7515698063591156,0.14731953013343685,0.06834234606991917,2295.479805754627,2559.7034198498914,5.51675221504623,0.34989621371253,15.176570164014144,21.05055918708289,0.3504753987100936,-5.277072227083412,101.38454461598926,30.50875877827282,1.6326513931377997,58.66113567150768,218089.0670811644,6.1054264715460596,0.0222784983451684,0.05956510855560202,0.07963320045543262,0.25242988905862274,0.33014979275204315,7651.701135801308,2652.9865744370586,7.350730582541894,0.6435319805096115,13.990425819628108,20.770330779082165,0.6437759407914756,-1.2042792400655304,25.95699087665398,33.685300471793084,1.441180151544771,49.704374438699006,721542.7365422428,1.4473656280111573,0.0745861865146814,0.04518932896658725,0.1809162440084569,0.4271998848300516,0.28949299536520345,6051.043861227734,3450.1644418911674,6.828718986450646
82,48600,4,0.234675850578617,6.815254769361763,11.363594450086337,0.23324863351892117,-1.3553927686624645,20.697962822497182,30.275408001315576,1.384462520016191,42.261965119227746,85660.91786893886,0.06454320066839594,0.008790820949505555,0.021898209481960352,0.13019044738252256,0.6521045442703712,0.19992208604725936,5856.690517993829,2971.96961817957,6.998221845189306,0.5564600754322463,7.727864275943698,13.078431011634065,0.5560301146808985,-0.4536286584390046,5.4132361916747795,20.00849150965933,1.2893606656203165,25.924945048150995,519653.0085324513,0.09657833101014687,0.05410640885603325,0.030986556587307763,0.751213813709483,0.14639192011641325,0.06919813901919135,2305.0993505812557,2580.1890232668475,5.540771180806445,0.35932869561329994,16.60651737136229,26.783490627962795,0.35994892562330255,-5.328556930592673,131.79122909116555,27.82625742347577,1.6402621224964415,54.72641259018075,233092.51360240742,63.47999231875157,0.02401546738534685,0.05684632951980126,0.12893017646904323,0.2725540853001618,0.31830015705772186,7210.175976371673,3332.978977447237,7.30456496874158,0.5575217173808363,10.370138635103467,17.084423554256993,0.5576495941219732,-1.4612334035650278,21.73287966068173,29.783815371590183,1.3829180003362131,41.18857626377441,528571.5136509971,0.47110089213787343,0.05500125466295782,0.04891745714111816,0.23835232470763112,0.2874579678668636,0.31613807311326114,6075.6181760625805,3630.2514511443314,6.926362101165868
83,49200,4,0.22341773131974912,6.823011373402329,11.277940057963773,0.22124527531550806,-1.5400840591195175,24.479353166738413,30.474778170894993,1.4063127195061185,42.76926728526503,77273.18024483146,0.0636642426330869,0.00789029338325124,0.0249473214474201,0.10964675057001765,0.6234884917788921,0.22977703975245165,6367.984661885612,3113.78228026917,6.911001182578724,0.36732687946784426,7.813491403383731,13.110390810180908,0.36687629835045743,-0.6503562128498119,7.62630269719145,22.470309390596668,1.3060861108332609,29.471312925713608,213626.75537162376,0.09605242658136567,0.022220419267547982,0.05250856145718494,0.6249246664250407,0.22014858727858072,0.09248774111955468,2883.0280748400596,3130.6412571031024,6.2945167060538925,0.2516655277135906,9.719370670190754,15.591686647589595,0.25171389471980077,-5.263202501179102,98.25064223672884,41.97807916877824,1.6348829820980484,69.06755495634707,98873.55584451742,0.3148928268123614,0.01025839965290391,0.04337236106076285,0.1799964465272659,0.4464112967673465,0.2854922615553932,6033.357638504523,3421.153978407942,7.3218571486628425,0.3991073809412374,9.75187820141193,15.967518611751235,0.3990373962727778,-1.6543022736343365,23.63499922609772,29.994707535899327,1.3827556266833312,41.582957112481544,255726.1711463459,0.30604804373701655,0.026601479606780602,0.07657236186883584,0.33693015741074456,0.24934415039053587,0.23496184286653185,4931.503647389522,3594.3939101447304,6.965051707687451
84,49800,4,0.2157956,9.3167305,14.10799,0.21372631,-2.218465236192721,38.62598419071915,43.17386556538785,1.4225481845464765,61.41690408018073,71528.055,0.083762561728251,0.0073099853470921,0.0323933966313597,0.1223503915026298,0.586209938795111,0.2589913896089303,6407.35443138745,3217.0364658656063,6.921152114868164,0.37179476,10.214424,15.702534,0.37139934,-0.6054674048830164,6.491967480435218,27.47328694743112,1.3000488116342164,35.71661404778972,212323.34,0.1240478939195733,0.0220912918448448,0.0669198768756534,0.6498768735943374,0.1983135236060262,0.0848723568220119,2653.9448719279803,3136.7147524085854,6.315743923187256,0.2674454,13.188171,19.891739,0.2673706,-4.257300595581369,78.72551465343716,49.311643063794605,1.5449381588434383,76.18343904480851,109865.54,0.402768914070249,0.0114559400826692,0.0499300518657675,0.2142873808358493,0.4577266277140902,0.2780054292505345,5728.335238516086,3466.724372332123,7.321229934692383,0.40496317,13.226318,19.410324,0.4048297,-1.135912466102206,14.45584470730336,32.66054665072042,1.3378775962343274,43.69581364487284,251896.58,0.3887814763860014,0.0262327622622251,0.0969735150198339,0.4407409621529043,0.2711324946694718,0.1910893459251887,4068.6524315169727,3592.4994691044008,6.82363748550415
85,50400,4,0.21463253,7.4404716,11.5216255,0.21251686,-1.9433972357312388,31.19996768810762,34.666095518746936,1.4029517442781854,48.6348591755668,70759.09,0.0662119367835366,0.007217114791274,0.0288596948910874,0.1220298757089296,0.5949260308276422,0.2541313312638775,6404.461054671679,3192.3853869037125,6.88278865814209,0.37778404,8.532524,13.673496,0.3773977,-0.5139524029415201,5.376152271447237,22.585718625577023,1.2945099029537532,29.23743642621388,219219.11,0.1095080394474629,0.0228089876472949,0.0590831428659386,0.6701910140932137,0.1917243028814275,0.0789853249514878,2575.875509070236,3064.926862340546,6.261059761047363,0.28389537,10.177994,15.6832695,0.28383315,-3.247739455320799,53.7969385650506,35.85121396828925,1.4715544394233877,52.757013073939646,123796.36,0.3494546480485849,0.0128709189593791,0.0408017016773745,0.2027751503383253,0.4518992848007413,0.3044802534400807,5913.6307293364,3393.228260011545,7.332489967346191,0.4604475,10.064507,16.2467,0.4603319,-0.71768122372003,7.696290616397814,21.858098359997097,1.315192703996603,28.74761148637073,325650.28,0.3459408903878925,0.0338757559657096,0.0724083637505136,0.4470171070178619,0.2322164108310951,0.2482324098118675,4423.796580320779,3757.295513529538,6.803272724151611
86,51000,4,0.21091928,9.493351,15.6580925,0.20879479,-1.8704562248796772,31.86271213153844,45.00940439425953,1.3994657045828964,62.98911783376757,68331.945,0.0630591084865666,0.006980619393289,0.0299381069777027,0.1190467935223823,0.5967434218317131,0.2542232664731115,6439.974659362705,3183.220456436872,6.863289833068848,0.36231497,9.491825,16.109943,0.36195078,-0.5351816733796123,5.789020462969079,26.19771720180348,1.2963248730181964,33.960752425088245,201634.0,0.0997585654060461,0.0209976900368928,0.0615637570604854,0.6579056828056713,0.1981189827076628,0.0823960536280614,2686.50877220712,3101.874390117313,6.371882438659668,0.28118974,10.068893,17.487621,0.28113863,-2.99340161987997,49.46640793828363,35.808182201725685,1.4546402844958035,52.08802434538105,121447.94,0.3092489641388737,0.0126436166465282,0.0435088433728749,0.1871582014557358,0.4526798065048665,0.3166055415270239,6051.67528730693,3390.803704502437,7.3477020263671875,0.48751134,9.936523,17.155266,0.48741263,-0.5451617578056985,5.590074529680425,20.38213819320064,1.3027110417422585,26.552036478653537,365056.97,0.3157595364812862,0.0380148999392986,0.0655729009805528,0.471139483200335,0.205306810772187,0.2578179119495253,4429.487004642639,3808.645275999328,6.663038730621338
87,51600,4,0.20846254,7.2696686,10.99844,0.20631573,-1.8342317969240431,29.915441281522405,34.87278197260637,1.3995038501636807,48.80459263681532,66749.38,0.0564946709342474,0.0068098660558462,0.0286469167309087,0.1126338939128954,0.6028432838221987,0.2558180256619724,6489.610424111529,3159.6379059201927,6.841339111328125,0.34864068,7.978821,12.604427,0.3482653,-0.5613165388090613,6.145979499359994,22.885512940121256,1.297104332912455,29.68489799564048,186701.3,0.0908036589192905,0.019405735656619,0.0604020420619887,0.6409683371596706,0.2109614023191468,0.0876491775303676,2771.2094147788844,3185.0628888179062,6.363768577575684,0.27878073,10.375977,15.776348,0.2787195,-2.9294330557971846,48.6388340293697,37.219131377435104,1.4538681962598972,54.11171140226582,119375.92,0.2937880661616068,0.0124354977160692,0.0433973660281054,0.1809896623067134,0.4542058146887021,0.3213555888917208,6113.429198089026,3409.558989749354,7.345790863037109,0.45142153,9.953117,16.330147,0.45130846,-0.6323450647569211,7.013041096265617,22.048388767427745,1.3151099405534707,28.996055241295945,313008.22,0.2912295597897135,0.0325849652290344,0.0701635339570737,0.4064157718671291,0.227392316866541,0.2958403833926971,4849.3602509029015,3913.265612967766,6.840380668640137
88,52200,4,0.20766766,6.384754,10.674572,0.2056078,-1.567297161834738,23.73118167910676,30.745057113480268,1.3863350459736452,42.62295016708426,66241.32,0.0441361932249321,0.0067678852938115,0.0289938988728463,0.1135657420062098,0.6034237967755958,0.2539649996394376,6472.652195222049,3172.297653830516,6.818575859069824,0.36697719,6.8418503,11.674881,0.36664438,-0.4067441919472871,4.002015759863805,18.64380283079361,1.2899643779569852,24.049841521442893,206856.6,0.0725830233957069,0.02150110155344,0.0631594563006064,0.671300560396995,0.185878758746638,0.0796466056596943,2542.727468488238,3080.385348761053,6.209505081176758,0.3059188,9.043503,15.804195,0.3058774,-1.933395741239776,28.75926079305175,29.56177400873265,1.4571056622168377,43.074628293439694,143748.6,0.2518850893191651,0.0149593325331807,0.037998932726386,0.1824901707032348,0.4493600326573557,0.3301100933191711,6184.098913939653,3282.235750773606,7.281371116638184,0.49115697,9.0081215,15.462112,0.4910737,-0.4406605859288645,5.32864756116795,18.34061638807678,1.3316506932582124,24.4232945280151,370537.2,0.310097472750816,0.0385805591940879,0.0762724269730597,0.3608541441470564,0.2010040781532989,0.3616473018013923,5304.7517812262895,4062.873518986379,6.907082557678223
89,52800,4,0.2616678,6.913376,10.447311,0.26001334,-1.0695545200944674,14.377569428967488,26.420431443044304,1.3342854557183272,35.252397408391914,105169.95,0.0674041328919377,0.0107986610382795,0.0214368122970333,0.1380678710320308,0.6459200770356577,0.1945502421817507,5700.532992371507,2938.6939817977773,7.058852195739746,0.57829124,8.010769,12.765789,0.57806605,-0.1467095610638554,0.9867476241866616,13.85248188614584,1.2657317819863654,17.533526582715538,513670.3,0.1103551323546301,0.0534863844513893,0.0252452644203848,0.8407775454893154,0.0940272086443414,0.0399418302802979,1764.6068196078138,2224.6121864703887,5.326798439025879,0.6836332,66.46071,78.60527,0.6836064,-19.873614789419808,1264.8550978971489,97.21691078433923,1.6331425300476154,158.76907164198133,717856.25,276.2697782855586,0.0736807286739349,0.2807723732576871,0.1007588977826931,0.2101998152512713,0.4082334522446783,5412.648605339987,4258.833059397883,6.93165397644043,1.6294321,127.05565,188.04703,1.6293544,-29.29302813387459,1522.7655456517734,77.97541867099007,2.4815611286048207,193.5007679607343,4078155.2,10734.407888155729,0.4440077543258667,0.6766786401878974,0.1192334436221055,0.0740065411597463,0.1300569848708626,1918.002486992956,3528.6255972047024,5.500563621520996
90,53400,4,0.2330600776484492,6.8384000817561645,11.163765542066978,0.23155701573724086,-1.2353736386316365,18.54899969626727,29.78912254664193,1.3749396134087215,41.41688793773686,84378.14160323545,0.05377298069399514,0.008658851807239368,0.0203128255242449,0.12430039078150953,0.6612307390738206,0.1987263604654388,5885.264304679005,2934.0882975176464,6.968592910225571,0.5232150660263641,7.698943952559853,13.045951743107606,0.5228399424960193,-0.42995922631898364,5.237567943475781,20.059552452194353,1.287671561887632,25.985134632418564,456458.53940605995,0.08132381216462599,0.04749023631798153,0.031744591027995914,0.7508114951270752,0.1457386792159365,0.06915501689836154,2307.1486147140567,2587.744790208805,5.603303586914558,0.330454086547345,9.720376577434704,15.707606195199885,0.3309301306474616,-5.332660099850732,97.73110522180319,43.44395513708655,1.6251991271939257,70.68794989510656,189129.82388067635,0.3278463166448926,0.019536053214837965,0.058771135737979784,0.08480662739239177,0.23157497538301341,0.3313469734449048,7710.394865352073,2764.1491558491766,7.349154101615444,0.5694739501700622,10.032637085131531,16.602806177930454,0.5696381759771162,-1.3753472917283665,20.19342163725603,29.240034217462963,1.366344778053397,40.043518278067765,553499.6652317633,0.34193556562502564,0.057518452989787354,0.046867000332816974,0.2067913822268039,0.2611752992887964,0.3535765481169164,6521.731390552375,3611.932278674806,6.850147100420443
91,54000,4,0.23215463478349968,6.844739816985906,11.165436199168834,0.23059923502978097,-1.2577739618773003,18.784837334710605,29.663353093800932,1.3766562267966398,41.227725862268045,83670.87003741828,0.05419025696325058,0.008579501051047291,0.020878098274563935,0.12772978346518143,0.6576388250012561,0.1985547189758215,5866.693672664623,2956.609578796164,6.96285411656468,0.5261609519013087,7.725788014199639,13.053959340049959,0.5257737903742826,-0.4341403926758435,5.28103274729151,20.191288697178113,1.288635061799096,26.171348345436098,461896.4302335841,0.08381468770460197,0.04809464935916668,0.03213412991341483,0.7505344637087787,0.14593693941814137,0.06883005443960775,2299.73259072458,2579.2930891764204,5.566575748426424,0.3486924996910621,15.77236534109377,25.092397767100934,0.34925629508350187,-5.362687924955527,113.18651350224005,28.983363629868638,1.6331059760548359,57.18227097845092,216219.24179597793,24.092374234103563,0.02196347717227426,0.05610075454239336,0.10473686247070958,0.23881731044150672,0.32618101617026224,7481.074056810956,3111.110409903324,7.321832180836651,0.5603242302556761,12.449264259279765,19.633060713982193,0.5604661749418534,-1.448817625226562,22.43878412727748,32.70683724981465,1.3733397950214146,46.50815177435014,534361.9139998163,0.5429743604147543,0.05566567695991893,0.04764202641475204,0.21427898444361526,0.24197334727143566,0.35720862231138795,6530.502354111688,3636.081502035113,6.90246491316895
92,54600,4,0.23079602337031874,6.829673613153342,11.191822647847737,0.22916369998897068,-1.2516242386526795,18.787608284471503,30.05657182384717,1.3759902381142286,41.84809355115652,82625.20941309,0.053380291624202186,0.008469366322778525,0.020993731139324984,0.13079735697706582,0.65501840502154,0.19834990837857308,5870.422488109481,2972.0504465591043,6.96271751635107,0.5311315089756026,7.721414645147504,13.106033620940376,0.5307475340325861,-0.42759950463428764,5.271236154705627,20.133576370975057,1.2895544041054285,26.09772785985537,471142.9522074168,0.08401236552530635,0.04909371284820111,0.031808509339432245,0.7525525069123802,0.14533192626565644,0.06805761246802594,2287.813129734852,2561.843301738446,5.564791544298056,0.30935657140535155,10.063399953566844,16.346898141748827,0.30971625023724303,-5.325002669976492,97.80972317307962,42.16509128920849,1.6265379578076629,69.56851108756803,160699.70206492688,0.3449039136107741,0.016615529532528837,0.05658002342335281,0.10675054878416326,0.29051396992576384,0.32012731743431755,7310.649517068598,3035.4089078338125,7.336766758293885,0.5185195847037661,22.17187393012925,30.755552418568463,0.518618769900038,-2.7101703819298217,242.7926679935282,48.3229373975866,1.374745034779733,75.48058023139546,451464.3469204929,14.81551044845032,0.046555189408621786,0.04972661852774696,0.25597740968901556,0.24780621205753744,0.32307732378947324,6080.3125366120585,3685.2739639379383,6.947694560936068
93,55200,4,0.23087925989955493,6.834687775642507,11.207271649661129,0.22921852099502693,-1.2817144996436136,19.28668761786707,29.934373984582148,1.3782831865551255,41.66956035026177,82688.73463310178,0.055295988749546644,0.008475539229855295,0.02135920294151327,0.13583336564505336,0.6493558637378175,0.19879242695789856,5844.774896649244,2991.2464065070976,6.961522660654291,0.5507835599791447,7.777024401219105,13.074999671377817,0.5503795764541516,-0.4299885079197827,5.26182449780037,20.3069397947388,1.28770436819865,26.324039897270623,508578.8159043849,0.08633765788094504,0.05296346089426891,0.03028874035823312,0.7613783634673409,0.13946688586923903,0.06691878456383506,2250.4920081680825,2524.173694991975,5.482296388944044,0.30167087414237825,9.785627730888848,15.711457412527125,0.30198610649426216,-5.3219001819091165,97.80155515842087,42.860427341171615,1.6270566274295297,70.1425756781004,151117.39151958562,0.3203805385339603,0.015643279812805663,0.05593552126278814,0.11522663230650958,0.28951342302652994,0.3185393265678567,7181.7458832130915,3088.0430264988395,7.336509548414982,0.49614364290401003,9.828948448675735,16.248008978806535,0.4962079099002898,-1.4290499371881573,20.804209500082745,29.3550940614941,1.3681366664063996,40.26800851081402,410155.89929454797,0.3162370628243703,0.04264402003999011,0.05068869733836336,0.27628000879407905,0.2570647890450269,0.3032731031815278,5824.4273323842135,3689.8806532866115,6.927751604275818
94,55800,4,0.2305323832372655,6.836211353177057,11.180653626374323,0.2288769607433383,-1.3260375771364443,20.114160157117645,29.90753761788723,1.3809199020913625,41.64431915825525,82424.46367350107,0.05809683816126575,0.008442024015185632,0.021434617152919132,0.13289730022535684,0.6487587612531478,0.2009697867560808,5871.893460953301,2995.90263804399,6.969407123563773,0.5347973765260401,7.685183241950827,13.02313389734062,0.5344021219160252,-0.44077851549347735,5.339672423114622,19.909224279048388,1.28836506357711,25.783188631050283,478019.81157358835,0.08812194083363792,0.049725510493700775,0.03097033518259832,0.7532607996856675,0.14521611001608925,0.06846600132066549,2292.7416164538326,2566.867215869366,5.521961559963135,0.3081246816308876,17.24766242990485,26.758308964038033,0.3084696626255514,-5.096468027071989,134.86039182708478,20.841737621470042,1.6324996130119391,49.85386021346258,159135.97936036866,25.62865492701812,0.0160565007449778,0.05337539751764772,0.1261104691987808,0.31914601004373155,0.3124791704168677,6983.703575727003,3283.1723077480833,7.319314557304763,0.47870216450331493,9.986914547128785,16.486306675894653,0.47874863915270105,-1.49248365850198,21.64323064947322,29.739540718200626,1.3705959523912594,40.99525380915723,379438.0359124399,0.3387326758610138,0.03943121031833359,0.0518414190823073,0.2845944194846238,0.25799706137726713,0.29571082329127296,5752.941607702236,3702.856094743868,6.972957023841063
95,56400,4,0.22420622756069064,6.840995497011875,11.131497314864216,0.22212947142606634,-1.4342461873320709,22.121372585807517,29.973234852921024,1.395452640158919,41.84952693771269,77818.80203649333,0.05858819089377597,0.007954306643496395,0.022057781879063203,0.11990501966083979,0.6336346478319137,0.21898018852234674,6200.054448979316,3077.7087610194653,6.957353026291742,0.4318713815740409,7.730551642052767,13.049026153869693,0.43147344229697787,-0.5094712514233398,6.1569005690224445,21.007979416089974,1.3074702809611294,27.43231102094126,303473.2804426397,0.0929613791724734,0.031578641578637136,0.03626956459808531,0.7053702899712913,0.17613408757610843,0.07827655783977955,2530.7032141112322,2848.450477388097,6.039000923682801,0.28589508128213237,11.808732184826008,18.279874345648686,0.28611786118596466,-5.3167676635188315,98.79155934850064,35.73209741640665,1.6342626769756536,63.26693593696899,132744.56847214673,0.6884777094489588,0.013699280742421096,0.05321463454718411,0.12269508679584573,0.3340449775520047,0.31135171155223296,7054.539055194999,3259.582422165105,7.315838458131073,0.49261086854478736,22.8230812886832,37.385462641521535,0.49267542682691284,-2.69087168401452,1236.1546895705708,50.73497459455997,1.480993878609342,87.40002877519751,403829.1843465909,62.63080872396205,0.0405718088801476,0.057100883376108566,0.23398111076469505,0.25733955704751493,0.3247181471219238,6199.989362732022,3652.434990953254,7.153000567774395
96,57000,4,0.210089,8.593845,13.982868,0.20796444,-1.8060580812875693,30.74920017605121,40.90573731113189,1.396138417272582,57.11007134720352,67795.02,0.0599027917991875,0.0069267093203961,0.0285023919294622,0.1072079856006521,0.602320605735096,0.2619092308560476,6534.600668554543,3115.273356497842,6.890276908874512,0.32645276,9.490681,15.292549,0.32603613,-0.7059461893546977,8.587391601881253,29.07214091143892,1.3065876538751575,37.98530038672133,163693.69,0.0975309954582108,0.017031330615282,0.0718735925946023,0.5774266138717832,0.2455312585913052,0.1051455065466971,3081.031729781958,3348.453589775503,6.471394062042236,0.27575207,11.47089,17.642212,0.27568242,-3.006097904222453,51.18305419886341,41.59856405204405,1.475045537681183,61.35977627913497,116796.21,0.2959383903496342,0.0121768824756145,0.0394018328545272,0.159328329200883,0.4418915873712084,0.3593171167998681,6425.363631469701,3406.4523709789864,7.3590569496154785,0.4160437,11.802864,18.607807,0.41591644,-0.8374376403592495,10.654224583985815,28.369289353669,1.3452544163414806,38.16391179158429,265869.88,0.3192108482473983,0.0276963338255882,0.0744896836796434,0.2379458128430212,0.2463608713025457,0.4409272667735764,6201.141267108012,4003.093118768885,7.0454816818237305
97,57600,4,0.20518513,8.419228,11.729145,0.20297389,-1.7400333209073957,29.019627568636963,41.03234766705099,1.38829019217613,56.96480582840563,64667.04,0.0514369692791334,0.0065913614816963,0.0259094375340817,0.1000921786959707,0.617463240927539,0.2564652615631108,6586.061116966682,3067.2476253196314,6.8486833572387695,0.30850002,8.684063,12.392139,0.30810007,-0.7498759952205497,9.211520979537108,28.149310687214022,1.3070903247188477,36.79369164688156,146184.6,0.0834357436709499,0.0151947624981403,0.0739941375052343,0.5513183614576119,0.2656951299136974,0.1089654560581104,3225.023978925871,3406.010183526881,6.51073694229126,0.27334183,10.7234,15.081787,0.27327177,-2.8589735094514888,49.04561071062657,39.230731489646416,1.4562612973606102,57.13019593572723,114763.414,0.2737944031986898,0.0119543224573135,0.0341999298654704,0.1486308937900525,0.436715011412646,0.3803844869864203,6663.468819296164,3425.2045489807224,7.368099689483643,0.41763806,10.177517,15.092087,0.4175221,-0.7658924401413271,9.23325329476109,24.36922739662636,1.337184629480539,32.58615630716284,267911.53,0.2809021367866945,0.0278768688440322,0.0704745768462279,0.2312024764922128,0.2398149038953735,0.4581169134717545,6368.378790607277,4024.403809430585,7.038575172424316
98,58200,4,0.21959788,6.4804077,11.007404,0.21731731,-2.4584920211718693,39.61739477364398,29.510338764349264,1.4449346860770031,42.6405120786852,74070.875,0.0921294449042913,0.0075509869493544,0.0280573686440838,0.1064897236912058,0.5936599035414755,0.2717245919484968,6569.019781884713,3133.914565301269,6.936069965362549,0.3157482,7.4980736,12.078285,0.3152252,-1.1851496731620323,14.667872619353677,23.747002289360168,1.3395294923639725,31.809809921933457,153134.48,0.1457910099432643,0.0158966742455959,0.0728504913327739,0.5090201936251778,0.2850716893281561,0.1330273366884264,3533.114722998079,3542.989084045575,6.631143569946289,0.29953334,9.675312,14.495945,0.29940754,-3.652449987367615,60.27626465765894,32.30128615282663,1.5337216162101166,49.541180804144105,137810.25,0.4852069271850538,0.0143329733982682,0.0361347396805427,0.1438027297389915,0.4346921259095651,0.3852995140119562,6661.988163293413,3452.797290110121,7.388994216918945,0.42636302,10.246372,17.356014,0.42620322,-1.2098272984002802,15.37738336718363,24.03203775879076,1.3708023375241094,32.9431735352953,279222.4,0.508160103951498,0.0290776081383228,0.0681359499434703,0.209042153300604,0.2675086231201707,0.4549389523409159,6457.228145328711,3961.650200145784,7.156563758850098
99,58800,4,0.22086556,7.180977,11.671352,0.21860191,-2.4053516838215763,41.09940699152345,32.51288604918596,1.437706957206211,46.74400247197904,74928.54,0.0978019646059429,0.0076477052643895,0.0267128564910701,0.1051583686768227,0.5892845551426514,0.278788329145669,6624.064303341232,3145.0769752115,6.909062385559082,0.31373146,7.945156,12.8668785,0.3132485,-1.1769822451374197,15.479710405513444,25.32470302063319,1.3401214731083193,33.938178318149824,151184.55,0.149966799680542,0.0157130006700754,0.0698863232873403,0.5089950002361037,0.2815311622723694,0.1395601902884123,3590.4166457063056,3585.544103828854,6.630852699279785,0.4493872,29.094028,43.92929,0.44913948,-7.520729410366647,290.26145997105675,64.74156127223252,1.6997959085836152,110.04744096610116,310193.44,11.837831116266065,0.0323573686182498,0.1493183897009587,0.1525924159492507,0.3851131119234091,0.3129167906611491,5602.842675667519,3805.711081653697,7.353049278259277,1.1274012,74.97311,92.137436,1.1273323,-31.82987254726658,1565.4089408932523,66.50081994621124,2.549810375020706,169.56448064638374,1952307.6,2528.959249505103,0.2087617516517639,0.6101991439655264,0.1487235794971292,0.0679920223849193,0.1730136389155726,2402.730846288961,3852.23888476733,5.960844039916992
100,59400,4,0.2276968,8.2016945,12.638664,0.22557995,-2.3241956097221066,39.171111929228914,36.02024387447554,1.436745256128434,51.751914511469295,79635.2,0.1052915831603609,0.008149217814207,0.0256607960729439,0.101634673700774,0.5944714013512091,0.278184868898486,6565.484144280352,3137.673765173426,6.927184104919434,0.32630822,8.106518,13.21125,0.32584915,-1.1383856401809065,14.782993666019191,24.84313075594033,1.3393009159141922,33.272427775708884,163548.77,0.1676001685076668,0.0169946830719709,0.0658844781131144,0.509826773480731,0.2808128024634547,0.1434512855146838,3580.0171179635204,3551.2477528168315,6.672328948974609,1.2935188,69.85664,83.42438,1.293292,-16.672449311855775,371.2563476366778,54.00512514162954,3.364572495221902,181.70415865268407,2570021.0,1039.357235485635,0.2704843282699585,0.7074104545306191,0.1527583537273323,0.0793790907569475,0.0604387759270956,1322.1014619918412,2718.579722727952,5.579206466674805,2.3889275,135.367,170.46518,2.3889275,-24.92841693491337,775.6682637293213,56.66434275510488,3.928882125448421,222.6275234009075,8765913.0,25263.17164419789,0.9047059416770936,0.7709377645807286,0.1514515944877272,0.0296950751944188,0.047885704314756,921.3828728149452,2302.9679971399846,5.271845817565918
101,60000,4,0.2011319,5.7787895,9.562778,0.19900511,-1.566668934974048,24.5522789641317,28.731343255795014,1.390007483605889,39.93678213980324,62137.41,0.0401805237222201,0.0063308821991086,0.0260315093240715,0.0903301052575923,0.6145688569027514,0.2690274647020019,6705.398697217828,3119.742358984036,6.707917213439941,0.29527524,6.6797256,11.405563,0.29488528,-0.7303592571847315,8.821524755588687,22.622030960804384,1.3128583835015184,29.69952299882352,133919.95,0.0670581840712854,0.0139062404632568,0.0755815458347204,0.5418890345204991,0.2678007886645852,0.1147104062733617,3306.41037470658,3498.132325229864,6.438050746917725,3.339724,72.21727,112.235825,3.3395941,-7.433448152533838,60.90119886731782,21.623723552084225,3.3932356538030493,73.37438972493487,17132170.0,7576.492284521589,1.7221481800079346,0.8740531395095692,0.0909406935666466,0.0183924297262067,0.0166092918933624,462.2504966842794,1520.8152261475732,4.598918914794922,2.778389,167.40399,239.87045,2.7783813,-18.98843727682893,574.5524948983668,60.25217961988006,3.286728461650644,198.032553633218,11857067.0,34237.48886398942,1.2292983531951904,0.7765289753721875,0.1305061761412857,0.041305248677685,0.0516452113739339,1002.3975719962464,2427.594732669276,5.292715549468994
102,60600,4,0.23094550603003672,6.843368006284895,11.140701577187347,0.22930260575769662,-1.2797890744051208,19.262515714578612,29.72542018142193,1.3775870594687958,41.33205293316592,82739.3438673441,0.05525098395864537,0.008479146708273187,0.02139949720075726,0.13037599703875175,0.6421277479311225,0.20716689116860387,5932.9523244552165,3018.0388553966663,6.9706450828082325,0.530334935173777,9.815001409489069,14.120467521816137,0.529963894126787,-0.8129950611237929,22.199184317843876,31.81515342852579,1.294579730461419,42.262840983948706,469655.0403813578,0.9431839406561506,0.04870644828948237,0.03679259833487435,0.7462293433840412,0.14164104408261502,0.07012205052663914,2285.612754560315,2599.017442403237,5.606027415974611,1.6661782552274225,23.2942505475092,38.58818625887095,1.6735877999738749,-5.258369809534425,102.957616821469,40.731188161030175,1.8509487561129354,56.11671572731247,8335069.293583989,19131.78357897065,0.8449862358048605,-0.01692858736567618,0.13381523691770358,0.2294023440129453,0.29987198154390715,6182.145725624935,4814.12996268861,7.298199101618351,6.29559741559073,47.437142379538805,65.00910621269611,6.299413192003857,-5.383159086855634,116.19434039965606,31.00605667778645,3.1939826315367057,66.36127048593347,82563181.0456217,244275.5482799446,7.239491930991923,0.4595457910623591,0.07938259552876671,-0.0045132703918344605,0.0910143132446287,1477.3159177355767,2583.718437549612,5.050425606412412
103,61200,4,0.23615188006439294,6.83721205050581,11.280029970411853,0.23484376979576735,-1.2364901443500174,18.603966502949383,29.74064535579115,1.3737099151539862,41.3325568738268,86855.88618978928,0.055982929352388855,0.008922764018555969,0.020833573397738663,0.12054041763058425,0.6617161370504054,0.2002637192710755,5888.396656839116,2901.5156840955615,6.985683149943702,0.5253978196093532,7.687914767908396,13.110404928025423,0.5250298102451817,-0.4357330836052344,5.295317325742307,19.983194848235833,1.2878049523181907,25.881354565435213,460484.74611968774,0.08440696670948528,0.047957906807283804,0.03283246107932347,0.7447560504724635,0.14784229871106958,0.07116784574164475,2328.2119825114105,2618.6557349225714,5.600350180472535,0.457561122665193,16.875461009523164,27.72472942085944,0.45869859815657965,-5.341794644915926,126.44165485727704,32.72740136567117,1.6492608846436956,58.345522357327155,426375.32757095445,219.41059532093524,0.043173658624903855,0.055610377676821816,0.10868874334924966,0.28288620431375,0.32034303642638606,7384.922619569673,3189.0330176690936,7.296563605829994,0.6004399173104481,15.362743801389504,22.04885407174708,0.6006303285356381,-1.2860168443569762,28.518404865455487,36.05323741811639,1.3711237384089507,52.637132961663525,620918.1526344197,1.4443372416269,0.06432815717087896,0.04676837366210856,0.19608252212966068,0.2335614013930244,0.37502545276682064,6732.264540682794,3587.9298254238156,6.923439928298546
104,61800,4,0.22807383664657638,6.83861942953814,11.148654437754844,0.2262502184798468,-1.2778924664534876,19.23454806456715,29.918095236609958,1.3785406562730371,41.64531966962402,80586.35985268612,0.053300088219933414,0.008249942341530408,0.021578354901077602,0.12957084787656345,0.6528508961420012,0.20008173190480552,5913.058668909314,3024.008385776147,6.924276758326982,0.49843296364813094,7.673800647267065,13.046987144342031,0.49807405391324816,-0.4351941436308122,5.350217884903547,20.080876966227706,1.2899187465400175,26.027545063464224,411959.9933501472,0.08299715984282097,0.04286850115546474,0.03389816722490763,0.7433180071936651,0.15117236626098973,0.06893291876089572,2313.8934014739943,2613.9946629166507,5.589156099146198,0.3018701126575995,10.99142467905589,16.920634888312815,0.3021901308943713,-5.321674961766349,97.93827790035837,39.16076319883656,1.631196305785275,66.68445004481705,151360.5758367185,0.4018831050905636,0.015618687916574158,0.05642947437626945,0.10720676466168802,0.18691602950843905,0.33171300636357803,7786.742403720921,3333.6967787674907,7.360049978427003,0.531172976632852,19.419100587633025,23.90958596477345,0.531286383045535,-4.58014754203516,356.56891781546705,43.58056529529735,1.4262921941632407,69.22887906362863,475769.0790970016,24.8542461744642,0.04830737307383946,0.06077269741459932,0.23596820170953414,0.1521398940793714,0.3722062255166111,6464.056278068156,3766.497417710988,6.859631340171367
105,62400,4,0.2328907424408132,6.829698509369031,11.206007650561759,0.23140014223375469,-1.2127269843208228,18.16792956922647,29.995798938253074,1.37118612318858,41.71824853147711,84245.23913184337,0.05208946595709993,0.008643676316779312,0.02039579892015486,0.12233069898112804,0.6508151290140063,0.20709158881487277,5962.195943731218,2941.0499322069227,6.9777986870342215,0.537867694101901,7.676480640534296,13.042548675595095,0.537498641951073,-0.42280864942134344,5.182300316328233,19.84270833583313,1.286067484553508,25.679490426690727,483817.0116276868,0.08017967650428971,0.05026395517943535,0.03117783860719399,0.7528930389802065,0.14217053300550825,0.07055424900841566,2298.280521510169,2589.48379342412,5.546557439357493,0.5480497297284077,18.220836228627377,29.5817894345913,0.5496678768297301,-5.343438132354497,117.64383156738458,33.818563851740386,1.6539938227774713,58.92807184886549,664217.4137596603,401.4904662430062,0.06798910172747887,0.05693451530730562,0.09796975284751612,0.33829567592569,0.3163750842691573,7420.00043134262,3035.653877363839,7.298607769219769,0.719280163471983,23.976421240727802,38.08268706156149,0.7195961983037018,-1.7794958427187746,398.8429970506703,43.50440826149032,1.444972526857096,69.99234392924248,917619.2943602379,110.37106180515033,0.096713634405147,0.049583576988170536,0.18017439666411075,0.23088354554055812,0.38400940070577394,6925.886129356812,3550.278183808657,7.1492105847672995
106,63000,4,0.23037004675994344,6.830684977624697,11.186435249454362,0.22871603094109577,-1.2644439386833861,18.957957075683677,30.04490841187957,1.3766253759999127,41.83408724528186,82301.20469042045,0.0537519333924023,0.008436863276204834,0.021207002774606354,0.12861800183380098,0.6485005770497303,0.20402811130606563,5922.928365739388,2989.77288824695,6.964145321368042,0.5371748613196179,7.851799068324466,13.128176478109841,0.5367916822592591,-0.42521320050180444,5.251806258336053,20.811791582023794,1.2880220017117616,27.017540039275225,482505.90574511606,0.08382503403933347,0.05025869482219944,0.03091471263686557,0.7560112477185073,0.1420183297622789,0.06859330158161121,2276.0595766416,2562.370499441714,5.490310281909183,0.34262162042344957,14.262318286757267,22.82923311364247,0.34315576883472093,-5.380998598096485,104.47366627198623,32.268851036303246,1.6288956835354278,60.82137383456121,206943.53765155666,9.61415666422065,0.02148657573031939,0.058402671238466486,0.09073015327135574,0.29232066891154973,0.3233184196680912,7450.504010444203,2715.136285621174,7.347975661488354,0.5751765510041053,25.362514120855536,40.01603001164048,0.5753416866414863,-6.898208812341758,1270.3086228223835,50.25210219268534,1.4407614355607214,83.59170035291596,565608.0565610153,132.1455950100841,0.05934408969969121,0.05186938970891976,0.22740189934252822,0.24500648362157462,0.34166548228112703,6360.764060790034,3655.186029482867,7.0932302230605035
107,63600,4,0.2303164749924423,6.8281820482359095,11.18925725128478,0.22863254627958707,-1.2440757102121314,18.723285713188123,30.10671436196227,1.3744138368933432,41.91619220125074,82260.58847896621,0.052867432455214095,0.008423403344751975,0.02153367557180178,0.1258224630490226,0.65213263834273,0.20296269566208486,5922.192248783082,2974.968117445535,6.959754147447919,0.536201292422029,7.829335756298908,13.106323388772648,0.5358296735312659,-0.42287009497820754,5.228203916994555,20.695553818049074,1.2880091927310118,26.85823757624698,480666.37385789276,0.08243974929992859,0.05003181100261225,0.03174578096902212,0.7562278529602694,0.14136283797512234,0.06801312250870284,2263.494340375705,2553.2410900051136,5.450596539724044,0.3475501060717634,10.234114615514915,16.210328473974318,0.34811046764290926,-5.33886405995978,97.71456607828362,42.373776888840474,1.626442557700833,69.7491971607618,214454.05871525622,0.34391106435339314,0.02210086422036879,0.0605571989434966,0.076494393538931,0.3333497681568939,0.3218593504524275,7536.0404714625465,2328.3853895715433,7.375020769549498,0.5568050203061734,10.437330537776155,17.60394874909291,0.5569457173427688,-1.3715457372030566,20.79756371075313,29.884181618183767,1.378856267398755,41.338980203774845,527096.0344893804,0.3846957066905541,0.05482726205385432,0.04813619748548584,0.2169678644256999,0.20253148434222207,0.37466589786037285,6646.201052122095,3653.7170038447493,6.898328183688312
108,64200,4,0.21527892,8.235168,12.380123,0.2130676,-2.16056799820806,37.57381914762313,38.25348214616507,1.4255680193876703,54.532940778043454,71185.945,0.0807033184812469,0.0072711748071014,0.0278914322618153,0.1055235012258867,0.5968742075970849,0.269643264344898,6577.710442173583,3128.710833367766,6.891164779663086,0.32196018,9.815502,14.863682,0.32154223,-0.9262425671352438,11.920779183925807,30.48669601407372,1.3234250732927966,40.34685790700603,159219.25,0.1280894305248715,0.0165714975446462,0.0716339833974906,0.5451339280116553,0.2645970918450542,0.1186082313086426,3293.9198383710923,3462.6774497362026,6.491848945617676,0.547372,34.46684,44.435596,0.54722553,-26.207292161326507,1140.076948041189,62.967853441178576,2.5793281383642417,162.41475619352423,460210.28,102.34448006523871,0.0484714321792125,0.5647640681925787,0.1435856481311313,0.1641111740693598,0.1275132573581356,2481.2035877740504,3582.379508439254,6.237087249755859,0.41542444,16.901493,27.860928,0.415113,-1.9182943289596937,34.21290971674732,40.6848793531508,1.4194446365026354,57.74993378472573,265078.97,1.0189624227426808,0.0275854188948869,0.0881550616184632,0.2234915217259057,0.2925016115901943,0.3956424420995295,5981.793718130673,3926.269776169006,7.206755638122559
109,64800,4,0.21206263,7.172966,11.906719,0.20980632,-2.3788939215854725,41.487276676375856,33.82475310360163,1.43542375277186,48.55285403678244,69074.78,0.0839018383404656,0.0070434985682368,0.0284233702042669,0.1027466616822036,0.6016520251498771,0.2671146341784001,6582.621039890971,3135.612024892038,6.879610061645508,0.30540222,8.849525,13.6042595,0.30493954,-1.1449147909007975,15.396537325255018,28.97662457085336,1.3361522976032436,38.717183497259086,143263.5,0.1339404685397683,0.0148863969370722,0.077345822702766,0.509610459629332,0.2879219641617939,0.1250941401418343,3470.3186562169567,3530.652374927381,6.558014869689941,0.6412606,40.43293,49.184322,0.64107794,-26.363517484666502,1033.6256979913496,63.05225751223975,2.9999392124584507,189.1529397452909,631626.56,174.78396662999342,0.064208909869194,0.6466547125708673,0.1214342764881515,0.1305660849037692,0.1013198258646871,1995.3028326632584,3332.3022512886214,5.915914535522461,0.40577725,14.646244,24.498844,0.40540412,-2.8283080504618066,55.93220063166829,36.09429607519221,1.4792258968081549,53.391617481616834,252910.33,1.5163961282315552,0.0261652506887912,0.1147186211858433,0.2209303782362403,0.315751776015346,0.348443430148161,5648.567247470209,3938.0818246193257,7.281479835510254
110,65400,4,0.21532191,8.396912,12.769604,0.21302374,-2.6125667299521265,46.749682925351,38.99701377330512,1.4494995668459356,56.52615457295328,71214.38,0.1004920234360414,0.0072664557956159,0.0282787497810274,0.1022114399496111,0.5912813500594044,0.2781620413347896,6624.788776363021,3151.96885887359,6.892563819885254,0.30378738,8.784676,13.821602,0.30331266,-1.2853969274325232,17.808472676089185,28.917184067694475,1.3460468622624957,38.923884879915306,141752.47,0.1516720617161001,0.0147374765947461,0.0762077432394514,0.4921867046087518,0.2942475612380909,0.1373278788247114,3616.67208607744,3591.1192781593777,6.603116035461426,1.5976129,43.530655,55.950832,1.5974427,-14.568304316859493,239.2225689057332,27.24731132086437,4.635790849662012,126.31283649923428,3920435.5,1558.4337265316233,0.4085762500762939,0.864125677700951,0.0781528182117054,0.032057279767943,0.0256574908690718,627.8973874666899,1863.8612658880224,4.797940731048584,0.4765947,31.50177,43.078518,0.47637185,-6.910088284541924,214.7010292507836,66.09761063486921,1.6222245846560075,107.2251689591302,348890.84,11.077223311717212,0.0368220396339893,0.2578998690889732,0.1743734863005224,0.2598190916248494,0.307750182831348,4846.072776040476,4177.955645449472,7.0746283531188965
111,66000,4,0.21083482,8.534908,13.235283,0.20853394,-2.398895464490164,44.24823061902394,40.48149377122532,1.4345921933889112,58.074434941197126,68277.23,0.0874309559340224,0.0069379922933876,0.0271537970056622,0.097323904417243,0.6041945133859312,0.2712654852462099,6655.476114676794,3117.376932191421,6.838672637939453,0.29677594,8.664417,13.953114,0.2963044,-1.1771451747443664,16.677653851422956,29.195147531350248,1.3377949120155803,39.05711982311619,135284.66,0.1293748012284025,0.0140300253406167,0.0784270268868816,0.4944934241289804,0.2964877651904145,0.1305640200044679,3585.983804294355,3573.886452053859,6.573000907897949,0.26570806,10.460091,17.159176,0.26557454,-4.865992932649439,100.46788728880648,39.36685501253007,1.593416325814563,62.72778947317635,108442.79,0.5007790796966072,0.0112376762554049,0.0436920335856865,0.1589900266409427,0.4817374132936941,0.3155285482179845,6202.351959920748,3372.37109718658,7.359025478363037,0.36302528,13.699055,26.329327,0.3628085,-1.945700459997505,36.829839162939855,37.73581497960192,1.410333027165973,53.22006617290365,202425.36,0.6396571934945359,0.0210287775844335,0.0962718447209731,0.2470765931672425,0.331785216630949,0.3247295397905711,5535.194202826362,3851.0626703321022,7.176414489746094
112,66600,4,0.20917588,11.121368,15.12022,0.20689052,-2.4792019866670114,46.94589545079116,53.16754568932313,1.4360471301784066,76.3511014061468,67206.99,0.0898760723986498,0.0068465629592537,0.0272982152370792,0.0982947679773879,0.605007031866321,0.2693326722898009,6647.892501062127,3112.928805667881,6.847315311431885,0.2944447,12.038231,16.625786,0.29398984,-1.222045205198448,18.008643844220266,40.884520884382034,1.339674462052219,54.77194852223322,133167.66,0.1353617729212229,0.0138327023014426,0.0752424416136249,0.4971409673175157,0.2971754188621966,0.1304115479926898,3593.284905441004,3574.002636984657,6.579404830932617,0.39545202,30.970478,40.27891,0.39531308,-25.126330718510403,1281.594738574226,78.3166510513223,2.256972901687149,176.7585591741698,240203.2,31.341943269954605,0.0243159439414739,0.4279327555491882,0.1491028339311939,0.2491011735829999,0.173822264506078,3444.146198597989,3903.323963393007,6.696331977844238,0.38252112,19.126987,28.617954,0.3822945,-3.733556798628081,89.65171488098001,50.00243469567917,1.475006961163343,73.75393925143504,224751.23,1.9194654013020984,0.0233521908521652,0.1455072348338183,0.2345343169841735,0.3126254275970543,0.3071846610156376,5249.852293782006,3964.294135201576,7.217230796813965
113,67200,4,0.20723984,7.3957443,12.494087,0.20502675,-2.1038706532262497,36.15343603392586,35.686885543949984,1.4225903289008868,50.76781824366108,65968.664,0.0666872091478199,0.006730010267347,0.0258051140736661,0.0965320516522542,0.6119428998203479,0.2656511079593929,6654.853224774649,3087.1918989053684,6.838693141937256,0.2898593,7.6389313,13.327694,0.28940588,-1.0774413755943677,14.343178922129807,26.353928989066464,1.3341105305846166,35.159054186714066,129052.27,0.101249839079376,0.0134035572409629,0.0732210293053468,0.4932579022919997,0.3030351668344421,0.1304561366109914,3631.624030426433,3569.8555961737443,6.61215877532959,0.35930225,29.64983,36.354828,0.35919654,-22.05173333236955,1165.3772333915233,82.52057885959687,1.9873866492921304,164.00029671787763,198294.69,19.422551830643965,0.0211761817336082,0.3880740277043794,0.1271962373353102,0.2769325876939218,0.2077575214901157,3933.708387791304,4037.4825600102185,6.78563404083252,0.41902,29.983616,38.548183,0.41883624,-5.428466214321655,199.45829657610096,71.55652732867712,1.475384699811788,105.57340559264624,269687.44,6.148810431006017,0.0286653935909271,0.1869369092704872,0.1853822246052451,0.2663995969657058,0.3609909110016907,5475.1784535031775,4175.048551343739,7.149952411651611
114,67800,4,0.24189417,7.6429367,11.532593,0.24007253,-1.100861303811315,14.843781845616917,31.59620046332576,1.3409506638577045,42.368945986852935,89875.64,0.0508213471659694,0.0092136058956384,0.0251082921046304,0.1557517137647321,0.6337812544988203,0.1853304810031991,5662.078344832749,3100.250243863579,6.9867095947265625,0.6497744,63.397408,67.35535,0.64959896,-16.045249122619065,1153.2708605738894,97.5683409614048,1.440097993300555,140.50797202839965,648509.5,205.58036518138056,0.0698913410305976,0.2436328286992371,0.6592717333030632,0.0711861453297402,0.0259034961513381,1348.8229216843993,1993.434947814086,5.573226451873779,1.9958044,84.87596,151.07983,1.9957949,-17.221422687013142,514.5569011257576,42.52719358072979,3.829994179058494,162.87890386597044,6118249.0,8164.043978263493,0.6242311000823975,0.7986503209234728,0.1112481452056203,0.0295734223984187,0.0605195894434743,1006.3566461274646,2594.7028367381963,4.993326663970947,10.186493,278.42578,402.27496,10.183411,-11.203383043402743,184.8170563888717,27.33284001066267,4.68447828919793,128.04009561208238,159382480.0,1989943.7464838093,16.149147033691406,0.9574201788537328,0.0215325881082151,0.0085289017039364,0.0125151627092694,252.8218255842968,1259.641333061623,3.504568576812744
115,68400,4,0.2328160680262375,6.825687415099171,11.242818598015914,0.23125047636239418,-1.3596189259887363,20.803264213430296,30.091275107784888,1.3852420735609843,41.97027353758275,84186.71759707731,0.06296189677085227,0.008625876806164199,0.021967173473554105,0.12944336774769846,0.637819672555284,0.21021411059040343,5958.150682261808,3027.1532847562,6.99330867462924,0.5226906871150143,7.720855081193085,13.07766416441043,0.5222994092688652,-0.46080853866950483,5.511388694320767,20.187039735327883,1.290992696760839,26.179828088976333,455493.85868760303,0.09435263254091866,0.04741715611996546,0.03356392449019234,0.741941869770071,0.14831588026319126,0.07220600908119397,2340.7973254115,2651.0219460216636,5.576229529753183,0.8102916204419901,22.487659467016993,34.72501579947242,0.8132617784711407,-5.299817357367721,111.83969258021536,35.05873891945714,1.737463139190913,50.66784250783674,1677393.839178717,1979.56753430186,0.1712620065780891,0.050940313153269676,0.1345654761270027,0.2816619339789056,0.314456620457169,7159.261327633749,3792.6067959242523,7.26603187496594,3.2056103659763844,40.74485168506291,58.65070237266443,3.2080577288849677,-4.5753775311712,164.40093019331647,33.81678933833747,2.760282702739656,77.43706967588443,20937870.89666299,23447.922000091614,2.1750702767726957,0.07550395416736688,0.1707276326794425,0.32883375246652335,0.31057045049440507,6321.949243521112,3616.3776321802084,7.384094506311561
116,69000,4,0.23761208104406112,6.818712166821666,11.37949393816063,0.23632000902441452,-1.348272955054856,20.64237653720199,30.1122657167637,1.3849195560051757,42.00186215310615,88059.76992932077,0.06773797162086445,0.009045318972178404,0.02072340432334913,0.12038047150718248,0.6485403532972054,0.20958285631341494,5982.706211143235,2958.358872185745,7.019164464481532,0.52366686195773,7.806776713133245,13.139223191202998,0.5232537874314318,-0.46631074328426,5.63235183123978,20.66589448462745,1.2927452535226491,26.850332476094284,457290.51248673483,0.10039845500885805,0.047612263906135315,0.03324514266912613,0.7318984588135082,0.1544134983339967,0.07598997863602153,2408.70731615154,2718.5819278402305,5.643512475447112,0.669234052770714,20.060877815495807,32.14254234461377,0.6714739181835458,-5.142096236279984,120.08439382841067,34.67106519903463,1.6845511093706094,56.23260226131141,1072560.2461962071,1239.7927005666975,0.10655017089354783,0.0508707141693698,0.1407045953030903,0.31290010603160934,0.3098194147764849,6958.790927795727,3605.161475171854,7.271976796920326,0.7441169051386165,22.816014743518465,35.65966975054112,0.7444337202774212,-3.863796853795458,430.7244453570986,41.68908947534014,1.4625544329879228,67.02514587771037,987237.4070164592,139.10212802627498,0.10287828341488645,0.05082746172738702,0.1742607880910672,0.24751597527852975,0.37822172027475254,6878.4982291337965,3543.9744285659394,7.148063992980013
117,69600,4,0.230573666925467,6.837509648865337,11.189570085320897,0.22891278389445963,-1.1869231851384043,17.87932474133441,29.875265938658302,1.3690696513048999,41.51487047101325,82455.85156423181,0.049907708208039234,0.008449500876009194,0.020247651303737887,0.13190254344435073,0.6585911252757376,0.19586519372908162,5863.168170019981,2956.580031840821,6.95926099215238,0.5502740497714275,7.820596275232676,13.111454502686426,0.5499019344169297,-0.4056849729796227,5.109235350723776,20.544286882206254,1.2862619349496693,26.63934981966705,507590.52935839735,0.07724260628309929,0.052810054974420186,0.030042896592266437,0.7674555074768765,0.13461345162094812,0.06585399347583812,2215.0468471308154,2491.2362720873125,5.439390228247982,0.6657428968358481,23.024603634304725,34.975235469806464,0.6679869092354027,-5.165084987440116,129.44913733253404,31.650372011634808,1.7023789966106717,49.042013547057465,1059357.783632889,1711.9799462811936,0.11254861385296543,0.053946351260433664,0.11854217463712453,0.28890263081677636,0.31739795700195855,7388.494729881664,3506.0691515528038,7.282751858341514,0.8906984785610511,41.76931961724405,55.35445755376115,0.8912218347385646,-11.428911392642386,1865.084542652263,54.95015425386784,1.726784102713099,116.76663588539785,1451691.9971081156,1374.7053546318932,0.15142019910583004,0.06713800123098851,0.18377509929322758,0.2784642961848065,0.3368746509352558,6524.904529264819,3656.4133868326,7.284280607639017
118,70200,4,0.2307249806306648,6.840065937589015,11.157339387704683,0.22906442656964443,-1.2425423348909719,18.702150693912714,29.809986114152974,1.3740806339510492,41.444488673375304,82571.04347475407,0.05302154400429563,0.008459696382254094,0.02121081901497014,0.14588183607703814,0.6436307985096739,0.19661553412587085,5796.731473123553,3015.8548116962866,6.963189119872768,0.5820816581937728,7.67165813030975,13.04021282078555,0.5816866714313382,-0.4066524694565892,5.104368445951764,19.575468251726324,1.2859300321746274,25.313677549977147,571092.574073377,0.07976379628671841,0.059481464605479976,0.030270328932544527,0.7726436649614561,0.13079266854398874,0.06428123932946542,2180.800809112238,2439.019187132457,5.473668193029889,0.34805500711876125,12.96524057052047,20.30286840352935,0.34861542088491715,-5.351718500275085,98.54931039274732,35.75046311769734,1.6298264710654475,63.76539724039242,215233.0918998471,1.611482095609022,0.022275648417034145,0.06127140941784681,0.0784656981149322,0.509306436929644,0.30183209851585113,7213.180280673516,2359.0745337601934,7.395873031332547,0.582911911275583,25.50550650797414,40.54402236573185,0.5830846246915732,-5.0918107053683705,1204.9574549516813,50.086594745055685,1.4554821646080516,84.25721613841505,582254.2951963507,133.16344690959374,0.06115869644083902,0.05121403504934857,0.24847745290419407,0.2369189610606755,0.33195774058772776,6273.255910006035,3702.75494380486,7.081830696753816
119,70800,4,0.22800846041477768,6.8410713804286445,11.200588955642537,0.22621522006668465,-1.2144115304545549,18.291668625514934,29.859101193187925,1.372076412697394,41.50912570333921,80538.32068897542,0.05024159736996734,0.008247117645501076,0.022022098557418518,0.13322574122687822,0.6535187720147351,0.19693719870671372,5863.422510601493,2993.747599754249,6.937197363682566,0.5478707757081842,7.701152732450677,13.056553169750584,0.5475172433500356,-0.40831647577522884,5.10196821339391,19.917307213309567,1.2852257252931278,25.776705711121178,502941.62585719646,0.07662275824702104,0.05240577613445114,0.03171354213468037,0.7656596847696311,0.13515377458201328,0.06512206113689348,2200.6268698241556,2477.6644552936123,5.3937032809374355,0.32958863239562597,12.03964542177123,18.467391876765227,0.3300580123327554,-5.319994241610936,98.39975846078046,37.28842832384276,1.6273903718077076,65.34972583809245,187902.28055802966,1.041092634324944,0.019375097540782586,0.0595107317327851,0.08698545328392948,0.37577284499819397,0.3148853114905022,7483.438380296754,2727.626649138057,7.35610155401239,0.5192832030523259,13.012923394969903,19.291556265225857,0.519383325218276,-1.3200652401580835,23.058836347265053,34.13476866638451,1.3764994164271607,49.21798633035751,452911.78729307675,0.4873970868532899,0.04713509437198904,0.050199883877443605,0.25399711122611063,0.1858577810262077,0.35518893640888494,6342.552827178672,3728.3978517125606,6.879853707783074
120,71400,4,0.21539198827905076,6.82969258152102,11.208253980027896,0.21276846132542657,-1.321818906687499,20.554414541759765,30.628085708241027,1.3884152955442979,42.86695862556413,72078.10487793002,0.049373372098030235,0.007337898616707981,0.02283746428051594,0.08924912969687906,0.6451062114136383,0.22946900073684384,6577.671124013714,3013.638542785016,6.770312470695506,0.2899481150436728,7.69651428078349,13.018900396722097,0.2896127032484623,-0.6078097986470223,7.307721822550539,22.865615064536044,1.3033345357883985,29.995673926210298,125838.8361106034,0.0759111542713881,0.013089685683707825,0.06022488980262214,0.5604544062398061,0.270635038119889,0.09920017881876775,3189.5144979137467,3295.592424287861,6.329404431157775,0.23024190990576415,9.712638929262328,15.533379946054948,0.23018035268843196,-5.286209471956642,98.10874260117762,41.22443974349595,1.630749713085944,68.56275671410607,81849.1972235333,0.25471186275434554,0.008516654186006462,0.04466727649150425,0.1649548040423352,0.4665331064607351,0.286276111354645,6229.88139256706,3471.5148955270092,7.328043701397972,0.3335528268567882,9.706512508223264,15.891518661863936,0.3334220707733637,-1.5958830470496324,23.406664805019403,30.7157636400053,1.3834821102959114,42.94497407131644,174127.67310584258,0.2527246332801588,0.018119078551828583,0.08186591393024917,0.2439497133299937,0.26074845657130985,0.28699357654247903,5686.284109092303,3661.683458032536,6.997896653822416
121,72000,4,0.21262078,6.915474,11.330986,0.21036458,-1.8861478893934196,31.251353512166386,32.52492038699546,1.4081401443244717,45.79964608810116,69438.87,0.0638692268063425,0.0070717791095376,0.0268924994677683,0.0996283877743006,0.6061774479554081,0.2672510112202118,6609.579157002871,3115.725513939673,6.843445777893066,0.3150995,7.096958,11.885071,0.31471345,-0.8206721477384824,9.869375397595205,22.522910984858516,1.3164606246548942,29.65052546426751,152505.9,0.0972927695498065,0.0158477872610092,0.0733306194812909,0.5396419766153424,0.271343252199324,0.1156630543862431,3293.1958617287523,3466.336392303137,6.4626007080078125,0.26435757,9.88121,15.618801,0.26422626,-3.752749947706916,66.45188830414253,37.37820121992073,1.5206072302386648,56.83756302854214,107343.25,0.3245445422607909,0.0111656729131937,0.0402086382955135,0.1716435309566395,0.4798906918800673,0.3082056751509975,6118.782397816434,3369.1527597069166,7.333245277404785,0.36877364,10.689163,18.104362,0.36858398,-1.4303660636175608,21.18103562770951,28.98570307548555,1.368761505443533,39.67451457804842,208886.78,0.3917298508288496,0.0217073466628789,0.092838886466281,0.2490729826435581,0.3134010660362025,0.3444998014693311,5621.589945695221,3902.771361140629,7.126877784729004
122,72600,4,0.20604111,6.586361,10.714912,0.20378017,-1.7652128535220282,28.288535652722377,31.966246202524577,1.4027013839057072,44.83909778676941,65207.723,0.050983073338656,0.0066471705213189,0.0280015012543086,0.0963696759644551,0.6117185030768685,0.2638513690618418,6634.73080519509,3097.3734613199317,6.806512832641602,0.30351081,7.387352,12.007809,0.30313802,-0.7970714638791228,9.738024254074604,24.33966642022284,1.3139056140613818,31.980024354017456,141494.48,0.0826356666322431,0.0147141302004456,0.0788344386492633,0.5328688323086599,0.2735543123357801,0.1147190135205663,3313.3069864477047,3478.827313293309,6.447874546051025,0.25437105,9.991169,16.267014,0.25424874,-3.747408154377832,68.31423300440017,39.277933132880776,1.5191012123760346,59.667155842018566,99386.305,0.286010453789869,0.0103372959420084,0.0441208420594951,0.1680254184069717,0.4793513487921037,0.3084513414480018,6154.797085214176,3398.398131729128,7.329495906829834,0.35676894,11.666679,18.388271,0.35658765,-1.310369362862999,19.281570382621524,32.70093948130779,1.3640486765819817,44.6056732225904,195508.31,0.3123852606801593,0.0203369092196226,0.1064344295462669,0.2404592017225129,0.307081050643451,0.3458371934275754,5623.679602018039,3945.089942144119,7.100645065307617
123,73200,4,0.20388903,6.5008163,11.02972,0.20161484,-1.8109946379931503,29.031162585842463,31.884091229676542,1.4065223976805297,44.84568844444936,63852.65,0.0501695081529455,0.0064969561062753,0.0266597927605306,0.0981380804913014,0.612387361900601,0.2627538263171104,6643.357689707922,3095.7176978202574,6.804137229919434,0.29819557,7.1938515,12.068367,0.29781285,-0.8249885091924308,10.074261025432898,24.12460873868547,1.3175441871063656,31.78523800997706,136582.05,0.0796559006628329,0.0141921341419219,0.0772516308436166,0.5298565072945303,0.2782405217365984,0.1146263543079903,3350.404672624104,3484.449885476211,6.496609687805176,0.24849698,9.330654,14.780617,0.24837627,-4.132611624064991,77.06275374879077,37.54836040245498,1.55954919536538,58.55851525317362,94849.16,0.2938522231044534,0.009860185906291,0.0461236955307442,0.1810659786915884,0.4851684480925016,0.287589940327642,6002.415966428458,3415.8556554564925,7.330734729766846,0.3283914,9.572792,16.154194,0.32818016,-1.7396472809064416,27.106502897484575,29.150556217102523,1.3869878883494782,40.4314684118949,165643.64,0.3152394838498719,0.0171974785625934,0.1123419985321598,0.2680520568519423,0.3559935224392702,0.2635036119881965,5106.21577943077,3796.05505422368,7.112590789794922
124,73800,4,0.2016137,6.496525,9.687424,0.1993607,-1.633712982863597,25.183056169268227,32.222636607821244,1.390951764115743,44.82013323433178,62435.45,0.0416091213985409,0.0063472734764218,0.025945751656176,0.0928536525508436,0.6246017618404469,0.2565358508123589,6664.042426051365,3065.6780505259067,6.749301910400391,0.294018,6.9904327,10.478592,0.2936236,-0.7820455021171496,9.12611959616078,23.77552643230186,1.313765840868057,31.235474475520004,132781.95,0.0681996010577291,0.01376180537045,0.074350108740667,0.5318715516944739,0.2828036995520047,0.1109510723138602,3348.47902511903,3470.8923098304977,6.483154773712158,0.24261872,9.063816,14.920235,0.24250808,-3.799860189960448,69.33653517666683,37.35827101385197,1.5122028578748516,56.493284192643024,90414.87,0.2402477881507607,0.0093820272013545,0.0445647187603726,0.1740921690822121,0.4949912520721675,0.2863026392220059,6054.238026505446,3376.2489479879573,7.310748100280762,0.331014,9.090614,14.260483,0.33081594,-1.485679164350168,21.51913311133517,27.462929415428192,1.367366186430585,37.55188106309983,168299.95,0.2583510671603187,0.0174922570586204,0.1096858666625826,0.2688281246185929,0.3507623560615245,0.2705959982739719,5150.767777958654,3804.965322659476,7.097311973571777
125,74400,4,0.19965799,6.5327644,10.695171,0.19753194,-1.2102298342974118,17.51333672058525,32.719774374014264,1.3641686676141127,44.63529101265699,61230.05,0.0278301591355002,0.0062429243698716,0.023670605015625,0.0846575464535543,0.6344631716339173,0.257154491582249,6681.795319239838,3013.185254361898,6.755497455596924,0.29046637,7.717228,12.868118,0.2901055,-0.5899557935088238,6.660669768318819,26.568404402995856,1.3015303651576002,34.57958508440504,129593.42,0.0474134241363449,0.013471620157361,0.0736398311128947,0.5273649395165079,0.282687564937348,0.1162857408139664,3364.63959393807,3474.300665491305,6.481973648071289,0.27915704,9.070206,15.585899,0.27909487,-1.9253885563325344,30.23252324074918,32.491409162049,1.4112213034931993,45.852568790161904,119698.4,0.1835983398166565,0.0124672940000891,0.0319302693589784,0.124231501436812,0.4538665185225632,0.3899148816176507,6794.7046370707485,3309.490742540358,7.355634212493896,0.42700815,11.519814,18.309116,0.426877,-0.6411090819272586,8.52673565545048,26.977970990477317,1.3376943414747724,36.088279138516576,280068.06,0.2834832898345781,0.0291814990341663,0.0647994156117141,0.1525704235773287,0.2587435463338278,0.5234490701051987,7003.811529845944,3850.1239003856767,7.092987537384033
126,75000,4,0.23734692,6.3825607,9.875488,0.2355737,-0.79989824196346,9.926924362542564,26.891272910209487,1.3199217663584286,35.49437643941982,86528.34,0.0315027955804043,0.0088684586808085,0.0255615669046366,0.1653417691821961,0.6409872054061535,0.1680891100668595,5542.072202231058,3078.627762206364,6.935929298400879,0.59669083,7.929039,11.954689,0.59652835,-0.0738755824145506,0.3944894934707434,13.288353960510998,1.2580946838719975,16.718007475156313,546877.4,0.05000724233398,0.0568869151175022,0.0283636520723099,0.8639162592473834,0.0819728721409594,0.0257426406951648,1569.3264856596172,1967.462474431143,5.104249000549316,0.52902174,126.20383,251.5583,0.52898926,-12.399169426401192,10879.89401307755,238.5607572831852,1.808058607455467,431.3318306077728,429871.06,852.1552873530062,0.0449853166937828,0.0231885836157424,0.1018884981279398,0.3070831194664544,0.5676962920474212,7735.946882671047,3378.0006647539403,7.33672571182251,0.71814597,85.24237,135.64139,0.7180802,-1.671340020106434,179.81937183345966,118.69783383627396,1.4153003391127803,167.99308448066495,792166.94,47.82856804758912,0.0827037617564201,0.0370371717508661,0.1929987141778366,0.1444762448530143,0.6254386476123106,7529.561584853931,4087.1300182929176,6.468344688415527
127,75600,4,0.2306128458238479,6.845223568173156,11.092496397934909,0.22898143289999467,-1.1705185387252834,17.5015282220644,29.68933254767167,1.36899524847738,41.22336932975033,82485.6535758306,0.04853042980823196,0.00845455849395679,0.02051001886742016,0.13297031410886986,0.6473423992476903,0.20274831500324553,5862.534817219263,2968.70221142207,6.943534536005398,0.5469562197017422,7.751454073279425,13.057772343819298,0.5465992236122303,-0.4060341123110922,5.106946671261819,20.19454822365574,1.2864198348742606,26.162347077739035,501177.9717667905,0.07683799196694124,0.05217143624307658,0.03226534211987938,0.7645070012452093,0.13419603704761132,0.06605478449074895,2211.784100352525,2486.431957573584,5.475207095298071,0.3530281094037787,13.83418865078889,22.5685872554588,0.3536185979076811,-5.29896226449366,102.13414298485236,33.90793837017166,1.6304466718418968,62.055661851015316,223001.5689529315,7.6872947711188875,0.02294902707460432,0.05926079618138218,0.08388942897448055,0.08384753688879892,0.34836632949712676,8009.222896470737,2707.8345499526017,7.389723311299692,0.6672073741693562,22.241220672543335,34.87277579135384,0.6674743210807708,-1.2729313135556362,353.28582346103383,42.97151069290183,1.4378988170266465,68.55958168255114,780198.136985953,69.43886546592975,0.08029987929104869,0.04740429584275095,0.1784620147330762,0.17351226576104128,0.4167697870410866,7178.274038848007,3565.1450783541013,6.868181692868321
128,76200,4,0.2385289116735893,6.841168603103645,11.147002545446263,0.23736805200649502,-1.1616810653177754,17.32495790880191,29.600254733179348,1.3678251055727195,41.077310431138514,88826.70657239258,0.05062458684625161,0.009136545931682392,0.01896957179551822,0.1139255993988609,0.6547720055503247,0.21089844432821905,5968.826829304235,2863.9688478786156,6.961077046036342,0.5539342260771567,7.699945269404335,13.040495529695564,0.5535693879911625,-0.41206793449655116,5.141342492909121,19.874987711745963,1.286622609795777,25.72665700196664,514710.8939161994,0.07949948541168789,0.05365241730076307,0.03244225726492399,0.7543113579151525,0.1375290268127931,0.07128217966843606,2277.367369277572,2574.294392585758,5.512567407243383,0.8921810118241978,20.969689615263825,31.890150551811058,0.8955977153090022,-5.1900123944009815,108.6002990550008,37.26792371271708,1.700047062497889,58.643810309165666,2092450.9449287732,2404.0064199832445,0.21342092820253095,0.0524962025270925,0.133042071211406,0.28281675069929546,0.315071206310705,7163.560280687403,3607.0686327239305,7.269968744022975,1.7135705591555923,28.49979822834902,46.812329099411315,1.7149844324945367,-5.531594030601098,382.83339428392264,35.18873532498172,1.9735004824666893,65.99245459722253,5760186.1969744535,4405.760314705128,0.6026376774728016,0.060790589878705344,0.1643415537185284,0.31865335895480335,0.3373796244895235,6637.525505804591,3544.402205160556,7.357715028904682
129,76800,4,0.23422409333454275,6.831257655234899,11.209342731704767,0.23276059723840667,-1.2539714919347442,18.800302566136438,29.923512424454668,1.3752205976501368,41.63168017486465,85299.59995930165,0.05559522217164751,0.008752544296901348,0.020877103295732113,0.13203860633546627,0.6443797125235835,0.2050448156542697,5871.550630658098,3004.8786418182344,6.951360048474667,0.5746425564105704,7.845054886706626,13.098976588473883,0.5742542742277866,-0.4225044547723178,5.234999513883766,20.50367405970044,1.2882588487018074,26.597073763318907,555911.9543957076,0.08829111514205013,0.05780376490254638,0.03075595803208562,0.761494398096242,0.1366819765480406,0.06820453409605974,2237.7273189993566,2528.281008638817,5.479269951036523,0.9899899191260613,23.03241040918882,37.184697369573115,0.9939606625248261,-5.082429697100984,111.69702504287855,36.95029959257654,1.7566367656459745,52.71697418528966,2649739.4826934575,4988.977354678109,0.2638630773745251,-0.00860075510421597,0.11808087121158023,0.2023106911838108,0.3082535234283517,6526.536311709666,4741.2661627513335,7.293000325610306,1.9779501286811674,38.58567262690108,49.25848455999116,1.9796452223723449,-16.59439621417118,781.3252699285339,37.64694903394408,2.2847342151104453,84.78905686340548,7757433.150041571,16788.008576922562,0.763127239368494,0.3978548700564847,0.08557545157542756,0.027871109932748425,0.1428243424810925,2389.9256966274284,3393.272103627877,5.573300724048098
130,77400,4,0.2293074168528834,6.82753230238529,11.257191314273838,0.22755455600320712,-1.2619534752306483,19.076772126845494,30.15365229818593,1.3764923841304977,42.005961930042325,81500.97221733502,0.05352437235230201,0.008347051008375328,0.02150457997681362,0.13140037673118027,0.6556238189650707,0.19708904040412453,5877.295351896917,3002.140026133467,6.939677085425693,0.5280228517588974,7.731994711787312,13.089421179239748,0.5276508833371715,-0.42277033519731383,5.259705417389564,20.2134891866607,1.2883525329106487,26.20005344965256,465349.46663929237,0.08301052585099318,0.04838886508296702,0.03284706021090669,0.7533290338157006,0.14432860075090692,0.06707702740700941,2261.851344446338,2556.7187841838727,5.5207483291104715,0.35453851593636954,12.189816712201663,19.384822031883502,0.3551368021539597,-5.336497355728074,98.06177273321507,37.86525628363342,1.6331396492928856,65.3527871162802,225395.29536722833,0.9518111591247602,0.023212389026726933,0.061146955440303526,0.069081839669016,0.03212478328067686,0.3574156675545904,8792.64735854891,2688.3579799889153,7.455722974169497,0.6937478257180788,16.28307531608183,23.032154046042468,0.6940447139000172,-1.3826079092622083,28.280598120337707,35.660698428890235,1.4433172081878713,53.80444451071976,848794.0050830265,2.514938766389987,0.08808067480467763,0.04394575052834597,0.14840262173592247,0.10147773018219944,0.477958488228299,7800.057764742905,3428.8422166502996,6.51961212579798
131,78000,4,0.23730471785656912,6.837236947964756,11.244526784704318,0.23607240792722572,-1.143472667881836,17.23498115692623,29.713212961996206,1.3657838921542262,41.2413604609819,87804.56397084094,0.04967807841650426,0.009023515904631428,0.019216116917497854,0.1185768719369369,0.6690067542729521,0.1979153496836846,5903.950119361416,2861.212546474488,6.972109969553726,0.5796607961798081,7.76606148722141,13.06415438768827,0.5792834353030359,-0.3997278403998887,5.075183047115637,20.06810447489239,1.286225503643741,25.988371927586094,566130.3796996134,0.07739576392207442,0.05899615487507801,0.03212444334853334,0.7646053957809639,0.1322264775058864,0.06743558720520948,2210.241396923432,2507.9956185369174,5.456765427245042,0.6834504396625224,19.424056908628813,31.52810226649364,0.6857720022100504,-5.261734528230651,111.29001596039078,35.568071922234566,1.6586052114799652,60.42464131204845,1127204.0023115121,836.5697373194889,0.11713379703026698,0.05768195939530377,0.09916915263393958,0.31894600122604333,0.31857928608152347,7489.791523206104,3167.862872761653,7.29448776837972,1.1523286273267948,29.704112055062637,47.19266341414655,1.1531258562150564,-4.538650866875547,456.95344594861365,40.392639501992726,1.6022283442403644,69.87375688452772,2508437.54082584,991.827104095735,0.2604516989802704,0.05240392856570182,0.16506636632751,0.24612602684659757,0.3833929997345725,7032.40183234464,3532.0438853253518,7.2286775136470816
132,78600,4,0.21392680211077564,6.831536285226748,11.194481966793811,0.21115560120520105,-1.3292453550357397,20.58287150728103,30.64139551445979,1.3853669070302375,42.86113007983482,71200.17287494746,0.048745478062126514,0.007239665286094496,0.02373802508176473,0.09834513554534986,0.6201824679213346,0.24021924206188783,6548.698550202875,3106.4063514502645,6.822152093291738,0.30945087763893586,7.774226581447015,13.065539659494599,0.3090874218775949,-0.5497919856848303,6.63062683743749,23.21776114876902,1.2986050026770752,30.43361035900807,145917.3285438051,0.07535523315894017,0.015173398740845268,0.05970773733645156,0.6036350782790058,0.2283294175520662,0.09557496717052959,2922.0564482832997,3191.392836115575,6.232159365803263,0.2819151462782373,11.047955643869496,17.1083987972643,0.2821062997605376,-4.835037012818944,108.6972158681049,38.111850010298525,1.6571703376036186,63.58748986167669,128384.77862936794,4.254539959902409,0.01313259257876662,-0.09586355435652597,0.21416419128863146,0.17028298840310307,0.26832673786107963,4122.777305042329,4358.717094859301,7.392355250333314,0.3585642111923722,10.113347329118826,16.407945443844763,0.3584388653683044,-1.574834172011892,23.397964579624634,31.343711466307024,1.3829872297218362,44.11825048693491,203097.96039944515,0.26755859953266264,0.02109177921212552,0.07992467450384542,0.24619557711708911,0.21861147440932605,0.3090357972247884,5788.3304922663665,3692.9586588176107,6.97455293864488
133,79200,4,0.1864994,6.557369,9.052372,0.18412195,-1.168449598825804,16.84070966245613,35.16026949356906,1.3509602296707548,47.50012575057239,53425.19,0.0203737119809065,0.0054222019389271,0.0276133804737597,0.0937903262340454,0.5934015452238586,0.2851311265532716,6733.344839199858,3153.176799894976,6.77302885055542,0.29465505,6.0382843,9.602833,0.29423624,-0.4322930702719166,4.303946795162797,20.492722602973263,1.2884607565424997,26.40406886873212,133357.98,0.0324431098668451,0.0138404201716184,0.086905571461878,0.5777835302876966,0.2311460679766654,0.1041438525282134,2953.726059998602,3378.933328721992,6.248530387878418,0.23449413,7.3750496,12.41684,0.23442414,-2.3961441223327484,37.37660814950598,31.4508915024012,1.41092981776243,44.37500061613813,84460.8,0.1130128495649604,0.0087901838123798,0.0371593777412096,0.1668866547784226,0.4602760025870712,0.3356206854009,6314.786062036284,3435.9279531763423,7.319631576538086,0.36428842,9.522629,15.248108,0.36414903,-0.6370741623824071,7.372983469017774,26.140355484298464,1.3210938645750716,34.53386324821282,203836.52,0.1298448479504076,0.0212128907442092,0.0989200566942205,0.2088607547600183,0.2293870554826525,0.4625678661852659,6289.735194650001,4075.170341417183,6.932776927947998
134,79800,4,0.18322754,6.012726,8.472538,0.18091938,-0.9092284125291044,12.08336708436562,32.81562291787553,1.339468619647736,43.95549713292724,51567.1,0.01361918012104,0.005241579376161,0.026218933688109,0.0922445138088185,0.6030745615978338,0.2783963130562952,6730.850915742338,3126.6297597342664,6.748432159423828,0.28567886,6.5324783,9.563541,0.28529713,-0.3619069056111544,3.514185676590025,22.866509100054824,1.2834729985091566,29.34854700018701,125356.66,0.0234065358005315,0.0130371190607547,0.0818070328901068,0.5758673428854282,0.2384387969956765,0.1038667178546611,2990.578989581883,3382.16089353552,6.251002311706543,0.25200105,8.17976,11.764145,0.25195277,-1.5469831827577345,21.537103931576432,32.459230119202985,1.3784069543051456,44.74202852787797,97542.945,0.0868553721453495,0.0101879872381687,0.0286618583591904,0.147959557242873,0.4486037822200092,0.3747112694924063,6625.307028141507,3318.323688243583,7.314431190490723,0.40835553,8.538818,13.406277,0.4082396,-0.351626566684228,4.211074269799852,20.91025502730292,1.3236086141647867,27.67699367858846,256134.5,0.1170972466095028,0.0267603360116481,0.0706373505682511,0.160826861366347,0.1929386937046876,0.5752478309916572,7167.98052846577,3931.8116669253886,6.918440341949463
135,80400,4,0.19593434,6.856537,10.246086,0.19361287,-1.3799661044332416,21.51179077630656,34.99405388906912,1.3706593344754705,47.96492661443503,58967.445,0.0317043462065448,0.0059989895671606,0.0265522071477524,0.0921444108130264,0.6197312028744475,0.2615036934276382,6663.603471581893,3073.0105225342736,6.782773971557617,0.29478538,7.2529793,10.627556,0.2943668,-0.6019362097851284,6.9066865872579,24.60427063783514,1.3017724643848303,32.02916202271463,133475.98,0.0521547074840912,0.0138682397082448,0.0841354194636244,0.5426888646903485,0.2648222818174263,0.10832886359615,3187.896452529196,3442.2398934748226,6.354649543762207,0.25796986,9.384918,13.594055,0.25789213,-2.5525701246890176,41.17520078497574,36.37990247711414,1.4246922648848306,51.83016565660992,102218.42,0.1823524372776481,0.0106392968446016,0.0357031748785448,0.1461083681049884,0.4537376076902218,0.3643918717834848,6561.78830723103,3382.521683530625,7.347958087921143,0.4005962,9.045124,13.63821,0.40045092,-0.6531350566607224,7.774855523685195,22.579155822930744,1.3285723887176644,29.998042986974344,246493.17,0.2002256143738404,0.0256757382303476,0.0787935731237281,0.177113490111065,0.2268490383752057,0.5168269099777767,6832.387970503517,4000.1536402844567,7.005792617797852
136,81000,4,0.18992455,4.8345566,7.204056,0.18763965,-1.0232408882964952,13.075793115483144,25.455142593545794,1.3512214892278938,34.39553568394044,55405.57,0.0170134540569852,0.0056368401274085,0.025359885235693,0.0865101845592862,0.6306291305084563,0.2574367894124569,6693.222881249615,3034.325232577308,6.738430976867676,0.2870731,6.6265106,9.490585,0.28669244,-0.4345051558802704,4.239222205455166,23.083007399291,1.2927376823768073,29.840273487750085,126583.26,0.0287909643383928,0.0131501797586679,0.0814931878341116,0.5505690621425757,0.2628408151190452,0.1050729969782486,3147.717218315016,3421.2736560992294,6.311318874359131,0.24970025,7.494831,11.2464905,0.2496518,-1.9738046952699184,27.66224437698496,30.01531291201853,1.390693373145916,41.74209675981239,95769.93,0.1075383355092398,0.0099787786602973,0.0331813367425378,0.1400984886694727,0.4561345176866764,0.3705304810843849,6645.414389858092,3350.3431505538115,7.329325199127197,0.39956355,8.742142,13.05542,0.39945036,-0.4575326255686191,5.016911800855361,21.87922722892374,1.321259630208087,28.90813967779884,245223.97,0.12787331451182,0.0254974402487278,0.076779640249767,0.1646560620072974,0.2177059054031278,0.5404351458794705,7011.12570843516,3969.0678784639567,6.9849700927734375
137,81600,4,0.19206832,6.036377,9.049702,0.18981802,-1.1945141886645745,17.48558537440751,31.42827949614216,1.3592289943739793,42.71822873466807,56663.406,0.0237959560573911,0.0057701552286744,0.0248356277991717,0.0868750279279047,0.6312978186691337,0.2569338085894876,6694.573907193487,3028.5151727434936,6.7498931884765625,0.28538334,6.865692,10.144329,0.28499958,-0.5537041636993337,6.15647191552239,24.057788551062355,1.2969533391368977,31.201829193659076,125097.46,0.0408363004947813,0.0129963969811797,0.0807104826063722,0.5365589197549853,0.2721471324122233,0.1105606414206811,3257.361602574911,3460.201971719819,6.384520530700684,0.25899264,9.350014,13.558865,0.2589475,-2.095151637766921,32.43168204669447,36.10146471630302,1.392910803126223,50.28612021221279,103030.56,0.1459214640742063,0.0107241161167621,0.0321766554909269,0.1337835299293431,0.4374863871997032,0.3964987374284331,6787.174857731325,3348.4046561572595,7.343613624572754,0.40848634,8.5401535,13.135338,0.40836847,-0.5113226006837687,5.941187911654522,20.90682782000856,1.3195979819144932,27.588607799584626,256298.64,0.1654182515265956,0.0266458801925182,0.0750558897389436,0.1604270989114648,0.2217183681209684,0.5422597120128274,7047.504139877262,3951.619527298713,7.005052089691162
