file_idx,time_sec,bearing_id,ch1_rms,ch1_peak,ch1_p2p,ch1_std,ch1_skewness,ch1_kurtosis,ch1_crest_f,ch1_shape_f,ch1_impulse_f,ch1_energy,ch1_kurt_rms,ch1_total_power,ch1_low_band,ch1_mid_band,ch1_high_band,ch1_bhigh_band,ch1_mean_freq,ch1_freq_std,ch1_spectral_entropy,ch2_rms,ch2_peak,ch2_p2p,ch2_std,ch2_skewness,ch2_kurtosis,ch2_crest_f,ch2_shape_f,ch2_impulse_f,ch2_energy,ch2_kurt_rms,ch2_total_power,ch2_low_band,ch2_mid_band,ch2_high_band,ch2_bhigh_band,ch2_mean_freq,ch2_freq_std,ch2_spectral_entropy,ch3_rms,ch3_peak,ch3_p2p,ch3_std,ch3_skewness,ch3_kurtosis,ch3_crest_f,ch3_shape_f,ch3_impulse_f,ch3_energy,ch3_kurt_rms,ch3_total_power,ch3_low_band,ch3_mid_band,ch3_high_band,ch3_bhigh_band,ch3_mean_freq,ch3_freq_std,ch3_spectral_entropy,ch4_rms,ch4_peak,ch4_p2p,ch4_std,ch4_skewness,ch4_kurtosis,ch4_crest_f,ch4_shape_f,ch4_impulse_f,ch4_energy,ch4_kurt_rms,ch4_total_power,ch4_low_band,ch4_mid_band,ch4_high_band,ch4_bhigh_band,ch4_mean_freq,ch4_freq_std,ch4_spectral_entropy
1,0,3,0.15343852,0.91371536,1.7598152,0.15260735,-0.0164464787241242,0.8715149050844015,5.954928020852539,1.2961244097865483,7.718327566399178,36162.63,0.0004830726624053,0.003728583920747,0.0071369951780036,0.0474140839165796,0.7824806890507474,0.1629429536423712,6741.464769451221,2540.8780737937263,6.083250045776367,0.17194843,1.0094643,1.9697189,0.17176469,0.0017631419918971,0.5003253458735015,5.870738376347575,1.2765029817664515,7.4940150426219985,45413.78,0.0004373663768041,0.0047223530709743,0.0488445293371406,0.3644388233886655,0.5223014075367951,0.0644085311074064,4394.57083859107,3260.5156645746924,6.438158512115479,0.11952382,0.7923126,1.5197754,0.11900203,-0.0232813679899402,1.139309981769114,6.628909621906991,1.3060090587242468,8.657416015747286,21943.209,0.0002325197294753,0.0022677783854305,0.0146803196412813,0.0508218066571145,0.81054008605296,0.1239516719826267,6610.962586973941,2290.0723435620494,6.319876194000244,0.1636825,0.9566307,1.9132614,0.16362058,-0.003944883470222,0.8257616197140587,5.844428541259624,1.29145473178234,7.547814894219614,41152.453,0.000592739337281,0.0042896820232272,0.0529283161054475,0.2222453169915065,0.6685832381386223,0.0562393495021209,5153.486113494639,2835.5708376908706,6.653937339782715
2,600,3,0.15508336,1.001358,1.935482,0.15420592,-0.0212561516134753,0.857625137210825,6.456901909241199,1.2954530857100366,8.364613502507474,36942.1,0.0004960875062778,0.0038033369928598,0.0083649378669725,0.0518103518961911,0.7819574747160561,0.1578429242726551,6685.224097945277,2548.062307740964,6.1206254959106445,0.18094724,1.2651443,2.2239685,0.18081829,0.0004153852739357,0.440478708826884,6.991785666365932,1.2739398420552577,8.907114327543654,50291.562,0.000472207427232,0.0052285334095358,0.0512188796582537,0.408531161222128,0.4827355075896767,0.0575084563831304,4104.784011751723,3252.079443457624,6.393413543701172,0.120623894,0.8306503,1.6219139,0.120183535,-0.020483417771915,1.1325009368163537,6.886283486556295,1.3053174189027343,8.988785786578704,22348.99,0.0002397573599264,0.0023100215476006,0.0174908609709509,0.0520389524831856,0.8087381126729037,0.1217269708680366,6577.111295866495,2307.9479798100683,6.336849212646484,0.16708654,0.9876251,1.9471169,0.16703191,-0.0065356478783257,0.7807434809070641,5.910859799332999,1.2900691262776218,7.62541773692068,42881.914,0.0006085191459565,0.0044618099927902,0.0596930762623078,0.2310731204416867,0.6552607144847531,0.0539695531886842,5057.025603560685,2863.4533429391445,6.660429000854492
3,1200,3,0.15548313,0.93898773,1.8652916,0.1545736,-0.0148458274110642,0.8885036338264798,6.039161626198329,1.2962926820009335,7.8285210215121,37132.8,0.0005192688487264,0.003821759019047,0.0076541589325988,0.0510135389187922,0.7841573184304245,0.1571497282755401,6681.804295828625,2537.017495236172,6.123882293701172,0.17980759,1.0523796,2.047348,0.17969331,-0.0031994776124457,0.441086498441682,5.852809757213911,1.2732957943639802,7.452358049114387,49660.055,0.0004610582844236,0.0051653189584612,0.0536962827635086,0.4016330764379751,0.4864408977499244,0.058223601283592,4136.747299750826,3263.304690282708,6.372060298919678,0.12135947,0.850296,1.5761375,0.1209249,-0.0233031532275656,1.1529420462559354,7.006425110228042,1.3055060972424652,9.146930701350792,22622.393,0.0002500933399216,0.0023384992964565,0.0198723730293171,0.055573211570518,0.8045224612237151,0.1200276304876994,6534.472724242172,2339.1513211776105,6.346994876861572,0.16779818,1.049614,2.0733833,0.16775326,-0.006728778604249,0.8145955593143923,6.25521668411639,1.2905755138910937,8.072829486651763,43247.97,0.0006457895083172,0.0045009655877947,0.0642210640521518,0.2286276542957376,0.6538311045284544,0.0533163974482584,5035.334710302152,2871.31262557584,6.658622741699219
4,1800,3,0.17669322,1.0978699,2.1645546,0.1759486,-0.0118593249172355,0.556258361779197,6.213424024443145,1.2802977306672685,7.955032678213065,47954.68,0.0005421956810331,0.0049520982429385,0.0128486792433537,0.0798517450036456,0.8124446260777642,0.0948518155254625,5842.140285047568,2478.6753045787127,6.519134044647217,0.26937675,1.4830589,2.9006958,0.26927915,0.0025683264620453,0.1252052737076794,5.5055193264730375,1.2594345242058873,6.933841113468628,111458.055,0.000659269657799,0.0116096185520291,0.0671540634576317,0.7026822248836471,0.2117027935519464,0.0184601534246063,2242.0824764397703,2574.902542457047,5.17368221282959,0.13101816,0.8649826,1.6088486,0.13050798,-0.0131201377642838,0.885219933148182,6.602005349975996,1.2945234063266269,8.546450454302772,26366.607,0.0002608418021591,0.0027235546149313,0.0411494878318626,0.1497539062664777,0.7308005124531963,0.0782932693129922,5606.318434291748,2728.902762366795,6.549028396606445,0.23600718,1.2866974,2.5419235,0.23596177,-0.0026104083280289,0.2257845231166544,5.451941619004447,1.26476984683142,6.895451366431314,85554.266,0.0007004789023831,0.0089042130857706,0.080945320510287,0.4217216430407979,0.4739018887584766,0.0234295165736561,3449.611281137054,2775.8927132833223,6.250120639801025
5,2400,3,0.17106936777502024,1.0489261909026,2.0515365908428973,0.17026508478032482,-0.015447740273171019,0.617117895388797,6.147495012069662,1.2828709641685165,7.889989885883157,45011.971656551046,0.0005258558323436867,0.004641653025776562,0.012606676038682211,0.07064929475223568,0.8092890275541254,0.1067651230586279,6040.005811887222,2502.995723174705,6.424985466199652,0.2569191998797696,1.4264259605659992,2.7746065693347735,0.2568295061993566,0.002355975651071545,0.14296375082853965,5.640787471457616,1.2601570309474492,7.119127927300173,101011.9589411846,0.0006014524702762867,0.010519325287857435,0.06553208824082264,0.6703282721256334,0.2407932280828753,0.023017351692138522,2416.818698678536,2638.412957015568,5.601439987769447,0.1317185914441485,0.8488104785284893,1.6104770135320505,0.1312014492698542,-0.015697445822010395,0.8680129785599435,6.2794813656060455,1.2936348592487745,8.107483583702658,26660.130167597523,0.0002568500407445711,0.0027536594815212125,0.03882392118891896,0.12557340161968272,0.7371106664600509,0.09183456287118072,5774.162352116268,2701.53436336158,6.544622427823213,0.21482558672549312,1.2247353077269296,2.4150463348859152,0.21477312658742342,-0.0030965768613224207,0.33742596439139816,5.6678307494451605,1.269623131437321,7.189145655650652,71426.10059668383,0.0006742466272760683,0.007429768579802419,0.09370084918317871,0.354734178325388,0.48874912047797303,0.02851819174248409,3797.0097983785417,2846.576318448262,6.399377298196926
6,3000,3,0.17082326909145684,1.0463016151427333,2.0513131411758896,0.17002502832917807,-0.015526858541070438,0.6187195071682219,6.140954609269508,1.2829883310102614,7.883524471454876,44876.68458969028,0.0005257778303001171,0.004626645552633493,0.0126635427502692,0.0715983321469506,0.8038668349146232,0.11032407313841106,6043.055731364975,2507.9436397772633,6.4321222503690665,0.2568486766773362,1.4262688739726836,2.7737896605967745,0.2567593450805301,0.002357023305752208,0.14343669890910624,5.640922907393248,1.2602056734491718,7.119060600656255,100986.84754722845,0.0006014248082791647,0.010516723233312666,0.06335139349231654,0.6700106682395734,0.24192225772437148,0.02353994911319581,2426.595254985107,2687.5457180451704,5.594746088865371,0.13321653865346775,0.8493864462727643,1.6100052068399135,0.13270712576039004,-0.01595148180360098,0.8248582474014499,6.30264906020844,1.2914914341270698,8.127830754043478,27264.769290142587,0.0002578761628162746,0.002815333001162,0.038925664502665595,0.1298904532247768,0.737961167222419,0.09301830628180324,5695.694324339931,2692.156342225834,6.544698786315145,0.2165321992170937,1.227294172911876,2.423330179062959,0.21647911026407982,-0.003456159635275014,0.3303014031463761,5.685956920839193,1.269179563996628,7.212733754888831,72584.83043832,0.000674500108658751,0.007545970106544203,0.09222921995657024,0.36189132373113053,0.4994461808417101,0.032961996699990004,3783.138869499758,2857.2330452514207,6.4147748381302305
7,3600,3,0.17102032418636476,1.0484272776904988,2.0535966531707435,0.17020664484492165,-0.015466496246919823,0.6174710023963935,6.146253247715768,1.2829812799249227,7.888743520214178,44984.95357923294,0.0005258357083833821,0.004637599229082913,0.012676963700369779,0.07205995612458471,0.798985543261933,0.11457787371608191,6065.669753565411,2532.495463410617,6.428623025840392,0.2436176671596503,1.4048094096737054,2.727426934683811,0.24353122094324703,0.002361480809140689,0.17164174699778123,5.633158177412744,1.2615795350925367,7.10319806367172,92146.47980597906,0.0006016220816283501,0.009593981969423062,0.061392721013298866,0.6171435343559697,0.29272044851760887,0.03034679517436225,2735.6133866530527,2793.0182298279447,5.745973606669839,0.13464046087244957,0.8447122280975496,1.6106841232434628,0.1341139140514222,-0.015184487877661374,0.7803121198637746,6.304799603321983,1.2896179524747815,8.131060646661263,27856.080619631408,0.00025550485545255866,0.0028764512666139015,0.03908589146539537,0.12957931921891264,0.7390435709637329,0.09803519324089607,5886.2434834231835,2679.077495872562,6.544793771478335,0.21810919301893308,1.2368546746100866,2.447036118392345,0.21805691270187147,-0.0038903617895745353,0.32336290291325404,5.8420682658892735,1.269047314099425,7.428875654199405,73686.16209642397,0.0006742264418271515,0.0076655256530826325,0.09148833940401986,0.36252626226792484,0.5077983543505954,0.04342262100005338,3870.4868958849625,2898.389536084977,6.4477611259622085
8,4200,3,0.17094744850985896,1.0474657417435276,2.0507988895024667,0.1701530008618,-0.015478842217845972,0.6186979078854983,6.143891070810423,1.283015276419714,7.886409932976465,44944.85783256012,0.0005257227163690109,0.004634526942974724,0.012589560724289031,0.07171271180864652,0.7942899700801873,0.12015308783062476,6100.366397090473,2556.1312412854786,6.424916525210251,0.24374945532762696,1.4087726844847066,2.7332928445864675,0.243663492030707,0.0023652488595538317,0.17184780221328838,5.625195385076058,1.2615930425613286,7.093770716000028,92275.03754990107,0.000602178675448148,0.009607098051854378,0.059885505866786586,0.6181360991745749,0.2925721320767296,0.030235982459794086,2734.9791905980924,2800.396505975861,5.737434508987629,0.13538431103349705,0.8440254914289844,1.6104285198815713,0.13486744516990784,-0.015157913781873901,0.7689444205929306,6.312061007557639,1.2884258669918638,8.137811279938765,28171.394743815268,0.00025808420887930177,0.0029095622912310836,0.03911452555831139,0.1289203877592371,0.7393560843963805,0.09976047613305587,5953.590867259377,2674.1493423249854,6.544802871786552,0.2177073787450648,1.2302313016751074,2.4329898590411982,0.21765546757630566,-0.004518943375818436,0.3174995010551154,5.720895999618189,1.2686791441098482,7.259373626655778,73402.7546545744,0.0006711207093625481,0.007636887382861446,0.09237746797021332,0.36362887979127745,0.5236310212757237,0.047668255187546596,3863.0732879753,2935.954258021169,6.48800967394533
9,4800,3,0.17142175072295035,1.0278751744724726,2.009083471514613,0.17062602312161818,-0.01589821785194732,0.678554611518372,6.099636636531691,1.2863795695135791,7.841664914764412,45206.95540862292,0.0005180687158043948,0.004661440068544391,0.012647187958285053,0.07234337244593601,0.79610637472735,0.11604310588300343,6090.701441465931,2530.0380194689897,6.444589694252247,0.24279654480077506,1.3560367523048822,2.6235769987673447,0.24271093818473943,0.0023289252946429822,0.16126157491425946,5.729652873101449,1.2613987360455967,7.218610302029615,91327.12468385586,0.000569599001903228,0.009510536418267743,0.06067255707847766,0.6188770981273183,0.2927102941477672,0.02827658017922529,2724.0913287224503,2852.880416882144,5.717944141557903,0.13525120119902392,0.8479908289068777,1.610449735853656,0.13473632169236144,-0.01608906749326058,0.7652728347273828,6.324347813765626,1.288698896091908,8.147397819851705,28114.646020980355,0.00025534844166860167,0.002903537644017252,0.03920866167201718,0.1307890157736769,0.7392768718226982,0.09865451579278163,5879.291623121721,2679.2388385937056,6.544822815607683,0.21842367568141588,1.2296638985303994,2.4314125315385198,0.2183711858776673,-0.0038888904298494294,0.32788256529952814,5.695802391493634,1.2693020365113852,7.226843764644363,73909.30461446017,0.0006767303573950095,0.007687049409886045,0.09160281641174282,0.36827626976852146,0.5249889817594084,0.044880406023487626,3812.899869202607,2914.631238893247,6.4695628472416855
10,5400,3,0.1658912897143489,1.0506497000481672,2.0580320537933914,0.16504444806215726,-0.01529951997479727,0.6364574326551204,6.142088762409967,1.285566075589041,7.884050496247307,42319.24693334282,0.0005263940204299093,0.0043559412928599155,0.012478416659576223,0.06911698527067714,0.7895021817164247,0.13686175926050131,6341.538059616445,2563.595036769561,6.4067447161374265,0.2501527861548421,1.4079764189980202,2.7389384920308264,0.2500619775614209,0.002365848689133451,0.16979027405277897,5.658123737007493,1.2614912036884398,7.1331078811331246,97539.61647185094,0.0006014324895067226,0.0101569783737327,0.05681817978071221,0.6293475607190341,0.2838062868183621,0.028547737372733802,2683.088843751585,2944.8657320270604,5.605931133312927,0.13491455679741368,0.8276546267653374,1.611918700649348,0.13440289405606423,-0.01757899358991225,0.7710759711482547,6.247770242463696,1.2889059975045818,8.086114909741928,27971.75615783297,0.0002545042521836922,0.0028896441651249587,0.03767459028407933,0.11814757681048824,0.7372388424114835,0.09295696971526866,6015.947678713877,2692.152242768824,6.544523143822565,0.2050119866119996,1.221215944545602,2.3921923770790703,0.2049510569926523,-0.004714771597738864,0.40634089779269167,5.817278124926636,1.272735758624754,7.409267457820226,65431.234599538024,0.0006725777789642714,0.006804861303241481,0.10062122071923876,0.33022654496806436,0.509101799650071,0.04550629544870606,4228.586873993359,3032.2994040219064,6.6884221793226875
11,6000,3,0.16369793,0.992012,1.926899,0.16282481,-0.0191799001180151,0.7060810905582713,6.0600157551592,1.2876361015414113,7.803095062300392,41160.21,0.0005070225935104,0.0042338371276855,0.0123721033671368,0.0626418058460312,0.7849020180071169,0.1400565254369543,6384.972113282591,2585.724403383492,6.334859848022461,0.22865136,1.3270378,2.5565147,0.22857301,0.0021431744077196,0.1951086755975719,5.803760857343167,1.262707216388954,7.32845071679501,80304.3,0.0005333001845483,0.0083585958927869,0.0553967516998398,0.5719321860303876,0.3364720889039584,0.0361946452392103,2998.313091356503,2997.470644134201,6.1608076095581055,0.13735706,0.8225441,1.6124725,0.13683507,-0.0187663256918227,0.7076055909497301,5.988364347665137,1.285734929153032,7.699449210343833,28979.652,0.0002518808517559,0.0029925080016255,0.0364615970586,0.1045461452024471,0.745861888639058,0.1131267386986699,6128.658342033035,2643.866779349032,6.540392875671387,0.19419616,1.1699677,2.3054123,0.19413385,-0.005244826235164,0.4551532217494669,6.0246691983995815,1.2747524694283665,7.679961938188432,57925.863,0.0006473217721115,0.0060191410593688,0.1063946507047009,0.2920395099099706,0.5440032640266836,0.0575564054604332,4335.453917174455,3052.46855362367,6.719182014465332
12,6600,3,0.16401505,1.1138916,2.0751,0.163185,-0.0214402978354917,0.7275984801330435,6.791398530911642,1.2887977769589465,8.752739329134544,41319.84,0.0005265342612915,0.004258198197931,0.0105745704919968,0.0603510097446841,0.7884129987493886,0.1406343311447823,6410.99033914494,2565.255300506208,6.319370269775391,0.13184914,0.89330673,1.7384529,0.13171649,-0.0119409259745961,1.5682618785484426,6.7752185008808885,1.325932811917811,8.98348451829871,26702.125,0.0004739448302756,0.0027736644260585,0.0014881622079765,0.0055187254005144,0.8875031706395259,0.1054773298889965,6903.313187231139,1673.6083713150738,6.118336200714111,0.13712682,0.9074211,1.7893791,0.13660723,-0.0225038276116668,0.7528526819654497,6.617386178051537,1.287235451013926,8.518134081499609,28882.582,0.0002661948195156,0.0029864336829632,0.0368863501488562,0.1006271909637882,0.7478398657783629,0.1146429577599746,6151.073897049753,2629.4203540395456,6.52724552154541,0.19237673,1.183033,2.2360802,0.19232175,-0.0079123268577089,0.5133189410164136,6.14956378620067,1.2771183713494985,7.85372088718328,56845.527,0.000703068221908,0.0059150839224457,0.0974480627577126,0.2861713903169846,0.5575836921828583,0.0587903155299535,4421.411369399386,3045.0339940487806,6.733426570892334
13,7200,3,0.16296434,0.9985924,1.9165039,0.16215087,-0.0176094038000696,0.7516974218434922,6.127674017770165,1.2897258996024394,7.903019885087615,40792.133,0.0005301679036496,0.0042042378336191,0.0116844472861045,0.0590261309782412,0.7871968552926996,0.1420627821549419,6427.038547532398,2573.306239998421,6.307787895202637,0.13165702,0.8459091,1.6718864,0.13151619,-0.0132005046523703,1.5789219641301795,6.425096993812111,1.3252266500622825,8.51470976549954,26624.361,0.0004743913259986,0.0027651423588395,0.0014471193832844,0.0054876831569368,0.8870864034401245,0.1059650012971227,6902.889565843882,1677.6783110959373,6.120922088623047,0.13587546,0.89969635,1.7430305,0.13533941,-0.0190031414201048,0.7740104726939432,6.621477690014314,1.287566667967668,8.525593966416729,28357.848,0.0002638219894633,0.0029285820201039,0.0360950905549468,0.0961992445468851,0.7509669930185854,0.1167351411142855,6182.401507376478,2611.230528991988,6.522453308105469,0.19008966,1.1816025,2.2593498,0.19002597,-0.0121882837738202,0.520355104107777,6.216027168747065,1.277127557960574,7.938659598280282,55501.945,0.0006794128792226,0.0057784589007496,0.0997888976232292,0.2727972577173459,0.5677057469370463,0.059701066445007,4480.775297433493,3037.222239919352,6.730687141418457
14,7800,3,0.16259748,1.0015488,1.9902229,0.16172917,-0.0168773861041894,0.750006375181818,6.159682074265262,1.289369389287274,7.942105514348015,40608.68,0.000524227946466,0.0041826087981462,0.0124028383514187,0.0586294477845112,0.7859090382935934,0.1430284719774217,6439.60809051485,2576.981181806273,6.2967529296875,0.13183725,0.9367943,1.7595291,0.13170516,-0.0089687087166939,1.5406031969584486,7.105687425291807,1.3249351642646352,9.414575136113564,26697.307,0.0004654181557044,0.0027728746645152,0.0015052069840666,0.0055193657151158,0.8866495941268497,0.1063115888855745,6906.22996974085,1680.0563286571269,6.119230270385742,0.1359903,0.9027481,1.7112732,0.13545029,-0.0183928781812466,0.7490124197932313,6.6383268747412805,1.2875488130744783,8.547169888436398,28405.807,0.0002561656140061,0.0029324495699256,0.0448705713128882,0.0959617479937392,0.7429139462046134,0.1162497543227815,6127.624055735943,2666.14374306589,6.522356033325195,0.19020668,1.1906624,2.3210526,0.19014695,-0.0058178016451575,0.5205717837299604,6.259834852011274,1.2782069269434126,8.001364269404668,55570.293,0.0006813710153143,0.0057803569361567,0.1097815196380316,0.2636138908523422,0.5680876003651623,0.0585097386379097,4465.32407016713,3047.908082642075,6.711422443389893
15,8400,3,0.1604607,0.97494125,1.9000053,0.1596743,-0.0180548932603628,0.7477934652774807,6.075888240809025,1.2894734021649934,7.834696281099117,39548.367,0.0004957427232269,0.0040792245417833,0.0154327747475086,0.0606961683824436,0.7813250420341619,0.1425165306586601,6412.079669105337,2604.964364018896,6.308445930480957,0.13010679,0.8495331,1.673603,0.12997743,-0.006017273481273,1.5259132101066335,6.529506023037506,1.3239785808549545,8.64492611813152,26001.064,0.0004372498869201,0.0027033323422074,0.0015103209683899,0.0055406300708468,0.8866481535683628,0.1062869550205052,6904.440348768684,1677.307374051762,6.121589660644531,0.13680892,0.92687607,1.7442703,0.13631333,-0.0113260907599602,0.7300529505828228,6.774968247188197,1.2877171431888534,8.724242756528149,28748.816,0.0002557478429821,0.002977330237627,0.0685638587610248,0.1026851752017723,0.7165915307626319,0.1121559794254572,5922.817660601877,2818.573586782045,6.5287394523620605,0.19279017,1.1419296,2.2686005,0.19273843,-0.0036811770239277,0.4855041115921925,5.9231736392743,1.2766894741135748,7.56205343864772,57090.125,0.0006707063485799,0.0059527209959924,0.1295886077093209,0.2722502733758839,0.5423448946944686,0.0558096823506217,4277.732795002826,3082.6064522796205,6.681896209716797
16,9000,3,0.15198544,0.9025574,1.7958641,0.15118052,-0.0178171211113772,1.0594588748618703,5.938446424663145,1.3053165609182242,7.751552464289423,35480.94,0.0005653169481881,0.0036567961797118,0.0122002773062852,0.0502119596292547,0.8053721484482156,0.1322105833654123,6521.968775146659,2476.224637520746,6.211463928222656,0.31611377,1.7498016,3.437996,0.3160499,-0.0012500073033602,0.1623995222562051,5.53535404576614,1.262066985451886,6.985987593971073,153489.27,0.0016216547716257,0.0159744434058666,0.0354908755461262,0.7492076922984633,0.1956281058162696,0.0196718140999558,2092.733654640391,2379.876290204363,5.761539459228516,0.14502575,0.80242157,1.595211,0.14449859,-0.0087683443790604,0.5718077643253503,5.532959473018807,1.2803460014402577,7.084102537459472,32305.867,0.000252947545217,0.0033430033363401,0.0373259169457557,0.1458815117033981,0.6461044607761202,0.1706831653281823,5895.801804757691,2891.692788593971,6.841367721557617,0.2359549,1.4381409,2.7230263,0.23589201,-0.0064022360800094,0.2977224659362716,6.0949821167414,1.2685991708958098,7.732089259955698,85516.36,0.0009228424801333,0.0089048314839601,0.0755107402108793,0.408479248481293,0.4643166493403688,0.0516885182063151,3676.9626847632026,2963.4577150464456,6.706418037414551
17,9600,3,0.172012866388503,1.0479948896219646,2.049191860244845,0.1712388248666392,-0.015487098703627272,0.6134732104769737,6.146948243424792,1.2821643991950298,7.889604127120837,45537.396603347916,0.000525890721249748,0.00469785177596921,0.012607625479937564,0.07221660218844712,0.80648255506075,0.10228742070939391,6017.597516165949,2494.1217161766135,6.438742268417933,0.25698710916544837,1.426160538737104,2.7735437318339207,0.25689875222702463,0.0023609454554514952,0.14162245182115482,5.643113288964636,1.26010218019275,7.1223342266500955,101035.91912421994,0.000601440684921341,0.010521666748279274,0.06551727727057041,0.6703544156390273,0.2402899298102542,0.02373842530881996,2418.089258622941,2622.1901049729213,5.602718713236851,0.13552756805575125,0.8129009126703948,1.6124167754417402,0.13499271071934096,-0.014160169106828607,0.762902735992522,6.2045353756296935,1.2884717470415303,8.05200613808174,28232.625385610416,0.0002569789118823919,0.0029151360504166444,0.03887037935454091,0.13359431181971454,0.739231009288936,0.09572012959176804,5652.67814700535,2679.6737361126966,6.544752130885026,0.21860604786788998,1.2241567830715006,2.4131178576902963,0.21855238337187016,-0.0032826041828048183,0.321547266613221,5.585828020874997,1.2689456682350202,7.072986557015352,74039.2424485154,0.0006742190946032029,0.0077019848329797766,0.09222352461604162,0.3737190444503191,0.5332758402483471,0.03640665004739528,3643.83847369931,2880.223691192056,6.4242242314760025
18,10200,3,0.1708674574442261,1.0476804249956524,2.0520630875208394,0.1700852079483616,-0.015502177758812715,0.6195287014062166,6.14424846067102,1.283099250612055,7.886743132589094,44900.92235609633,0.0005256616620078974,0.004630334860208408,0.012565314102196239,0.07223454263307569,0.8056465284358555,0.10216993468917113,6032.606852444949,2495.830205050082,6.438927923589389,0.25699002243973507,1.4263410977155104,2.7740976046766654,0.25690066972945225,0.0023610256520054354,0.1417046245723399,5.642080996635804,1.2600903625824225,7.1210886834151585,101036.94231631135,0.0006014463289641764,0.010521823122137558,0.06552987926858987,0.6703576816636839,0.24021356728098187,0.023837212486500774,2418.1895168033707,2619.514571839041,5.60262021787744,0.13538761588541265,0.8298698983985985,1.6116408706778642,0.13483050798751614,-0.014081674527038958,0.7680436055083629,6.26223380377737,1.2888189450002436,8.097733407378378,28172.80465874744,0.000257750545704783,0.0029081087835482787,0.03885827570214999,0.1318355105000537,0.7392896316773293,0.09694722634796081,5741.7041045200485,2679.176735474513,6.544798032026551,0.21778204988367839,1.225881235527067,2.4169575482628938,0.21772529358438442,-0.0035654830726744866,0.3260060881728097,5.634143955701239,1.2692436203095991,7.141037497536837,73455.27354643893,0.0006748263049483037,0.007639284883117232,0.0928971115485421,0.3650485036292745,0.5244611532840888,0.04194082684295193,3777.3401228781677,2907.3457001402176,6.495458015293594
19,10800,3,0.17131614872218542,1.0480553621252178,2.052681410498729,0.17054194587202104,-0.015469741992976571,0.6179082196000318,6.145902840808893,1.2828919853513698,7.888418010287761,45148.3649594348,0.000525645850042115,0.00465797787981735,0.012630432431879737,0.07206540112907518,0.8057825149020865,0.10456872280473832,6050.5863362737,2494.125331147965,6.4406441334588616,0.25696386201603266,1.4250139874350527,2.7725835460970014,0.25687397042564997,0.0023587896444242974,0.1410765837881097,5.649591077344843,1.2600770075082854,7.130653937878776,101027.74168185724,0.0006014000082169986,0.01052084257248938,0.06545771409195442,0.6703438583768762,0.24031248506697556,0.02376790505786374,2418.738338254781,2623.948618131895,5.6018317550257,0.13554624508478935,0.8343669039488474,1.6114479045947188,0.13499819812701697,-0.015136866836118318,0.7715452053816443,6.280213682816903,1.2889580283490885,8.111966566824867,28240.621143162898,0.0002606996790032746,0.002915703264934778,0.03884390725952287,0.1326435215104907,0.739587196832187,0.09761098221170667,5739.304109407791,2674.576188868227,6.544807291757244,0.2180099887789568,1.2230553607574486,2.4111433235239663,0.21795308452354753,-0.004421865486706548,0.32621547807844153,5.574780191797233,1.2691349029719505,7.0582753432614815,73616.00920953008,0.0006752942247532688,0.007657820127099833,0.09213139871420453,0.3704757620983137,0.5341666708919062,0.04416316131837282,3762.4090711692497,2921.7270453715173,6.487223243192534
20,11400,3,0.1705016028913588,1.043265818117233,2.048741892437875,0.1697178360125443,-0.015441080593482419,0.6212234807572373,6.133225431699183,1.2833937688085872,7.875810804484934,44700.95692203871,0.0005256383552885571,0.0046097472921870185,0.012614693132238891,0.07276441767776848,0.8028941788157875,0.10426330810557118,6057.891688102922,2499.900227006754,6.441269975229308,0.24573627827828512,1.408319481303122,2.73121849770911,0.24564901741445389,0.0023531716948188967,0.17030366917293274,5.63348992038599,1.261516254797793,7.103870764173641,94114.40346357385,0.0005997311457461668,0.009799369377657893,0.05963922241168165,0.6163975696222961,0.2940444535530521,0.0308979501921295,2739.0876264128447,2800.188011128019,5.750039486535337,0.13578092649651646,0.8497187344625838,1.6099597440425892,0.13526481722326958,-0.0145861697088054,0.7638154939769337,6.3370428340655645,1.2885658610907227,8.157629489760028,28341.317394765418,0.0002597616231790426,0.0029276614642520884,0.03881697709496366,0.13423303998271693,0.7398809645054574,0.09775960294332378,5695.1411757435235,2670.916812853012,6.544810971005172,0.218606031836177,1.221720301168169,2.408075011757016,0.21855348324664053,-0.004715814214347998,0.31909737742520816,5.538721737927108,1.2687673902723815,7.007078243151373,74039.23154912969,0.000673123447797513,0.00770183186502176,0.0918244370670445,0.3763571309035476,0.5464153843155302,0.04434565661351744,3699.795827938067,2924.920288154945,6.474523880617483
21,12000,3,0.1704278638412769,1.0481188625339188,2.0527579361600017,0.16964315902852437,-0.015493738791420688,0.6209159797626269,6.1444911790454615,1.283317079014668,7.8869337304898375,44660.8498330681,0.0005257085183516754,0.004605330952453477,0.012550931740597673,0.07320660632818482,0.8007682057085947,0.10305142213735041,6038.061483612219,2504.3026352728652,6.4438503749659155,0.2425511938473528,1.4020919930064892,2.7174123287840586,0.2424656772342302,0.002360772577684372,0.17163367817098837,5.63493049227179,1.2615694109343636,7.105330396175688,91076.16251370532,0.0006013430247751539,0.009483115449490495,0.060588691479323366,0.616202457648143,0.2940321120761427,0.03046731843660986,2741.926947634177,2773.8565789861946,5.74404976873963,0.13604114204343504,0.843560287963237,1.610979128755737,0.13550983868323357,-0.01513561141548056,0.7614301100693895,6.318799019534428,1.2883991300283006,8.14320662486262,28453.482626225774,0.0002612563135251005,0.002937927932342625,0.03869098234943224,0.1349759291130599,0.7400812507206659,0.0977098418949498,5644.141598693465,2668.605570987904,6.5448151145971645,0.21897909208767707,1.2270197438018697,2.4176771356126174,0.21892782562473956,-0.0035002757609175392,0.32111943689697475,5.634398481959389,1.2689326635766405,7.140322053297922,74306.25721426323,0.0006746200652712578,0.007728467081846924,0.09250507579411994,0.3767161400714819,0.5520458751279571,0.043412745820923526,3652.874473162862,2919.4529389041454,6.472876994110117
22,12600,3,0.1712778824174797,1.0493585789711342,2.0530670976489462,0.17049675142600146,-0.015500555098302332,0.6143359583936343,6.148845772552498,1.2823634544877465,7.891426382680531,45127.166928837134,0.0005261016622769443,0.004653895235366817,0.012572834089258435,0.07311891331294719,0.7965911841491652,0.10946388683315478,6052.992056105275,2531.536070635836,6.43822181249795,0.2422078443383589,1.407729051684856,2.729843442148243,0.24212208793923373,0.002359758366912766,0.1713616409318955,5.6225472756919705,1.2615553404764597,7.09079955067606,90720.220110743,0.0006003229692914922,0.00944581857688001,0.06076992372734105,0.6151899453100098,0.2948458781651837,0.03066218157029431,2746.0121597667007,2762.6240313999733,5.752894423454156,0.1366883649811,0.8394620282407715,1.6111549203574604,0.13618041398101824,-0.014760723275198001,0.7330273042536868,6.312761289709955,1.2869728082997616,8.139525327585764,28734.801624666507,0.00025493623792581066,0.002966929764665598,0.03870086744041458,0.13517939822859254,0.7404041557278458,0.09890860520064522,5670.310735345543,2662.1710336108654,6.5448148222066,0.21968794343846712,1.2281285856412558,2.428096695244577,0.21963509551302118,-0.004215202091280734,0.3139893536964182,5.6428000305999415,1.2686087601542098,7.150855101655756,74818.16502958538,0.0006723525035827776,0.007781449432107075,0.09233844292285104,0.3820241961660674,0.566629984844466,0.045613709713358264,3602.64498668559,2931.100511214583,6.476080443040116
23,13200,3,0.17112915,1.0599136,2.0970345,0.17039596,-0.0203312092825629,0.6492526788660689,6.193647439686426,1.2848627342952532,7.957986784662799,44982.047,0.0005568134858366,0.0046458011493086,0.0165722806426372,0.063784081366419,0.7667248816655982,0.1528785784506162,6369.075302823718,2720.049642753068,6.274857997894287,0.1338154,0.85315704,1.6755104,0.13366567,-0.0130742078002463,1.4456331542364893,6.375627087948957,1.3181334967965943,8.403927627772049,27504.475,0.0004635348522919,0.0028554839082062,0.0019425049843534,0.006034168729505,0.8761377207530707,0.1158646683726359,6925.727328375181,1780.0077782967087,6.106091499328613,0.14303085,1.1097908,1.995182,0.14254807,-0.0212428669676858,0.6732698827526473,7.7591008223749345,1.284217529944585,9.964373292771004,31423.215,0.0002817786546066,0.0032508613076061,0.0701458290129905,0.1322664200723274,0.6882855547270137,0.1092977822225517,5743.440535810852,2947.7716564175457,6.492176532745361,0.2030436,1.3938904,2.6031494,0.20298357,-0.0024172958688705,0.3893532074403296,6.86498079957576,1.27140452618758,8.72816766081444,63324.21,0.0006617606408486,0.0065878061577677,0.1364371699759658,0.3077176510569777,0.5027912931302664,0.0530481469193337,4047.8394977197,3111.97382054244,6.639606475830078
24,13800,3,0.17008951,0.98629,1.9054413,0.16935082,-0.0192545118357157,0.6523825468472633,5.798652487491877,1.2851719186157962,7.452265342780008,44437.156,0.000546024946813,0.0045852297917008,0.0160956713560285,0.0637213982892511,0.7674482205878714,0.1526942613775704,6387.060796582629,2709.915604106273,6.26829195022583,0.239767,1.4907837,2.9166222,0.23968159,-0.0069769616651537,0.1750408977847528,6.2176349994280935,1.2610686748826196,7.840864729665285,88301.9,0.0005784917505134,0.0091908387839794,0.0672067903663459,0.5830380191547127,0.3125201649581919,0.0372279955308729,2886.559366303611,2982.831351554433,6.180440902709961,0.14190722,0.88653564,1.7319679,0.14140359,-0.0261620061065043,0.6772920926890302,6.247290835672254,1.2843444011660925,8.023673007308439,30931.44,0.0002746590504594,0.0031983433291316,0.0657991719833465,0.1352854161906177,0.6891874949616986,0.1097235487158374,5751.191801139736,2938.539257884393,6.492556095123291,0.20274504,1.2266159,2.4478912,0.20269743,-0.0030780296077481,0.447647128622425,6.050041639721595,1.2741034564147824,7.708378964660662,63138.125,0.0007563742165537,0.0065749045461416,0.1331736074021043,0.3115585183137457,0.5028298451730006,0.0524316990606893,4044.951154938244,3112.5719252586628,6.621307849884033
25,14400,3,0.1685946,0.95968246,1.8969536,0.16785257,-0.0188655969006319,0.6557675329557076,5.69224916809066,1.2852850423843492,7.316162713315075,43659.473,0.0005298153533086,0.0045079202391207,0.0148140133516571,0.0621837581603431,0.768735941552602,0.154226508730405,6413.561468821414,2699.399556250393,6.254310607910156,0.13404334,0.8731842,1.7282486,0.13389021,-0.0129330667475839,1.4201587317990605,6.514193325144365,1.3174331314935328,8.582014111563234,27598.258,0.000458477258379,0.0028682886622846,0.0094247183490982,0.0143470272607974,0.8628921373905029,0.1133152676003075,6824.401536914316,1935.642448152693,6.1554694175720215,0.1404008,0.91056824,1.7554283,0.1399377,-0.0292732933259249,0.7091672279579595,6.485491933950104,1.285736489547808,8.338633632207022,30278.22,0.0002755668373095,0.0031364355236291,0.0690960944596402,0.1280013796752105,0.6923864259747555,0.1105114599368175,5774.707171678605,2933.5503001078614,6.480661392211914,0.19773546,1.3620377,2.448845,0.19767825,0.0001176630448464,0.4364802683330602,6.888181149917515,1.2741031360989523,8.77625320517198,60056.547,0.0006672719019971,0.0062585258856415,0.1252273051407778,0.3007780383597424,0.5207291517181027,0.0532589570424962,4158.087380280688,3100.000390817322,6.657938957214356
26,15000,3,0.16725118,0.97789764,1.9112587,0.16652879,-0.0222171616654269,0.653286527018091,5.846880226749753,1.2853359726967486,7.515205483535714,42966.465,0.000511187836356,0.004431914538145,0.0156517206123803,0.0624732071343626,0.7681616655813339,0.153671818424529,6412.826929538253,2699.3403853217883,6.257518291473389,0.13323355,0.820446,1.6385078,0.1330866,-0.0116399866779906,1.4175884344887528,6.157953695406,1.317605741355277,8.11375514412779,27265.809,0.0004466882453897,0.0028289435431361,0.0068995638531949,0.0100285536203811,0.8699845761034323,0.1130661008207575,6861.8519407310005,1862.4961814949968,6.137811660766602,0.14148429,0.96235275,1.902771,0.14098117,-0.0354196175262938,0.8057580728356175,6.801834678751485,1.28967117346697,8.77213011193576,30747.35,0.0003228773267333,0.0031736781820654,0.0919877008059747,0.1338210971694227,0.6686828781202417,0.1055040685336039,5583.153942013956,3038.408095560625,6.462009429931641,0.19806041,1.22118,2.3166656,0.19799736,-0.0081842255634136,0.4294570013417296,6.1656944617906095,1.2737673073302729,7.8536600324558545,60254.094,0.0006608613706837,0.0062628705054521,0.1439768054314056,0.292712610735057,0.5121505682850793,0.0511536117631126,4091.1261645541113,3112.793187946654,6.615058898925781
27,15600,3,0.16717833,1.0032654,1.9804001,0.16639239,-0.0229038881851648,0.6738038198376817,6.001168716162517,1.2859707133935538,7.717327215164752,42929.043,0.0005263243081628,0.0044261901639401,0.017282326505529,0.0607822047461819,0.7669572171140289,0.1549381383740779,6424.301562674281,2707.8614032156943,6.244833946228027,0.1329584,0.88739395,1.7528534,0.13277972,-0.0152853488595966,1.465228243001504,6.67422268645668,1.319004419021069,8.803329217033244,27153.31,0.0004578975993214,0.002817787695676,0.0029021480353649,0.0062248312406961,0.8765731089789952,0.1142789646460084,6915.493063157804,1781.58434402389,6.106148719787598,0.14105967,0.9028435,1.7918587,0.14057708,-0.0260214660123351,0.7559978650305315,6.40043674677394,1.2892122194544302,8.251521263844621,30563.068,0.0002993174140878,0.0031608832068741,0.1050647415785447,0.1253129352448926,0.6643520238560146,0.1052660451394262,5547.476894932182,3070.6611001450965,6.446348190307617,0.19584624,1.2033463,2.342701,0.19579567,-0.0032484143605007,0.469182296290584,6.144341722368937,1.2755618121933163,7.837487662159943,58914.434,0.0006902439525476,0.0061404639855027,0.1414043241267528,0.2887052643944828,0.5189245158577248,0.0509593215229041,4135.3753274243,3115.755808067621,6.612883567810059
28,16200,3,0.16641837,0.97646713,1.9136429,0.16562746,-0.0200300879606193,0.6662426678986693,5.867544018901453,1.2856119163310866,7.543384510342232,42539.637,0.0005110195742888,0.0043861046433448,0.0180240081323471,0.0604903972518462,0.7648829693869964,0.1565621719070662,6442.485440099327,2715.1398777170625,6.23604679107666,0.20276302,1.4303207,2.5693893,0.20265774,-0.0186718131826855,0.3729505610081625,7.054149877721068,1.271017537296752,8.965948205347434,63149.33,0.0006303855908149,0.0065710609778761,0.0984373651191827,0.4674412875373427,0.3848547817232816,0.0492580571832011,3423.74805167157,3271.333898442644,6.180258274078369,0.14254425,1.0169029,1.8846512,0.14207546,-0.0385917463121142,0.7618547963850486,7.133945356114604,1.2888448434613249,9.194548685827677,31209.775,0.0003145365188989,0.0032279216684401,0.1145013407928624,0.1360430708492927,0.6468545675673022,0.1025973779055197,5415.200717967784,3138.1216644695955,6.426153182983398,0.196519,1.2191772,2.4362564,0.19646446,-0.0002184685291349,0.5197060156223299,6.203864418731099,1.2785241395848184,7.93179041809941,59319.883,0.0007751324999054,0.0061597898602485,0.1549755111008965,0.2785243332502175,0.5157054161651462,0.0507881340384411,4092.393254931792,3144.938020977241,6.570113658905029
29,16800,3,0.17241010010513574,1.048421231391348,2.0507499126940885,0.1716380561616446,-0.015546083047529519,0.6130577096060593,6.148568834646517,1.2822306112074264,7.891182233113922,45761.8189273519,0.0005257693535796313,0.004722394005138741,0.012639625220537392,0.0725275792231784,0.8064754388909681,0.10152073846343654,6009.825075616341,2487.2137710798092,6.443726022251701,0.25692227198477846,1.426014285042557,2.7734966866592226,0.25683631657797884,0.0023580474560619246,0.1414665600702135,5.64322976476117,1.260120302025976,7.122390272802726,101013.04795327314,0.0006013870309321469,0.01051924259957646,0.06451621619041509,0.6701531769394865,0.24086139081669558,0.02398398464148139,2423.0623034391174,2649.5891498022356,5.599336372595118,0.13743918671803199,0.8500953432302556,1.6102709133987774,0.13693777998602963,-0.014774248925209664,0.7274035637809038,6.358146206212361,1.2870666970172537,8.175578809175162,29065.325665321827,0.00025923475613583657,0.0030033793595417285,0.038619448471967306,0.13556244963362513,0.7399617372715075,0.09665583171315177,5566.344468622823,2671.116024629683,6.544782380777367,0.22017732979941582,1.2269900734778127,2.4201870352821295,0.22012452603740587,-0.0039485969674100466,0.3155038427160012,5.6126096832926295,1.2685394400904948,7.108771364183106,75175.05128569294,0.0006738144998683521,0.00782009263363556,0.09145645518406748,0.3813976958492812,0.5484744727366684,0.03853696975998887,3597.607713083588,2890.326582920802,6.450364564900761
30,17400,3,0.17256157006760964,1.0433504821582529,2.0488857608094553,0.17179286561873536,-0.015510002742050581,0.6128699272296578,6.137424858361072,1.2821306001861457,7.880256367251334,45847.89297071859,0.000525726899458685,0.004730558034812314,0.012615072124067697,0.07297045080576595,0.8013267444990153,0.10522615540056635,6025.549811433265,2507.2775893106755,6.442139602695606,0.25689537822368974,1.4253498273658718,2.7716768209897285,0.25680775405181766,0.002359846528922965,0.14192892152488165,5.64679702659588,1.2601303042327654,7.126840892114344,101003.50288213497,0.0006013884066401416,0.010518491351895014,0.06458916673340653,0.670205599806536,0.24094505821701495,0.02372170266768764,2422.1418456676092,2651.7185222898406,5.600378037802996,0.13789857590458787,0.8341232220715107,1.6112468565896165,0.13740112690845213,-0.014544127549415715,0.724781820384505,6.309667487797328,1.2868422551564471,8.137167160310687,29269.770394189152,0.0002622617385654311,0.003022503106794191,0.03878474377922269,0.1361557773689384,0.7404152040134188,0.09865287169430903,5651.083533561553,2664.8834053786636,6.544806642232491,0.2214651092086879,1.2252878757096093,2.4181376630656204,0.2214135242745533,-0.003921394773176965,0.3172358470689419,5.55928026682971,1.2687343978637282,7.035481295976448,76127.6919092727,0.0006767651453003013,0.007917677922303969,0.09161614123043202,0.3787411103994888,0.5488939978405252,0.043026678409560995,3647.599740862566,2904.1280416460177,6.449214800423659
31,18000,3,0.17245608963381376,1.0472571047905537,2.050296886043263,0.1716859036876497,-0.015519031742485428,0.6133596458969727,6.146022942811445,1.2822102908937376,7.888685076023681,45787.92358770949,0.0005257077770270027,0.00472554001329232,0.012562957562549382,0.07340612600898382,0.8002731268571976,0.10296930864440958,6000.913739510989,2502.4850523164196,6.4476138409206305,0.25698324290682867,1.4263735983051173,2.773898723330892,0.2568957444032166,0.0023591407299876246,0.14087873998423395,5.641812356298092,1.2601021337485219,7.12069090233882,101034.56108088096,0.0006014054408720195,0.010522050424883205,0.06553605971420037,0.6703662710138283,0.24025206156727513,0.023761896347790842,2418.231893327245,2621.144301164835,5.60293577443863,0.13826866762312714,0.8336801672802822,1.6113822354034495,0.13777317388992627,-0.015059219491391572,0.7184012782299768,6.3127251675763425,1.2862306863426909,8.14008675700288,29435.69675569603,0.00026258376447277403,0.003040135908894946,0.03862918917787097,0.1364964422814604,0.7409342477962978,0.10001256749804584,5651.396852790491,2659.3692854689307,6.544828002059353,0.22216075271821967,1.2308506181653147,2.4256098180241197,0.22210744672421523,-0.003270354219946891,0.30908694539018877,5.649723080707776,1.2683668073020122,7.159608693522351,76650.45470539606,0.0006733682377952528,0.007973903982543364,0.09178635469243834,0.3798559713407214,0.5580633409472306,0.04691543679665444,3646.2270824248003,2921.1785848278023,6.4494929035266555
32,18600,3,0.1724708885515763,1.050301972850071,2.05400070622289,0.1717099854905951,-0.015527140775026638,0.6134451105831529,6.152900127165818,1.282325860755989,7.895419172110783,45796.32943700113,0.0005256894698850664,0.0047265240423327165,0.012621049220947481,0.07323963290062867,0.80140890861917,0.1038819505778284,6023.474078941781,2496.2610699515058,6.4475484602640165,0.25695129608506995,1.4258427538900063,2.772904321086789,0.25686365426258934,0.0023602840153225707,0.14090539512566855,5.644569632129935,1.2600695640703403,7.124340644079302,101023.3106008364,0.0006013832133536833,0.010520517481755642,0.0654008563226758,0.6703407226444987,0.24023696438200481,0.023929955591257376,2419.1104407462253,2621.440048853961,5.6023638728122265,0.13905464633781153,0.8307781682699815,1.6119176910712087,0.13857923739600841,-0.014732271733421995,0.696104999107389,6.312621065641568,1.2855607844127896,8.14053681487585,29791.691446442437,0.00025831572528736154,0.003078161318108368,0.03888267149287172,0.1362721795789343,0.7412932734945394,0.10240138858579934,5772.112778138552,2656.9047132682945,6.5448614612862155,0.22253160059332724,1.2284030108626218,2.4256673862193576,0.2224792066880096,-0.002953731986769097,0.30911906881757856,5.598872728917382,1.2682268646014827,7.088692461202723,76931.47619097841,0.0006739270332703182,0.00800230509605324,0.09117821958136567,0.37895724333163533,0.5580192317773234,0.052844153712521644,3737.646968469535,2946.6147879727464,6.471748282615171
33,19200,3,0.17218238036252542,1.0447292920111717,2.0461828887043803,0.17140499826670727,-0.01562842473100912,0.6134129893457074,6.139836895720431,1.2823422048796678,7.882575961037337,45632.93350163031,0.0005258235046960585,0.004708117341836755,0.012613312629048226,0.07344498875227479,0.7999997262524128,0.10443342019986093,6024.40918692533,2500.5844711756026,6.448701878620016,0.2567527582728209,1.4257903920077846,2.772707578973459,0.25666507240117753,0.0023616394273926465,0.1448233226932286,5.6426183255134745,1.2602588533623291,7.1209268391351115,100952.3190477111,0.0006014242855140894,0.010513011015021988,0.062332017421444244,0.6679854291261256,0.24401849357150526,0.024320881141896025,2442.164428861312,2746.2201057967854,5.586060569510359,0.13905876355556113,0.8224708938380489,1.6120419560505612,0.13857513202956342,-0.014989242799522651,0.6983905729685346,6.285278811558303,1.2856065780654489,8.11878090150488,29793.567918896006,0.0002595597808855081,0.0030780772681234386,0.038858143586973835,0.13602220789358616,0.7412972698647544,0.1024839879057064,5774.752415426056,2656.85317971386,6.544861254524317,0.2225651137442085,1.2268565686854769,2.42472904334951,0.22251342654180306,-0.004100027836877082,0.3107584169878834,5.570261148719782,1.2685732641949135,7.050185987881193,76956.95229402318,0.0006749216065742675,0.008006725945208105,0.09131199675412573,0.3807022990629756,0.5638610932507357,0.053099689426976876,3711.327630194394,2949.564176232671,6.472449822310887
34,19800,3,0.1720338974741481,1.047970698084198,2.05084480425729,0.17125420327304675,-0.015530199265235098,0.6125630985057453,6.146928516148547,1.282163567627494,7.889584926178334,45549.22975717676,0.0005260005171252939,0.004698947418354689,0.012617159947282889,0.07340149498950271,0.7993385963001958,0.10561176741782474,6033.3584994672765,2502.437499834012,6.4489799082439365,0.25597981063000846,1.4234214551363695,2.76761152814934,0.2558924457730043,0.002357128891446753,0.15422129195483103,5.647150275939662,1.2607409182486164,7.124077151118129,100658.31741574356,0.000601478463875019,0.010482332905311198,0.057092692532454005,0.6590030505835877,0.25512937752041576,0.025649393542864257,2508.9183623331055,2929.3769935864466,5.580389550984917,0.13879721868273237,0.8327719067004248,1.6117439207445008,0.13832441196527417,-0.015241121422741512,0.6816581429743388,6.316110604597835,1.2847514779977538,8.1439490202166,29674.551249617696,0.0002485401588805821,0.003066301177106786,0.03901424868608868,0.1350857583928822,0.7413095089130275,0.10359225272715084,5861.379303942834,2657.83686740451,6.544885037712019,0.22215016033642332,1.2228921856410557,2.4125709688899857,0.2220991289212642,-0.003418104664201178,0.30380236031221913,5.504573644396415,1.2680460725044918,6.957538895570412,76642.44971211647,0.0006703837334501376,0.007971602322162973,0.09128164314552845,0.381915069460549,0.5686997344497002,0.054743264976592945,3719.7183084922385,2960.6994786547475,6.4871424269061935
35,20400,3,0.16867964,0.98228455,1.9389153,0.16790591,-0.0129844448378479,0.6144324451647938,5.823373512396992,1.2828352952744788,7.470429079313662,43703.535,0.0004974217823467,0.0045088520273566,0.0139689383421089,0.0675980301183818,0.7882801836501959,0.1301245077781681,6238.881072281722,2574.25784007855,6.428662300109863,0.13155401,0.86927414,1.6551018,0.13136548,-0.0090674377594421,1.502901412315894,6.607735907992415,1.3207591203702975,8.727227465545631,26582.717,0.0004501391875186,0.0027573790866881,0.0027375308778629,0.0061791038631874,0.8884256180655321,0.1026427288727769,6874.627914173842,1668.3135793560905,6.145626068115234,0.14597775,0.8782387,1.7385483,0.14557256,-0.0120540588582761,0.5456589065082063,6.016250253495774,1.2780292593466391,7.688943855571907,32731.395,0.0002477809508335,0.0033873030915856,0.0380586644866636,0.1220329808726066,0.731349163909577,0.1085551865471094,6001.994277874305,2661.451163966712,6.567512512207031,0.20647964,1.1051178,2.1989822,0.20641477,-0.0038240393575559,0.3471567668100692,5.352187771099117,1.2699686526963572,6.797110692673583,65485.582,0.0006310075598201,0.0068203234113752,0.1150968030968715,0.3130779481620442,0.5137192193467762,0.0580991504866873,4127.061741783966,3057.633274616712,6.736991882324219
36,21000,3,0.16811875,1.019764,1.9441605,0.16739658,-0.0174783199141319,0.6340370426419026,6.065736131862339,1.2837300550964807,7.786767778802671,43413.37,0.0005064996970598,0.0044818855822086,0.012763207746091,0.0671269777972854,0.78841377693433,0.1316665966789511,6270.665174360119,2572.012297801244,6.403247833251953,0.18819605,1.1006355,2.1500587,0.18807124,-0.0052606082594066,0.3706725335127854,5.848345591915731,1.2712974344909649,7.4349867470585185,54401.668,0.0004649779996343,0.0056644682772457,0.0728629843563013,0.4359000432710158,0.4407200283528076,0.0505090159658744,3765.608730796275,3289.671560486138,6.165926456451416,0.14476217,0.86956024,1.7270088,0.14433736,-0.0131871564928709,0.5544312101892803,6.0068194743185686,1.2788062382008327,7.681558215557896,32188.55,0.0002434826655968,0.003330398350954,0.0354337301221238,0.1159815395424889,0.7369604565811447,0.1116204807958383,6064.738119533918,2636.2402191156266,6.564782619476318,0.2036546,1.1792183,2.2767067,0.20359778,-0.0043826155777407,0.3721283427129589,5.790285511182526,1.2711719153279355,7.360448323581631,63705.9,0.0006401321850634,0.0066337552852928,0.1028323292030285,0.3090578251591673,0.5289693911428887,0.0591331539883712,4225.285907829129,3048.055796695297,6.740400314331055
37,21600,3,0.16662775,1.0016441,1.9773483,0.16584669,-0.0100447555992169,0.6336633620532228,6.011268445463776,1.2838090586620776,7.717320884382215,42646.742,0.0004884812690619,0.004405693616718,0.0145184474008534,0.0674694249650397,0.7841583293282937,0.1338250984908938,6265.101840117425,2602.6596915802606,6.390385627746582,0.13046154,0.9317398,1.7230034,0.13024668,-0.0061457599403675,1.5033495785511963,7.141873229411058,1.3211272289700606,9.435323189299613,26143.05,0.0004355018795592,0.0027159138116985,0.0014536580914522,0.0054352877018145,0.8878181898614854,0.1052776070206527,6902.132280334147,1663.2186179265386,6.132571697235107,0.14375836,0.8831978,1.7207146,0.14334008,-0.0149181019040907,0.5574152908864378,6.143627441791695,1.2790519848674382,7.858018873764391,31743.69,0.0002380736198338,0.0032899226061999,0.0452114093454204,0.1203945510320096,0.7221913344551608,0.1121990999729024,5979.345855507638,2719.517376120846,6.568095207214356,0.20329995,1.2190819,2.3503304,0.20325299,0.0017283843227916,0.3697421731926971,5.996469017678849,1.2708097305631192,7.620371176724034,63484.215,0.000631608717512,0.0066189784556627,0.1145701451648007,0.3085515220002908,0.5187544479546704,0.058115631508494,4150.04259260036,3066.2329353508903,6.71728515625
38,22200,3,0.16543227,1.0650635,2.0068169,0.16467142,-0.0151761733916955,0.6704793673884013,6.43806343589841,1.2852232753936137,8.274348976327234,42037.0,0.0005021880562882,0.0043330872431397,0.013167087264729,0.0643810381191642,0.7895974457283236,0.132824185261194,6301.723832548453,2568.5929899495145,6.382432460784912,0.15071754,0.8922577,1.7591476,0.15052588,-0.0087654452888345,0.8676320396135742,5.920065316200809,1.2930463914699863,7.65491909443087,34891.43,0.0004477038068358,0.0036211884580552,0.0578506619126208,0.1877172024017768,0.6763644378988592,0.0780562366151691,5385.320288501813,3030.89131005656,6.352953910827637,0.1422283,0.8775711,1.7181396,0.14184219,-0.0161966362185481,0.5933978388561041,6.1701579292121895,1.2802495263053526,7.899341766158662,31071.572,0.0002428231574461,0.0032181341666728,0.0392730231242503,0.1154401881714222,0.7339708245158579,0.1113120117821226,6026.177888889049,2662.0748758503923,6.556997299194336,0.20035711,1.1726379,2.3028374,0.20030825,-0.0045953700620022,0.3964852130232974,5.852739358717776,1.2715937297002706,7.442306670152652,61659.6,0.0006389193242359,0.0064175352454185,0.10248450245516,0.2979309223924996,0.5418977484419957,0.0576783913652204,4267.021764525507,3037.9710499836265,6.741209030151367
39,22800,3,0.1643775,1.0212898,2.014351,0.1636093,-0.0164571782263231,0.6894633374388359,6.21307570976569,1.285992790345308,7.989970568676843,41502.664,0.000503362218893,0.0042790197767317,0.0130471353675656,0.0643552772828531,0.7886913605273949,0.1338755865996495,6317.663848424048,2570.3085409324053,6.375335693359375,0.14536397,0.9358406,1.8503189,0.14518657,-0.0178334173936796,1.0244780821460546,6.437913029207462,1.2991953553222857,8.3641067055727,32456.732,0.0004574354223618,0.0033679385669529,0.0523803841703126,0.1421634329063872,0.7218369675232474,0.0836065553972767,5708.805857323565,2868.352427835632,6.364677429199219,0.14134112,0.8776665,1.6787529,0.14089143,-0.0166930015308026,0.6146641279644145,6.209562180868267,1.280932100435214,7.954027527178932,30685.152,0.0002453081526059,0.0031755086965858,0.0420267096687542,0.1120380298188699,0.7346735091176979,0.1112574938943733,6029.66801426888,2661.3054135523357,6.551581382751465,0.19981542,1.2972832,2.3531914,0.19975789,-0.0157090877184208,0.4080215848758932,6.492407631457868,1.272200222547003,8.259642433647898,61326.652,0.0006504278959678,0.0063776113092899,0.1114287202573916,0.2852547814155374,0.5461444574625683,0.0571628499446286,4275.470474032131,3032.584081478844,6.726938247680664
40,23400,3,0.16352269,0.98667145,1.8733978,0.1628004,-0.0142361769439889,0.7171362575051012,6.033850375884999,1.287383228542221,7.76787777749503,41072.137,0.0005127595731074,0.0042383233085274,0.0142782805748838,0.0622025221981338,0.7900154144655416,0.1334724552050401,6333.811764541593,2562.2476917808053,6.370368957519531,0.13864835,0.86393356,1.6611099,0.1384447,-0.0057954240662359,1.2455264718219965,6.231113372329577,1.309887493235488,8.162057475405787,29527.088,0.0004602690105564,0.0030649444088339,0.0347164026580773,0.0739963924407891,0.7998578071441058,0.0914151182533248,6240.097110147894,2462.8533333917344,6.326000213623047,0.14125286,0.85954666,1.7054558,0.1408192,-0.0100456263892716,0.6297152932324055,6.08516286872418,1.2820030491568488,7.801197352375665,30646.842,0.000250687826843,0.0031738253310322,0.0463986392449885,0.1163988770915248,0.7279155241056527,0.1092832133167847,5961.650285212592,2709.0255457902585,6.551572322845459,0.20204313,1.364708,2.5299072,0.20198052,-0.0014251654761014,0.4191260757435779,6.754537707160043,1.2729855693825334,8.598429029107479,62701.715,0.0006984270338238,0.0065263258293271,0.1181703507259223,0.2971565362467648,0.5293690882030316,0.055296184956142,4170.790580565455,3066.109483296359,6.679803848266602
41,24000,3,0.17368922031057146,1.047937438682996,2.049828549124664,0.17293587519470688,-0.01553022843809402,0.6097966443612838,6.149533370403111,1.2817330496295862,7.892233802389025,46497.38841716141,0.0005256632704967884,0.0048011621184606635,0.012618573896722055,0.07347726271618156,0.8025154377493237,0.10115857999757813,5985.2291484304515,2497.396036926015,6.445763503605113,0.25683068038893225,1.4247467599652541,2.7701841457649703,0.2567458641534628,0.0023623345655562848,0.1427177646765786,5.649522729776067,1.2601585518912295,7.130127598695093,100980.40224648942,0.0006013780183835892,0.010515944008953492,0.0628003151278464,0.6695119394497856,0.24230205733410307,0.024171691563008406,2432.1709155558287,2702.214104663549,5.593296514304628,0.1394179806496407,0.8238665112039355,1.6121732944331,0.13894786076864216,-0.01386755053779983,0.698080088293085,6.294321665004232,1.2855421350335894,8.126016763969384,29957.91624936156,0.00026265987937789217,0.003095850563132732,0.03903685795803328,0.1370864664024529,0.7405609549220685,0.09950926798909543,5677.645242300581,2666.18252032849,6.544821842364806,0.22352575688895998,1.228336258466454,2.4279642889991595,0.2234740640404707,-0.004312405242437508,0.3101866808600963,5.581509898162755,1.268431548275243,7.06531427489613,77692.84692609278,0.000676076676198226,0.008082353754656553,0.09166529395687571,0.3795011245718153,0.5500069567720601,0.04206650357449693,3606.0130628681713,2889.6547868275484,6.419589179759393
42,24600,3,0.17352800514290542,1.0470212579061102,2.0491245175345374,0.17276253399880553,-0.015505751087965466,0.6105642372501282,6.147263779961806,1.281849837803457,7.8899817176882845,46403.59581948422,0.0005256206989835555,0.00479131633324589,0.012602696391033494,0.073268982238459,0.8008315549256866,0.10399491569171038,6003.837791773683,2503.5287728389894,6.445098498174021,0.25695270135316933,1.4260937317276565,2.773419698957463,0.2568662520358782,0.0023588069372504263,0.14085574276793525,5.643111876792326,1.2600450827817802,7.122619100441282,101023.8065406692,0.0006013820432088464,0.01052037761078449,0.06555482253777085,0.6703528867543883,0.24026713102463246,0.023745154568032015,2418.4144811456654,2622.194989107351,5.602811351729351,0.13906767373173134,0.8241323440786726,1.6118398984673195,0.13860066459289588,-0.015674375472676045,0.7035841444965198,6.290867847628716,1.2857263885201515,8.123122289390391,29797.630253953586,0.0002623852015364907,0.003080643741785945,0.0391414100399507,0.13819321601101964,0.7408661203336607,0.10041577971099,5699.061153060133,2662.317265620573,6.544820428447579,0.22348791059508227,1.2284623476220957,2.4284823906837008,0.22343789878317713,-0.0036839061306191178,0.30490860490296456,5.584371126625438,1.268216144779741,7.068572352944371,77663.65150859611,0.0006727951604351779,0.008077670943175595,0.09166213191988384,0.37878016114528124,0.5521575888645599,0.045218580567869454,3635.6537902926057,2905.9875874010036,6.414859389623083
43,25200,3,0.17296265423191504,1.0437163514243828,2.044379955422945,0.17220435932001527,-0.015586651498381832,0.6108436448958917,6.138978443557717,1.281784472893675,7.881864785398681,46077.15338804477,0.0005258309640619592,0.004755977258686165,0.012643524426143382,0.07348644653879476,0.8010581962796477,0.10364146288021038,6015.761727014775,2495.429564496881,6.448440550193528,0.2569600612972277,1.426108176286892,2.7731395559298075,0.25687582892800287,0.002356566410431265,0.14199753236748355,5.643111268148844,1.2601304994887117,7.122189497436931,101026.40190409998,0.000601437978030019,0.010520789413076425,0.06555396316210836,0.6703666799108944,0.24021396303469617,0.023803864138167978,2418.1843347863246,2619.657215676834,5.603270615805506,0.1393125207940994,0.8314648956470211,1.6113852662566044,0.13884400759527904,-0.014988198985066889,0.6835033713236238,6.317967575746839,1.2849112532431608,8.14529618944751,29909.562736430904,0.00025385812533797885,0.003091593013603906,0.03910768495187153,0.13878079508711033,0.7411657685841996,0.1011541528290494,5698.1339018578465,2658.7170367950766,6.544833705067685,0.22329486586824687,1.2340325096031357,2.4435533361431023,0.22324383962837813,-0.003647417016223179,0.3007355030715375,5.687409226403595,1.267935516436487,7.210267120880271,77514.9798507576,0.0006700127017977256,0.0080622044544193,0.09092447958737011,0.3825944961614348,0.5593332509324171,0.048434871138715765,3660.6823660573523,2922.461673018116,6.442448983174324
44,25800,3,0.17254043230074678,1.0460960060952074,2.04965101100278,0.1717668002278458,-0.015516847842385087,0.612766332284534,6.143555162550505,1.282119196834516,7.8862808815794745,45835.8665151763,0.0005257505545464755,0.004730873185108741,0.012577238389860843,0.07344268343455751,0.7987467685135142,0.10512088128067901,6023.525896766559,2502.063739406367,6.4493367830557355,0.256828848226364,1.4258535873567653,2.773156663062209,0.2567419542185127,0.0023607206630112377,0.14447028831337727,5.643104981976045,1.260241110909248,7.121626285300585,100979.7454310811,0.0006014597779660781,0.010521903103398674,0.06528704745310318,0.6703631532391939,0.2403127978533783,0.023872337316281453,2419.380807677433,2625.030358514299,5.6014688435527695,0.13929237781398812,0.8385094610203506,1.6114256779851264,0.13883241771600113,-0.015102970034776324,0.6856157835139198,6.340861796579854,1.284882223715747,8.163486159904554,29900.336481978702,0.00025481957675111387,0.003090081014995943,0.03903994117125594,0.13811824619744886,0.7413727613135641,0.10214674371152536,5732.189009164527,2656.4624633046888,6.544851887583752,0.22333969511825372,1.2258293144042873,2.419824368328361,0.22329221578702868,-0.004072183459357256,0.30293628705635284,5.539550864064238,1.2679691819837173,7.005721643983774,77549.46429608835,0.0006713983338456865,0.00806781766437703,0.09160141089970997,0.3836295613553844,0.5711519223377888,0.05109369849812488,3633.7699862320615,2942.629857793466,6.446485383156399
45,26400,3,0.17237418326817877,1.0481218840982034,2.0512947720642605,0.17159528831317272,-0.015547162072495612,0.6127428554678298,6.147835312152272,1.2821985627118724,7.8904683108097,45741.448643167605,0.0005258278267772392,0.004718743962566266,0.01256996649169999,0.0734903318023294,0.7981203281979439,0.10549187116788308,6035.0814865490065,2501.6859892710618,6.4506412242551825,0.24109519320777684,1.4034859110537143,2.7218304738889754,0.24101156316326924,0.0023672050620900478,0.17236578835545732,5.627446426376782,1.2616187739829723,7.096313156797581,89528.74609655538,0.0006039621517610203,0.009320945091796448,0.061165679786838165,0.6146723245600044,0.29535794853270053,0.03038025728372646,2746.4521936917213,2761.007847510289,5.750019130351557,0.13920340898487707,0.8326389914244969,1.6118530314580786,0.13875527165575663,-0.014198977820481526,0.6858104820325146,6.320528542950262,1.2850884494404118,8.147189134072544,29859.62483512707,0.0002541559281899466,0.0030856770743140378,0.03889784860742479,0.13704520161766776,0.7412372932487367,0.101773956713061,5725.97823856848,2658.2540532610137,6.544854966038689,0.22305814617473987,1.2311658429987393,2.433951224360101,0.22300957317650438,-0.0037720505006271286,0.30525793187573014,5.639993891584441,1.26807090406916,7.145107127691459,77333.27094380157,0.0006724156586344224,0.008044659179973272,0.09167557716251233,0.3844978838508576,0.5723179003530349,0.04978910123591104,3618.639036655521,2937.856497321922,6.466474850149316
46,27000,3,0.17214311423152326,1.046854954558937,2.049703049864713,0.17136379588475592,-0.015518597591130761,0.6136923976143771,6.144582521543324,1.2823277255177896,7.88724369265723,45610.77258234771,0.0005258040672604167,0.004705623499044175,0.01253784236657327,0.07295948800855265,0.7968115091974359,0.10909228904066698,6063.965766263214,2512.9131944504006,6.448031823989701,0.24161683699255437,1.4029713175960619,2.7195658003532364,0.24153321468369893,0.0023621018671058543,0.1719058927593326,5.630047495922755,1.2615946403343457,7.099471903491718,90094.57600931915,0.0006021158315005735,0.009380191574179781,0.06055224412119542,0.6155278018725023,0.29490568167227577,0.03022774943871342,2743.8362659871104,2772.042955614029,5.732831582996376,0.1390578994937195,0.812745848719948,1.6125976170528973,0.1386046291615747,-0.01593619765857309,0.69863831589099,6.253200816706096,1.2858064212700886,8.09312691307319,29793.17305795057,0.0002596828523114092,0.00307990826345782,0.03886108935032707,0.13525398268497635,0.7411415977742986,0.1023249872666465,5782.14798202399,2658.3263443604474,6.5448640231844895,0.2219450139565259,1.2280469980830593,2.4261797232371847,0.22189660989635637,-0.0043063129128743565,0.3152314474749011,5.602127692519808,1.268595932959109,7.094431841635597,76487.7188031874,0.0006764664565224173,0.007955472659053123,0.0920671291110823,0.38146082910316137,0.5704826953116757,0.051648810808396395,3663.933084929091,2954.006235646582,6.505349521264643
47,27600,3,0.16873346,1.0374069,1.9300461,0.16795431,-0.0149608496269111,0.6273592842263689,6.148199087684676,1.2839592054250906,7.894036815465668,43731.43,0.0005085354180118,0.0045068194158375,0.014456817325955,0.0603453067810428,0.7899352065615127,0.1352377519519738,6292.644241769442,2583.970170610281,6.392120361328125,0.1312747,0.8410454,1.6783714,0.13108425,-0.0098549315855877,1.4845808852644042,6.406759098108498,1.321033551722962,8.463543726472142,26469.959,0.0004408877219599,0.0027444828301668,0.0013854950182922,0.005485094295002,0.8878321915712141,0.1052850723062911,6898.503258332965,1668.617359313342,6.12587833404541,0.14850204,1.0024071,1.8387794,0.14815865,-0.0172400716739439,0.5305674556415094,6.7501233969352,1.2777517432776315,8.624981937831159,33873.188,0.0002580300283841,0.0035118204541504,0.0564520026618796,0.1209156751618839,0.7122625676924638,0.1103663232190018,5896.055093241385,2777.096520102805,6.559294700622559,0.205642,1.1806488,2.2960663,0.20559746,-0.0068801002088739,0.3609325930790592,5.741282445315517,1.2707828890846622,7.295923492944586,64955.336,0.0006454660084077,0.0067620929330587,0.1369495706985527,0.2862835161602775,0.5158139139837428,0.0609445158889492,4149.971448599376,3085.7433290642384,6.74028205871582
48,28200,3,0.16746248,1.0152817,2.0246506,0.16670214,-0.0094067786135141,0.6399477065482149,6.062741091366463,1.283843115517242,7.783608411360804,43075.098,0.0005032857020926,0.0044419164769351,0.0179985989366272,0.0674402748140095,0.7774312099705888,0.1371019828617883,6292.845060413743,2626.5326918005776,6.3955183029174805,0.14214249,0.9669304,1.9036293,0.141949,0.0083086461628273,1.2717132623367575,6.802542944348637,1.3175934737775548,8.962986188628374,31034.09,0.0005191404520107,0.0027874780353158,0.0068865628186138,0.0054087565467079,0.8842400348912285,0.1034503100038685,6855.747516780948,1730.4087552767355,6.13187837600708,0.14631021,0.9902954,1.7765999,0.14599445,-0.0160119212643408,0.5620236793978064,6.76846413252021,1.279270173123353,8.658694282647515,32880.656,0.0002575450167727,0.0034115137532353,0.0612442022732859,0.1269667250729018,0.7053854877084748,0.1064000527931385,5819.321024258464,2816.488231663928,6.54763126373291,0.20644507,1.2296677,2.449894,0.20640336,-0.0069505914765926,0.3729005853163567,5.95639157070005,1.2707929473235413,7.569340399579679,65463.656,0.0006773468477071,0.0068126474507153,0.1449867153342168,0.2884747685657447,0.5099777860555922,0.0565537451295311,4069.304971429729,3098.230412525186,6.668360710144043
49,28800,3,0.16550452,0.97551346,1.9422531,0.16473837,-0.0178907265126947,0.6687973021734983,5.8941803324087765,1.2850986766189194,7.5746033449775485,42073.723,0.0005018037448636,0.0043414547108113,0.0212733773553268,0.0638742527501365,0.7796237514431221,0.1352018050781106,6298.865593614766,2618.9191148349846,6.394354343414307,0.1319192,0.7771492,1.538372,0.13167813,-0.0102719285649681,1.4623179882890724,5.891099778243886,1.318989885883758,7.770301024294637,26730.51,0.0004428676181832,0.0027547897771,0.0017136275258149,0.0052833980669362,0.8907820085997655,0.1022074261453033,6888.789173965761,1641.910576637384,6.131104469299316,0.1456614,0.9031296,1.7500877,0.14533627,-0.0177717174612599,0.5430035648170559,6.200198441498763,1.2785157652838095,7.927051455398698,32589.688,0.0002444446773624,0.0033820732496678,0.0712345656449131,0.1213216291182441,0.7019888068152625,0.1054510310723106,5777.187899748222,2843.686737704093,6.544703483581543,0.20376617,1.2104034,2.2986412,0.20372286,-0.0082327503298248,0.367221593089214,5.940159052035287,1.2708050935034068,7.548784379583857,63775.723,0.0006330769715938,0.0066398340277373,0.1454882587435573,0.277982682395497,0.5185939201550697,0.0579274766927264,4126.372303097986,3105.390800701027,6.667977333068848
50,29400,3,0.16473493,0.9791374,1.918602,0.16396889,-0.0174004718870065,0.6961953096143567,5.943714680528875,1.2868640890267362,7.6487529778400605,41683.348,0.0005127124622097,0.0042984508909285,0.0168034477652189,0.0624420760319665,0.7843835232037113,0.136339255397872,6347.584262190175,2586.085004778167,6.372592926025391,0.13198788,0.86078644,1.6813278,0.13176101,-0.0076192313152142,1.5030642491762445,6.521707960734809,1.3211365952349656,8.616067050427237,26758.35,0.0004561564489971,0.0027752965688705,0.0014844967309246,0.005341557827698,0.8908549530473819,0.1023016582616614,6889.64637964535,1640.2172033790275,6.129963874816895,0.14425199,0.8716583,1.7190933,0.14392053,-0.0150634368755449,0.5885948654412898,6.042608779776938,1.2805579242930671,7.73791055639986,31962.066,0.0002548611800106,0.0033157635480165,0.0637945281547153,0.121601209589327,0.7089152405794633,0.1056849310998315,5817.333815213761,2812.64060282332,6.536448955535889,0.20402385,1.1800766,2.3243904,0.20397922,-0.0014340763174534,0.3880333211935109,5.784012908711467,1.2716767391935606,7.355394675239712,63937.125,0.0006723459611461,0.0066516390070319,0.1393137360663897,0.2810286422014019,0.5233961290663051,0.0562535554720198,4130.560992321832,3095.264201702314,6.649234771728516
51,30000,3,0.16547006,0.9861946,1.9132614,0.16469657,-0.0153546886033935,0.6799092140803524,5.959957883735149,1.2859043469329914,7.663935750278896,42056.203,0.0005097164655131,0.0043370313942432,0.0131759709908866,0.0614779374959712,0.7835724646517959,0.1417476467682029,6372.790616384481,2605.952619277656,6.332115173339844,0.13185237,0.8555412,1.6751289,0.13160905,-0.0113483204908554,1.4958081227958742,6.488629720163214,1.3204355358708086,8.56781726167595,26703.436,0.0004520929088364,0.0027641779743134,0.0013855106636075,0.0053479843143217,0.8868739980622481,0.1063801385626363,6901.057637249648,1681.4732112406273,6.123093128204346,0.14417873,0.8527756,1.7036438,0.14385971,-0.0165280028449725,0.5815591033932428,5.914711238073625,1.279832716619861,7.569840951898293,31929.615,0.0002513035826726,0.0033120750449597,0.0513858091587889,0.111850155682254,0.7221707251693573,0.1145894916539164,5978.624057484012,2746.641319309503,6.536432266235352,0.19991632,1.3047218,2.522087,0.19987719,-0.0086015509859763,0.3990801204817478,6.52633984527477,1.2719227291254045,8.300999987243276,61388.598,0.0006374601977222,0.006388864479959,0.1160551996169363,0.2774235782090849,0.5464250608219865,0.0600879250330621,4294.817507729437,3062.0883026876654,6.717945098876953
52,30600,3,0.16599321,1.0083199,1.9078255,0.16523986,-0.0139712501358041,0.6853754928497424,6.074464326202299,1.28623458701425,7.813186113992678,42322.55,0.0005203432237612,0.0043666549026966,0.012773759750661,0.0609639800997599,0.7849771574729533,0.1412563770562009,6378.268534779442,2593.640335885816,6.333868026733398,0.13973604,0.8872986,1.7371178,0.13952592,-0.0119500469472763,1.247808781130849,6.349819094050475,1.3106513614399224,8.322399040574028,29992.184,0.0004757532694502,0.0031108814291656,0.0270803197643022,0.0785906813495363,0.7995325843275005,0.0947840392584121,6271.358079700355,2458.7511914090155,6.306766033172607,0.144132,0.8471489,1.6908646,0.14381452,-0.015277910629983,0.5839874985751474,5.877590517853443,1.2802650552588832,7.524873749180936,31908.918,0.0002520259385637,0.0033083271700888,0.0553010287494524,0.1127176650603467,0.7197633186056457,0.1122145739904233,5936.513089557718,2764.590065253426,6.527398109436035,0.19859925,1.1789322,2.26326,0.19856104,-0.007520529661603,0.4189360142504266,5.936236894814483,1.272823816189397,7.555783698300113,60582.395,0.0006517155825933,0.0063063441775739,0.1036761420375015,0.2808530469426731,0.5561328622337123,0.0593295493125144,4351.666014452115,3046.8008433793248,6.726290702819824
53,31200,3,0.1741057385180287,1.0474929548455787,2.0489653453145826,0.17333656244824092,-0.015552094043513404,0.6103280984492073,6.149212405158446,1.2819082193406937,7.8918821580404686,46741.162873128706,0.0005253929221821813,0.0048256761867246836,0.01261313324629108,0.0733819857139689,0.8020543479513832,0.1021051227031915,5991.876781123532,2498.724366853666,6.446645689336147,0.25652489523140193,1.4248460673749783,2.772305540059407,0.25643970509585434,0.0023595257336976538,0.1459697206663409,5.645412886792911,1.2603492112979902,7.123966079047155,100868.56240907314,0.0006013219025888208,0.01050429542930723,0.06067639928294464,0.6671530197048453,0.2456443660795046,0.024477817602642865,2452.2442154861847,2788.0893327046765,5.583662682486301,0.13942209048224635,0.8334143367284265,1.61178635268867,0.13897834719022095,-0.014655089238350686,0.7024644469145546,6.325656192342172,1.2857572591327888,8.150737339993706,29959.803317368223,0.00026507281788189083,0.0030975722771027095,0.03899449000559907,0.13710019917403804,0.7401093699233425,0.09756428692762484,5599.01534082836,2671.1754077756973,6.5447872859771605,0.22301122593131034,1.2307430739343688,2.435367358501593,0.22296339676739457,-0.004141018039382912,0.30960936174810455,5.633175048033077,1.2682649239352572,7.136332369862847,77297.33930225766,0.0006749310171481966,0.008041846185669388,0.09203229464952375,0.3779850861277173,0.5451846660584623,0.038719066108378386,3590.4052365879797,2876.6495639017817,6.429476271395473
54,31800,3,0.17386366394923664,1.04767437552592,2.050177507680722,0.1730981635498806,-0.015609540782838731,0.6106197434170656,6.149230165801092,1.2818869614719346,7.891904047092957,46599.22970241253,0.0005254596922966059,0.004809999033511093,0.01265969570015645,0.07273845191845556,0.8008192371362285,0.10824679015725353,6058.022541985034,2503.248018517968,6.444764280025406,0.25680161554767483,1.4258553935656586,2.772545051124931,0.25671726091725006,0.0023601035817109417,0.14163869851618557,5.642789072921586,1.2600858045327967,7.122006528876934,100969.96077728346,0.000601304842990822,0.0105163242210687,0.06548990188853764,0.67034937646155,0.24040369733719674,0.023598296448088245,2418.21679947258,2628.648386153751,5.603391610104886,0.140012200409209,0.8262147050817688,1.6123915179789927,0.13957888671495233,-0.014939642754091523,0.7016471142239284,6.3091639582316805,1.2857880448802383,8.137609158743748,30232.041573619295,0.0002702076831406513,0.00312514796304402,0.03897593878969284,0.138181397627662,0.7406054182860075,0.09884453630065776,5611.356460107897,2663.711811641853,6.544802654582133,0.22337662760449106,1.228810944764964,2.4270662505059084,0.22332876370908614,-0.004010911701765259,0.31884074828454584,5.5924065554602285,1.268907139900635,7.081985383750531,77577.89352713799,0.0006810883845631852,0.008069114697357552,0.09138371559934076,0.38108705526167064,0.5514841179896983,0.04203715365305863,3607.403446164602,2897.3921990187187,6.446363819162659
55,32400,3,0.17303579040906877,1.0449349010586977,2.045255401027846,0.1722603676802347,-0.015555388769528984,0.6112475521729283,6.141820399397816,1.2819410952537302,7.884617784924048,46119.16574171903,0.0005257413711407787,0.004760164762443475,0.012555279021047267,0.07271688307270086,0.7972636594942277,0.11022056481820114,6066.812897337344,2512.3926144346588,6.445839953660025,0.2569612109010048,1.4260088683091776,2.7733234671332414,0.25687716350969253,0.0023598935766632008,0.14125891166590904,5.643708385397881,1.2600947889588983,7.123123416124955,101026.8073148105,0.0006014061355353497,0.010520928141635527,0.06554524026657316,0.6703454852568205,0.24040491647101425,0.023558840300804733,2418.0568980110506,2627.1944361109367,5.60216331083309,0.1396270134564452,0.8232240881445781,1.61239353819464,0.139198417803939,-0.014168100291195383,0.6882147568730113,6.294783107220949,1.285091836755125,8.126750692369113,30054.028511508994,0.00025916669089679325,0.003108027816699244,0.03883442924358046,0.1374069321993472,0.740928532776821,0.10012460255466968,5645.6807839596195,2660.071622243686,6.544830298717615,0.22327380248762396,1.232096674559704,2.431268614068575,0.22322731400995316,-0.00425355095483344,0.3037643962549158,5.6530411621549135,1.2681025173821014,7.163281928374899,77498.78518016287,0.0006718118706201064,0.008063522534588157,0.09221342023856277,0.38094810049006983,0.5616360491471215,0.04464624462269011,3578.3766582237417,2910.8647644509583,6.445844965021783
56,33000,3,0.17299004897624598,1.046377208149736,2.0465869449662266,0.1722236003719552,-0.015553340903386208,0.6098805572615514,6.14495092544234,1.281712388240992,7.887741950697329,46092.88177652613,0.000525955618330315,0.004758307172955502,0.01259240989439941,0.07350884228634309,0.7954813501592571,0.1093847812397554,6049.133708076602,2508.113369624406,6.452455440376254,0.2569755658917748,1.4246546745511526,2.7707529865076728,0.2568920397885264,0.00235935090654665,0.14283038344538582,5.651852399387628,1.2601905297095009,7.132886312400746,101031.86187522169,0.0006014854733749193,0.010521398678807926,0.06553922952161352,0.6703715384312247,0.2403140983079107,0.023658921519445028,2417.743807617175,2622.8990841274585,5.60335082631212,0.13978966017412825,0.8352087068907408,1.6114367918196069,0.1393565485161582,-0.014270412780515728,0.6740905775793916,6.335786988964769,1.2846939470783831,8.159603916362938,30129.049618845645,0.0002527712237497947,0.003115995853574316,0.03892991161919022,0.13838031416642055,0.7411647230119565,0.10080518265267222,5654.802963598392,2659.0046032181167,6.544828989225589,0.22365372431228336,1.2320373378002303,2.433323744915498,0.22360603984729327,-0.003395040979446276,0.30510525730889027,5.64550063936262,1.2680958764164312,7.152818068322427,77791.70112499801,0.000673146097278909,0.00809164947088585,0.09162787153520843,0.38598591635726526,0.5702950222688828,0.045570056895437416,3560.875854871825,2914.065216976597,6.44302080933482
57,33600,3,0.1722983775796231,1.0477862526689907,2.0511600930630443,0.17152183084997163,-0.015540498851702831,0.6134827080792069,6.146952419714938,1.2823150030668578,7.88957573461498,45698.5088756547,0.0005257623244998806,0.004715791074118501,0.012587907253900334,0.07343886998427196,0.7942152306298911,0.11126260779610367,6073.136403912793,2514.9048542825412,6.450061796277601,0.2569242865960201,1.425167462746562,2.772164397808167,0.2568400288626787,0.0023593718902214338,0.14142941920081106,5.648207826622009,1.2600885808542703,7.12884281018435,101013.76132275668,0.0006013868299868595,0.010519379415837127,0.06554444838755573,0.670354852596444,0.24017024809345566,0.023894563273727465,2418.505563348862,2619.118675699363,5.60276535389653,0.1394300590525635,0.8330377395751619,1.6116883547502039,0.1390029830940952,-0.015069702973145228,0.6994071013841887,6.324515962280882,1.285639245272992,8.149923641674542,29963.461255482584,0.0002634900008432737,0.0030991119646920423,0.039040608798120616,0.1377742308066992,0.7411773594016697,0.10157271134108685,5734.751056392305,2657.713457148425,6.5448364772086975,0.22294900456295508,1.2303796416294719,2.4282809110548182,0.22290216811377098,-0.004007691500875096,0.3081740597261783,5.627674118106242,1.2682765391290134,7.128752518612092,77249.7219045132,0.0006739889331881843,0.008039440792717966,0.09164634430279835,0.3828135177108542,0.5680324501707386,0.04992673991748775,3647.0635643803953,2941.0349974253018,6.464965147590192
58,34200,3,0.1722629222009568,1.046108098693509,2.047646049590422,0.17148520042668203,-0.01553351882412605,0.6144331156898735,6.143099997330306,1.2824778229259093,7.885752586603503,45678.44748809113,0.0005256514329167805,0.00471206536342182,0.012577040107055073,0.07303250235180968,0.7927848894394462,0.11492891069758643,6101.317177486049,2524.986533544008,6.447719162037772,0.24665338753373425,1.4055641475022493,2.7273178697073113,0.24656764739747264,0.002356666654742427,0.1514730950613838,5.644253458002379,1.2597840690296604,7.125392941327493,94900.96361236642,0.0005739116311763089,0.009899159418031475,0.060880369817943376,0.6181733071050914,0.29183099786967714,0.030498764627791167,2725.261765412324,2830.601447196356,5.7215719706335,0.13935333109954207,0.819812565090678,1.6130825577951617,0.1389272338958992,-0.01567235124652606,0.708179379118643,6.280227646976638,1.2861125424353075,8.114347159157912,29928.265300388404,0.00026751319515098086,0.003094137614609536,0.03882154636756275,0.13630738761877834,0.7412229609051845,0.10190113960713319,5744.7749801017335,2656.160401392012,6.544846904413141,0.22222034030515528,1.2330163807213073,2.4357473013466033,0.2221749698694935,-0.0037887381073919927,0.31168095283803515,5.688193732536876,1.2684336460910723,7.2131489953587025,76695.499444433,0.0006749183084589211,0.007978932757182419,0.09157714519881927,0.3814634890232408,0.5660408911054167,0.05149647482537108,3690.0820075534193,2948.108174335144,6.491023985600153
59,34800,3,0.16736703332790448,1.0507162220211528,2.056495426089932,0.16654721379087323,-0.015389608842030918,0.6328889697073276,6.145172570570846,1.2851066438127265,7.8872103949790855,43053.766174641845,0.0005259866706435331,0.004434220482492733,0.012524747201665734,0.06785199053669573,0.7967790101727485,0.13523970495178697,6333.630433755778,2544.415054537194,6.4071115598810255,0.2506674661866935,1.4034859110537143,2.732717588388817,0.25057943594654186,0.002199048068059838,0.15058511986182802,5.67625853347264,1.2607961558738654,7.159382764598917,97879.22901872752,0.0005919251289346877,0.010229221332972577,0.055501606722433386,0.6334091744757054,0.28076310569585294,0.027900721334008567,2662.269987480036,2979.7688423320024,5.586660112691579,0.13754692858305242,0.8416994508714329,1.610940737242862,0.13712390722248916,-0.017030230741271128,0.7287705736055428,6.330957099857599,1.287040316082994,8.153955657598598,29113.125030825486,0.00026088334681457386,0.0030105686642952108,0.03771066221586407,0.11475249891067042,0.7368396165159493,0.09347878604903312,6106.640582640341,2706.6581158625972,6.544483070999614,0.20596554832009933,1.2205039150978367,2.399278830562145,0.205911914466274,-0.0040103148964405,0.3973940048535398,5.7742853012779625,1.2724279692041185,7.347921795402694,65963.8028059872,0.0006728888083905663,0.006860715279258711,0.10158918499421951,0.3195909815737904,0.4962351889141141,0.049688794132128705,4351.33362119724,3031.690448101084,6.733100003100053
60,35400,3,0.16471924,1.0439873,1.9868851,0.16397555,-0.0168835848875115,0.6857543914876714,6.337980197572893,1.286092839425922,8.151230948571273,41675.41,0.0005048308712581,0.0042975703254342,0.0240699468638304,0.0649151686680035,0.7696691673827617,0.1413150796044591,6340.539722341209,2664.8563378979443,6.370772361755371,0.13225752,0.92754364,1.7315865,0.13203512,-0.0083393274544308,1.46778502749516,7.013163652600322,1.319363330192829,9.252910951952028,26867.791,0.0004491009438895,0.0027853823266923,0.0014506059071658,0.0055197131095829,0.8900393589582949,0.1029728245408211,6889.183182839467,1648.3701115632282,6.130395412445068,0.15152076,0.99191666,1.9183159,0.15127233,-0.0174148027006465,0.555481516071223,6.546407659933511,1.2787215382599868,8.371032473042387,35264.32,0.0002927912940871,0.0036617121659219,0.0877843227181451,0.1302938957739882,0.6806784461024957,0.1012392179915793,5607.763589666954,2952.846485489896,6.518015861511231,0.21079555,1.2106895,2.3878098,0.21076918,-0.0125750271399523,0.3754313659501709,5.743430237668256,1.2714369185208734,7.302409243155177,68251.8,0.0007412698224443,0.0070988358929753,0.1716855911156219,0.2863226168227539,0.4869966703663848,0.0549877337089178,3927.615714318355,3127.551980752156,6.641366004943848
61,36000,3,0.16379504,0.99983215,1.940918,0.16301025,-0.0177423204274702,0.7155518409049892,6.1041662743021465,1.287280409227067,7.857773659621705,41209.06,0.0005150436997927,0.0042489948682487,0.0213888513938202,0.0639750912953251,0.7709030824254898,0.1437034495352422,6384.716683745352,2654.713628414076,6.339678764343262,0.13231117,0.86011887,1.6683578,0.13210227,-0.0121044697874226,1.5018295649526197,6.500727763956214,1.3206908181441273,8.585451469176464,26889.594,0.0004602635974569,0.0027859278488904,0.0014618829590462,0.0054726066035518,0.8891653972093416,0.1038843107239524,6891.570510531647,1657.4848734700877,6.128951549530029,0.1510493,1.0194778,2.0007133,0.15079752,-0.0192365737045993,0.5942849186526766,6.749305275109171,1.280600913310182,8.643166499571254,35045.207,0.0003093638678771,0.0036376668140292,0.082661953066373,0.1300468407813184,0.6827905879331371,0.1044966736060046,5645.266366112597,2943.6688217438927,6.517866611480713,0.20974869,1.3578415,2.521038,0.20972024,-0.0046301047570877,0.3770095080371667,6.473659128602023,1.271325920326488,8.230130649589174,67575.57,0.0007297083116015,0.0070417635142803,0.1649702831494076,0.2843581884406677,0.4944772117827582,0.0561864389271087,3968.273756743001,3127.210941702784,6.628880500793457
62,36600,3,0.16427566,1.0133743,1.9600868,0.16349709,-0.0147174064366608,0.7064510208913148,6.168742963835249,1.287607860266503,7.942921928246303,41451.25,0.0005144876469295,0.0042720413766801,0.0179134691780374,0.0618338271163335,0.777819858444443,0.1424039220131927,6411.185614113414,2614.4936074006605,6.32843017578125,0.13333978,0.84762573,1.6317368,0.1331169,-0.0072743345477596,1.4546547600652255,6.356885752646055,1.32008018186549,8.391598900514081,27309.309,0.0004598316264178,0.0028289994224905,0.0013514676085675,0.0053675375877289,0.8906983765367302,0.1025667855010821,6887.05217684603,1648.197485729928,6.126889228820801,0.14770444,0.93221664,1.7460823,0.14743108,-0.0126833732778271,0.5628160343744413,6.311365188803385,1.2797840695756126,8.077184625959337,33510.3,0.0002678802111428,0.0034758914262056,0.062816066066098,0.1238196420129225,0.7067620791008866,0.1065983693001039,5809.549500249326,2833.5689686197684,6.527011871337891,0.20691463,1.1329651,2.2402763,0.20688887,-0.0022299098358416,0.3648933060969588,5.475519390061516,1.2708864726234097,6.958763523449996,65761.79,0.000668853063983,0.0068477969616651,0.1380420816943961,0.289733210561699,0.5164574120059658,0.0557586593861588,4097.145371314788,3095.504810880127,6.659778594970703
63,37200,3,0.16375831,1.0047913,1.9032478,0.16304612,-0.0130100209042893,0.7153645428181923,6.1358185358664565,1.2878299763968382,7.901891040268434,41190.582,0.0005144471633696,0.0042471922934055,0.0164666858488398,0.0620388618651277,0.7775741338599009,0.1438903060102559,6415.2014326976405,2618.487550240564,6.316174507141113,0.13266002,0.8594513,1.6973495,0.13243295,-0.0082957524149643,1.4829020006269775,6.478600841070276,1.320768570112851,8.556732369256803,27031.572,0.0004592748224372,0.0027964157052338,0.0013715578890698,0.005391987957538,0.888749806726244,0.1044713198412073,6898.1228037000965,1661.206451331315,6.12415075302124,0.14740509,0.88977814,1.7404556,0.14712942,-0.0157850371640688,0.5557099008760673,6.036278323824305,1.279484015052941,7.723321625796155,33374.61,0.0002623602471937,0.0034595807082951,0.0689731398449215,0.1198905902867888,0.7021947147623027,0.1089378953658875,5805.40856313677,2853.42473595867,6.525413990020752,0.20527886,1.1807442,2.3386955,0.20525141,-0.0024024222297882,0.3929966309938724,5.7519034328257534,1.272196293823732,7.317550229708573,64726.133,0.0006978558506879,0.006742050871253,0.1256500525698872,0.2959220962808235,0.5216297413506457,0.0567893811571219,4129.029465394946,3092.521961189136,6.678633213043213
64,37800,3,0.16730067,1.0264397,1.97258,0.16658902,-0.0150344211697324,0.6920192583259426,6.13529915048476,1.286935811485176,7.895736190980609,42991.895,0.0005421368342628,0.004436170682311,0.0164001844166904,0.0598097049978732,0.7788928770763789,0.1448705383039845,6385.059401101828,2637.5090134301668,6.31590461730957,0.13319668,0.84409714,1.6590118,0.13295202,-0.0080109722823561,1.4931358976917268,6.337223468568251,1.3210663882919869,8.37189291948353,27250.725,0.0004699730550407,0.0028257768135517,0.0013184542699062,0.0054107107054906,0.886599801492663,0.1066567323685379,6901.982366356302,1687.5473269862944,6.111740112304688,0.14773995,0.9425163,1.8611908,0.14747167,-0.0155501194535581,0.5900478891924918,6.379563192239761,1.2805085323556875,8.169085100420597,33526.41,0.0002811117603585,0.0034733111970126,0.0741821843926808,0.1150605372138238,0.6997837742772374,0.1109670266486023,5803.822548391408,2877.839361576415,6.51762056350708,0.20421275,1.1615753,2.3041725,0.20418021,-0.0068761089539572,0.4006589017367665,5.688064477545402,1.272210774002391,7.236416911588977,64055.574,0.0006967969697943,0.0066632973030209,0.1314420854263905,0.28228585878449,0.5289770541793685,0.0572859950930574,4180.489611120707,3086.5632888299024,6.693887233734131
65,38400,3,0.1946684,1.1710167,2.2602081,0.19403943,-0.0043463178732465,0.3952433474434786,6.015443232216558,1.272782301191159,7.656349679824705,58207.92,0.0005676052219703,0.0060229087248444,0.0109555547457946,0.1013812482155528,0.7948644736024917,0.0927928545771594,5702.763267147052,2508.0869785072364,6.654479503631592,0.128334,0.80366135,1.5934944,0.12803854,-0.0004073488564145,1.9109929633529104,6.2622636402193805,1.3464324815251594,8.43171517313106,25297.332,0.0005183534828099,0.0026205836329609,0.0021243549487283,0.0046869140947752,0.9128931992325366,0.0802923068258246,6790.189704617581,1467.353556066465,6.166926383972168,0.15551154,0.8993149,1.7477989,0.15522833,-0.0018420755442667,0.4625784286713883,5.782946153846558,1.2752962232016325,7.374969389026345,37146.38,0.0002705427500411,0.0038534181658178,0.0426051211634475,0.1992106640418044,0.6206010099109678,0.1375785521420363,5476.366800245624,3036.5268246066425,6.754037380218506,0.28241387,1.5963554,3.1274796,0.2823887,-0.0047614930865494,0.121629065312649,5.652539082740368,1.2591596223223844,7.11744897661108,122507.66,0.0007737157870139,0.0127602573484182,0.0569215970253515,0.4543541079410392,0.4438409215997981,0.0448797286075512,3393.9970150138806,2792.7629804134376,6.324464797973633
66,39000,3,0.17343141646455984,1.046637246571946,2.049993848661428,0.17265977070368194,-0.015562129623875938,0.6112715184820813,6.14626041297604,1.282071221628756,7.888948672879585,46347.54990620937,0.0005255598880226608,0.004784125800891954,0.01262614536460211,0.07403013165039143,0.7943827592018623,0.10898037100719371,6039.735606395312,2525.204484045059,6.445677149351723,0.25687123477302415,1.4255141365228,2.7725728521771664,0.25678826691714624,0.0023590515404682535,0.14157089123047809,5.645557240368222,1.2600846725629984,7.1255122262153625,100994.90538464491,0.0006013541261851658,0.010517593105584618,0.06555491074656607,0.6703412353504254,0.24036546827192107,0.023616443975549246,2418.3539588130825,2626.8270822037784,5.602552578207125,0.14053212562068593,0.8178631240092725,1.6132593589750248,0.14012155465258616,-0.014238778900506927,0.6820409608470589,6.288451695507864,1.2850229958995767,8.121781722721723,30474.19411003511,0.00026380118122508873,0.0031529686718946136,0.03875895706167912,0.14328025952901102,0.7413625615497322,0.09815719472260637,5418.0414773651155,2652.8241288003983,6.54477875304587,0.2253200147554718,1.238211984998089,2.452925187217752,0.22527678170318208,-0.0059003370086907776,0.31750951810893924,5.725396247255473,1.268668792906039,7.265574386360237,79096.55136085559,0.0006840243259844755,0.008227410036985162,0.09156627151926071,0.3928041506344432,0.5789611951562303,0.03937113610571065,3411.4118152479364,2886.127500069356,6.393005375452446
67,39600,3,0.17282618662580496,1.0411794644404022,2.0418056478410755,0.17205852205180608,-0.01554793435023409,0.6138178195599592,6.133064373753344,1.2823063632121248,7.875928302149404,45998.93062800532,0.0005254741825124765,0.00474595025918906,0.012607014276678171,0.07354795159798981,0.7915033353940929,0.11469304568423189,6088.139603746032,2527.5125436418275,6.447552473730066,0.2568705362721159,1.425526775251802,2.7723162317368604,0.2567892138683451,0.0023577847559440516,0.14141800507754893,5.645475673441913,1.2600870967636064,7.125396589031919,100994.65616329653,0.0006013465140048918,0.010517830056745088,0.06554086896823923,0.6703381264850445,0.24040292170498875,0.023576499864946004,2418.3466480975208,2627.2220899479216,5.602292590456393,0.1415780429393909,0.7994985255609453,1.6139059466313774,0.14117184299969215,-0.015623031638957586,0.6702463572358068,6.2429359448546515,1.2843904188432465,8.086210535928407,30967.84552025405,0.0002661501761329606,0.0032021221844241044,0.038872790260030696,0.14323183540098208,0.7416236433439125,0.09959690227458558,5465.663240033468,2649.6695949715026,6.5447957012560565,0.22557620152903696,1.2329570439618336,2.4407556015337004,0.22553364599877557,-0.00596900566503914,0.3211842955517547,5.629794109204382,1.2689602062792509,7.134029015587352,79300.08124167587,0.0006870870444120932,0.008249926582145007,0.09157551119204431,0.3942172780785563,0.587741711072727,0.04346938812189938,3411.6355824970433,2914.3437334466034,6.413240007818211
68,40200,3,0.17394297027030914,1.0475504057845473,2.0508356245160253,0.17317646176408713,-0.015491095581251472,0.610686761933905,6.149083488400034,1.2819745104501714,7.891741685133505,46645.65203799869,0.0005254128392841227,0.004815564246610056,0.012590296540106977,0.0754593809831071,0.7817915052754636,0.11687972458045498,6053.779346085768,2551.80150380531,6.453078369147148,0.24585339674629145,1.3960865945650167,2.7057254149210004,0.24577055579832588,0.002330645779983146,0.12430620480477636,5.662988393632031,1.2580030036381655,7.1604167559661205,94217.04857755515,0.0005230162605817566,0.009838565038437852,0.061834221934379104,0.6186758736348278,0.2912142471861794,0.029896882646302365,2722.208348538039,2839.2890716301895,5.716032017361518,0.14301231913018433,0.823201927855652,1.6124460733357817,0.14261138159217485,-0.014848518333479825,0.6580731935713384,6.333841587397104,1.2838529525446813,8.158708968269709,31658.945415630038,0.00027124419484709703,0.0032744807017587195,0.038772928546397925,0.15295482216492912,0.7429601694023449,0.09888327132951329,5167.549531122631,2632.163010040598,6.544734248417371,0.23097904912347936,1.2468750313334191,2.4702930475295557,0.23094006210133478,-0.0047239170328718435,0.3277242089904242,5.7719405740728895,1.2693617072933547,7.33278353396435,83773.09225196367,0.000706563167470032,0.008717072685442712,0.09104853981846503,0.41636315379388245,0.634824801475583,0.04058897326248194,3082.8314866311257,2889.2307330005233,6.281811333681578
69,40800,3,0.17471764461624695,1.0457482788971113,2.0482184610231875,0.17395534980054633,-0.015477314160062828,0.6073134324511954,6.146405611215169,1.2814641906843285,7.8892231734923755,47103.084494713956,0.0005255973612560685,0.0048630394122257895,0.012523630392972869,0.07753987835825843,0.7759601759312741,0.11188291249809104,5978.358835889914,2560.540165296121,6.459569050015899,0.2569021784223035,1.4254906637590488,2.7723525874764876,0.2568209010384622,0.0023562568409740254,0.14133836594810972,5.646055968934608,1.2600903794838447,7.126113180460253,101005.91979669002,0.0006013664142491023,0.010518805751142049,0.0655070935953016,0.6703252553835098,0.24021616910694066,0.02390091658928549,2419.1973407863,2620.735194500273,5.601454915637552,0.14337365576057626,0.8202113109184614,1.6127360277792537,0.142988319443421,-0.014455612202130604,0.6537205978398584,6.32859367630558,1.2835494603102822,8.15478666721704,31835.634386788253,0.0002715222837328116,0.0032945457105382813,0.038904962530652856,0.1591883327361187,0.7436891370803076,0.09855611987639261,5015.421159415766,2626.627158873664,6.544710551554503,0.234506170266489,1.256873141146669,2.4993411729203387,0.23446903779896988,-0.0039372020500081425,0.3386096495543309,5.867829036787054,1.2694316521070845,7.4662229276870224,86879.35864441749,0.0007307019627860183,0.009039865144243481,0.09204361697648171,0.4285393635592436,0.67007548259476,0.03758256662727666,2844.547436260738,2853.198237378473,6.235360305503909
70,41400,3,0.1766493239067336,1.043906843138741,2.044037124183696,0.17590270304345715,-0.015530665619536591,0.6032677957601471,6.1455631891673335,1.280878595807641,7.888525785275367,48275.19175677563,0.000525466200648553,0.004987550337572421,0.012476754618346797,0.0782215829990058,0.7698698579402222,0.11498316876743772,5973.987948947568,2572.1931086677237,6.463908189415441,0.2356495638088247,1.38487386559105,2.6815197083145454,0.2355701320042208,0.0023605964036336044,0.16443770104586292,5.642666057136241,1.261085452001353,7.1168582601379,82859.41400367659,0.0005295172433314746,0.008629249959824628,0.06159332685705282,0.6135425170651493,0.2961930528293678,0.03052878456498316,2755.373147635208,2721.2397466688794,5.744266115689346,0.14489552714370685,0.7952451902736258,1.6146576035106452,0.14450969859008847,-0.013452544487775397,0.6361856023593412,6.270130598929568,1.283039635184192,8.108915189463122,32591.21740557522,0.0002723334320737759,0.003371952306012359,0.03866447845119951,0.16536540330039423,0.7446959086669265,0.09815304896657001,4797.792391515139,2617.463248636781,6.544713292367955,0.23875278094697927,1.268729200430541,2.5380720128110164,0.23871754698857633,-0.0020544558685317623,0.43107052257257406,5.9694987280367435,1.272720790652866,7.622177991775203,90814.39010509357,0.0008810186777463477,0.009445806023892382,0.09187117296683531,0.43949344381427036,0.6932367008376296,0.035449446006235244,2684.2241047275634,2816.185979456327,6.214930423706858
71,42000,3,0.17686223728870576,1.0279840268806772,2.0233845005596978,0.17611201761469675,-0.015599673931112399,0.6179647838786816,6.113110548535777,1.2827708676852771,7.856173931325025,48407.13284578762,0.0005225234744426702,0.0050019459406339655,0.012476520138482664,0.08094333030980914,0.755377786520836,0.11956439366608038,5937.416864720279,2637.43347120674,6.465821641721256,0.23245733494763918,1.3734715509488016,2.65117008576784,0.2323798327651867,0.002363213194567807,0.1590291786150522,5.649859289639868,1.2609480497053973,7.12627724662538,78302.9102091763,0.00041233409845928737,0.008148587937105094,0.06234167705799296,0.6113563134136832,0.2979413185593674,0.03068173792586015,2765.147342840683,2698.7261857471703,5.70352024970796,0.14776661262966695,0.7929191497160745,1.6146899333172102,0.1473965715250541,-0.01467746693396856,0.6414774226969358,6.295338540511577,1.2831182309008555,8.128800641679822,34066.84277939421,0.0003048780613238345,0.003525489346214743,0.03862971146099713,0.1709668179756491,0.7454406319013629,0.09771568648397687,4613.240159743909,2619.2013179824658,6.544857999938873,0.2386897602832193,1.2617312659026636,2.530761063286304,0.23865615564514295,-0.003081050119706953,0.49990424250346577,5.869101288394198,1.2760817718157749,7.495735497649674,90754.43742849665,0.0009774080537825374,0.00944679787264219,0.09466690212457934,0.4577111533396027,0.7517264478020661,0.026510958375910804,2292.269222384686,2731.49604576835,6.408004946110156
72,42600,3,0.17157905,0.95911026,1.9140244,0.17090446,-0.0145407631908053,0.5819873992356523,5.589903143619216,1.282142004109272,7.167049619378433,45218.875,0.0005043947962963,0.0046665798872709,0.0168029069293999,0.0909544772673246,0.7517958559883955,0.1404198578061966,6189.105089584843,2730.695490310792,6.464588165283203,0.17567457,1.6490936,3.2852173,0.17547542,-0.0026585402777058,3.48115614458547,9.38720728694808,1.4019506192312226,13.16040106886362,47403.348,0.0033155770587285,0.0049068192020058,0.0345064513049433,0.3667767705519976,0.537241748594213,0.0614674135522581,4389.444859426258,3209.5997056425945,6.373538017272949,0.15747555,0.9676933,1.8488884,0.15727063,-0.0157330532459258,0.4163983923939489,6.145038727705713,1.2734734804110803,7.825543855881965,38090.566,0.0002560716709635,0.0039548929780721,0.066661761669263,0.1655393698301375,0.6665123838133258,0.101283496703723,5557.74472730948,2953.531386560105,6.549037456512451,0.24673863,1.4471054,2.8056145,0.24671827,-0.0069993648887788,0.204495477110898,5.864932548505072,1.2635090289556474,7.410395229282047,93511.61,0.000757935564447,0.0097397761419415,0.1524846038834625,0.442013079887167,0.3632942181238119,0.0422028807076191,3209.923610975838,2967.889491998992,6.470876216888428
73,43200,3,0.1703018,1.1035919,2.0453453,0.16959764,-0.0182759418546709,0.6264752921832022,6.480213076446186,1.2833410102498617,8.316323196209646,44548.152,0.0005269638815514,0.0045992555096745,0.015955068709901,0.0880471874072622,0.7562903303526738,0.139682449574391,6230.513075542094,2703.958417685468,6.431401252746582,0.17136244,1.3222694,2.5086403,0.17118037,-0.0061568338919482,1.245657080596236,7.716214842485875,1.3129321995831806,10.130866925660486,45104.77,0.001074140517195,0.004690024536103,0.0565293090425492,0.3397247905821387,0.5413150105515451,0.0624241256426956,4444.210324761673,3279.292225170752,6.243594169616699,0.15435243,0.97112656,1.9155502,0.15414783,-0.0118085384518717,0.4645074202156394,6.291618332337471,1.274983497136872,8.021709544066052,36594.69,0.0002636613680261,0.0038047675043344,0.0649111759370466,0.1646363011636303,0.6702276529580535,0.1002216952165005,5563.977186251202,2951.334347793134,6.535678386688232,0.2376968,1.2619972,2.4813652,0.2376795,-0.0009839675557732,0.2363932259525634,5.309273160812947,1.2651216404328416,6.716876370741993,86783.64,0.0007546200553119,0.0090418569743633,0.1435664260055339,0.4198231571066967,0.3945732245753083,0.0420321451405934,3366.796372998486,2990.96954432667,6.505758762359619
74,43800,3,0.1668859,1.0450363,2.0173073,0.16615698,-0.0134964058480684,0.6423872302545788,6.261980978973815,1.2845521097790344,8.043840877985199,42778.99,0.0004982822927268,0.0044166427105665,0.0166165360863781,0.0867294590399737,0.7539923377793312,0.1426368587380907,6278.641714738205,2712.453512234579,6.395496368408203,0.13205154,0.88157654,1.7214775,0.13181439,-0.0115308656536528,1.4706021009725978,6.676003339666335,1.320404630908925,8.815025725725633,26784.168,0.0004471663298174,0.0027796297799795,0.0013658997550583,0.0055389531667644,0.8887741330056136,0.1043075091896173,6896.266190378219,1661.9244815014551,6.124774932861328,0.15256591,0.9170532,1.7580986,0.15234323,-0.0114322798687686,0.447510360490273,6.010865822918498,1.27453562219892,7.661062611617868,35752.49,0.0002424561058173,0.0037146904505789,0.060300240844105,0.1575739350180535,0.6796927931989949,0.1024297792305824,5632.24579066173,2923.557290189829,6.544107437133789,0.23390296,1.341629,2.6761055,0.23388225,-0.0072942116242677,0.2293189261990562,5.735836017161478,1.264428308176421,7.252553431187874,84035.48,0.0006864086979087,0.0087565788999199,0.131155950573734,0.4213682974065996,0.4038672963242897,0.0436023034993209,3430.468941261094,3003.134025212116,6.533017635345459
75,44400,3,0.16541754,0.9613037,1.8972397,0.16467145,-0.0162935736252387,0.689313046614529,5.81137724466473,1.2858959665494756,7.472826559056957,42029.508,0.0005161105060059,0.0043348418548703,0.0164653827783731,0.0837174328483566,0.76121285593937,0.1385743874265376,6292.996782918153,2663.0373837241304,6.403997421264648,0.13231844,0.87661743,1.7266273,0.13206294,-0.0112988740792241,1.5154766429300022,6.625058841762867,1.3215204597465158,8.75515080648035,26892.545,0.0004645481097312,0.0027865362353622,0.0013775462042776,0.0054233274890418,0.8919156800704784,0.101266476914602,6890.280761300111,1627.2030231728063,6.130807876586914,0.15057346,0.88653564,1.7704964,0.1503634,-0.0168776002646368,0.5021001622862435,5.88772836388724,1.2769101768346929,7.518100266335822,34824.754,0.0002580976843277,0.0036169807426631,0.0650883919318536,0.1568834682749462,0.6787807048790323,0.0992433832534945,5584.769264966273,2923.7885035164536,6.544816017150879,0.2301535,1.2500763,2.482891,0.2301389,-0.0105770969598449,0.2470939333777404,5.431489368290727,1.2650918987669535,6.871333198093294,81362.9,0.0006933179199325,0.0084778955206274,0.1374630742583903,0.4010357603021432,0.4168314461737616,0.0446632515501684,3502.005109494306,3026.404431101939,6.536570072174072
76,45000,3,0.16496445,1.1525154,2.1813393,0.1641958,-0.0159414064150795,0.6790820448258552,6.986447047839615,1.28612217546087,8.985424475964129,41799.586,0.0005029024211689,0.0043094102293252,0.0178517308450503,0.0827305381860299,0.7616539309097868,0.1377348102007627,6282.063817757699,2664.9446759746133,6.402531623840332,0.14292158,0.8960724,1.7814636,0.14267957,-0.0118548992878735,1.1099585052953405,6.269678630757675,1.3037505594269316,8.17409702233459,31375.225,0.0004631247606069,0.0032524550333619,0.0390175953557515,0.113538829136837,0.7612899902793409,0.0861399119712636,5961.754602734872,2683.114970944992,6.330864906311035,0.15176836,1.197815,2.1745682,0.15154995,-0.0156231272127258,0.5641071638200987,7.892389220882857,1.279428193053823,10.097745279818158,35379.664,0.0002992860954891,0.0036736219190061,0.0870285533762596,0.1565715574961076,0.6581188616397072,0.098277446299754,5445.388361130069,3011.525570663183,6.53829288482666,0.22911888,1.3202667,2.6213646,0.22910336,-0.0118685024730742,0.2717507924857583,5.762365383534637,1.2661139407188198,7.295811143640595,80633.03,0.0007488836644337,0.0083981715142726,0.149422501398348,0.3887333727807629,0.4166903613689099,0.0451470620634887,3498.7652195695578,3038.508130729005,6.536980628967285
77,45600,3,0.1640294,1.0743141,2.0760536,0.16329592,-0.0181850521749857,0.6893842692936083,6.549521535863569,1.286192191998245,8.423943460803434,41327.07,0.0004990547600742,0.0042648985981941,0.0155105079914062,0.0810330092180179,0.7641986393805843,0.1392292658100414,6315.798316451227,2647.5938842472365,6.38311243057251,0.19480434,1.2103081,2.307701,0.19463241,-0.0028714482184148,0.336091315813888,6.212942027940359,1.26961789186495,7.888062359833277,58289.254,0.0004840071854477,0.0060616894625127,0.0755907544704406,0.4660535349703774,0.4117499766362931,0.046599002372131,3542.945428451336,3275.0421862162725,6.047850608825684,0.14829728,0.91056824,1.7830849,0.14808272,-0.016136237204517,0.52961429310009,6.140154673432294,1.278068843832535,7.847540384479466,33779.84,0.0002561488674312,0.0035125715658068,0.0732337379600317,0.1503558341599659,0.6751503672252888,0.1012562655564229,5578.888302161236,2947.5954264403726,6.546758651733398,0.22313045,1.3130188,2.5672913,0.22311178,-0.0066701743605371,0.2855734943875339,5.884534364835033,1.2670013176748325,7.455712794182235,76473.13,0.0007078695945519,0.0079609882086515,0.1357143492038154,0.386268891110933,0.4313460058049343,0.0466635774070349,3613.7826600040776,3049.646375843341,6.571311473846436
78,46200,3,0.1870443169532489,1.0352862695054579,2.029879960300492,0.18636683378428287,-0.015557376130158989,0.5895058550784995,6.14415068138863,1.2788361533269286,7.887599592408373,55354.34212865163,0.0005248714643087891,0.005740304507044604,0.012481760379475949,0.09464251372655634,0.725504991331772,0.08725955058966317,5488.0789339004305,2616.846894069652,6.463567756867781,0.21680584264831032,1.3554896565536523,2.6109063743376364,0.21673893066323952,0.002362938740894158,0.17028263186019543,5.636046692147463,1.261515542579656,7.106893269096362,49042.64486021889,0.0004740036469456821,0.005097904106839381,0.06346176512415251,0.606909153271304,0.3014291691601232,0.031411349195655865,2782.680446060456,2592.361504720988,5.831002171995451,0.15780214441942922,0.7513828007852259,1.6183603261501618,0.15748687307880221,-0.014249887135910135,0.5676137340589893,6.285491712607364,1.2795694202332153,8.123940566417241,39740.045203716916,0.0003166914804772294,0.004115910016055561,0.03890711728440731,0.21209063467288208,0.7494295971799421,0.09035291647249975,3329.6305145023716,2622.287294679615,6.544270431354348,0.26764272475842166,1.2879503363098546,2.606777803701497,0.26762273944079373,-0.006707290944843769,0.35983718970432077,5.796275416966296,1.2704594970893766,7.370903960460158,123242.99734077585,0.00109322625340737,0.012823213005180622,0.09047764216106775,0.4873581130721568,0.7815901563821976,0.020350244996358725,1943.381437228062,2550.643130520402,5.929211234633292
79,46800,3,0.18623134901206131,1.0390658976615201,2.031995117124427,0.18553797028243058,-0.015593724958403065,0.5892598906559444,6.14965401189936,1.2788080289430277,7.892961512309706,54753.78580127747,0.000525283138141231,0.005676090316021402,0.012427437958091363,0.09357242707305824,0.7206776747605581,0.09761253015212615,5572.341873183047,2656.975465757512,6.462726353130477,0.25682272232025843,1.4259005336415878,2.773447500009699,0.25674140846782173,0.0023583685836752674,0.14097851339421053,5.642765016385658,1.2600466611607313,7.122171841155768,100977.54722423498,0.0006012894868311631,0.010515971700028211,0.06554084931794744,0.6703014744746876,0.24045745353019843,0.02355140784655766,2418.252676051359,2631.246558373283,5.6032767583732435,0.16016251396841238,0.7627249895033869,1.6179572195024492,0.15985656988221836,-0.01615292889246851,0.5693495628459213,6.334420657392797,1.2796119738406833,8.162434455417994,41190.79892937993,0.00034412705969133614,0.004265673981983371,0.03896865797598971,0.21960151339481304,0.7504066319724861,0.0900334814325014,3113.928590868767,2620.398493585735,6.5441607326802815,0.269762126376554,1.2742066494540232,2.561852796226882,0.26974412977838247,-0.008265082216354433,0.34815601338070346,5.628517039640258,1.2700590539890988,7.136013885937142,126010.45632856063,0.0010677028143261523,0.01312085031550665,0.09042501578939313,0.4916594848439725,0.7926211426024672,0.02094299802209914,1868.679503675193,2549.3365708170822,5.896370959419492
80,47400,3,0.19034617258994593,1.0236147783429248,2.003487947387759,0.18968078952325745,-0.015556678524598806,0.5988328152864064,6.129217728605065,1.2796456236866307,7.872852003439341,57875.307781808224,0.0005188612787082164,0.006008383964367359,0.012381710567124895,0.09181420582531621,0.7086998211872236,0.12097392210502922,5676.507885694428,2687.4173295503915,6.483928523270729,0.03993418234926702,-0.7192441969964718,-1.776872034535757,0.03999940430461338,0.007452229326785142,-3.956041445257675,5.981913173596649,1.1797478164050512,9.541958191695336,-1080544.0871982796,-145.77126255188648,-0.058815541709957425,-0.06732406991257173,0.6697154007390668,0.3055441525631517,0.032189894627267665,2861.392677573753,2421.896665636041,6.150937205466539,0.16080345214857975,0.7798711994709634,1.61666505588662,0.16049586213948414,-0.016481906653398028,0.5591475126155515,6.380827493248745,1.279275190695056,8.19921889191816,41592.39511473247,0.0003316910662292167,0.004305517115480878,0.038973129253061206,0.22029842231161567,0.7505094652361142,0.09004824095116798,3094.1788492654578,2622.4911371495227,6.544172510450663,0.2720793364305242,1.273190520572195,2.5536783298099004,0.272062872020864,-0.008532546649098527,0.3418361483763836,5.595882821629473,1.2700168113840888,7.090487612139446,129096.96253841055,0.0010677432442922664,0.013442053711588898,0.0903907191678947,0.4930981111536622,0.7959305649703073,0.020955028762896247,1860.124594632511,2537.5661989170585,5.903667855121925
81,48000,3,0.1884841387679304,0.9903268387357592,1.9338959276456467,0.18781155281083933,-0.015549369079549347,0.6334028313668325,6.070463106573561,1.2808284759349218,7.8150338058918285,56437.49657563672,0.0005050827768006086,0.005860175179116179,0.01237059608499774,0.09383700979974674,0.6982560755902734,0.12367544689628096,5656.123840801955,2723.8960820448783,6.471877832523473,0.2534511251569562,1.3787149924060587,2.665461696763651,0.253364728582823,0.002360129155656216,-0.029531122544505906,5.805633795182212,1.257780011192667,7.3613321373920515,99500.61571664015,0.0005614475918826554,0.01037605669634101,0.052758532577250744,0.6424739353431,0.2730548045363005,0.02766679407476328,2615.8376543630247,3007.6822637129117,5.595907248443296,0.1627963627828402,0.7122389268210783,1.6209214182534568,0.1625014225727619,-0.016525246214118647,0.5621501784794943,6.23842652474602,1.2794311187039296,8.087003247852634,42861.98077575785,0.00035910958838559625,0.004438951135994322,0.03903869254761353,0.22853474299109466,0.7516308610905239,0.08989085470568899,2857.5158617434536,2622.258286654628,6.543991080713422,0.2768955928076758,1.281453048641877,2.5860077578210436,0.27688169835859355,-0.00869940146945679,0.3441377288422356,5.634173545464028,1.2696290335646183,7.142402991837784,135715.26128750737,0.0011583685828904554,0.01412633162986987,0.08999539346305076,0.5040616838286952,0.8182902986567104,0.019702261089489102,1692.9533866518832,2493.4170420305854,5.732993366168408
82,48600,3,0.2120225803640125,0.9191186509971807,1.7984432604036429,0.21144772791612593,-0.015699349744170796,0.9980580890100479,6.02530348595191,1.3029135032513857,7.758661017503413,77685.92196769261,-0.0001269597784349292,0.008122941944239596,0.012617156060405341,0.0764603061041318,0.5901891222219043,0.35947059454843433,6848.39851293322,2860.486267016845,6.511478248901737,0.2152190646890712,1.314392570969181,2.5143936244970053,0.2151533272558083,0.0023558168227409775,0.1675810143208488,5.670353847357045,1.2614312552080758,7.147964204291334,45434.42350359239,0.00023511972352535096,0.0047253661197479944,0.06316208538560229,0.613503760843233,0.30125779136248504,0.021813941593012386,2726.9052037625147,2940.26660506438,5.74789723032443,0.16119655597565308,0.7531771802390659,1.6190847064104037,0.16089521647718524,-0.019835458445046337,0.5842079593610321,6.320410165704636,1.2803762884991867,8.150800841496613,41840.32046166091,0.00038460685945841916,0.0043339790945868244,0.03885539773487637,0.21997786250811757,0.7510533091424993,0.0920184958481108,3129.9316158353886,2607.4211141929163,6.5441206549841535,0.27176363077736476,1.2848574480669244,2.5959552787754725,0.2717478449725693,-0.011002847156110909,0.3837253871921565,5.718769032210506,1.2716400834614787,7.267384147416059,128672.71202342601,0.0012974656670230508,0.013390194942926929,0.09071906323683906,0.4925611224726959,0.8007744318518384,0.023595781441667713,1836.5844516255354,2575.726156163324,5.840589385375965
83,49200,3,0.27123328602301633,0.8612328984651474,1.6839003105253516,0.2708776952082199,-0.01668556496233318,1.0708481552965317,6.064306982182379,1.3253997213352178,7.789234081462987,160642.68440791595,-0.005651360574112945,0.01692605291839154,0.012801436970272334,0.06563493246102355,0.5334716282163244,0.493503979316245,7468.501063343507,2529.1256797537326,6.460238975179568,0.2079238721962935,1.217838522226582,2.2839486440076358,0.20786317359621037,0.0023631134309276647,0.13399624808624688,5.731148191308235,1.2606706868635733,7.227780606441419,27325.4039030259,-0.004806769925287887,0.0028252599047861662,0.0637945996302062,0.632927711469333,0.3017265765826652,-0.009103806570791483,2564.6341336746655,3234.271837943836,5.646391441319745,0.1635323699210176,0.6955579435480636,1.6240028096399994,0.16324394923426055,-0.018142139638480315,0.6676650540854664,6.206761313473452,1.2831025951324868,8.05870706666126,43338.846004389525,0.0005986367137523497,0.004487638851044005,0.03909425819332668,0.19385421711465062,0.7483593711180657,0.09741213698655192,4036.7176540872724,2592.1307824712862,6.544428529020757,0.26655581126167893,1.2768322631464974,2.5581800516095843,0.2665367803776643,-0.011046354177128724,0.35566855491951416,5.689116614193995,1.2703888452227026,7.221483041711429,121844.32963325205,0.0010565578100471982,0.012676070608230634,0.09103037042372729,0.4790688781312812,0.7917187988464478,0.040969807591775764,2158.8043083699595,2789.735306049406,5.974529816109503
84,49800,3,0.4730926,85.15921,91.226776,0.47296044,-29.09844542923345,3994.632458305632,180.0053789904987,1.5478878489749897,278.62813889011977,343782.3,200.1065914000841,0.0344784148037433,0.2119131520077045,0.1408192466077499,0.3320617998658772,0.3151040617055953,5303.714174673039,4193.070000571286,7.161390781402588,2.6710331,120.121,127.78549,2.6705983,-22.87599562561073,631.3570993852019,44.97173779635694,3.965128634739604,178.318725290403,10958465.0,32136.026483080197,1.200577974319458,0.7581639903488588,0.2107227426621029,0.0187631476675164,0.0123444611568672,541.8328773650774,1285.3073723363882,5.181125640869141,0.2163242,1.561451,2.995205,0.21619207,-0.0047225133264569,0.4537858266873411,7.218105937370432,1.2720590612660323,9.181857062852654,71878.9,0.0009937366662309,0.0074790096841752,0.0589472475912947,0.198398473398406,0.6759227026019945,0.0667259570906478,5232.928972351473,2814.754456675588,6.318746566772461,0.31707376,1.6730309,3.326416,0.31706414,-0.0054393451388637,0.0823225920845556,5.276472075500102,1.2576477967179402,6.635943480217369,154422.95,0.0008320707599962,0.0160843264311552,0.147874104224787,0.511437363311085,0.3012659395238886,0.0394097602383871,2699.066025720652,2783.1570743844773,6.334498882293701
85,50400,3,0.50782436,72.752,75.93155,0.50760144,-6.374364235167707,747.8069520690503,143.2621284876929,1.320571297793265,189.18785494199068,396112.28,49.73288144071772,0.0404502004384994,0.0375553564334495,0.0483923748232231,0.2787748699815815,0.6351291937010128,8351.374174659275,3361.254043124235,7.210738182067871,0.67382526,12.71162,16.818523,0.6737587,-0.1395948633100385,1.8926779177249695,18.86486157518816,1.2730427027203848,24.015774366159107,697406.2,0.390180782712496,0.0725977346301078,0.0337087651114215,0.3182222513870765,0.2244310108556989,0.4234988792420407,5613.198369603517,4101.99228473638,6.931370735168457,0.2324484,1.7900467,3.4344673,0.23233847,0.0004744751071136,0.4033835032531061,7.700834675877684,1.2705071685592642,9.783965659634449,82993.55,0.0011776720584761,0.0086364950984716,0.0470041703249423,0.1501199105954418,0.7287861278437054,0.0740814271129227,5585.721766334231,2639.987236307022,6.312874794006348,0.31236565,1.8054962,3.413868,0.312356,0.0029782235847354,0.1045080952125125,5.780072838608027,1.2587665681220332,7.275762450573296,149871.05,0.0009949540339167,0.0156037770211696,0.124776029349735,0.4672995699702932,0.3406112103399932,0.0672810719009779,3175.421080042622,3047.886976710806,6.516474723815918
86,51000,3,0.3757884,3.5850525,6.944847,0.3754576,0.005327332933654,1.1828791119428983,9.540083141347464,1.301611436749479,12.4174813243518,216909.19,0.0235892318776289,0.0225386414676904,0.0047139219049669,0.0621764192403023,0.3538187477369476,0.5791603310757165,8237.430634903201,3138.7427495048646,7.226573944091797,0.5529503,66.76912,75.809,0.55286163,-9.90547193594622,1029.9986855108805,120.75066516868868,1.3746121989119882,165.98533736791651,469638.22,96.28998823254278,0.0473137348890304,0.1019724410096831,0.4188778336574281,0.2089450064220094,0.2701187589524698,4195.360965217094,4013.211436343429,6.823371410369873,0.22775005,1.4949799,2.9266357,0.22763322,0.0055209809229362,0.4631391228827786,6.564125326201856,1.2752919044340385,8.371175888232424,79672.45,0.0012460784286502,0.0082907583564519,0.0334096156004983,0.173118293862361,0.7359831922558955,0.0574817369563611,5507.079121284267,2521.9257024065987,6.247189998626709,0.2919006,1.6511917,3.229618,0.29188296,-0.0068025083752166,0.1207139717296614,5.656691638675126,1.258887105254803,7.121136162355171,130876.35,0.0008763902141844,0.0136377932503819,0.115156541791863,0.470493467053115,0.3658040317910476,0.0485206920537682,3117.619445072281,2906.4235021602985,6.497794151306152
87,51600,3,0.306824,2.2230148,4.3195724,0.30642673,-0.0013578376438741,0.7295716016128906,7.245244312796648,1.2858649039981789,9.316405382747975,144600.52,0.0064658440136781,0.0150214647874236,0.0068781513154029,0.0653186771753586,0.4421170952342745,0.4855911414860711,7778.225161611543,3184.654280649378,7.230905055999756,0.4933103,8.298016,11.196518,0.49324277,-0.0260833285580144,0.4082574537244299,16.821087158490105,1.263649018846438,21.255950283799525,373793.38,0.0241776933330917,0.0389223098754882,0.0280434447197117,0.4799996228866215,0.2415762421684681,0.250332140832578,4144.011435627871,3806.2162741355887,6.676934242248535,0.20653474,1.218605,2.4337769,0.20641024,-0.0022469182049424,0.2944185910776218,5.900242361038051,1.267800209421512,7.480328500997936,65520.54,0.0005357198110576,0.00681679463014,0.0451007730676914,0.1820230678767103,0.7058556432808343,0.0670154051198385,5395.241309032846,2712.9912289503795,6.351747512817383,0.28376815,1.5856743,3.1529427,0.2837529,-0.0021607641535215,0.1243368742868615,5.587922046081632,1.259758212728595,7.039430689663316,123685.42,0.0008062217753098,0.0128803476691246,0.115542106927113,0.4780433975557422,0.3634118544047902,0.0429867111848419,3079.392613204913,2866.439743949072,6.500304222106934
88,52200,3,0.27964786,2.471447,4.46558,0.279227,-0.0017395126066001,0.6799330258085079,8.837711176857434,1.282671756835828,11.335882521667893,120119.68,0.0041582645742409,0.0124517679214477,0.0090555911933235,0.0745945965544838,0.4604162577536092,0.4558153547162488,7657.663454848618,3242.339524167445,7.224812507629394,0.4777928,19.132423,22.222137,0.47770217,-0.1915661769244507,6.332454490769075,40.0433481248553,1.264579419824328,50.63799393965909,350647.22,0.3300125677217706,0.0365676842629909,0.0365937570887816,0.5431991929813599,0.1949980098892657,0.2251609682965114,3738.2182742739833,3798.3585113678673,6.478005409240723,0.19775206,1.3112068,2.6103973,0.19760789,-0.0086164738872281,0.3258374675821547,6.630559638803759,1.2691518968508777,8.415187342813214,60066.625,0.0004982933298193,0.0062440745532512,0.0714439281853995,0.2048244587952957,0.653840153200726,0.0698847803997661,5129.266146014928,2917.899409246042,6.393549919128418,0.28636727,1.5818596,3.1118393,0.28635225,-0.0045329972804017,0.1382114331069863,5.523884077758261,1.259924658031632,6.959677757700256,125961.53,0.0009294744828744,0.0131118828430771,0.1392995552703497,0.4782079437359174,0.342147403828658,0.0403275618298875,2912.9124797925906,2866.388964470813,6.401946067810059
89,52800,3,0.35733142,4.611683,8.868599,0.35701978,0.0108859978452711,3.528561910637163,12.905897913842995,1.3689383216609574,17.667378229753325,196125.3,0.0575284385807038,0.0204614587128162,0.004745464410079,0.0497740554461807,0.3248485547892328,0.6204359116112176,8646.78403639633,3100.880719148327,7.206117630004883,0.53559345,6.090355,11.322594,0.5355257,0.0081289174249811,2.0494103351601733,11.371227408835464,1.3160977086516656,14.965646337353316,440617.5,0.1686436336365313,0.046028658747673,0.021882626019659,0.3487498587623342,0.2044278425080654,0.4248518338452651,5576.516431370521,4120.206728664307,6.87645149230957,0.21465899,1.7256737,3.2341957,0.21453439,-0.0083059763400294,0.9448042791632374,8.039139993580275,1.2923844837932297,10.38965979079315,70776.55,0.0020060335037861,0.0073849344626069,0.0597719951320869,0.1472596425331393,0.725922701585904,0.0670344051933608,5482.012442849639,2672.1312853867757,6.289793968200684,0.275632,1.5616417,3.0270576,0.27561522,-0.0039497689802106,0.2119038505745685,5.665676434711988,1.263643757160862,7.159396656843187,116694.54,0.0012230870171105,0.0121531756594777,0.1366615277111981,0.4094946936960349,0.3965318103463076,0.0572683932736468,3328.3435613998377,3052.427145028169,6.567146301269531
