shaft_hz,rpm_est,shaft_std,CH1_rms,CH1_peak,CH1_std,CH1_kurt,CH1_skew,CH1_crest,CH1_impulse,CH1_shape,CH1_margin,CH1_BPFI_h1,CH1_BPFI_h2,CH1_BPFI_h3,CH1_BPFO_h1,CH1_BPFO_h2,CH1_BPFO_h3,CH1_BSF_h1,CH1_BSF_h2,CH1_BSF_h3,CH1_FTF_h1,CH1_FTF_h2,CH1_FTF_h3,CH1_BPFI_sb_p,CH1_BPFI_sb_m,CH1_BPFO_sb_p,CH1_BPFO_sb_m,CH1_BSF_sb_p,CH1_BSF_sb_m,CH1_E_low,CH1_E_mid,CH1_E_high,CH1_E_vhigh,CH2_rms,CH2_peak,CH2_std,CH2_kurt,CH2_skew,CH2_crest,CH2_impulse,CH2_shape,CH2_margin,CH2_BPFI_h1,CH2_BPFI_h2,CH2_BPFI_h3,CH2_BPFO_h1,CH2_BPFO_h2,CH2_BPFO_h3,CH2_BSF_h1,CH2_BSF_h2,CH2_BSF_h3,CH2_FTF_h1,CH2_FTF_h2,CH2_FTF_h3,CH2_BPFI_sb_p,CH2_BPFI_sb_m,CH2_BPFO_sb_p,CH2_BPFO_sb_m,CH2_BSF_sb_p,CH2_BSF_sb_m,CH2_E_low,CH2_E_mid,CH2_E_high,CH2_E_vhigh,CH3_rms,CH3_peak,CH3_std,CH3_kurt,CH3_skew,CH3_crest,CH3_impulse,CH3_shape,CH3_margin,CH3_BPFI_h1,CH3_BPFI_h2,CH3_BPFI_h3,CH3_BPFO_h1,CH3_BPFO_h2,CH3_BPFO_h3,CH3_BSF_h1,CH3_BSF_h2,CH3_BSF_h3,CH3_FTF_h1,CH3_FTF_h2,CH3_FTF_h3,CH3_BPFI_sb_p,CH3_BPFI_sb_m,CH3_BPFO_sb_p,CH3_BPFO_sb_m,CH3_BSF_sb_p,CH3_BSF_sb_m,CH3_E_low,CH3_E_mid,CH3_E_high,CH3_E_vhigh,CH4_rms,CH4_peak,CH4_std,CH4_kurt,CH4_skew,CH4_crest,CH4_impulse,CH4_shape,CH4_margin,CH4_BPFI_h1,CH4_BPFI_h2,CH4_BPFI_h3,CH4_BPFO_h1,CH4_BPFO_h2,CH4_BPFO_h3,CH4_BSF_h1,CH4_BSF_h2,CH4_BSF_h3,CH4_FTF_h1,CH4_FTF_h2,CH4_FTF_h3,CH4_BPFI_sb_p,CH4_BPFI_sb_m,CH4_BPFO_sb_p,CH4_BPFO_sb_m,CH4_BSF_sb_p,CH4_BSF_sb_m,CH4_E_low,CH4_E_mid,CH4_E_high,CH4_E_vhigh,file,idx,t_min
13.270264625549316,796.215877532959,0.05105174705386162,0.15260735349506543,0.8977662920951843,0.15260735154151917,3.871515103323439,-0.016446481402941335,5.882850803281991,7.626219996827897,1.2963476810551267,9.150697002980552,0.011915414594113827,0.010755809023976326,0.0116770314052701,0.013257802464067936,0.012006868608295918,0.010755809023976326,0.010708598420023918,0.016413457691669464,0.011745250783860683,0.012744048610329628,0.012477005831897259,0.012390254065394402,0.011949954554438591,0.012324325740337372,0.01381241250783205,0.012488656677305698,0.013036544434726238,0.013239020481705666,0.01813628152012825,0.028237398713827133,0.07508370280265808,0.0655607357621193,0.17176467974609244,1.001516580581665,0.17176468670368195,3.5003247787295595,0.0017631378292403408,5.830748102940232,7.443999142746545,1.2766799407768634,8.863913568826268,0.01593567430973053,0.013085242360830307,0.01666553132236004,0.017763765528798103,0.015368277207016945,0.014685134403407574,0.025911929085850716,0.01759946346282959,0.015407199040055275,0.024545438587665558,0.020493263378739357,0.020185371860861778,0.015897324308753014,0.015746358782052994,0.016720831394195557,0.025911929085850716,0.016278553754091263,0.0186019130051136,0.03553307428956032,0.05252348259091377,0.09067007154226303,0.09747383743524551,0.11900203101068833,0.7811562418937683,0.11900202929973602,4.139309929577307,-0.023281371152847962,6.564226133448157,8.585330367097844,1.3078968019323873,10.34401596854487,0.009109526872634888,0.00819417554885149,0.008311642333865166,0.010245838202536106,0.009777695871889591,0.00819417554885149,0.00988455954939127,0.01322290487587452,0.009207537397742271,0.010319816879928112,0.009792315773665905,0.010300368070602417,0.00871528871357441,0.009277706034481525,0.009930159896612167,0.00988455954939127,0.00958896055817604,0.01030100416392088,0.01190023124217987,0.01856672577559948,0.05525773763656616,0.04256455600261688,0.1636205692951772,0.9611330628395081,0.16362057626247406,3.825760643225078,-0.003944886288330431,5.8741579190180575,7.586910021305509,1.2915740648957155,9.08289308321207,0.013754446059465408,0.011556408368051052,0.011642048135399818,0.014421884901821613,0.012627092190086842,0.012847614474594593,0.014326123520731926,0.017076898366212845,0.013717155903577805,0.013681692071259022,0.014069117605686188,0.014407264068722725,0.013152849860489368,0.012888679280877113,0.014297074638307095,0.015280142426490784,0.015155762434005737,0.014697791077196598,0.02609444037079811,0.03830626606941223,0.09013082087039948,0.07978923618793488,000001.tdms,0,0.0
13.270264625549316,796.215877532959,0.0,0.15420592319440135,0.9848846793174744,0.15420591831207275,3.857625625757429,-0.021256163553490977,6.386814844173456,8.27557429727977,1.295727917465681,9.928576367906317,0.012099921703338623,0.012372491881251335,0.010855155065655708,0.011854329146444798,0.012848005630075932,0.012372491881251335,0.012048209086060524,0.012490417808294296,0.016531487926840782,0.01234976202249527,0.012601279653608799,0.011862882412970066,0.012490417808294296,0.011869319714605808,0.013471048325300217,0.013764518313109875,0.013016772456467152,0.012016252614557743,0.018191665410995483,0.029320552945137024,0.07884138822555542,0.06781753897666931,0.18081829601456453,1.2583147287368774,0.18081828951835632,3.440479203247384,0.00041538093422734373,6.959001143532084,8.86630500382396,1.2740772448449136,10.545835039894953,0.019491354003548622,0.015816977247595787,0.015056636184453964,0.014811230823397636,0.01778453215956688,0.015816977247595787,0.033105187118053436,0.015948958694934845,0.016439680010080338,0.02418113872408867,0.017405759543180466,0.01793685369193554,0.015948958694934845,0.01711970940232277,0.018316907808184624,0.033105187118053436,0.021045515313744545,0.019465871155261993,0.036491770297288895,0.061690956354141235,0.0954819768667221,0.11104710400104523,0.12018353482929764,0.8409478068351746,0.1201835349202156,4.132500924311526,-0.020483421916791054,6.9971964797808,9.14488804713109,1.3069360098085414,11.011585366125116,0.008737384341657162,0.008777226321399212,0.010070089250802994,0.009837125428020954,0.010832098312675953,0.008915443904697895,0.009317781776189804,0.010211971588432789,0.008980568498373032,0.008784197270870209,0.00979972630739212,0.009796514175832272,0.010211971588432789,0.009539985097944736,0.011144379153847694,0.011168383061885834,0.010275106877088547,0.009748561307787895,0.011488229967653751,0.018315408378839493,0.056937821209430695,0.044681016355752945,0.1670319080518244,0.9918975830078125,0.1670319139957428,3.7807429427481245,-0.006535651474231044,5.938371863057805,7.661375744196028,1.290147522060198,9.167293947283813,0.013250486925244331,0.013089843094348907,0.01274777390062809,0.014648680575191975,0.013211283832788467,0.014007450081408024,0.01617453806102276,0.013545266352593899,0.014911578968167305,0.014522973448038101,0.01375134289264679,0.01323652546852827,0.013545266352593899,0.014817112125456333,0.014174536801874638,0.01617453806102276,0.01370716467499733,0.014454381540417671,0.024900248274207115,0.0399184376001358,0.09149441868066788,0.08588915318250656,000002.tdms,1,10.0
13.217212677001953,793.0327606201172,1.9073486328125e-06,0.15457360886651603,0.955780565738678,0.15457360446453094,3.8885040767775463,-0.014845832619576312,6.183336034834085,8.017932089517442,1.2967000409403733,9.622358621487892,0.012074986472725868,0.010489328764379025,0.01144258864223957,0.012727158144116402,0.011718389578163624,0.010469133965671062,0.012326894327998161,0.011677224189043045,0.013081805780529976,0.012777989730238914,0.012347422540187836,0.012786938808858395,0.011677224189043045,0.011080045253038406,0.013910752721130848,0.011285561136901379,0.011924253776669502,0.012834408320486546,0.018895912915468216,0.030492892488837242,0.07856129109859467,0.06758977472782135,0.17969331524602533,1.0459709167480469,0.1796933114528656,3.4410867889943137,-0.0031994815770328066,5.820867155330548,7.412222758065107,1.2733880640579902,8.813860360503924,0.017783189192414284,0.013485977426171303,0.0141255808994174,0.01608181931078434,0.017946982756257057,0.014644836075603962,0.037961721420288086,0.01636158861219883,0.01697576232254505,0.02369949035346508,0.019060228019952774,0.018095534294843674,0.016034821048378944,0.01943567581474781,0.014441074803471565,0.037961721420288086,0.022972358390688896,0.021694928407669067,0.0360318161547184,0.05905012786388397,0.09396779537200928,0.10673739016056061,0.1209249011458497,0.8605571389198303,0.12092489749193192,4.152942548204162,-0.023303155339979512,7.116459312891204,9.302663914092895,1.3072039767362207,11.20097635890415,0.00954322051256895,0.00787452794611454,0.009796768426895142,0.011093705892562866,0.009521599858999252,0.008168736472725868,0.0099105853587389,0.010864180512726307,0.00960726011544466,0.010829363949596882,0.010349258780479431,0.010516474023461342,0.00930454209446907,0.009002462029457092,0.011092542670667171,0.010184671729803085,0.00969121977686882,0.01038303878158331,0.012932319194078445,0.019681692123413086,0.05758588761091232,0.046207599341869354,0.16775326990630218,1.0457321405410767,0.16775326430797577,3.8145960685230142,-0.006728783131076907,6.233751158026103,8.04572696377285,1.2906718217992685,9.628707874193635,0.0138209518045187,0.012699590064585209,0.012871824204921722,0.016154708340764046,0.01414574682712555,0.012699590064585209,0.017155513167381287,0.015444181859493256,0.015088988468050957,0.017428038641810417,0.015148887410759926,0.014091194607317448,0.014958417974412441,0.012969082221388817,0.014622326008975506,0.017155513167381287,0.015470131300389767,0.015415642410516739,0.027393395081162453,0.04079781472682953,0.09314387291669846,0.08451227098703384,000003.tdms,2,20.0
17.55518341064453,1053.3110046386719,3.814697265625e-06,0.17594860904881757,1.1140745878219604,0.1759486049413681,3.5562586938568965,-0.01185932841933517,6.3318181021417255,8.107611207859724,1.2804554832548556,9.66841574251193,0.010976160876452923,0.01030698511749506,0.010885433293879032,0.013046428561210632,0.01210730616003275,0.010282441042363644,0.013375693000853062,0.011249730363488197,0.011364864185452461,0.018024923279881477,0.014981244690716267,0.013073372654616833,0.011723061092197895,0.012633939273655415,0.0648966059088707,0.013947301544249058,0.01284951251000166,0.01240669097751379,0.02202349528670311,0.04587399587035179,0.03521820157766342,0.057297129184007645,0.2692791409320807,1.4758055210113525,0.2692791521549225,3.125204752706602,0.002568322787220228,5.480578688356665,6.9027613099348555,1.2594949735143075,8.16695681721644,0.04756002500653267,0.030020246282219887,0.0210842527449131,0.020018093287944794,0.04215039312839508,0.030020246282219887,0.03786167502403259,0.030622946098446846,0.03220124542713165,0.07444831728935242,0.024965275079011917,0.025314750149846077,0.03384726867079735,0.039946049451828,0.05767901614308357,0.11161187291145325,0.021249879151582718,0.0798124223947525,0.10695837438106537,0.3216351568698883,0.26954689621925354,0.30777162313461304,0.13050797951992185,0.8765333890914917,0.13050797581672668,3.8852203741243985,-0.01312014460933023,6.716320276475433,8.701430777416725,1.2955651933238406,10.433542227921478,0.011634575203061104,0.008431393653154373,0.007884514518082142,0.008596173487603664,0.009139546193182468,0.008431393653154373,0.00888496171683073,0.010105925612151623,0.008751321583986282,0.01490025781095028,0.008855217136442661,0.009464451111853123,0.010125660337507725,0.008156613446772099,0.059069063514471054,0.011222274973988533,0.009881094098091125,0.009710385464131832,0.010256289504468441,0.026270883157849312,0.019846957176923752,0.03645573556423187,0.2359617640795283,1.2913275957107544,0.23596176505088806,3.2257844699996197,-0.002610413003224282,5.472613754809558,6.921564256483291,1.2647638891745898,8.206678956113743,0.0457272082567215,0.015854736790060997,0.012585052289068699,0.014054128900170326,0.020890064537525177,0.01859409362077713,0.021642087027430534,0.022494357079267502,0.027339616790413857,0.05644737929105759,0.01966499723494053,0.01808171160519123,0.022494357079267502,0.019836314022541046,0.04746630787849426,0.04766847565770149,0.01604413613677025,0.0324878953397274,0.041770391166210175,0.09164955466985703,0.09592156112194061,0.15831756591796875,000004.tdms,3,30.0
17.520896911621094,1051.2538146972656,3.814697265625e-06,0.1837265467759914,1.057215690612793,0.18372654914855957,3.459067940360626,-0.010847145667121375,5.754289236719848,7.342705211606204,1.2760403430453577,8.743433404081015,0.012614961713552475,0.010611765086650848,0.011594231240451336,0.01380204688757658,0.012224607169628143,0.01149166002869606,0.015109623782336712,0.012876253575086594,0.011594612151384354,0.022584393620491028,0.017787689343094826,0.0159589946269989,0.012876253575086594,0.0140346335247159,0.06415770202875137,0.015109623782336712,0.01473056897521019,0.015936018899083138,0.025375207886099815,0.051475148648023605,0.04044695571064949,0.06259945034980774,0.12774337421878765,0.7496363520622253,0.12774337828159332,4.811274511599471,-0.005950278045660259,5.868299288684154,7.885284533533065,1.3437086531592322,9.619923900023611,0.007009906228631735,0.005524836480617523,0.006000650115311146,0.007405766285955906,0.006307044066488743,0.006093263626098633,0.0071493592113256454,0.006413464900106192,0.006677195429801941,0.00732116773724556,0.008005941286683083,0.007588792592287064,0.006413464900106192,0.007150108925998211,0.10289190709590912,0.007319319993257523,0.007181243039667606,0.006840297020971775,0.006846319884061813,0.036741212010383606,0.011653795838356018,0.03334461897611618,0.13488746746613606,0.8285220265388489,0.1348874717950821,3.7649597208511065,-0.008669109336234467,6.142320277062449,7.926346406254611,1.2904482424751333,9.488159190469696,0.010754799470305443,0.008703861385583878,0.007591040804982185,0.00896415114402771,0.009571096859872341,0.008703861385583878,0.008592300117015839,0.009606215171515942,0.009737316519021988,0.011902973987162113,0.010330460965633392,0.009700802154839039,0.009606215171515942,0.009165310300886631,0.05992649868130684,0.014793557114899158,0.01068090833723545,0.011017633602023125,0.011976063251495361,0.02816702052950859,0.021483851596713066,0.0383518785238266,0.24701862774667763,1.4142467975616455,0.24701862037181854,3.191039891316566,0.0027919089368690403,5.725263760318444,7.228264141148888,1.2625207228438409,8.561964466402381,0.03625880926847458,0.015763092786073685,0.01666657067835331,0.015370439738035202,0.018281782045960426,0.017888078466057777,0.025875583291053772,0.018561959266662598,0.0220355037599802,0.04405608028173447,0.021827245131134987,0.017237022519111633,0.018952520564198494,0.01754072867333889,0.050965335220098495,0.051128074526786804,0.016176613047719002,0.03443828970193863,0.049980707466602325,0.09449876844882965,0.09164588898420334,0.15931564569473267,000005.tdms,4,40.0
17.55518341064453,1053.3110046386719,3.814697265625e-06,0.18276200697576483,1.1233315467834473,0.182762011885643,3.476130912151727,-0.0067545786885321694,6.146417219703692,7.845830793875995,1.2764884831970824,9.343063422216037,0.013888396322727203,0.01086380984634161,0.010403155349195004,0.013316399417817593,0.012204483151435852,0.01086380984634161,0.015668882057070732,0.01294723805040121,0.011565539054572582,0.018640488386154175,0.0157222431153059,0.014300781302154064,0.01295880414545536,0.01398586854338646,0.060451287776231766,0.013494765385985374,0.014215836301445961,0.014851067215204239,0.024760529398918152,0.04996740072965622,0.041726671159267426,0.06550376117229462,0.12893255283306404,0.7715094685554504,0.12893255054950714,4.781851812765225,-0.004651334855247962,5.983822173709425,8.02217725785207,1.3406443281517257,9.776311319676305,0.007245220243930817,0.006081413943320513,0.005529284942895174,0.007245971355587244,0.0066374228335917,0.006081413943320513,0.00686420826241374,0.007523094769567251,0.006614785175770521,0.007427546661347151,0.007136341650038958,0.007287926971912384,0.007523094769567251,0.0068493131548166275,0.09631439298391342,0.006638356950134039,0.006988964043557644,0.0076739247888326645,0.006778961047530174,0.03630463778972626,0.011730074882507324,0.035066869109869,0.13895114796342045,0.8099066019058228,0.1389511525630951,3.685245531937263,-0.009953244572216111,5.828714722954534,7.497263215858271,1.2862635370251851,8.960126827455499,0.010928244329988956,0.009357674978673458,0.00868754182010889,0.009363386780023575,0.009802834130823612,0.009357674978673458,0.00984877534210682,0.010164555162191391,0.009224607609212399,0.012993206270039082,0.011910032480955124,0.010264188051223755,0.009467256255447865,0.009406362660229206,0.054707180708646774,0.011309868656098843,0.01144629716873169,0.011563261970877647,0.013385352678596973,0.029520496726036072,0.024973642081022263,0.04298926889896393,0.25446375748811356,1.470771312713623,0.2544637620449066,3.171424189494585,-0.0005459414623419774,5.779885227004578,7.289978175516295,1.2612669437545774,8.630085072558288,0.03249749168753624,0.016219671815633774,0.0158913042396307,0.01630251295864582,0.02426394633948803,0.022575147449970245,0.026895180344581604,0.02645871415734291,0.025351500138640404,0.04139227420091629,0.02011098898947239,0.018558736890554428,0.02867763303220272,0.02055041305720806,0.04589522257447243,0.04527502879500389,0.01586832106113434,0.037538792937994,0.05765172094106674,0.09762074798345566,0.10183221101760864,0.17747649550437927,000006.tdms,5,50.0
17.55518341064453,1053.3110046386719,3.814697265625e-06,0.1834917393807753,1.0555363893508911,0.18349173665046692,3.4628302378563327,-0.009876953515210686,5.752500864142341,7.341775211391571,1.2762753774025168,8.743387813368557,0.013044477440416813,0.011889058165252209,0.010543862357735634,0.014091746881604195,0.013698512688279152,0.011889058165252209,0.01448667049407959,0.013060299679636955,0.011983600445091724,0.01420020405203104,0.015317130833864212,0.013662861660122871,0.013060299679636955,0.012600868940353394,0.062244560569524765,0.013083904050290585,0.014784339815378189,0.014638039283454418,0.023677919059991837,0.051022496074438095,0.04125779867172241,0.06455306708812714,0.35313775748442344,1.904645562171936,0.3531377613544464,3.0271489589348266,0.0008753527895774418,5.393491694968211,6.7662756067322585,1.254526008271185,7.989585098791815,0.06903904676437378,0.02738739736378193,0.027619922533631325,0.03209221363067627,0.0614737831056118,0.027046268805861473,0.05877852067351341,0.03732113167643547,0.05086304619908333,0.08364425599575043,0.04644845053553581,0.03644496574997902,0.04163922742009163,0.040227387100458145,0.09841056913137436,0.1145571693778038,0.03511699289083481,0.11760743707418442,0.3030260503292084,0.5594136714935303,0.5263165235519409,0.6000645160675049,0.14274794119980355,0.8313864469528198,0.1427479386329651,3.602961947223775,-0.006076131720644091,5.824157181987883,7.471672583110094,1.2828761912912328,8.918956959023271,0.01202355045825243,0.00915905088186264,0.010181157849729061,0.009390761144459248,0.010390433482825756,0.009004103019833565,0.01030979584902525,0.010646555572748184,0.00899771973490715,0.014491396956145763,0.011588755063712597,0.010292802937328815,0.010646555572748184,0.009521090425550938,0.05351688340306282,0.011531047523021698,0.010402562096714973,0.012777111493051052,0.014149760827422142,0.02967504784464836,0.0259269867092371,0.043283239006996155,0.26134948871227554,1.7263952493667603,0.26134949922561646,3.152321072543527,-0.004576449853585144,6.605695912676457,8.329282083014578,1.260924237676537,9.860960627116906,0.03354049474000931,0.017430230975151062,0.018110007047653198,0.01648164913058281,0.02407490834593773,0.02263719029724598,0.030162720009684563,0.020783953368663788,0.024985680356621742,0.04515543952584267,0.023232584819197655,0.019565852358937263,0.020916761830449104,0.018338385969400406,0.0462338961660862,0.042225684970617294,0.018599120900034904,0.04143640771508217,0.06192336231470108,0.1043274849653244,0.10668633878231049,0.18398413062095642,000007.tdms,6,60.0
17.55518341064453,1053.3110046386719,3.814697265625e-06,0.1832762062048672,1.0867491960525513,0.1832762062549591,3.475901168601871,-0.00923832967166087,5.929570556680864,7.570015307040211,1.2766549001615393,9.0154637377852,0.01255954522639513,0.012605196796357632,0.010296046733856201,0.01461313758045435,0.01388407964259386,0.012017184868454933,0.016457563266158104,0.012732286006212234,0.012326876632869244,0.018328990787267685,0.016020148992538452,0.012750571593642235,0.013009739108383656,0.013692725449800491,0.061931710690259933,0.016457563266158104,0.013462789356708527,0.012336055748164654,0.023224618285894394,0.04860977828502655,0.0414464995265007,0.0636591985821724,0.3508958960522536,1.6817268133163452,0.35089588165283203,3.0143304068018772,0.005547214510206605,4.792665950889067,6.008434259371257,1.2536726575438994,7.091784652777515,0.05945398658514023,0.025296902284026146,0.028991222381591797,0.033313922584056854,0.08237705379724503,0.02852180227637291,0.05451003834605217,0.03681408613920212,0.046242855489254,0.07903938740491867,0.04606169834733009,0.0366717129945755,0.04437408223748207,0.035154249519109726,0.09604138880968094,0.12524262070655823,0.032276589423418045,0.08888129889965057,0.31252801418304443,0.5004352331161499,0.5011082887649536,0.5721884965896606,0.144781643248398,0.8561303615570068,0.14478164911270142,3.58196301899602,-0.005941802331940561,5.913252138519845,7.572633783257994,1.280620816746284,9.028768506477567,0.011121748015284538,0.00952970888465643,0.00845232605934143,0.009613440372049809,0.010250129736959934,0.00952970888465643,0.01291185338050127,0.009976958855986595,0.010190088301897049,0.011660908348858356,0.01262014638632536,0.010110444389283657,0.009976958855986595,0.009640592150390148,0.053546883165836334,0.013554012402892113,0.010723737068474293,0.011356929317116737,0.015357427299022675,0.030341340228915215,0.026873674243688583,0.04460616409778595,0.25959753750524384,1.5559135675430298,0.2595975399017334,3.1361781403071856,-0.010411301423983423,5.993560580333319,7.55111915607872,1.2598720001022798,8.93527826600428,0.03184864670038223,0.019721120595932007,0.016992108896374702,0.01905767433345318,0.028460320085287094,0.023815395310521126,0.02345527522265911,0.019029363989830017,0.03094905987381935,0.03822276368737221,0.021414969116449356,0.019017694517970085,0.02478545531630516,0.018940625712275505,0.04663967341184616,0.04814397543668747,0.017928892746567726,0.03390132263302803,0.06295602768659592,0.10115104168653488,0.10747192054986954,0.18628732860088348,000008.tdms,7,70.0
17.55518341064453,1053.3110046386719,3.814697265625e-06,0.18517679148819804,1.7156435251235962,0.1851767897605896,4.11359950148777,0.012454825220860602,9.264894975961067,11.939505891568835,1.2886822702844858,14.260887342291412,0.013980786316096783,0.012256326153874397,0.011013560928404331,0.015627356246113777,0.015119119547307491,0.012256326153874397,0.01757395640015602,0.01420763973146677,0.011900418438017368,0.018667984753847122,0.014405230060219765,0.014229454100131989,0.015038239769637585,0.014270756393671036,0.06036272644996643,0.01484426949173212,0.013908416964113712,0.013899071142077446,0.027703413739800453,0.05254712700843811,0.04518914222717285,0.06733901053667068,0.36704082806181393,4.467281341552734,0.36704084277153015,3.672923423238654,-0.03948896181767632,12.171074714337752,15.40689516663256,1.2658615223586582,18.246509061986426,0.0613337941467762,0.02852686494588852,0.029233062639832497,0.033173464238643646,0.08126053959131241,0.02852686494588852,0.0774126648902893,0.037609703838825226,0.04398281127214432,0.07315065711736679,0.04984556883573532,0.03678165376186371,0.04575522989034653,0.041373446583747864,0.09922235459089279,0.1102418452501297,0.03699503093957901,0.13476353883743286,0.3130742311477661,0.5930033922195435,0.5616848468780518,0.6394309997558594,0.14442775861548082,0.8389646410942078,0.14442776143550873,3.575181271782766,-0.010648733752571636,5.80888777293731,7.442093510806752,1.281156359308281,8.8773481256167,0.009989488869905472,0.009056802839040756,0.008684479631483555,0.01036391593515873,0.011995602399110794,0.010002875700592995,0.010245575569570065,0.009764869697391987,0.01064321305602789,0.011929069645702839,0.010100760497152805,0.009683175012469292,0.009764869697391987,0.010531340725719929,0.05583743378520012,0.013132592663168907,0.01090447697788477,0.010578887537121773,0.01476446446031332,0.031715404242277145,0.028135571628808975,0.04710410535335541,0.2627210356303345,1.5415685176849365,0.2627210319042206,3.1647651361927536,-0.004562791360170559,5.867701130160065,7.402966584686516,1.2616468392766573,8.765989803471832,0.028175638988614082,0.019770322367548943,0.015681978315114975,0.017412802204489708,0.032067686319351196,0.02262786775827408,0.030462535098195076,0.023099390789866447,0.026971925050020218,0.04580884054303169,0.025890138000249863,0.01885039545595646,0.023099390789866447,0.018463199958205223,0.05038869380950928,0.04466419667005539,0.01892152428627014,0.04602952301502228,0.06272536516189575,0.11220846325159073,0.11394736170768738,0.1922047883272171,000009.tdms,8,80.0
13.263222694396973,795.7933616638184,1.9073486328125e-06,0.16275018977778222,0.9857363700866699,0.16275018453598022,3.6651067961049106,-0.018514181904886448,6.056744827349119,7.786644430651565,1.2856154011130065,9.3055173194432,0.012258797883987427,0.01103196106851101,0.011884927749633789,0.012993669137358665,0.013007177971303463,0.01103196106851101,0.0129214096814394,0.013448622077703476,0.013414418324828148,0.013936711475253105,0.013096809387207031,0.012875435873866081,0.013713632710278034,0.013943823985755444,0.012935134582221508,0.01226466242223978,0.01298471912741661,0.013172009959816933,0.02161898836493492,0.03454221040010452,0.07521172612905502,0.07030603289604187,0.24244710636652267,1.7366838455200195,0.2424471080303192,3.1423334921118324,0.006290918615433304,7.163145279591683,9.025602265018291,1.260005474233907,10.681227541445931,0.03235502168536186,0.025069838389754295,0.019612962380051613,0.028602367267012596,0.029651185497641563,0.025069838389754295,0.05102846026420593,0.029096411541104317,0.02473408728837967,0.03746438026428223,0.038896579295396805,0.031620562076568604,0.0239836685359478,0.028270656242966652,0.04003291577100754,0.05102846026420593,0.0315001904964447,0.0370359905064106,0.121413454413414,0.1690748929977417,0.1818351149559021,0.22693267464637756,0.14352785884813646,0.9030072093009949,0.14352786540985107,3.585900282765018,-0.01818023255058874,6.29151174237502,8.064179382043498,1.2817554368895294,9.622863159767068,0.013040618039667606,0.011075340211391449,0.010735000483691692,0.01355071272701025,0.013279194943606853,0.012371857650578022,0.015317454934120178,0.01516872737556696,0.011721906252205372,0.0135580413043499,0.013177484273910522,0.011956552974879742,0.01516872737556696,0.012332147918641567,0.01415757741779089,0.015317454934120178,0.012876602821052074,0.012513039633631706,0.028501588851213455,0.03761596232652664,0.0616447888314724,0.06567095220088959,0.20415381168910465,1.3145766258239746,0.20415380597114563,3.38077408044637,-0.01222908672094348,6.439148086178649,8.187280074095934,1.2714849797707828,9.72987133060062,0.02040957473218441,0.018743151798844337,0.01575329899787903,0.023085668683052063,0.019796473905444145,0.019485529512166977,0.02497750148177147,0.025337936356663704,0.020901309326291084,0.023464513942599297,0.0220366008579731,0.020514866337180138,0.025337936356663704,0.019410090520977974,0.022530056536197662,0.025031931698322296,0.020394470542669296,0.019168322905898094,0.06880959868431091,0.08273355662822723,0.12056424468755722,0.13647229969501495,000010.tdms,9,90.0
13.269044876098633,796.142692565918,9.5367431640625e-07,0.16282480428589619,0.9751273989677429,0.162824809551239,3.70608061117711,-0.019179904999321522,5.98881357938293,7.7125928352928215,1.2878331798211533,9.224821640913184,0.013888775371015072,0.011970971710979939,0.012644159607589245,0.013313966803252697,0.012946723029017448,0.0118437884375453,0.014104476198554039,0.014767919667065144,0.01261739432811737,0.012947574257850647,0.0139884352684021,0.014657420106232166,0.013001912273466587,0.011660006828606129,0.01348656602203846,0.01341921091079712,0.01399664580821991,0.014390713535249233,0.023180488497018814,0.03501540794968605,0.08028312027454376,0.07490281760692596,0.22857300942616146,1.321051836013794,0.2285730093717575,3.195108678639515,0.002143172124458426,5.7795618097269195,7.297994692025526,1.2627245684513841,8.645508374544024,0.023876197636127472,0.020050279796123505,0.01816680282354355,0.023012084886431694,0.03237483277916908,0.020050279796123505,0.06242489069700241,0.026254825294017792,0.01955811120569706,0.0356009416282177,0.035493154078722,0.030184952542185783,0.023368846625089645,0.024386025965213776,0.036769453436136246,0.06242489069700241,0.029419559985399246,0.036632176488637924,0.09849295020103455,0.14507892727851868,0.16516804695129395,0.19242428243160248,0.13683506241457877,0.8345078229904175,0.13683506846427917,3.707604935272735,-0.018766327462553387,6.098640277314675,7.846645734477381,1.2866221612815603,9.37730049531802,0.011921091936528683,0.009954559616744518,0.010432072915136814,0.014117096550762653,0.012190193869173527,0.009736890904605389,0.01181152742356062,0.01238022930920124,0.011088619939982891,0.010579629801213741,0.011400407180190086,0.0133212236687541,0.011823922395706177,0.01229042001068592,0.012341361492872238,0.011519074440002441,0.012435773387551308,0.011278148740530014,0.01970626786351204,0.02908465266227722,0.060924842953681946,0.056885138154029846,0.19413385475373537,1.1650480031967163,0.19413384795188904,3.455153705980789,-0.005244830267053701,6.001261370277815,7.650450415894218,1.2748070686913038,9.103561096713724,0.016860179603099823,0.01667126454412937,0.012982954271137714,0.01793801784515381,0.018996015191078186,0.01667126454412937,0.02286720462143421,0.01923634298145771,0.016355276107788086,0.027418453246355057,0.02016068994998932,0.017442747950553894,0.01923634298145771,0.018883340060710907,0.0190252885222435,0.02286720462143421,0.01824336126446724,0.01899353414773941,0.04467618465423584,0.0658351257443428,0.10843180865049362,0.1225222796201706,000011.tdms,10,100.0
13.217212677001953,793.0327606201172,1.9073486328125e-06,0.16318499817349438,1.0974115133285522,0.1631850004196167,3.727598274902367,-0.021440298624523978,6.724953430840564,8.667397991950715,1.2888413401053636,10.370002104228483,0.014062981121242046,0.012165676802396774,0.011880721896886826,0.01568187214434147,0.013503232039511204,0.012049461714923382,0.01302232127636671,0.014485294930636883,0.013659357093274593,0.01387261226773262,0.013687110505998135,0.014368923380970955,0.013844605535268784,0.012650672346353531,0.012978041544556618,0.013102520257234573,0.013754875399172306,0.013329396024346352,0.021865662187337875,0.03481390327215195,0.07861781120300293,0.07453712075948715,0.13171649042863523,0.8992201089859009,0.13171648979187012,4.568261966886958,-0.011940928535758035,6.826936445540231,9.056257755965818,1.3265478341873118,10.975283043491034,0.010944847017526627,0.00969129428267479,0.008317628875374794,0.012206478975713253,0.009736858308315277,0.008968094363808632,0.010859020054340363,0.013221575878560543,0.010570270009338856,0.011818586848676205,0.011709443293511868,0.011588353663682938,0.010383318178355694,0.009709267877042294,0.011353405192494392,0.011591325514018536,0.01200702041387558,0.010728729888796806,0.014809567481279373,0.022763893008232117,0.08641421049833298,0.0557284951210022,0.13660723361645416,0.9193469882011414,0.13660722970962524,3.752853111276667,-0.022503833823576423,6.729855834591817,8.67098770810905,1.2884358775621483,10.369168590552336,0.011524912901222706,0.011098609305918217,0.008640547282993793,0.013242974877357483,0.011814066208899021,0.01137528195977211,0.011298120021820068,0.01185750775039196,0.011796063743531704,0.012034446932375431,0.01341938879340887,0.012112588621675968,0.011670594103634357,0.011473562568426132,0.012210911139845848,0.01259632594883442,0.012219344265758991,0.012893048115074635,0.019630778580904007,0.02965780720114708,0.05914763733744621,0.057380616664886475,0.19232174828861154,1.1876330375671387,0.1923217475414276,3.513319335988542,-0.007912327972762355,6.175240440227764,7.8869506161514416,1.2771892353815044,9.391163156575177,0.016221310943365097,0.015949422493577003,0.014615519903600216,0.01582413539290428,0.019150812178850174,0.015055187977850437,0.02124405838549137,0.01766568049788475,0.018626699224114418,0.021163979545235634,0.020100312307476997,0.020863555371761322,0.01766568049788475,0.019352586939930916,0.019887857139110565,0.02124405838549137,0.022403908893465996,0.01860695518553257,0.04480016604065895,0.06550092995166779,0.11254087835550308,0.11736485362052917,000012.tdms,11,110.0
13.270264625549316,796.215877532959,0.0,0.1621508775002276,0.9823299646377563,0.16215087473392487,3.7516976778601463,-0.017609406407923942,6.058123025799706,7.81429855688717,1.289887729847751,9.353998353246618,0.013203228823840618,0.011655125766992569,0.010530565865337849,0.014373956248164177,0.012811885215342045,0.011655125766992569,0.013158896937966347,0.013922667130827904,0.012831241823732853,0.014069844037294388,0.01267425250262022,0.013912511989474297,0.013922667130827904,0.01304531842470169,0.01393868774175644,0.013495645485818386,0.013202154077589512,0.014723201282322407,0.02222122810781002,0.0354987271130085,0.08141689002513885,0.07472458481788635,0.13151618894492598,0.8519968390464783,0.13151618838310242,4.578922042372907,-0.01320050881972564,6.478265876478997,8.588870445617804,1.325797768937193,10.401987109336485,0.009883871302008629,0.00925381202250719,0.009048192761838436,0.010410667397081852,0.01005205512046814,0.009835537523031235,0.010205489583313465,0.011222578585147858,0.010118723846971989,0.010657936334609985,0.010720527730882168,0.010217266157269478,0.011222578585147858,0.011008148081600666,0.010279474779963493,0.010855303145945072,0.010447745211422443,0.01117074117064476,0.014208079315721989,0.022579360753297806,0.08616024255752563,0.056335993111133575,0.135339413822905,0.8876387476921082,0.1353394091129303,3.7740109980544423,-0.019003143404101645,6.55861232599696,8.450939984400035,1.2885256155333784,10.103313760842719,0.011677693575620651,0.011045511811971664,0.009564610198140144,0.011565079912543297,0.010949931107461452,0.011141195893287659,0.011574264615774155,0.011233295314013958,0.011314621195197105,0.013417955487966537,0.012724014930427074,0.012487181462347507,0.011233295314013958,0.012209504842758179,0.011409232392907143,0.011980516836047173,0.012245368212461472,0.011310028843581676,0.017922036349773407,0.027697276324033737,0.05999169871211052,0.057065099477767944,0.19002596779664555,1.1865216493606567,0.19002597033977509,3.5203549156552443,-0.012188286465535512,6.243997402662363,7.974906913989297,1.2772117603042075,9.494588774191122,0.017260512337088585,0.01573321409523487,0.0149550074711442,0.020571332424879074,0.020556744188070297,0.01573321409523487,0.024350959807634354,0.01542485412210226,0.016841167584061623,0.024743398651480675,0.017211103811860085,0.017454877495765686,0.015213814564049244,0.016569428145885468,0.016905564814805984,0.024350959807634354,0.020449914038181305,0.017084652557969093,0.040333911776542664,0.06123653054237366,0.10700058937072754,0.1225801408290863,000013.tdms,12,120.0
13.270264625549316,796.215877532959,0.0,0.1617291771941022,1.0183303356170654,0.16172917187213898,3.750006868782244,-0.016877391210296834,6.296515899508336,8.119666207171218,1.289549067573266,9.71509223944333,0.013098067604005337,0.011920559220016003,0.012109169736504555,0.012784600257873535,0.013070202432572842,0.011920559220016003,0.01352950744330883,0.01433064416050911,0.013533096760511398,0.013928934931755066,0.014159632846713066,0.01350499875843525,0.011951656080782413,0.011574025265872478,0.014740030281245708,0.01352950744330883,0.013973896391689777,0.014575318433344364,0.02221612259745598,0.034573014825582504,0.07981374114751816,0.07448043674230576,0.13170516981482858,0.9308948516845703,0.1317051649093628,4.540603873432296,-0.008968712903631425,7.068020587144496,9.36881290814772,1.325521451534531,11.350897313275691,0.011525704525411129,0.008614198304712772,0.008603411726653576,0.011023459024727345,0.010803963989019394,0.010508171282708645,0.010084880515933037,0.011410234495997429,0.009414907544851303,0.010861750692129135,0.01123648788779974,0.010805957950651646,0.009643223136663437,0.009379161521792412,0.01165872160345316,0.011806084774434566,0.010168216191232204,0.010798564180731773,0.014929939061403275,0.023289555683732033,0.08537665754556656,0.056753773242235184,0.1354502825705537,0.8906407356262207,0.13545028865337372,3.749011746348633,-0.01839287570327711,6.575406996011997,8.4732773002503,1.2886316094789823,10.135940080472226,0.016143621876835823,0.012032235972583294,0.010300475172698498,0.01329757273197174,0.010982166044414043,0.012032235972583294,0.011168703436851501,0.012064635753631592,0.010517644695937634,0.012421337887644768,0.014253517612814903,0.013218376785516739,0.010861332528293133,0.011283932253718376,0.013347815722227097,0.014157013967633247,0.011976170353591442,0.01214347779750824,0.019856253638863564,0.02955341711640358,0.06062329560518265,0.05647343024611473,0.19014695526451872,1.1858956813812256,0.19014695286750793,3.5205719612526303,-0.005817806098506067,6.236732424831589,7.9721983197742174,1.2782652480059686,9.49978014439298,0.018194055184721947,0.019410915672779083,0.013643812388181686,0.020073899999260902,0.01687261089682579,0.019410915672779083,0.019125064834952354,0.017003405839204788,0.017836961895227432,0.023782117292284966,0.020566368475556374,0.01777474768459797,0.017003405839204788,0.016895443201065063,0.018318792805075645,0.01912681944668293,0.01835791952908039,0.019397953525185585,0.05024408549070358,0.06697240471839905,0.10784351080656052,0.12192022055387497,000014.tdms,13,130.0
13.270264625549316,796.215877532959,0.0,0.15967430895428417,0.9908075928688049,0.15967430174350739,3.7477941422681704,-0.01805490106814827,6.205178524696041,8.001840765925179,1.2895423933539683,9.575196578254506,0.014076557010412216,0.013145108707249165,0.011398755945265293,0.013419645838439465,0.011802556924521923,0.010882669128477573,0.013390627689659595,0.013278289698064327,0.012253274209797382,0.013301791623234749,0.01219238992780447,0.013880765996873379,0.012080175802111626,0.012883652932941914,0.011213729158043861,0.013390627689659595,0.014172588475048542,0.014339190907776356,0.023458585143089294,0.03393697366118431,0.07996026426553726,0.07615821808576584,0.1299774355860476,0.843733549118042,0.12997743487358093,4.525913309341162,-0.006017278964652288,6.491384795474549,8.598134474203622,1.32454549300448,10.4108326712031,0.010755090974271297,0.00810529850423336,0.008353493176400661,0.011688725091516972,0.008965833112597466,0.008576586842536926,0.010949298739433289,0.011946748942136765,0.01028398796916008,0.011679799295961857,0.01004940364509821,0.01090251374989748,0.010085816495120525,0.009649327024817467,0.010398808866739273,0.010949298739433289,0.011816619895398617,0.011033955961465836,0.014140870422124863,0.022236362099647522,0.08351224660873413,0.05576084554195404,0.1363133414267448,0.9385099411010742,0.136313334107399,3.730053751723807,-0.01132609545702388,6.884945606042767,8.87224233593053,1.2886437807356903,10.615076602081988,0.012251263484358788,0.011557972058653831,0.009262864477932453,0.016155410557985306,0.011376839131116867,0.011557972058653831,0.01946171373128891,0.012060279957950115,0.01088636089116335,0.013937723822891712,0.012423757463693619,0.013157961890101433,0.011695544235408306,0.011042095720767975,0.01757202297449112,0.014336496591567993,0.014215716160833836,0.01409923005849123,0.030039429664611816,0.0351223349571228,0.059863217175006866,0.06043849140405655,0.1927384222013154,1.1463974714279175,0.19273841381072998,3.485504718537561,-0.0036811782668525013,5.9479446720307,7.5939587832164115,1.2767366211265956,9.043580220539702,0.020105870440602303,0.015367052517831326,0.014138486236333847,0.01962714083492756,0.017662063241004944,0.016949232667684555,0.02180349826812744,0.017355360090732574,0.017164088785648346,0.019961625337600708,0.021781353279948235,0.019286150112748146,0.017355360090732574,0.019647754728794098,0.01803044229745865,0.02180349826812744,0.020174749195575714,0.02054600417613983,0.06683401018381119,0.0741480141878128,0.11288689076900482,0.12263251841068268,000015.tdms,14,140.0
16.045591354370117,962.735481262207,0.8767071962356567,0.15118051523953185,0.9181784987449646,0.15118052065372467,4.059458293340077,-0.01781711919713608,6.073391781276799,7.931166677779085,1.305887544128057,9.551121064300043,0.00903909932821989,0.00978594459593296,0.00811081938445568,0.009960121475160122,0.017652716487646103,0.00978594459593296,0.00978854764252901,0.010071353055536747,0.02213866449892521,0.01042355876415968,0.011117714457213879,0.00989400502294302,0.010071353055536747,0.04189400374889374,0.06007876992225647,0.009733960963785648,0.010448908433318138,0.010275769978761673,0.013937771320343018,0.027449097484350204,0.05208825692534447,0.04775158688426018,0.3160498931751213,1.7561570405960083,0.3160499036312103,3.1623991037611625,-0.0012500100602290138,5.556581661690145,7.012714601066137,1.2620555276664611,8.3071238285956,0.03710354492068291,0.024705056101083755,0.023861970752477646,0.02810514159500599,0.052943598479032516,0.024705056101083755,0.0462106391787529,0.03430789336562157,0.02693609707057476,0.07636594027280807,0.03827788308262825,0.03071213699877262,0.03430789336562157,0.03392620012164116,0.07301015406847,0.07940337806940079,0.03240159526467323,0.09521550685167313,0.2582762837409973,0.42008548974990845,0.40849053859710693,0.46213316917419434,0.14449858940815374,0.805143415927887,0.14449858665466309,3.571808036575475,-0.008768347894774629,5.571981146844707,7.137342591720527,1.280934447483235,8.51357459121547,0.011696345172822475,0.009596046060323715,0.009375089779496193,0.011178536340594292,0.01236545480787754,0.010652375407516956,0.011928876861929893,0.011122051626443863,0.016184139996767044,0.013485978357493877,0.013314920477569103,0.01121749822050333,0.01052181888371706,0.029581915587186813,0.03917328268289566,0.011145932599902153,0.010530192404985428,0.01231255941092968,0.016476791352033615,0.027841079980134964,0.043274492025375366,0.04819589853286743,0.2358920195619732,1.432695984840393,0.23589201271533966,3.2977228487944785,-0.006402239963316095,6.073524604608327,7.70525843380977,1.268663409705026,9.152275568696096,0.020941248163580894,0.017572319135069847,0.018387392163276672,0.018818560987710953,0.02394126169383526,0.017572319135069847,0.02180790714919567,0.02037273719906807,0.01758982427418232,0.03619762882590294,0.02786458656191826,0.019974276423454285,0.02037273719906807,0.029766477644443512,0.03440045937895775,0.030926179140806198,0.020676638931035995,0.03259294107556343,0.0648566409945488,0.09439997375011444,0.11615912616252899,0.16042181849479675,000016.tdms,15,150.0
17.55518341064453,1053.3110046386719,3.814697265625e-06,0.1876390160358132,1.1014002561569214,0.1876390129327774,3.4202387944088595,-0.008811241077382563,5.869782731895725,7.474603957447363,1.2734038547681201,8.888934427619754,0.012422586791217327,0.01200148556381464,0.010588182136416435,0.014399128966033459,0.012234440073370934,0.01200148556381464,0.014909351244568825,0.012833120301365852,0.012693265452980995,0.020465927198529243,0.01781182922422886,0.013963744044303894,0.012833120301365852,0.014140433631837368,0.06375022977590561,0.013099792413413525,0.01443315390497446,0.013822789303958416,0.026127435266971588,0.05090748891234398,0.04389221966266632,0.06662119179964066,0.1265697191675521,0.7648181319236755,0.1265697181224823,4.894720214266155,0.00021158869694273607,6.042662786596016,8.139970620595319,1.3470833816263261,9.94125553512829,0.00698181614279747,0.006201215088367462,0.005168198607861996,0.0070220064371824265,0.006769601255655289,0.005411162506788969,0.006588892079889774,0.007006510626524687,0.006621821783483028,0.0068376315757632256,0.007956616580486298,0.007122631650418043,0.007006510626524687,0.006435838527977467,0.10791574418544769,0.007065508980304003,0.007048549130558968,0.007172952871769667,0.006739082746207714,0.0378558412194252,0.011464728973805904,0.03177949786186218,0.14511972556070307,0.9907288551330566,0.14511972665786743,3.570803464476741,-0.0008982562266598242,6.826975804323983,8.74313943654767,1.280675322008619,10.425737683846862,0.010925618931651115,0.009473755955696106,0.008617441169917583,0.0101410411298275,0.011337350122630596,0.009294409304857254,0.013652878813445568,0.009994857013225555,0.01118963398039341,0.016057489439845085,0.011724455282092094,0.009711822494864464,0.009942946024239063,0.009957907721400261,0.05417655408382416,0.011805467307567596,0.010641525499522686,0.012380385771393776,0.016365375369787216,0.03194268047809601,0.027782365679740906,0.04614732414484024,0.26351182106455007,1.3896377086639404,0.2635118067264557,3.1473235182354715,0.0010650984756717563,5.273530815619591,6.647741783901684,1.260586505764191,7.867740990619455,0.03138149157166481,0.01750548556447029,0.017261387780308723,0.01827997714281082,0.03127218782901764,0.022540120407938957,0.02582715079188347,0.021731970831751823,0.02536502666771412,0.0454256609082222,0.028479309752583504,0.019218308851122856,0.021731970831751823,0.020176662132143974,0.053326912224292755,0.03708904981613159,0.01844671554863453,0.03943060338497162,0.07330937683582306,0.11134102940559387,0.11366643011569977,0.19260767102241516,000017.tdms,16,160.0
17.55518341064453,1053.3110046386719,3.814697265625e-06,0.1830038068204738,1.0805751085281372,0.18300381302833557,3.4847517635249274,-0.008031244387888195,5.90465918333698,7.539211324801542,1.2768241300153764,8.977702508107948,0.012766668573021889,0.010907301679253578,0.011501242406666279,0.013618646189570427,0.012502984143793583,0.011453184299170971,0.012207506224513054,0.01197773590683937,0.013907007873058319,0.019781947135925293,0.01576324738562107,0.012975546531379223,0.012263193726539612,0.012068064883351326,0.06534061580896378,0.013896184042096138,0.012782477773725986,0.013342452235519886,0.02295197919011116,0.04812566190958023,0.04109310358762741,0.06262072920799255,0.12653722127964565,0.7540252208709717,0.12653721868991852,4.889608292762478,0.0003110203543810036,5.95892033384063,8.031392436646085,1.3477932220432471,9.813764053908182,0.0068204402923583984,0.006107572931796312,0.005718272179365158,0.007054680492728949,0.007093104999512434,0.006107572931796312,0.007502727676182985,0.007018526084721088,0.006505677476525307,0.00792691484093666,0.0074935597367584705,0.007239144761115313,0.006274363491684198,0.007731860503554344,0.11027909815311432,0.007640967145562172,0.0069216033443808556,0.007211418356746435,0.006631701253354549,0.039041317999362946,0.011226586066186428,0.030937619507312775,0.1446819550706117,0.9183222651481628,0.14468196034431458,3.5802991174840013,-0.0005014674757395151,6.347178987870171,8.133468056234141,1.281430391639762,9.70307855730413,0.011601949110627174,0.009333315305411816,0.008785130456089973,0.01016875822097063,0.011346684768795967,0.009496227838099003,0.011002890765666962,0.010522812604904175,0.013002747669816017,0.012616893276572227,0.011190871708095074,0.009586004540324211,0.010522812604904175,0.011081650853157043,0.05682783201336861,0.013319732621312141,0.010258980095386505,0.01027280930429697,0.015252811834216118,0.03114161640405655,0.028962034732103348,0.04632015898823738,0.25990227281674533,1.4450944662094116,0.2599022686481476,3.1595989079713944,-0.001560743583526124,5.560145552202748,7.0138593275612715,1.261452467693514,8.305615690295975,0.030711941421031952,0.01642276532948017,0.016481712460517883,0.016774488613009453,0.0319291390478611,0.020801955834031105,0.023666558787226677,0.019574929028749466,0.023953603580594063,0.04912136495113373,0.02612411417067051,0.017115840688347816,0.023002374917268753,0.019084159284830093,0.05114630237221718,0.0398104302585125,0.01920979842543602,0.03149854764342308,0.06515339016914368,0.10468661785125732,0.10975626111030579,0.17987516522407532,000018.tdms,17,170.0
17.55518341064453,1053.3110046386719,3.814697265625e-06,0.1848389723926991,1.068995475769043,0.18483896553516388,3.467488547791292,-0.009709060486131443,5.78338789667101,7.37971034827972,1.2760185690687587,8.786563393426958,0.014503643848001957,0.011950655840337276,0.00998209323734045,0.013443008996546268,0.012743010185658932,0.011673043482005596,0.01378594245761633,0.012616480700671673,0.012917614541947842,0.016247190535068512,0.01415211707353592,0.013635754585266113,0.012616480700671673,0.013377165421843529,0.06457597017288208,0.013790762983262539,0.013422046788036823,0.01400894857943058,0.02442215010523796,0.048507921397686005,0.04133002460002899,0.06449376046657562,0.1269897554810658,0.8242868781089783,0.12698975205421448,4.928680318878286,-0.002461317522541761,6.4909714566060375,8.753675317779303,1.3485924836212997,10.700174234113913,0.0072424691170454025,0.006250635255128145,0.005455811507999897,0.008432844653725624,0.007400454953312874,0.006250635255128145,0.0067769926972687244,0.006580242421478033,0.006467057392001152,0.007296297233551741,0.007445141673088074,0.007299112156033516,0.006082050036638975,0.006568354554474354,0.10627955943346024,0.006883447524160147,0.006984122097492218,0.00690302811563015,0.0068875327706336975,0.03748708218336105,0.011438810266554356,0.03256716951727867,0.1451345430780121,0.8728187084197998,0.14513453841209412,3.586768680560881,-0.00583541178590683,6.0138592089041545,7.707580793483584,1.2816363878408885,9.196477677315674,0.011882506310939789,0.009776507504284382,0.008665036410093307,0.010553712956607342,0.010026446543633938,0.009906012564897537,0.011746998876333237,0.009785374626517296,0.010754727758467197,0.015655959025025368,0.0140540711581707,0.010557577945291996,0.009901427663862705,0.010709506459534168,0.05763549730181694,0.011928210034966469,0.012441250495612621,0.011102457530796528,0.016035571694374084,0.03195060417056084,0.028474299237132072,0.04768825322389603,0.2608963871164366,1.3724888563156128,0.26089638471603394,3.160175306551337,-0.00951016848669854,5.260666395135164,6.634601907684076,1.2611713819791857,7.855033882028505,0.03221888467669487,0.01622205227613449,0.017282923683524132,0.01748122274875641,0.0337044782936573,0.020592590793967247,0.025722559541463852,0.020019767805933952,0.02646641619503498,0.04520554095506668,0.022069666534662247,0.018197864294052124,0.027861706912517548,0.021460475400090218,0.050175558775663376,0.037152551114559174,0.020857103168964386,0.037393707782030106,0.06772048771381378,0.10831552743911743,0.11644446104764938,0.18809887766838074,000019.tdms,18,180.0
17.55518341064453,1053.3110046386719,3.814697265625e-06,0.18152771793881908,1.219856858253479,0.18152771890163422,3.502807912442558,-0.011191635453944663,6.719948182594416,8.587787859530025,1.277954476163011,10.231676018742387,0.011804553680121899,0.011206558905541897,0.010872870683670044,0.01308310218155384,0.013533716090023518,0.011206558905541897,0.014229921624064445,0.013041717931628227,0.011468588374555111,0.015591694973409176,0.013205168768763542,0.012925751507282257,0.013041717931628227,0.012378958985209465,0.06598188728094101,0.014492956921458244,0.013688193634152412,0.01339788269251585,0.02228817343711853,0.04718668758869171,0.03946753591299057,0.062469787895679474,0.31724294074601317,1.7195667028427124,0.31724295020103455,3.1103936895883013,-0.009426794667293738,5.4203466239439795,6.821611207387603,1.258519367977989,8.067627333283879,0.05487203970551491,0.023371662944555283,0.02562449499964714,0.027875438332557678,0.06443706899881363,0.023371662944555283,0.046359170228242874,0.03196970000863075,0.03537885099649429,0.09427627176046371,0.040241800248622894,0.030737286433577538,0.03718030825257301,0.032014571130275726,0.11704783886671066,0.10307259857654572,0.03377334401011467,0.09734929352998734,0.27777737379074097,0.4333483576774597,0.40440911054611206,0.46401289105415344,0.1458541154245193,0.8076819181442261,0.14585411548614502,3.5724895868506277,-0.003051666113099887,5.537601155739813,7.092297743842233,1.2807527202443882,8.457580165308906,0.011426826007664204,0.009891001507639885,0.008248201571404934,0.011458559893071651,0.011550446040928364,0.010175579227507114,0.01248292624950409,0.00971651915460825,0.010858719237148762,0.014258218929171562,0.011580665595829487,0.00987803004682064,0.010699416510760784,0.011159426532685757,0.053932491689920425,0.01626635529100895,0.010877558030188084,0.011341948993504047,0.016136573627591133,0.032113172113895416,0.0293782539665699,0.04826173558831215,0.26351659935760635,1.3272290229797363,0.2635166049003601,3.14057761951867,-0.012238763812499167,5.036605004068887,6.346768702744652,1.2601283399467165,7.51044278815283,0.03346790000796318,0.016941078007221222,0.020101694390177727,0.02033696137368679,0.035437654703855515,0.021721504628658295,0.023849697783589363,0.02034265361726284,0.024708496406674385,0.0580424927175045,0.028634250164031982,0.018670925870537758,0.023935390636324883,0.019572926685214043,0.050134602934122086,0.040178652852773666,0.018565788865089417,0.03448294848203659,0.0726441964507103,0.11094371974468231,0.12342965602874756,0.19418828189373016,000020.tdms,19,190.0
17.58919906616211,1055.3519439697266,3.814697265625e-06,0.18122767606915147,1.0974969863891602,0.1812276691198349,3.4995322698888933,-0.008467769814464003,6.05590167127887,7.737396673052185,1.277662203425146,9.2175493978233,0.01254808809608221,0.012240638025105,0.01210350263863802,0.012917387299239635,0.013282353058457375,0.012240638025105,0.01243036612868309,0.011913565918803215,0.011798151768743992,0.015923554077744484,0.014405653811991215,0.014646255411207676,0.011915173381567001,0.013004947453737259,0.06359349191188812,0.014178034849464893,0.013380060903728008,0.014315969310700893,0.022282347083091736,0.045541197061538696,0.03895431011915207,0.0637027770280838,0.3711977762680819,2.048462152481079,0.37119778990745544,3.027650627331145,-2.7570233016456286e-06,5.518519461715912,6.9266535392602835,1.2551651919166251,8.183173048342065,0.06927119195461273,0.026728995144367218,0.029903503134846687,0.03155435994267464,0.08604110032320023,0.02975641004741192,0.05997525155544281,0.04138056933879852,0.04233254864811897,0.08541422337293625,0.045993268489837646,0.0319039560854435,0.04328393563628197,0.03908301517367363,0.10243912786245346,0.08537788689136505,0.044286586344242096,0.08708535134792328,0.38689905405044556,0.5722900629043579,0.5784085988998413,0.6356825828552246,0.14651541063232623,0.8587437272071838,0.14651541411876678,3.5680830403860684,-0.005829065199941518,5.861115383706375,7.5058695737115615,1.2806213633974048,8.953653298740742,0.01402388047426939,0.009198450483381748,0.009104522876441479,0.010324262082576752,0.012848550453782082,0.009695409797132015,0.010697995312511921,0.011071003042161465,0.01029639970511198,0.01554583478718996,0.012041134759783745,0.010047206655144691,0.011071003042161465,0.012204076163470745,0.055493488907814026,0.012055831030011177,0.01220123004168272,0.010480569675564766,0.01647283509373665,0.03238005191087723,0.03035251796245575,0.04968655854463577,0.26515029113763616,1.473376750946045,0.2651502788066864,3.146145532628952,-0.0009554528359878792,5.5567608265654655,7.004528587282807,1.2605416727306187,8.291048832275024,0.030711425468325615,0.018912246450781822,0.01886453479528427,0.018450621515512466,0.037786878645420074,0.018912246450781822,0.023291412740945816,0.02252892777323723,0.024101529270410538,0.04767943546175957,0.02239258401095867,0.020417699590325356,0.02347494475543499,0.02183391898870468,0.05442636087536812,0.0346791073679924,0.02122405730187893,0.032757531851530075,0.07420915365219116,0.11591450870037079,0.1184798926115036,0.19736488163471222,000021.tdms,20,200.0
17.58919906616211,1055.3519439697266,3.814697265625e-06,0.18465737403725063,1.0275684595108032,0.18465737998485565,3.42942962434291,-0.008115181300665603,5.564730165086792,7.090661489801878,1.2742147919927553,8.436440089492585,0.013660621829330921,0.012953772209584713,0.010248983278870583,0.01414928026497364,0.012489172630012035,0.011160106398165226,0.014459559693932533,0.013133455999195576,0.011800641193985939,0.015045825392007828,0.013830713927745819,0.013784771785140038,0.013133455999195576,0.01291738823056221,0.06262946873903275,0.01393229141831398,0.014570754021406174,0.012892832048237324,0.02300744503736496,0.04646123945713043,0.04200875759124756,0.06519734859466553,0.3770213485410432,1.739414930343628,0.37702134251594543,3.0445753434442673,-0.0012602369587318104,4.613571451788153,5.794818913770552,1.2560375349827007,6.847626315155408,0.05163988098502159,0.028859257698059082,0.028479931876063347,0.03452581539750099,0.12181197851896286,0.028859257698059082,0.06571127474308014,0.046111736446619034,0.051502786576747894,0.10634542256593704,0.05455642193555832,0.03688150271773338,0.046111736446619034,0.03959234058856964,0.10771850496530533,0.09674093127250671,0.03829368203878403,0.09838530421257019,0.38222432136535645,0.6421734094619751,0.6581023335456848,0.659507691860199,0.1483252314087718,0.8530746102333069,0.14832523465156555,3.5156182225784653,-0.003934026468123222,5.751378926774133,7.3494858756456525,1.2778650075431344,8.756139313492852,0.01365067157894373,0.009987096302211285,0.009739585220813751,0.010505454614758492,0.013376148417592049,0.009987096302211285,0.010423842817544937,0.011172422207891941,0.01154392771422863,0.014826039783656597,0.013872082345187664,0.01064520888030529,0.011172422207891941,0.011988324113190174,0.057207878679037094,0.015123371034860611,0.011842891573905945,0.010993188247084618,0.017409639433026314,0.032899074256420135,0.030555352568626404,0.049045905470848083,0.26823690860031935,1.491789698600769,0.26823690533638,3.12651480312277,-0.007591803432926631,5.561463209463014,7.005545876588658,1.2596587647417123,8.289726883742158,0.02828405424952507,0.018241940066218376,0.01940380595624447,0.0193928312510252,0.04876011982560158,0.02064553275704384,0.027127530425786972,0.020224643871188164,0.03529747948050499,0.042803045362234116,0.028070416301488876,0.018897227942943573,0.02562052570283413,0.020819196477532387,0.0503530278801918,0.03740839287638664,0.02077384479343891,0.03160727024078369,0.0762556940317154,0.1241765022277832,0.13000673055648804,0.21243372559547424,000022.tdms,21,210.0
13.270264625549316,796.215877532959,0.0,0.17039595711474997,1.0529450178146362,0.17039595544338226,3.64925282204419,-0.020331214292813243,6.179401410947503,7.939523751792551,1.2848370293159455,9.48628451916864,0.013449493795633316,0.011108584702014923,0.011461388319730759,0.014364056289196014,0.012261856347322464,0.011126356199383736,0.013849454000592232,0.015087979845702648,0.014435088261961937,0.012468000873923302,0.014582736417651176,0.01555619202554226,0.013830653391778469,0.012971901334822178,0.01626765727996826,0.015084343031048775,0.015536149963736534,0.014466267079114914,0.025827445089817047,0.0386393740773201,0.08218223601579666,0.07940877228975296,0.13366566139150954,0.8594854474067688,0.13366566598415375,4.445632178547349,-0.0130742110226479,6.430114050678415,8.479352642393403,1.318693972698475,10.239848963449283,0.01043724361807108,0.009251447394490242,0.009066964499652386,0.011180233210325241,0.010126220062375069,0.009251447394490242,0.010441903956234455,0.011306465603411198,0.011840447783470154,0.010693008080124855,0.010738017968833447,0.011222649365663528,0.010512025095522404,0.01034465804696083,0.012434163130819798,0.011712867766618729,0.011708013713359833,0.011152595281600952,0.015331513248383999,0.023073721677064896,0.08390148729085922,0.05680978298187256,0.14254807456023094,1.0980490446090698,0.142548069357872,3.673270418983536,-0.02124287431733514,7.703008602512623,9.8993065001289,1.2851220881279908,11.825937490881742,0.01327222865074873,0.012715199030935764,0.010839378461241722,0.01982939802110195,0.011580102145671844,0.012715199030935764,0.01786653697490692,0.01398425828665495,0.012849844060838223,0.013255703262984753,0.014853646978735924,0.013125807046890259,0.01398425828665495,0.014029469341039658,0.016030380502343178,0.013226042501628399,0.012646992690861225,0.013866256922483444,0.030578624457120895,0.03955814242362976,0.0652000680565834,0.06726714968681335,0.20298357772112652,1.3988276720046997,0.2029835730791092,3.3893535174838796,-0.002417295599725273,6.891334204023687,8.76203259118657,1.2714566340536242,10.411787921127365,0.023054227232933044,0.01949514076113701,0.015314733609557152,0.020815087482333183,0.01821727491915226,0.01949514076113701,0.028856409713625908,0.019930999726057053,0.01789272576570511,0.0318153016269207,0.022979458793997765,0.021836381405591965,0.019930999726057053,0.017341438680887222,0.021475018933415413,0.028856409713625908,0.02352018468081951,0.022341303527355194,0.061888981610536575,0.08396871387958527,0.11602935940027237,0.14282353222370148,000023.tdms,22,220.0
13.269044876098633,796.142692565918,9.5367431640625e-07,0.16935082098507337,0.9704554080963135,0.16935081779956818,3.6523828216539407,-0.01925451591836692,5.730444071374474,7.364739983227351,1.2851953341655917,8.799356599485629,0.015915697440505028,0.01279001496732235,0.012012191116809845,0.01459409948438406,0.01310840155929327,0.011531407944858074,0.014115067198872566,0.013933688402175903,0.014142089523375034,0.013649188913404942,0.014360123313963413,0.0145367830991745,0.013933688402175903,0.014045150950551033,0.01448871660977602,0.013762855902314186,0.01338166929781437,0.01337576936930418,0.023701895028352737,0.03780899941921234,0.08112369477748871,0.07952338457107544,0.23968159260488958,1.4971827268600464,0.23968158662319183,3.17504121474086,-0.006976964301236376,6.246548642256908,7.8777801386688076,1.2611412461237999,9.325450896427203,0.023621702566742897,0.01920723356306553,0.021090596914291382,0.022619377821683884,0.033894553780555725,0.01920723356306553,0.0491168238222599,0.030364664271473885,0.024978671222925186,0.03891259431838989,0.031112220138311386,0.028504125773906708,0.023894693702459335,0.0282333604991436,0.046361036598682404,0.0491168238222599,0.0226205512881279,0.030738454312086105,0.1075780838727951,0.15215334296226501,0.18193067610263824,0.2156776785850525,0.1414035860095229,0.8984803557395935,0.14140358567237854,3.6772924189442966,-0.02616201144045512,6.354013933416687,8.167815181088965,1.285457549618082,9.758014596801635,0.01733325980603695,0.010885936208069324,0.011646858416497707,0.021655850112438202,0.012757002376019955,0.011663667857646942,0.01635061204433441,0.01704406552016735,0.011914337985217571,0.015181287191808224,0.013053814880549908,0.013313660398125648,0.01704406552016735,0.01252945140004158,0.01565137691795826,0.01269592810422182,0.013862481340765953,0.013046461157500744,0.029013609513640404,0.03752218559384346,0.06375645101070404,0.06440486758947372,0.20269743228141357,1.2256673574447632,0.20269742608070374,3.4476475504898527,-0.003078032511226036,6.046782850919969,7.704455459130995,1.274141249831524,9.16593184110821,0.02442457526922226,0.018752023577690125,0.01525012869387865,0.022440459579229355,0.020381756126880646,0.018605656921863556,0.02267887070775032,0.021072886884212494,0.019208349287509918,0.033186160027980804,0.023174773901700974,0.020130127668380737,0.021072886884212494,0.018214192241430283,0.024022860452532768,0.02267887070775032,0.020866746082901955,0.023337963968515396,0.07425446808338165,0.08550213277339935,0.12120944261550903,0.13999569416046143,000024.tdms,23,230.0
13.270264625549316,796.215877532959,0.0,0.16785257225096883,0.9530717730522156,0.16785256564617157,3.655768108356022,-0.018865603743240436,5.678029000516044,7.298247495803137,1.2853487530866505,8.721191723904617,0.014256428927183151,0.011861185543239117,0.01144243124872446,0.015280064195394516,0.012821720913052559,0.011861185543239117,0.014568021520972252,0.013968685641884804,0.014553437940776348,0.014417250640690327,0.014791167341172695,0.015608302317559719,0.013968685641884804,0.014792660251259804,0.013560551218688488,0.014133693650364876,0.01362455915659666,0.015045286156237125,0.02394227311015129,0.03609773516654968,0.08034968376159668,0.07818745076656342,0.13389021815339341,0.8667784333229065,0.13389021158218384,4.420159599548573,-0.012933073198917957,6.473799544712581,8.532585384321953,1.3180181631188854,10.305435178992052,0.011076963506639004,0.009763026610016823,0.00864448118954897,0.010653434321284294,0.010450641624629498,0.008918087929487228,0.012450230307877064,0.012155849486589432,0.012140253558754921,0.01093974243849516,0.009592453949153423,0.011536252684891224,0.010437860153615475,0.010517156682908535,0.010805759578943253,0.0119997039437294,0.010373055934906006,0.011167154647409916,0.01518979575484991,0.022919367998838425,0.08222562819719315,0.056402698159217834,0.13993769479050566,0.899174153804779,0.13993769884109497,3.7091667985007772,-0.029273290783920426,6.425532128072366,8.26803465740971,1.2867470728669577,9.882597061136751,0.01442448515444994,0.010845965705811977,0.011248825117945671,0.017485469579696655,0.012364908121526241,0.011071721091866493,0.018924623727798462,0.01450467947870493,0.011788449250161648,0.01306817028671503,0.01346964668482542,0.014425702393054962,0.01450467947870493,0.011399135924875736,0.016043145209550858,0.013589535839855671,0.015212973579764366,0.013462514616549015,0.0287740807980299,0.03671301528811455,0.06352876126766205,0.06153828650712967,0.19767824774301002,1.3572810888290405,0.19767825305461884,3.4364805088888937,0.00011766006978910372,6.86611250517337,8.748437638216684,1.274147143907859,10.408174448267502,0.016982948407530785,0.01707143522799015,0.015762977302074432,0.01934872381389141,0.019500654190778732,0.01707143522799015,0.021144868806004524,0.018728461116552353,0.01673945039510727,0.02585693635046482,0.020506257191300392,0.019859135150909424,0.016940316185355186,0.01818205788731575,0.021312212571501732,0.021010830998420715,0.018066221848130226,0.019548729062080383,0.06049296632409096,0.07411862909793854,0.1118212416768074,0.13258957862854004,000025.tdms,24,240.0
13.269044876098633,796.142692565918,9.5367431640625e-07,0.16652878941725877,0.9934256076812744,0.16652879118919373,3.6532863715281976,-0.02221716410725497,5.965488677108689,7.667493095046548,1.285308465083329,9.161968486958827,0.013268648646771908,0.01125703938305378,0.012878164649009705,0.011493404395878315,0.014658240601420403,0.012530967593193054,0.012852245941758156,0.014457537792623043,0.014491233043372631,0.013849591836333275,0.013287973590195179,0.013047453947365284,0.013012338429689407,0.013681027106940746,0.013779383152723312,0.013296610675752163,0.012972714379429817,0.014465025626122952,0.024128928780555725,0.03556104749441147,0.07783545553684235,0.07721225917339325,0.13308660887158935,0.8243175148963928,0.13308660686016083,4.41758907263728,-0.011639987977421787,6.19384265543762,8.164649021195038,1.318187993365836,9.861682250202444,0.01064413320273161,0.008695635944604874,0.008686692453920841,0.010176691226661205,0.010420831851661205,0.009006122127175331,0.010770714841783047,0.011733847670257092,0.010773061774671078,0.011308823712170124,0.010501234792172909,0.010659592226147652,0.010140957310795784,0.010130302049219608,0.01090075634419918,0.010457217693328857,0.010180543176829815,0.010838519781827927,0.01496694702655077,0.022122524678707123,0.08241964876651764,0.055500950664281845,0.14098117016465633,0.9523394703865051,0.14098116755485535,3.8057583546398237,-0.03541961949332583,6.755082748102019,8.719400525029707,1.2907910754282919,10.437625869503044,0.01255235355347395,0.011821940541267395,0.011870316229760647,0.015934040769934654,0.01319512166082859,0.011821940541267395,0.015155015513300896,0.013814926147460938,0.012523937970399857,0.013653394766151905,0.016025414690375328,0.011314678937196732,0.013814926147460938,0.013195239007472992,0.01369654294103384,0.017405152320861816,0.013284862972795963,0.013392831198871136,0.043704815208911896,0.05230091139674187,0.06921368837356567,0.06391709297895432,0.1979973601342273,1.2261769771575928,0.19799736142158508,3.4294569121498735,-0.008184229153262529,6.192895583690293,7.88862122888918,1.273817897021351,9.384513361458284,0.018155675381422043,0.018087392672896385,0.016265837475657463,0.02093597687780857,0.017492203041911125,0.01756344921886921,0.023549716919660568,0.019880015403032303,0.01970241777598858,0.02304687909781933,0.025234978646039963,0.021090902388095856,0.019880015403032303,0.01946650817990303,0.02075810171663761,0.023549716919660568,0.01911156252026558,0.019419319927692413,0.07170897722244263,0.08045712113380432,0.1158025711774826,0.13589945435523987,000026.tdms,25,250.0
13.216419219970703,792.9851531982422,1.9073486328125e-06,0.1663923812961228,1.0194568634033203,0.16639238595962524,3.673803407972865,-0.022903886259373545,6.126824169846022,7.878872736933909,1.2859635789306354,9.414579343107631,0.013956408947706223,0.013249157927930355,0.012194951064884663,0.012905692681670189,0.01297142542898655,0.013249157927930355,0.013745788484811783,0.0163049828261137,0.015947919338941574,0.01449164841324091,0.013620778918266296,0.015888066962361336,0.013270598836243153,0.013649043627083302,0.014427496120333672,0.013581226579844952,0.014659208245575428,0.012804391793906689,0.023564018309116364,0.03684169054031372,0.07780428975820541,0.07827617228031158,0.1327797204125031,0.8942843675613403,0.13277971744537354,4.4652286421260525,-0.015285356100506993,6.7350975343455435,8.888418771506661,1.3197164148225446,10.738841746654998,0.009853149764239788,0.009922756813466549,0.008692743256688118,0.01081774290651083,0.010087523609399796,0.009922756813466549,0.010944255627691746,0.013413937762379646,0.010463670827448368,0.011992122046649456,0.012034077197313309,0.012498331256210804,0.010071472264826298,0.010991616174578667,0.011886605061590672,0.012140638194978237,0.012416218407452106,0.01063754502683878,0.015050516463816166,0.023413272574543953,0.0800422877073288,0.05377649515867233,0.14057708294736543,0.9145020246505737,0.14057707786560059,3.7559984081375375,-0.02602147407244383,6.50534216158817,8.393433636814962,1.290237074135059,10.04818456467262,0.011771580204367638,0.011485875584185123,0.010272079147398472,0.013431419618427753,0.011726919561624527,0.011955544352531433,0.012914995662868023,0.014478852041065693,0.012075772508978844,0.014468064531683922,0.013350080698728561,0.014051100239157677,0.014478852041065693,0.012939726002514362,0.014192258007824421,0.012914995662868023,0.012143110856413841,0.012461905367672443,0.03934377431869507,0.04762444272637367,0.06586478650569916,0.06468634307384491,0.19579566321021968,1.2077980041503906,0.1957956701517105,3.4691818043226923,-0.003248417892407977,6.16866576280403,7.8687091499936805,1.2755933701969417,9.365201234749108,0.01883520744740963,0.015082485973834991,0.014603934250772,0.017235588282346725,0.019264429807662964,0.015082485973834991,0.028468888252973557,0.017979715019464493,0.018268903717398643,0.02744077518582344,0.02639809064567089,0.018899930641055107,0.018902070820331573,0.01956058107316494,0.018514446914196014,0.028468888252973557,0.023861635476350784,0.02370482310652733,0.06662240624427795,0.08357753604650497,0.11377064138650894,0.1258770227432251,000027.tdms,26,260.0
13.270264625549316,796.215877532959,0.0,0.16562746334043452,0.9602618217468262,0.16562746465206146,3.6662425517647255,-0.02003009389025699,5.797720996143507,7.453592934536572,1.2856073859874437,8.906277193315319,0.013847488909959793,0.012590382248163223,0.011432508938014507,0.014399872161448002,0.013330837711691856,0.012590382248163223,0.013300475664436817,0.012932573445141315,0.015679702162742615,0.014303475618362427,0.014207882806658745,0.014788744039833546,0.012932573445141315,0.013150704093277454,0.013088086619973183,0.013295181095600128,0.014704223722219467,0.012412444688379765,0.024631034582853317,0.03700382634997368,0.07900966703891754,0.07737372815608978,0.20265773985880525,1.4368550777435303,0.20265774428844452,3.372949990039141,-0.018671813706673642,7.0900577433884795,9.012277729945271,1.2711148563422172,10.710516090752423,0.031114868819713593,0.021221129223704338,0.016456376761198044,0.025638509541749954,0.02697426825761795,0.021221129223704338,0.03595121577382088,0.030774641782045364,0.018075715750455856,0.029853174462914467,0.023976877331733704,0.02433665283024311,0.030774641782045364,0.023105887696146965,0.029255986213684082,0.03595121577382088,0.024290723726153374,0.0319012887775898,0.08878110349178314,0.1027442142367363,0.14212650060653687,0.16600926220417023,0.1420754625311563,1.0284538269042969,0.14207546412944794,3.7618546271076596,-0.038591747546762284,7.238785702906039,9.337811223199665,1.2899692857948488,11.176742046206458,0.020437614992260933,0.012787038460373878,0.0110166622325778,0.025556426495313644,0.012529068626463413,0.013618692755699158,0.021891335025429726,0.018168242648243904,0.01235982496291399,0.01405890192836523,0.023172231391072273,0.013582239858806133,0.018168242648243904,0.013482878915965557,0.018003124743700027,0.024945683777332306,0.014460377395153046,0.013480261899530888,0.04845632612705231,0.052320532500743866,0.06815876811742783,0.06528628617525101,0.19646446020929095,1.2238072156906128,0.19646446406841278,3.51970573907412,-0.00021847119982023285,6.229153172980535,7.964382294328424,1.2785658135482347,9.493082237296289,0.03170362859964371,0.017454160377383232,0.014818203635513783,0.034313272684812546,0.02036689594388008,0.017454160377383232,0.03791765868663788,0.02654610201716423,0.016102604568004608,0.02328467182815075,0.024426981806755066,0.021014530211687088,0.02654610201716423,0.02035979926586151,0.03315649926662445,0.02125358209013939,0.020170148462057114,0.02164836786687374,0.0939783900976181,0.08702194690704346,0.12268255650997162,0.1349424570798874,000028.tdms,27,270.0
17.55518341064453,1053.3110046386719,3.814697265625e-06,0.18924310192023766,1.0647132396697998,0.1892431080341339,3.415811122525055,-0.0057601424372950545,5.626166707616936,7.165858867722889,1.2736662882778527,8.524715231896733,0.013787648640573025,0.012164761312305927,0.011239421553909779,0.014898860827088356,0.013365200720727444,0.012164761312305927,0.013306720182299614,0.0127346720546484,0.012773757800459862,0.020073741674423218,0.013912846334278584,0.014254341833293438,0.013196567073464394,0.013447215780615807,0.06642330437898636,0.014379225671291351,0.014141347259283066,0.013864709995687008,0.02559679001569748,0.051402073353528976,0.04377999156713486,0.06708423793315887,0.1276279487311249,0.7702691555023193,0.12762795388698578,4.904417652596545,-0.003381528992041068,6.035270198732515,8.124434952749075,1.346159274601378,9.917523398045162,0.007319602649658918,0.005953656043857336,0.005649181082844734,0.006745065562427044,0.006495931185781956,0.005651829298585653,0.007160903885960579,0.006907532457262278,0.006490950472652912,0.006924264132976532,0.008291583508253098,0.00717843696475029,0.006810849066823721,0.006676564924418926,0.11525760591030121,0.008037306368350983,0.006989330518990755,0.007346542552113533,0.006738403812050819,0.03934236243367195,0.011554688215255737,0.02992633543908596,0.15036928347473888,0.8153505325317383,0.1503692865371704,3.5052297766164333,-0.004002394787679095,5.422321059797509,6.929130125021876,1.2778900490412193,8.254870879549328,0.012787388637661934,0.00957382470369339,0.009737606160342693,0.010649302043020725,0.013311567716300488,0.00957382470369339,0.012510263361036777,0.010610354132950306,0.010731084272265434,0.014122833497822285,0.014678544364869595,0.011674528941512108,0.012171019800007343,0.010953739285469055,0.057245586067438126,0.014047493226826191,0.013072033412754536,0.012818706221878529,0.01708625629544258,0.03554701805114746,0.03126227483153343,0.04947322607040405,0.2703728321859759,1.462443232536316,0.27037283778190613,3.130684030119127,-0.005117021979201953,5.408987362792334,6.812429463003612,1.2594648510117366,8.060281015242241,0.03202395886182785,0.017632141709327698,0.018154405057430267,0.017156271263957024,0.03393135964870453,0.019545044749975204,0.02723035402595997,0.026716217398643494,0.0322081595659256,0.05009561777114868,0.026758650317788124,0.021808911114931107,0.02982967346906662,0.0243297778069973,0.050760287791490555,0.04083332046866417,0.020146148279309273,0.035748448222875595,0.07625921815633774,0.11765088140964508,0.12999770045280457,0.2082025706768036,000029.tdms,28,280.0
17.55518341064453,1053.3110046386719,3.814697265625e-06,0.18986512640707984,1.2172609567642212,0.1898651272058487,3.413811283640933,-0.007626480286657821,6.411187666735365,8.163367685719388,1.273300378972723,9.708422765931672,0.013202106580138206,0.012579439207911491,0.011845174245536327,0.01564175635576248,0.013299708254635334,0.012579439207911491,0.013955122791230679,0.013096505776047707,0.01280041690915823,0.015312952920794487,0.015473558567464352,0.013837410137057304,0.013096505776047707,0.014830290339887142,0.0674598217010498,0.015522276051342487,0.015358024276793003,0.013829973526299,0.025222910568118095,0.05062807351350784,0.044463012367486954,0.06940625607967377,0.1281120660115154,0.8205632567405701,0.1281120628118515,4.875654338580943,-0.0011509287895589365,6.4050427277225666,8.616772838147908,1.3453107503643091,10.513576069595194,0.007029178086668253,0.006801363080739975,0.0055096447467803955,0.007124682422727346,0.0064349668100476265,0.006801363080739975,0.007131443824619055,0.007261543534696102,0.006124979350715876,0.0073910425417125225,0.007355634588748217,0.006989454850554466,0.007261543534696102,0.006825135555118322,0.11182146519422531,0.007242552004754543,0.007121126167476177,0.006715818308293819,0.0067469095811247826,0.038858987390995026,0.011548127979040146,0.03174115717411041,0.15161981727802817,0.8749743700027466,0.1516198217868805,3.500387291837411,-0.002839146657469896,5.770844377145563,7.37222854202071,1.2774956419232433,8.782562738438264,0.012756736017763615,0.011222309432923794,0.009728769771754742,0.011549011804163456,0.011548689566552639,0.011222309432923794,0.010824615135788918,0.01142713613808155,0.011325166560709476,0.015493934042751789,0.014077413827180862,0.010601910762488842,0.01142713613808155,0.011617451906204224,0.05664953216910362,0.013593200594186783,0.010915582068264484,0.013907931745052338,0.01771414652466774,0.0343167781829834,0.03328762948513031,0.05143110454082489,0.27599819608803733,1.418739676475525,0.27599820494651794,3.135452380745867,-0.004864515873456734,5.140394743822812,6.476949720887776,1.2600101828115626,7.664168948745932,0.032206807285547256,0.020362308248877525,0.0164589062333107,0.01816273294389248,0.03481520712375641,0.020404640585184097,0.023192502558231354,0.02794399857521057,0.023175206035375595,0.04818204790353775,0.02850128896534443,0.02117684669792652,0.03212142363190651,0.02192726731300354,0.056434549391269684,0.04976928234100342,0.021736690774559975,0.039400454610586166,0.08119180798530579,0.12452669441699982,0.13921694457530975,0.21437326073646545,000030.tdms,29,290.0
17.588003158569336,1055.2801895141602,1.9073486328125e-06,0.1894353681285166,1.0940064191818237,0.18943536281585693,3.419029063404739,-0.007159436507638043,5.77509062848089,7.354899683183691,1.273555716495892,8.748013171588111,0.013303859159350395,0.01207165326923132,0.010854476131498814,0.013237823732197285,0.013563885353505611,0.01207165326923132,0.012922175228595734,0.013367467559874058,0.012968746945261955,0.01663031615316868,0.013040589168667793,0.01565130241215229,0.01375814713537693,0.013540362939238548,0.06432458013296127,0.013920429162681103,0.013895932585000992,0.016651511192321777,0.02546432986855507,0.04866894334554672,0.04470859467983246,0.07083992660045624,0.1266207010762347,0.7604947686195374,0.12662069499492645,4.9409890644751036,-0.00202601913634214,6.0060855938687725,8.09113781085445,1.3471565938244658,9.877902733371238,0.006938291247934103,0.006520356982946396,0.005285352468490601,0.0069421082735061646,0.006315767765045166,0.006520356982946396,0.006943171843886375,0.006553362589329481,0.005841504782438278,0.007096616085618734,0.008010666817426682,0.007507919333875179,0.007329459767788649,0.006627234164625406,0.110310398042202,0.006957531441003084,0.006755410227924585,0.00699982512742281,0.006869853474199772,0.03894803300499916,0.011086581274867058,0.030864296481013298,0.1526239398334464,0.8768668174743652,0.15262393653392792,3.4886020550389354,-0.0054429098732540265,5.745277041277153,7.333183709252413,1.2763846993916719,8.73003882168321,0.012260613963007927,0.00997703056782484,0.00967511534690857,0.011082434095442295,0.014633405953645706,0.010444304905831814,0.012456370517611504,0.010177426971495152,0.012137960642576218,0.015157220885157585,0.014581634663045406,0.01050218753516674,0.010177426971495152,0.011220798827707767,0.05489298701286316,0.017659783363342285,0.01186444703489542,0.014823796227574348,0.018016692250967026,0.035210348665714264,0.03377838432788849,0.0528193861246109,0.27902655424459827,1.5613127946853638,0.2790265679359436,3.1130169003532977,0.0011788099001303252,5.595570639906541,7.044519920054749,1.2589457578847418,8.334313837665272,0.034589461982250214,0.019307008013129234,0.017519090324640274,0.017023200169205666,0.0381905660033226,0.019873108714818954,0.02397840842604637,0.020865263417363167,0.02868751436471939,0.047870736569166183,0.028846796602010727,0.01778467744588852,0.02537393383681774,0.02288014627993107,0.052622005343437195,0.04768881946802139,0.01833328604698181,0.041481152176856995,0.08264012634754181,0.13103702664375305,0.1313704252243042,0.22374117374420166,000031.tdms,30,300.0
17.55518341064453,1053.3110046386719,3.814697265625e-06,0.18953211602550124,1.0222103595733643,0.1895321160554886,3.4199391968399895,-0.006739973481498056,5.39333586839619,6.870838872955832,1.2739497484696802,8.173687902158939,0.013204898685216904,0.011835549958050251,0.012445839121937752,0.01466025784611702,0.01220052782446146,0.012087991461157799,0.014170460402965546,0.0149330860003829,0.012402159161865711,0.016054365783929825,0.014153176918625832,0.014938418753445148,0.0149330860003829,0.014052302576601505,0.06295929849147797,0.014170460402965546,0.014149891212582588,0.013646428473293781,0.025519680231809616,0.04880547896027565,0.044853776693344116,0.06844418495893478,0.12716460586622064,0.7945080995559692,0.12716460227966309,4.9393303934493575,-0.0006085066504106563,6.247871364393686,8.429422908581726,1.3491671670163692,10.300293714955187,0.007104875519871712,0.0055401623249053955,0.005377316381782293,0.007300493773072958,0.006763134151697159,0.005611596629023552,0.0069361114874482155,0.0066506690345704556,0.006266484968364239,0.007124478928744793,0.007447283715009689,0.006745222490280867,0.006959707010537386,0.007047263439744711,0.1086004376411438,0.006953589152544737,0.006928711663931608,0.007264783140271902,0.006467773579061031,0.038864001631736755,0.011260069906711578,0.031657472252845764,0.15479943363034646,0.9125422239303589,0.1547994315624237,3.447416888924358,-0.003790203508981428,5.894997174921619,7.516188550319028,1.2750113914039265,8.945584489332717,0.013284523971378803,0.010313964448869228,0.009978081099689007,0.010773280635476112,0.010827694088220596,0.010471667163074017,0.01096588745713234,0.01062648557126522,0.011247837916016579,0.01567286066710949,0.014625906012952328,0.010586779564619064,0.011754105798900127,0.010932069271802902,0.05049930512905121,0.015371314249932766,0.01458006352186203,0.014535060152411461,0.01854126900434494,0.03596331924200058,0.0341445729136467,0.05444740131497383,0.28064898010376454,1.498507022857666,0.28064897656440735,3.11310580925093,0.004117875615470351,5.339435127480677,6.719860624663132,1.25853399549285,7.947015348120793,0.03462551161646843,0.018998028710484505,0.01729576662182808,0.01957162842154503,0.04093080386519432,0.02002055197954178,0.026391707360744476,0.02373824268579483,0.026271795853972435,0.05184699594974518,0.03013019450008869,0.02016534097492695,0.025606021285057068,0.023558758199214935,0.045417118817567825,0.04336687549948692,0.0235102791339159,0.04517408460378647,0.09021586924791336,0.1237814724445343,0.14279866218566895,0.21905896067619324,000032.tdms,31,310.0
17.588003158569336,1055.2801895141602,1.9073486328125e-06,0.18830669239089334,1.1734673976898193,0.18830668926239014,3.4195972147189257,-0.0015008334501735246,6.231681852570042,7.939837555592681,1.2741082974764137,9.446460990497368,0.013738573528826237,0.01186279021203518,0.01105471421033144,0.013140580616891384,0.01358188595622778,0.01186279021203518,0.015288040973246098,0.014078067615628242,0.012270205654203892,0.014664641581475735,0.013722009025514126,0.01484906766563654,0.013547513633966446,0.012490847148001194,0.06879519671201706,0.015288040973246098,0.012661350890994072,0.013374588452279568,0.025303475558757782,0.04795929789543152,0.04343684762716293,0.06785449385643005,0.1305303921957874,0.7828156352043152,0.13053038716316223,4.695587071080086,0.0010720117428442907,5.9971905549026525,8.02051194518667,1.3373782059717894,9.765944642843435,0.007235793862491846,0.005927704274654388,0.006452474743127823,0.00711095379665494,0.0076512424275279045,0.007089597638696432,0.007727205287665129,0.007620536256581545,0.00658886693418026,0.009086553938686848,0.007658892776817083,0.00759618217125535,0.007282948587089777,0.006950173061341047,0.10806136578321457,0.007727205287665129,0.0077814641408622265,0.007498839870095253,0.007398172747343779,0.03720996528863907,0.012996001169085503,0.03119416907429695,0.15478833914291107,0.9253640174865723,0.15478834509849548,3.4516380201164427,-0.005089177276425038,5.9782540636489,7.622739727305334,1.275077915081565,9.072391302389148,0.01610540971159935,0.010498378425836563,0.010272855870425701,0.011059975251555443,0.012366784736514091,0.010498378425836563,0.01183664333075285,0.01137063279747963,0.011805051006376743,0.01964237354695797,0.01260281726717949,0.010699329897761345,0.01137063279747963,0.011977889575064182,0.059109825640916824,0.014911686070263386,0.012024346739053726,0.012149103917181492,0.019146587699651718,0.036809369921684265,0.03465234488248825,0.05364944785833359,0.28079832418894707,1.4639338254928589,0.2807983160018921,3.117619712263776,-0.006522690034112351,5.213470663406769,6.566756734066599,1.2595748893646825,7.7715097183026405,0.03371457755565643,0.018105123192071915,0.017522752285003662,0.020115839317440987,0.0365663506090641,0.019569862633943558,0.02941683866083622,0.023609671741724014,0.022465329617261887,0.05062294378876686,0.03163081035017967,0.02057085931301117,0.02570931240916252,0.020525580272078514,0.060115717351436615,0.04839218780398369,0.022488143295049667,0.03948620706796646,0.08226640522480011,0.14588941633701324,0.13573259115219116,0.22040262818336487,000033.tdms,32,320.0
17.58919906616211,1055.3519439697266,3.814697265625e-06,0.18770079986775787,1.0711688995361328,0.1877007931470871,3.4105429539592818,-0.006581771234951827,5.706789210758882,7.267702765672791,1.2735186980397233,8.64461182960655,0.013039509765803814,0.011141184717416763,0.010783182457089424,0.014050876721739769,0.012763932347297668,0.012367505580186844,0.0136025445535779,0.013788278214633465,0.012499218806624413,0.018072932958602905,0.013446551747620106,0.014510097913444042,0.013629382476210594,0.01289525255560875,0.06349611282348633,0.014497446827590466,0.01401468738913536,0.015008336864411831,0.02431122586131096,0.04831549897789955,0.043618276715278625,0.06835120916366577,0.14362573487431607,0.9227110147476196,0.14362573623657227,4.110916418340052,-0.0045204184610162425,6.424412836286374,8.397282773233886,1.3070895328837442,10.111874818870506,0.010383066721260548,0.007990453392267227,0.007793521508574486,0.007974492385983467,0.0122580761089921,0.008888736367225647,0.009657577611505985,0.008463677950203419,0.008427299559116364,0.014729907736182213,0.009844490326941013,0.008480291813611984,0.008964063599705696,0.009133951738476753,0.08367356657981873,0.018774330615997314,0.011607451364398003,0.013926726765930653,0.013579033315181732,0.03738702833652496,0.02319614216685295,0.043887075036764145,0.1541116786097329,0.903804361820221,0.15411168336868286,3.420730463020505,-0.006362408523157496,5.864606563069006,7.4688509748754806,1.273546809074769,8.88299695766636,0.012567215599119663,0.010183950886130333,0.009535224176943302,0.010809974744915962,0.013113976456224918,0.01036511454731226,0.010973152704536915,0.01253338623791933,0.011642390862107277,0.01637093722820282,0.013116920366883278,0.011391263455152512,0.01253338623791933,0.012042896822094917,0.05431804060935974,0.013939008116722107,0.012873489409685135,0.01192129123955965,0.018569931387901306,0.03555350750684738,0.03465411812067032,0.05372438207268715,0.27899026380064107,1.3676819801330566,0.2789902687072754,3.0984679580283068,-0.00019269337672220843,4.902257023242809,6.167129676073042,1.2580184284163725,7.29282639161928,0.03839128464460373,0.020533528178930283,0.017111564055085182,0.01790868118405342,0.04057151451706886,0.020533528178930283,0.02899274416267872,0.020584937185049057,0.029467402026057243,0.04990198835730553,0.02977745421230793,0.019461248070001602,0.02120174467563629,0.022327253594994545,0.04921829327940941,0.048847123980522156,0.020591367036104202,0.03646769002079964,0.0850500613451004,0.1275193989276886,0.14034123718738556,0.21985411643981934,000034.tdms,33,330.0
13.269044876098633,796.142692565918,9.5367431640625e-07,0.1679059177248429,0.9727684855461121,0.16790591180324554,3.614432955050706,-0.01298444774869393,5.793533061415047,7.4335733023789885,1.2830811913177154,8.875315805622067,0.013369077816605568,0.01256015058606863,0.013440976850688457,0.01348571851849556,0.013880535960197449,0.01256015058606863,0.013506501913070679,0.013348696753382683,0.01343623735010624,0.014712059870362282,0.016253286972641945,0.014327646233141422,0.012030351907014847,0.014642609283328056,0.013121219351887703,0.013506501913070679,0.014284756034612656,0.012478082440793514,0.024216793477535248,0.037454307079315186,0.0814126506447792,0.07724262773990631,0.13136547350665692,0.8622338175773621,0.13136547803878784,4.502900790912525,-0.00906743682095785,6.563625849022411,8.672928400547923,1.3213623993877823,10.48163083228498,0.009575054049491882,0.009172080084681511,0.00890230294317007,0.010816328227519989,0.010777209885418415,0.008907918818295002,0.011233502067625523,0.011286607012152672,0.009415008127689362,0.010816993191838264,0.012395109049975872,0.011509206146001816,0.009938755072653294,0.010276895016431808,0.010998977348208427,0.011233502067625523,0.010341586545109749,0.011072232387959957,0.01490807719528675,0.021977629512548447,0.08612752705812454,0.054765984416007996,0.1455725647393774,0.8891072273254395,0.14557255804538727,3.5456595586807773,-0.012054068776202298,6.107656541720157,7.809188059804633,1.2785899152091578,9.305333062826099,0.015311048366129398,0.013405424542725086,0.010909725911915302,0.014136135578155518,0.013424879871308804,0.013405424542725086,0.015054771676659584,0.014436517842113972,0.0124130267649889,0.014165647327899933,0.013729175552725792,0.013919364660978317,0.012426857836544514,0.012912620790302753,0.012721026316285133,0.015054771676659584,0.013747199438512325,0.01453325990587473,0.02279810979962349,0.032635562121868134,0.06219177320599556,0.06538665294647217,0.20641477136976422,1.1102923154830933,0.20641477406024933,3.3471568488094525,-0.003824040862642448,5.378938280992276,6.831348684810688,1.270018045931265,8.115820894578043,0.01901817135512829,0.017507854849100113,0.01741892844438553,0.01892438717186451,0.020660988986492157,0.017507854849100113,0.02402086928486824,0.019634278491139412,0.021091371774673462,0.024177612736821175,0.020747657865285873,0.022704817354679108,0.01749151200056076,0.02126162499189377,0.019854659214615822,0.02402086928486824,0.01945219747722149,0.02082502655684948,0.055537182837724686,0.07811124622821808,0.11594752222299576,0.14177022874355316,000035.tdms,34,340.0
13.270264625549316,796.215877532959,0.0,0.16739658000861016,1.0041977167129517,0.16739657521247864,3.6340374591216396,-0.017478326069876624,5.99891417531529,7.701090062454982,1.2837473311660155,9.194629751918729,0.013531704433262348,0.013863129541277885,0.011552334763109684,0.015889214351773262,0.013967160135507584,0.012672715820372105,0.01372332964092493,0.013113392516970634,0.013980405405163765,0.01415353361517191,0.013240559957921505,0.013841047883033752,0.013113392516970634,0.013450087048113346,0.013843697495758533,0.013903236947953701,0.014261706732213497,0.01444213092327118,0.023504897952079773,0.035856783390045166,0.0786358118057251,0.07870738208293915,0.18807123509002757,1.0937830209732056,0.18807123601436615,3.370672467247626,-0.0052606120100102865,5.815791130683137,7.394469852961917,1.2714469427813415,8.789933779803041,0.01886007748544216,0.015328317880630493,0.015939636155962944,0.017138749361038208,0.028982365503907204,0.014248506166040897,0.044954754412174225,0.02038038894534111,0.017846425995230675,0.03224506601691246,0.02524500899016857,0.020402410998940468,0.018421869724988937,0.02367491088807583,0.02403675578534603,0.044954754412174225,0.020635442808270454,0.031991079449653625,0.06036069616675377,0.09277050197124481,0.11865609884262085,0.12963628768920898,0.14433736297151295,0.8806427717208862,0.14433735609054565,3.554431887988217,-0.013187160798535118,6.101280732797465,7.805557551372323,1.2793309951160763,9.303933211231913,0.01316419430077076,0.011043180711567402,0.01157978642731905,0.013388766907155514,0.011216534301638603,0.010931502096354961,0.013060754165053368,0.012173383496701717,0.01175067387521267,0.014031370170414448,0.012214782647788525,0.01412835530936718,0.011961009353399277,0.01338404230773449,0.012913772836327553,0.012008520774543285,0.01353985071182251,0.01380365900695324,0.021473461762070656,0.03285884112119675,0.05898994952440262,0.06348133832216263,0.20359778402435033,1.1840287446975708,0.2035977840423584,3.372128341519911,-0.004382617731894247,5.815528643258518,7.3930108682403795,1.2712534529101687,8.786889222081834,0.017333073541522026,0.018723871558904648,0.016584837809205055,0.018370384350419044,0.01771257258951664,0.01642187312245369,0.026483967900276184,0.021690454334020615,0.01645091362297535,0.02395329624414444,0.02310928702354431,0.020896896719932556,0.01938682422041893,0.021357513964176178,0.022006012499332428,0.026483967900276184,0.0262057576328516,0.02081565000116825,0.04960295557975769,0.07416945695877075,0.1091766431927681,0.13231118023395538,000036.tdms,35,350.0
13.216419219970703,792.9851531982422,1.9073486328125e-06,0.16584668820267084,0.9918187260627747,0.16584669053554535,3.6336631576022227,-0.010044756770367952,5.9803348309900235,7.678929026599782,1.2840299487593343,9.169735178452285,0.014317483641207218,0.011868538334965706,0.012715729884803295,0.014430851675570011,0.01331467367708683,0.013382013887166977,0.013789706863462925,0.014083637855947018,0.01322239637374878,0.014212052337825298,0.013040905818343163,0.014666706323623657,0.013845395296812057,0.013503837399184704,0.014792812056839466,0.013734917156398296,0.014405960217118263,0.013138474896550179,0.024851085618138313,0.036898985505104065,0.07924399524927139,0.07515013962984085,0.13024668526092564,0.9392249584197998,0.13024668395519257,4.50334975913691,-0.006145764653061061,7.2111236960712874,9.531835458036168,1.3218238737506658,11.527264858746433,0.010910052806138992,0.008475808426737785,0.008774569258093834,0.010655858553946018,0.009499125182628632,0.008796919137239456,0.010863929986953735,0.012601358816027641,0.008336696773767471,0.012136895209550858,0.011748973280191422,0.011315638199448586,0.010301739908754826,0.010104610584676266,0.00989998783916235,0.010863929986953735,0.010492856614291668,0.011000893078744411,0.01459039468318224,0.02219727262854576,0.08118089288473129,0.052820075303316116,0.14334008011653554,0.8722395300865173,0.1433400809764862,3.5574154812826526,-0.014918102870849673,6.085105640916248,7.786599693178594,1.279616189540162,9.2837223294314,0.012158846482634544,0.011912189424037933,0.011284667998552322,0.013977035880088806,0.011548500508069992,0.011912189424037933,0.012912326492369175,0.014566113241016865,0.012045887298882008,0.012728297151625156,0.013623193837702274,0.014369587413966656,0.012239900417625904,0.012438539415597916,0.012587714940309525,0.012658522464334965,0.013211959041655064,0.013149306178092957,0.024297788739204407,0.03277866542339325,0.059435516595840454,0.06247154250741005,0.203252981288976,1.2147125005722046,0.20325298607349396,3.3697418559015877,0.0017283801930725688,5.976357605525996,7.595031652651722,1.2708462501690043,9.023459535950623,0.018314426764845848,0.01799691654741764,0.01652425527572632,0.018048424273729324,0.02089734561741352,0.01799691654741764,0.029467135667800903,0.017316432669758797,0.018804926425218582,0.02252185344696045,0.02106701210141182,0.01760377362370491,0.015819882974028587,0.02083621174097061,0.020084448158740997,0.029467135667800903,0.02121216617524624,0.022066734731197357,0.0562296137213707,0.07511943578720093,0.11266419291496277,0.13773036003112793,000037.tdms,36,360.0
13.269044876098633,796.142692565918,9.5367431640625e-07,0.16467142634697604,1.049215316772461,0.1646714210510254,3.6704798395693876,-0.015176183003070748,6.371568766044931,8.189371140568586,1.2852990278015992,9.783292780142496,0.014344623312354088,0.013955499976873398,0.012440305203199387,0.015507401898503304,0.012265820987522602,0.013955499976873398,0.0144644258543849,0.01529834233224392,0.013466782867908478,0.01449752226471901,0.013587838038802147,0.015005865134298801,0.01529834233224392,0.014126339927315712,0.014537828043103218,0.0144644258543849,0.013612505979835987,0.012565483339130878,0.02373778074979782,0.03668072074651718,0.07770423591136932,0.07754816114902496,0.15052588684240203,0.8998554348945618,0.15052588284015656,3.8676324509504987,-0.008765449187997104,5.978077616886553,7.732126102169922,1.2934134679564258,9.260995098611998,0.015576452948153019,0.012358574196696281,0.011689667589962482,0.01489583496004343,0.015496829524636269,0.011586622335016727,0.019351571798324585,0.014682621695101261,0.01306045614182949,0.014726960100233555,0.015367298386991024,0.015885571017861366,0.013416175730526447,0.013338586315512657,0.013476175256073475,0.019351571798324585,0.014034070074558258,0.014051072299480438,0.026751423254609108,0.040207281708717346,0.07965704798698425,0.07515905797481537,0.14184218384255667,0.8880442976951599,0.14184218645095825,3.593397574533492,-0.016196640424227634,6.260791209199653,8.019335007245179,1.2808820385930626,9.56410813822632,0.013270609080791473,0.010985117405653,0.009214282035827637,0.013514055870473385,0.012433449737727642,0.010985117405653,0.014553570188581944,0.013156693428754807,0.010667344555258751,0.013201174326241016,0.0130274947732687,0.013530923053622246,0.013182525523006916,0.011996005661785603,0.012458963319659233,0.014452430419623852,0.01208639144897461,0.011768978089094162,0.021757077425718307,0.031913623213768005,0.06131322681903839,0.06006486713886261,0.20030824220806862,1.1770626306533813,0.20030824840068817,3.396485082258802,-0.0045953741623103676,5.876256601716452,7.4723814140166605,1.2716227218249763,8.881102948231952,0.01983884908258915,0.018566710874438286,0.014543714933097363,0.01897512562572956,0.02017836458981037,0.018566710874438286,0.027214042842388153,0.02070758305490017,0.016834288835525513,0.0246500913053751,0.024892400950193405,0.017658554017543793,0.02070758305490017,0.01753913424909115,0.020160585641860962,0.027214042842388153,0.02421765774488449,0.02075091563165188,0.05450337752699852,0.07533381879329681,0.11088799685239792,0.12455614656209946,000038.tdms,37,370.0
13.270264625549316,796.215877532959,0.0,0.16360929312370145,1.0371630191802979,0.16360929608345032,3.689463070464162,-0.01645718231728344,6.339267161286012,8.15298118729283,1.2861078386289184,9.742601257156942,0.014575613662600517,0.011593653820455074,0.010950729250907898,0.013584431260824203,0.013004849664866924,0.011408359743654728,0.01316824834793806,0.014047724194824696,0.012218964286148548,0.015117736533284187,0.013651587069034576,0.014329101890325546,0.012174109928309917,0.01338181272149086,0.012973994016647339,0.013225197792053223,0.013326991349458694,0.013941258192062378,0.02241162769496441,0.03581879287958145,0.07888717949390411,0.07562598586082458,0.14518657529752402,0.928661584854126,0.14518657326698303,4.0244783072872,-0.017833421708090078,6.396332325843925,8.313315734638142,1.2997004081618433,9.980704619698347,0.012275230139493942,0.011982830241322517,0.011041810736060143,0.01499929279088974,0.015512567944824696,0.011982830241322517,0.013133290223777294,0.013469784520566463,0.011861209757626057,0.013509364798665047,0.01284980308264494,0.014212158508598804,0.013469784520566463,0.012717721983790398,0.01300740335136652,0.013133290223777294,0.012339577078819275,0.012412815354764462,0.02190336585044861,0.03293370455503464,0.07953429967164993,0.07007503509521484,0.14089142542122315,0.8889319896697998,0.140891432762146,3.6146633746192918,-0.01669299892151627,6.309340593383589,8.086205373962432,1.28162448266657,9.64501496773099,0.01344573125243187,0.012503759935498238,0.010526597499847412,0.012886401265859604,0.01284211128950119,0.011293718591332436,0.014084570109844208,0.011822645552456379,0.01204029843211174,0.012443038634955883,0.013135410845279694,0.011976081877946854,0.011715281754732132,0.012646641582250595,0.011732978746294975,0.014084570109844208,0.012356740422546864,0.013670569285750389,0.02072857692837715,0.031069502234458923,0.05857425928115845,0.06009089946746826,0.19975788429668048,1.3020775318145752,0.1997578889131546,3.4080212698336596,-0.015709090280516258,6.51827854704713,8.293262854964283,1.272308753776907,9.858217037536205,0.01900024153292179,0.017720261588692665,0.016284704208374023,0.019670892506837845,0.018573151901364326,0.017700225114822388,0.023382868617773056,0.018010227009654045,0.01870432309806347,0.025357531383633614,0.024487391114234924,0.021314645186066628,0.01725682243704796,0.019686667248606682,0.018003083765506744,0.022496938705444336,0.023062968626618385,0.020550977438688278,0.054365675896406174,0.07500889152288437,0.11380220949649811,0.12808218598365784,000039.tdms,38,380.0
13.269044876098633,796.142692565918,9.5367431640625e-07,0.16280040758296316,0.9713183641433716,0.1628004014492035,3.7171368177008133,-0.014236181925613527,5.966314080929972,7.682266775328948,1.287606832480316,9.18413336009862,0.01596546731889248,0.01233386155217886,0.010841099545359612,0.013461162336170673,0.012354242615401745,0.01233386155217886,0.01350960973650217,0.013113386929035187,0.013847039081156254,0.013825546950101852,0.016026614233851433,0.015270913951098919,0.012698961421847343,0.012644759379327297,0.013300475664436817,0.013835885562002659,0.01290751714259386,0.013276916928589344,0.0242543313652277,0.036149658262729645,0.08207106590270996,0.07475278526544571,0.13844470772805678,0.8714455366134644,0.1384447067975998,4.245526585955067,-0.005795427610535131,6.294538454479758,8.24874190286306,1.3104601651917014,9.939257303335955,0.012755637057125568,0.010668720118701458,0.009314675815403461,0.011445606127381325,0.011560292914509773,0.010668720118701458,0.012801140546798706,0.012475091964006424,0.011497251689434052,0.01265802700072527,0.011476203799247742,0.011645721271634102,0.010854865424335003,0.012292532250285149,0.012937267310917377,0.012801140546798706,0.011692519299685955,0.011743791401386261,0.018333585932850838,0.027364933863282204,0.08126265555620193,0.06438330560922623,0.14081920353509686,0.870606541633606,0.14081920683383942,3.6297149531226665,-0.010045625683303966,6.182441881349099,7.930024092578589,1.282668603242598,9.463923819037856,0.012959388084709644,0.011118789203464985,0.010909315198659897,0.012455468997359276,0.010774622671306133,0.012149889953434467,0.01417060848325491,0.014413579367101192,0.012674297206103802,0.01406705379486084,0.013758192770183086,0.012834849767386913,0.014413579367101192,0.011456861160695553,0.012317747808992863,0.012495553120970726,0.012703429907560349,0.012782294303178787,0.021858006715774536,0.031868986785411835,0.06098491698503494,0.06108733266592026,0.20198052107966902,1.3697395324707031,0.20198051631450653,3.4191263984022626,-0.0014251692193533432,6.7815427207974395,8.632998456945202,1.2730139457014364,10.265126342458453,0.02003733441233635,0.016438215970993042,0.015417777933180332,0.021590741351246834,0.024555984884500504,0.016583453863859177,0.02793244831264019,0.017646068707108498,0.016950413584709167,0.02567601390182972,0.024505890905857086,0.020893249660730362,0.017900535836815834,0.01962367072701454,0.025272466242313385,0.02793244831264019,0.020451797172427177,0.020663443952798843,0.07151827216148376,0.08503340184688568,0.11784374713897705,0.13603053987026215,000040.tdms,39,390.0
17.55518341064453,1053.3110046386719,3.814697265625e-06,0.19445771087413083,1.1026971340179443,0.19445770978927612,3.381069438460928,-0.006580259183652864,5.670626940228158,7.212692338132259,1.2719391372697242,8.574894160450937,0.01424897089600563,0.014175320975482464,0.011678171344101429,0.014292174950242043,0.012895357795059681,0.014175320975482464,0.014823554083704948,0.014135750010609627,0.012880428694188595,0.017959708347916603,0.015274347737431526,0.017222052440047264,0.014185615815222263,0.012398197315633297,0.059774249792099,0.014685438945889473,0.015677757561206818,0.015054790303111076,0.027294229716062546,0.052221037447452545,0.04566870257258415,0.07269945740699768,0.12916104105137702,0.8532236814498901,0.1291610449552536,4.826577480066444,0.0019338915924293474,6.605890402435663,8.876786428388106,1.3437683472791404,10.834257648143362,0.007226073648780584,0.006968401838093996,0.005824063904583454,0.007493419107049704,0.006594399455934763,0.007191509008407593,0.007532449439167976,0.006188318133354187,0.006731933448463678,0.007272299844771624,0.007600245997309685,0.007825626991689205,0.006675594951957464,0.007211595773696899,0.09885740280151367,0.007532449439167976,0.008281705901026726,0.007554393727332354,0.007004182785749435,0.03688407316803932,0.011967463418841362,0.03332623839378357,0.15579430768376154,0.9421818852424622,0.15579430758953094,3.4510650412760344,0.0005809130118562957,6.047601476909839,7.710736921565214,1.2750074473335158,9.176482021280858,0.013250377960503101,0.010536404326558113,0.009927509352564812,0.011480705812573433,0.012706146575510502,0.011504198424518108,0.012119511142373085,0.010626635514199734,0.011700439266860485,0.014667924493551254,0.01477726548910141,0.011712675914168358,0.010626635514199734,0.012063846923410892,0.047985710203647614,0.015668395906686783,0.014237530529499054,0.013737976551055908,0.018519412726163864,0.03695337474346161,0.03588426858186722,0.054907843470573425,0.28499066757934177,1.4967907667160034,0.28499066829681396,3.1160452333216133,-0.008494098753910398,5.252069407849276,6.613246596296848,1.2591696877450396,7.823674817443766,0.03597410395741463,0.017576443031430244,0.016657697036862373,0.019949527457356453,0.03691941127181053,0.017774077132344246,0.028588008135557175,0.019576923921704292,0.022299885749816895,0.061236072331666946,0.03177172318100929,0.020838886499404907,0.02147827483713627,0.019768910482525826,0.048757340759038925,0.05639868229627609,0.022618725895881653,0.04255150258541107,0.08633217215538025,0.1266436129808426,0.1461934894323349,0.2278388887643814,000041.tdms,40,400.0
17.55518341064453,1053.3110046386719,3.814697265625e-06,0.19376122495990805,1.1013381481170654,0.19376122951507568,3.389246784718604,-0.007846406612310767,5.683996621847059,7.231714297511653,1.2722939119484646,8.59743595489338,0.013491803780198097,0.013070162385702133,0.010906859301030636,0.013434446416795254,0.01296176202595234,0.013070162385702133,0.014075902290642262,0.012907244265079498,0.011779848486185074,0.018238740041851997,0.015806077048182487,0.014057571068406105,0.012907244265079498,0.013066607527434826,0.0691099688410759,0.015430212952196598,0.014134629629552364,0.014181329868733883,0.026967879384756088,0.050755638629198074,0.04657046124339104,0.07104019075632095,0.1271205678184064,0.7815930843353271,0.12712056934833527,4.942418588240973,-0.0024398771831030375,6.148439216003538,8.305524359239994,1.3508345886581852,10.16090227307311,0.006722543388605118,0.006451318506151438,0.005278873723000288,0.006596377585083246,0.00672304630279541,0.006451318506151438,0.006527926307171583,0.006375948432832956,0.006267641205340624,0.007497172802686691,0.0076470826752483845,0.007103694602847099,0.006546369753777981,0.007362496107816696,0.11870645731687546,0.007116301916539669,0.006290814373642206,0.007177617866545916,0.006345235742628574,0.039847128093242645,0.011160890571773052,0.031422074884176254,0.15485726370674624,0.9188243746757507,0.15485726296901703,3.4612320339699605,-0.008552487660103228,5.933363102784328,7.567441325607976,1.275405060252731,9.00671580269528,0.013477614149451256,0.009981364943087101,0.009376905858516693,0.010927614755928516,0.012036007829010487,0.010826134122908115,0.012055519968271255,0.010827251709997654,0.013935807161033154,0.017232738435268402,0.014273351989686489,0.010526207275688648,0.01166237611323595,0.010484042577445507,0.05717581883072853,0.016855698078870773,0.014215908944606781,0.016083622351288795,0.018936287611722946,0.035657260566949844,0.035029854625463486,0.05390821769833565,0.284832849403846,1.510899305343628,0.28483283519744873,3.1015144687990213,-0.002660013426846521,5.304512132311754,6.675898583753759,1.258532060486464,7.896444732059156,0.02689465321600437,0.018798138946294785,0.016847489401698112,0.016141945496201515,0.03486475721001625,0.018899763002991676,0.030368497595191002,0.025967411696910858,0.03128347545862198,0.0492163747549057,0.03242424130439758,0.019961562007665634,0.025967411696910858,0.02426437847316265,0.05041036009788513,0.040926285088062286,0.022836506366729736,0.040865957736968994,0.08297920227050781,0.1296514868736267,0.1476910263299942,0.22808730602264404,000042.tdms,41,410.0
17.55518341064453,1053.3110046386719,3.814697265625e-06,0.19151849764063564,1.2061220407485962,0.19151850044727325,3.392223989067499,-0.0036616484844688947,6.2976791046667335,8.011013705273523,1.2720580982503804,9.521327036220221,0.01304905116558075,0.013612339273095131,0.010714507661759853,0.014528710395097733,0.013372644782066345,0.012130866758525372,0.01425735093653202,0.014844932593405247,0.011969384737312794,0.017004860565066338,0.013578505255281925,0.01370226964354515,0.014844932593405247,0.013560676947236061,0.05907243862748146,0.014038914814591408,0.014192325994372368,0.013170708902180195,0.02524576522409916,0.0491844117641449,0.0452352836728096,0.06878751516342163,0.12695824539422318,0.7814266085624695,0.12695825099945068,4.871384549306372,-0.005217822341534307,6.1549890370336335,8.281934780574494,1.3455645055975485,10.106772630210905,0.006749653723090887,0.005800445564091206,0.004932287614792585,0.00751875014975667,0.006886102259159088,0.005493438336998224,0.0068816435523331165,0.006737662944942713,0.006360059138387442,0.0072131105698645115,0.006881435867398977,0.007023224141448736,0.006737662944942713,0.007173159159719944,0.10598509758710861,0.0069251819513738155,0.007141204085201025,0.007513811346143484,0.006615910213440657,0.0382600836455822,0.011306528933346272,0.031326137483119965,0.155514020894088,0.8871449828147888,0.15551401674747467,3.4241397037458117,-0.005083904717774527,5.704598065913132,7.266836601705278,1.2738560224123485,8.643817202817372,0.014380560256540775,0.01060231402516365,0.010639281943440437,0.01133617665618658,0.01336966548115015,0.01060231402516365,0.010766181163489819,0.011154615320265293,0.01143970899283886,0.01340410765260458,0.014489551074802876,0.011032846756279469,0.011077230796217918,0.012891323305666447,0.051938749849796295,0.01782926358282566,0.012808614410459995,0.012082708068192005,0.019518855959177017,0.036108605563640594,0.036831486970186234,0.05663937330245972,0.2839859370801274,1.643459677696228,0.2839859426021576,3.090024371253745,-0.0023212998870823388,5.78711641355861,7.278495316590065,1.2577067396704358,8.605548836953984,0.03710594400763512,0.017670003697276115,0.016778048127889633,0.018417097628116608,0.04558379203081131,0.01904880814254284,0.025047779083251953,0.025758329778909683,0.03115595318377018,0.05233750119805336,0.03262200206518173,0.01918082684278488,0.027713891118764877,0.025036409497261047,0.05523950606584549,0.05127452686429024,0.018040718510746956,0.044031474739313126,0.08754731714725494,0.1294257491827011,0.14504975080490112,0.21847793459892273,000043.tdms,42,420.0
17.55518341064453,1053.3110046386719,3.814697265625e-06,0.18976040136843939,1.1304298639297485,0.18976040184497833,3.4127076324743504,-0.007272403025054174,5.957143090854358,7.585166195146753,1.273289239399302,9.020617930150998,0.012641126289963722,0.012281290255486965,0.01181055884808302,0.0128682442009449,0.013744429685175419,0.01220711413770914,0.01386900246143341,0.01421377994120121,0.012304259464144707,0.01597556658089161,0.015324079431593418,0.014384645968675613,0.014719699509441853,0.013781221583485603,0.0637294203042984,0.01513830665498972,0.013739111833274364,0.015101360157132149,0.02580909989774227,0.049425698816776276,0.04407468065619469,0.06937451660633087,0.12922730346055833,0.7789939045906067,0.12922731041908264,4.717548429955006,-6.712437062132939e-05,6.028090687726566,8.068126281108416,1.3384215167060185,9.825432652609631,0.006844888441264629,0.005855778232216835,0.0052275098860263824,0.006707614287734032,0.006723910570144653,0.006290612276643515,0.006960009224712849,0.006285608746111393,0.006687359418720007,0.007010489236563444,0.0070431968197226524,0.0073889861814677715,0.006285608746111393,0.006924585904926062,0.10536444187164307,0.008713589049875736,0.007364014163613319,0.006910435389727354,0.0066990843042731285,0.03847936540842056,0.011410274542868137,0.03177317604422569,0.15548273292037046,0.8733870387077332,0.15548273921012878,3.4280407711807896,-0.005664064286780604,5.617260658487608,7.155056071142328,1.2737625163132016,8.51044084114584,0.014743020758032799,0.010212348774075508,0.010242843069136143,0.010864630341529846,0.011817625723779202,0.01145973801612854,0.013600841164588928,0.012167074717581272,0.011519978754222393,0.02073048986494541,0.015229481272399426,0.011435512453317642,0.01100659929215908,0.01058462169021368,0.04839763417840004,0.012806772254407406,0.012681311927735806,0.013268157839775085,0.019090846180915833,0.035982269793748856,0.035936906933784485,0.05566335469484329,0.2841970694033793,1.442522406578064,0.284197062253952,3.0960840448618234,-0.006264221953331767,5.075782131062719,6.38444434859582,1.2578247418312862,7.547652888558487,0.035499732941389084,0.018577542155981064,0.01867682859301567,0.019449278712272644,0.03916050121188164,0.020056014880537987,0.02552878111600876,0.024246197193861008,0.02752612717449665,0.050494395196437836,0.02618001028895378,0.021504106000065804,0.024246197193861008,0.023862292990088463,0.05491945892572403,0.05358448252081871,0.02183348685503006,0.04669545218348503,0.08852358162403107,0.13180235028266907,0.15074488520622253,0.23475368320941925,000044.tdms,43,430.0
17.58919906616211,1055.3519439697266,3.814697265625e-06,0.18907126059609114,1.066330075263977,0.18907126784324646,3.41245629870574,-0.005704327863366118,5.639831626986161,7.1827542111739895,1.2735760012417858,8.544335686828923,0.013184955343604088,0.011783408932387829,0.01085118018090725,0.015294930897653103,0.012807939201593399,0.01315358653664589,0.014228807762265205,0.013572747819125652,0.012926600873470306,0.014929269440472126,0.014103802852332592,0.013367830775678158,0.013572747819125652,0.011737758293747902,0.06992975622415543,0.01504430640488863,0.014298747293651104,0.014753539115190506,0.024125535041093826,0.04788687080144882,0.043786704540252686,0.06666689366102219,0.39584377760242206,1.9757580757141113,0.3958437740802765,2.9821048818990588,0.007972634941896501,4.991257125932456,6.249266155605553,1.2520425211390165,7.371680564570753,0.06632378697395325,0.029754608869552612,0.03412380814552307,0.031223036348819733,0.10695955902338028,0.029754608869552612,0.06710965186357498,0.047997161746025085,0.04485219717025757,0.08231900632381439,0.05885498225688934,0.03924049809575081,0.04377567023038864,0.04217783361673355,0.11264608055353165,0.12596283853054047,0.04768912494182587,0.10777916759252548,0.4583568572998047,0.677146315574646,0.6632786393165588,0.7440882921218872,0.1552745291233677,0.8879644274711609,0.15527452528476715,3.4284013064306036,-0.0010944323951588223,5.718674096030658,7.286003878228824,1.274072233507073,8.666997530096099,0.013479160144925117,0.010414588265120983,0.00981456134468317,0.010360989719629288,0.013522977940738201,0.010414588265120983,0.012744582258164883,0.012052317149937153,0.013815797865390778,0.020959988236427307,0.014645606279373169,0.012170220725238323,0.012382809072732925,0.012114067561924458,0.056173175573349,0.017065338790416718,0.01187808159738779,0.014181464910507202,0.018577057868242264,0.0370640829205513,0.035433877259492874,0.05409775674343109,0.2829635790895355,1.570371389389038,0.2829635739326477,3.102475831036132,-0.003478223270011594,5.549729737098569,6.9822474700528,1.2581238728398259,8.255244472694766,0.03768174722790718,0.018435589969158173,0.018284274265170097,0.01812562346458435,0.04561048373579979,0.018681030720472336,0.03278365358710289,0.02344539761543274,0.02762126736342907,0.04618394747376442,0.028850724920630455,0.020533623173832893,0.021322602406144142,0.020000416785478592,0.050781406462192535,0.04356813430786133,0.0270839873701334,0.03736591339111328,0.08694961667060852,0.1314389407634735,0.14687907695770264,0.2226247489452362,000045.tdms,44,440.0
17.520896911621094,1051.2538146972656,0.04918227717280388,0.1881411339726251,1.137653112411499,0.1881411373615265,3.422573485869424,-0.00718189307176515,6.0468069283404535,7.703579331775867,1.2739912854948907,9.164611655702966,0.013490979559719563,0.014870351180434227,0.010993952862918377,0.013244752772152424,0.012380014173686504,0.011584820225834846,0.012917999178171158,0.01276739127933979,0.013197713531553745,0.017007824033498764,0.014153319410979748,0.014208822511136532,0.01276739127933979,0.012560653500258923,0.07011646032333374,0.012709218077361584,0.013849752023816109,0.013315370306372643,0.02464592456817627,0.047271743416786194,0.04344701021909714,0.06788857281208038,0.3870022437846271,2.003192186355591,0.38700222969055176,3.01071640109631,0.0016453786133544244,5.176177188963274,6.488778914781845,1.253585160998221,7.658546061031773,0.07146279513835907,0.03873046860098839,0.02437974512577057,0.03322790563106537,0.08534393459558487,0.03873046860098839,0.06124720722436905,0.041200123727321625,0.046817757189273834,0.0911278948187828,0.053929589688777924,0.04170182719826698,0.05133286863565445,0.04417377710342407,0.11313474178314209,0.11821712553501129,0.04562711715698242,0.12504073977470398,0.4189835488796234,0.6408669948577881,0.6447466015815735,0.6848678588867188,0.15486796838309197,0.9683800935745239,0.1548679620027542,3.4520971486105916,-0.009875986155763627,6.252939866680971,7.976182486709613,1.275589187929186,9.49606181848441,0.012883638963103294,0.011314645409584045,0.009997781366109848,0.011117014102637768,0.012394415214657784,0.010001370683312416,0.012230921536684036,0.010474362410604954,0.011972657404839993,0.01853528432548046,0.015027896501123905,0.010397699661552906,0.010282931849360466,0.011072706431150436,0.0555337592959404,0.01471252366900444,0.011387262493371964,0.013415792025625706,0.01845022849738598,0.03630586713552475,0.034805767238140106,0.055055029690265656,0.2781064466653076,1.4903959035873413,0.2781064510345459,3.129934143530974,-0.008437543025783183,5.359084341475141,6.750387888837933,1.2596159080003997,7.986441356895766,0.039522748440504074,0.021192805841565132,0.01854490488767624,0.019216472283005714,0.03359730914235115,0.018075454980134964,0.029099153354763985,0.02047547698020935,0.02391812577843666,0.04734641686081886,0.030316581949591637,0.02015693672001362,0.02113223448395729,0.019383423030376434,0.04644285887479782,0.040425606071949005,0.0228120069950819,0.038011178374290466,0.08317408710718155,0.12724697589874268,0.14095845818519592,0.21900871396064758,000046.tdms,45,450.0
13.270264625549316,796.215877532959,0.0,0.16795431119383003,1.0212103128433228,0.16795431077480316,3.6273593204257626,-0.014960855881833879,6.080286392081836,7.807432001370727,1.2840566213358136,9.32469501331144,0.012480850331485271,0.011626210995018482,0.011136477813124657,0.014132139272987843,0.014672022312879562,0.011626210995018482,0.013484038412570953,0.014483996666967869,0.012922831811010838,0.014071021229028702,0.012582768686115742,0.013764042407274246,0.012725282460451126,0.01459952536970377,0.013366988860070705,0.013668435625731945,0.014313310384750366,0.015083092264831066,0.022920073941349983,0.03681585565209389,0.07923661172389984,0.07725030183792114,0.13108424892255327,0.8443942666053772,0.13108424842357635,4.484580953547279,-0.009854934928395781,6.441615018935336,8.514317847077212,1.3217675725806495,10.295879543004354,0.010094720870256424,0.009449737146496773,0.008913482539355755,0.0101128239184618,0.009281164035201073,0.009449737146496773,0.00989619456231594,0.011844507418572903,0.009640656411647797,0.012667743489146233,0.011368629522621632,0.011589841917157173,0.008901835419237614,0.01113327220082283,0.010772593319416046,0.011549685150384903,0.010587873868644238,0.009923739358782768,0.014179786667227745,0.022476568818092346,0.08263406157493591,0.055185284465551376,0.14815865224931632,1.0125001668930054,0.14815865457057953,3.530567234382046,-0.01724007086362183,6.833891585279844,8.73546279600562,1.2782559815291403,10.40715282414482,0.01540023647248745,0.011994714848697186,0.012043523602187634,0.014593150466680527,0.012899592518806458,0.011994714848697186,0.014845669269561768,0.01413619052618742,0.012190022505819798,0.013471617363393307,0.014793715439736843,0.015170593746006489,0.01413619052618742,0.012142008170485497,0.01525321789085865,0.013658206909894943,0.013497760519385338,0.012998802587389946,0.028372468426823616,0.038208119571208954,0.06279412657022476,0.06752733141183853,0.2055974560844391,1.1763700246810913,0.20559746026992798,3.3609323193958045,-0.006880105230581673,5.721714884438818,7.271318347823035,1.270828500664832,8.640167927679043,0.01836901530623436,0.017105966806411743,0.0162246935069561,0.017958827316761017,0.020058151334524155,0.017799679189920425,0.02352512814104557,0.019068745896220207,0.02014380693435669,0.029129285365343094,0.02107810229063034,0.0189396683126688,0.019068745896220207,0.02061115764081478,0.0216665081679821,0.02352512814104557,0.021154502406716347,0.021219439804553986,0.059972211718559265,0.07912767678499222,0.11652782559394836,0.13818953931331635,000047.tdms,46,460.0
13.269044876098633,796.142692565918,9.5367431640625e-07,0.16670213572760748,1.0312212705612183,0.16670213639736176,3.6399476480517716,-0.0094067847825496,6.186011151328268,7.9430147607388495,1.2840285228120412,9.485036553061462,0.014513830654323101,0.011529016308486462,0.011641520075500011,0.013509786687791348,0.012818049639463425,0.01250150054693222,0.014202743768692017,0.01363214012235403,0.013398591428995132,0.014596638269722462,0.014646477065980434,0.0137477433308959,0.013595406897366047,0.013054355047643185,0.013444247655570507,0.014039798639714718,0.013933573849499226,0.014541855081915855,0.023013155907392502,0.03769012540578842,0.08114485442638397,0.07617083191871643,0.14194899719400708,0.9595156908035278,0.14194899797439575,4.271713168398889,0.008308635850353702,6.75958062241272,8.909166553328188,1.3180058129328456,10.776517307063457,0.009844495914876461,0.00832353625446558,0.008965733461081982,0.011773226782679558,0.009374668821692467,0.00832353625446558,0.01025110762566328,0.010491551831364632,0.010258129797875881,0.01180385984480381,0.0115745784714818,0.011172144673764706,0.009794569574296474,0.009662985801696777,0.00983381737023592,0.01025110762566328,0.01041591726243496,0.011646089144051075,0.014263681136071682,0.022435711696743965,0.08474494516849518,0.05704734846949577,0.14599446069320776,0.9999026656150818,0.14599445462226868,3.5620242718814095,-0.01601192443092751,6.848908245335922,8.765276915649356,1.2798064453000189,10.450140580501694,0.013697260990738869,0.011503752321004868,0.011967743746936321,0.01638822630047798,0.01162733230739832,0.011505643837153912,0.014385979622602463,0.012939565815031528,0.011473016813397408,0.016138367354869843,0.01557167898863554,0.0143325449898839,0.012939565815031528,0.012291411869227886,0.014765855856239796,0.015141679905354977,0.013887210749089718,0.013971690088510513,0.024640686810016632,0.0382513627409935,0.06455239653587341,0.0677354484796524,0.2064033649742532,1.2255181074142456,0.20640335977077484,3.372900925442911,-0.006950595312056556,5.937490929797181,7.545600382256733,1.2708399004686115,8.963443597464224,0.018229546025395393,0.01994212716817856,0.01640516147017479,0.020457671955227852,0.01816663332283497,0.01994212716817856,0.02650848962366581,0.020439881831407547,0.01885034702718258,0.026398684829473495,0.02651115134358406,0.019642259925603867,0.020439881831407547,0.018807144835591316,0.023907974362373352,0.02650848962366581,0.02301584556698799,0.0216231569647789,0.06380260735750198,0.08511517196893692,0.12223508954048157,0.14929836988449097,000048.tdms,47,470.0
13.270264625549316,796.215877532959,0.0,0.1647383755344044,0.9826460480690002,0.16473837196826935,3.6687976198512047,-0.01789072930199386,5.964888538455825,7.665635735875578,1.2851264003434402,9.155040111991685,0.014463329687714577,0.013629302382469177,0.011781508103013039,0.0135341240093112,0.0137219512835145,0.01197888981550932,0.016406025737524033,0.012763187289237976,0.012870337814092636,0.015080812387168407,0.015356848947703838,0.013516873121261597,0.012763187289237976,0.013981976546347141,0.013737448491156101,0.013260656036436558,0.012696904130280018,0.013737420551478863,0.025186359882354736,0.037064194679260254,0.08143657445907593,0.0770159512758255,0.13167813358165176,0.7691936492919922,0.13167813420295715,4.462317904069708,-0.010271930809636991,5.84146834686889,7.709567242490317,1.3197995409189807,9.314792893510091,0.01126609556376934,0.010612928308546543,0.008379049599170685,0.010074619203805923,0.010347357019782066,0.009018279612064362,0.010687360540032387,0.010492373257875443,0.009318274445831776,0.011614380404353142,0.012429465539753437,0.011846663430333138,0.010492373257875443,0.009996755048632622,0.010251631028950214,0.010625867173075676,0.010807724669575691,0.01026346255093813,0.01557372696697712,0.0223335362970829,0.08496519923210144,0.054228898137807846,0.14533626761950322,0.8934027552604675,0.14533627033233643,3.5430033002835715,-0.017771722391354203,6.147142553567122,7.862613663515864,1.2790680539779045,9.371250466160213,0.014258946292102337,0.012027150020003319,0.011669766157865524,0.018012164160609245,0.01288722362369299,0.012228626757860184,0.018367329612374306,0.013382010161876678,0.012557553127408028,0.014085325412452221,0.01613687351346016,0.014418297447264194,0.013382010161876678,0.013328665867447853,0.013439957052469254,0.013990086503326893,0.01444610208272934,0.014091978780925274,0.026926299557089806,0.038447026163339615,0.06267610192298889,0.06541807949542999,0.20372286256026292,1.2146034240722656,0.20372286438941956,3.367221472156776,-0.008232754410765692,5.962037882287148,7.576686821736987,1.2708216504706995,9.002899798075843,0.020566126331686974,0.018382804468274117,0.014723001979291439,0.02119649574160576,0.021029403433203697,0.018382804468274117,0.025541450828313828,0.01929435133934021,0.01680668443441391,0.026607591658830643,0.02759074792265892,0.02113097347319126,0.01929435133934021,0.01902231015264988,0.02057286538183689,0.025541450828313828,0.022923603653907776,0.024658119305968285,0.06332751363515854,0.08205157518386841,0.1208716481924057,0.13916556537151337,000049.tdms,48,480.0
13.216419219970703,792.9851531982422,1.9073486328125e-06,0.16396889400421327,0.9950049519538879,0.16396889090538025,3.696195266927935,-0.017400479475408195,6.06825433565662,7.81007616659337,1.2870383696184142,9.33721025710552,0.015569142065942287,0.012366133742034435,0.011811649426817894,0.013730418868362904,0.012039807625114918,0.013470183126628399,0.01373292412608862,0.013783586211502552,0.012643187306821346,0.013883383944630623,0.013400482013821602,0.0123811736702919,0.013589300215244293,0.01504574902355671,0.014008774422109127,0.01309946458786726,0.014001567848026752,0.013772576116025448,0.023517146706581116,0.036631252616643906,0.07994317263364792,0.07581152766942978,0.13176102099115564,0.8530512452125549,0.13176101446151733,4.503065141803952,-0.0076192348335272775,6.474230685187354,8.55783575953814,1.321830527157141,10.348734042904642,0.011819201521575451,0.00906175933778286,0.009005138650536537,0.010615326464176178,0.00947323627769947,0.009644958190619946,0.01083585899323225,0.012473605573177338,0.00915665552020073,0.010992759838700294,0.012291940860450268,0.010571405291557312,0.010603095404803753,0.010356835089623928,0.011914479546248913,0.01133489329367876,0.01141685713082552,0.011439262889325619,0.015132283791899681,0.02261880598962307,0.08305875957012177,0.054338887333869934,0.14392052311480297,0.8618850708007812,0.14392052590847015,3.5885945868058586,-0.015063443320575003,5.988618246705997,7.672271630710932,1.2811422125514542,9.151962234953107,0.013561573810875416,0.011160074733197689,0.012389292940497398,0.012990269809961319,0.01269236858934164,0.011831921525299549,0.013719870708882809,0.012680454179644585,0.011441558599472046,0.01353119034320116,0.015023380517959595,0.01349724642932415,0.012680454179644585,0.014627310447394848,0.014200189150869846,0.013652710244059563,0.013350368477404118,0.014630605466663837,0.02640359103679657,0.035150591284036636,0.06273605674505234,0.06418225169181824,0.20397922737291588,1.1843440532684326,0.2039792239665985,3.3880335475051298,-0.0014340792826821516,5.806199329813171,7.383914582918368,1.2717294332290798,8.776003100868909,0.018366659060120583,0.01769576035439968,0.014855199493467808,0.019719963893294334,0.021734995767474174,0.01769576035439968,0.022395377978682518,0.01874256692826748,0.017870288342237473,0.025681806728243828,0.026038100942969322,0.020680293440818787,0.01812455989420414,0.021022921428084373,0.02032908983528614,0.022395377978682518,0.02412865124642849,0.022397540509700775,0.06916837394237518,0.08445356041193008,0.12265819311141968,0.1417800486087799,000050.tdms,49,490.0
13.270264625549316,796.215877532959,0.0,0.16469657506495447,0.9702140688896179,0.1646965742111206,3.6799089739434843,-0.015354692099568025,5.890918305416955,7.576004612394239,1.2860481540590665,9.05278760681038,0.01349148154258728,0.012329054065048695,0.011651798151433468,0.01365725602954626,0.012087494134902954,0.012329054065048695,0.012610679492354393,0.013719743117690086,0.013764715753495693,0.014646933414041996,0.01553429290652275,0.014232826419174671,0.013170881196856499,0.014796546660363674,0.01245799008756876,0.013183044269680977,0.013991829007863998,0.013512161560356617,0.024708352982997894,0.03633325174450874,0.07883884012699127,0.07526963204145432,0.13160905034861806,0.8635479211807251,0.13160905241966248,4.495807839805673,-0.011348323146891935,6.56146305207188,8.669583120620691,1.3212881108708128,10.479528323176623,0.009707427583634853,0.008956735022366047,0.009189525619149208,0.011385107412934303,0.010258671827614307,0.008956735022366047,0.01054612547159195,0.01145866233855486,0.009890937246382236,0.010743359103798866,0.01183504518121481,0.010557753033936024,0.009305477142333984,0.01001684833317995,0.009957804344594479,0.010069295763969421,0.010740235447883606,0.01063215546309948,0.015010463073849678,0.022390831261873245,0.0830889567732811,0.05391307175159454,0.1438597143833586,0.8623614311218262,0.14385971426963806,3.5815591147180754,-0.016528004106087936,5.994460887248796,7.675490375712058,1.2804304707432637,9.152477975487983,0.011243741028010845,0.010923018679022789,0.012047396041452885,0.012803681194782257,0.0122648561373353,0.011539348401129246,0.013216120190918446,0.01290278509259224,0.01180081907659769,0.01202477514743805,0.014755073934793472,0.012976251542568207,0.01290278509259224,0.012493124231696129,0.013558034785091877,0.013531719334423542,0.012687350623309612,0.013315004296600819,0.022684138268232346,0.033723894506692886,0.062297381460666656,0.0639103353023529,0.19987718380026698,1.3086754083633423,0.19987718760967255,3.399079861353139,-0.008601554138861291,6.547397674319215,8.328101543535245,1.271971240757296,9.898982637983273,0.01911475509405136,0.01740289106965065,0.015030414797365665,0.018738074228167534,0.017573080956935883,0.01740289106965065,0.022026145830750465,0.01736297458410263,0.019479867070913315,0.023768695071339607,0.017791610211133957,0.020205143839120865,0.015609487891197205,0.018817389383912086,0.02048918791115284,0.02274141274392605,0.02214161306619644,0.024716369807720184,0.0516476109623909,0.07607913017272949,0.11121059209108353,0.1302972137928009,000051.tdms,50,500.0
13.217212677001953,793.0327606201172,1.9073486328125e-06,0.165239860903528,0.9925230145454407,0.1652398556470871,3.6853759617913124,-0.013971254694463206,6.006559247377396,7.726872314153705,1.2864057434424605,9.234478192745193,0.014269225299358368,0.012315573170781136,0.011328035965561867,0.014810432679951191,0.013532322831451893,0.012315573170781136,0.014779322780668736,0.01311565563082695,0.01264379732310772,0.01319961342960596,0.013689398765563965,0.014035939238965511,0.012666179798543453,0.01444985345005989,0.013843074440956116,0.014024351723492146,0.013832218945026398,0.01350340899080038,0.024650897830724716,0.03794550523161888,0.08032908290624619,0.07587403059005737,0.13952592664433813,0.8949586153030396,0.13952592015266418,4.247809571676191,-0.011950053972680647,6.414281824369136,8.410832446813538,1.3112664327998667,10.136870117269641,0.012817730195820332,0.010316818952560425,0.00969118531793356,0.011334778741002083,0.010964727029204369,0.010316818952560425,0.01730022206902504,0.013032800517976284,0.011174265295267105,0.011565132066607475,0.012278540059924126,0.012674473226070404,0.011489215306937695,0.011973865330219269,0.011210286058485508,0.01730022206902504,0.011619936674833298,0.012220367789268494,0.01859259605407715,0.02932180091738701,0.08320263028144836,0.06207661330699921,0.14381451351193567,0.853277325630188,0.14381451904773712,3.5839869467465233,-0.01527791742722432,5.9331795157056355,7.5991954437053115,1.2807964808058798,9.062744865443584,0.014822707511484623,0.01136627234518528,0.010379580780863762,0.013490482233464718,0.012512643821537495,0.01136627234518528,0.013974812813103199,0.011752604506909847,0.01140279695391655,0.014635298401117325,0.014516877941787243,0.013922063633799553,0.012158296070992947,0.012333185411989689,0.012746883556246758,0.013974812813103199,0.01497564371675253,0.012952457182109356,0.02347349189221859,0.035692568868398666,0.0609823502600193,0.06487315893173218,0.19856104083931425,1.1828280687332153,0.19856104254722595,3.4189361961862708,-0.007520529932246588,5.956999740399328,7.5825866801063615,1.2728868575706975,9.016507087341644,0.018212344497442245,0.016808776184916496,0.01532890647649765,0.01830633170902729,0.017412833869457245,0.016170797869563103,0.02623084746301174,0.017375724390149117,0.016798706725239754,0.024082910269498825,0.021706463769078255,0.019590143114328384,0.016514023765921593,0.021709101274609566,0.020260483026504517,0.02623084746301174,0.02011752501130104,0.026220161467790604,0.045954372733831406,0.07028216868638992,0.11135974526405334,0.12786805629730225,000052.tdms,51,510.0
17.55518341064453,1053.3110046386719,3.814697265625e-06,0.19606765672251777,1.1176605224609375,0.1960676610469818,3.3867310416043725,-0.00544921052552601,5.700381904613121,7.253771011947723,1.2725061466631733,8.62556536059748,0.012449040077626705,0.012298354879021645,0.012444352731108665,0.013989079743623734,0.013088257983326912,0.012438361532986164,0.014423862099647522,0.014012474566698074,0.01259994599968195,0.019822409376502037,0.015296670608222485,0.015512167476117611,0.013746732845902443,0.012971408665180206,0.06800752133131027,0.013885068707168102,0.014221837744116783,0.015178642235696316,0.027681145817041397,0.05280587077140808,0.04626992344856262,0.07309366017580032,0.13435016391472282,0.8316376805305481,0.13435016572475433,4.624265983384737,-0.0015486668192944313,6.190075667182812,8.244078538330651,1.3318219326521807,10.014035083455692,0.006839239504188299,0.006686365697532892,0.006272746715694666,0.007078510709106922,0.008014648221433163,0.00715935043990612,0.007608524523675442,0.007756564766168594,0.006948735099285841,0.008351948112249374,0.007432605139911175,0.007557237986475229,0.008076184429228306,0.007165377493947744,0.10614876449108124,0.008981012739241123,0.008978213183581829,0.009150579571723938,0.007825447246432304,0.03630686551332474,0.01385269034653902,0.03345787152647972,0.1558765896633525,0.900040864944458,0.15587659180164337,3.459163504878145,-0.0034000497030095855,5.774060536532658,7.363818528414491,1.275327558799113,8.765195517322788,0.013374431990087032,0.010331841185688972,0.010702541097998619,0.010631092824041843,0.012976138852536678,0.010531404986977577,0.013817974366247654,0.010636190883815289,0.012325232848525047,0.013193524442613125,0.012135128490626812,0.012248334474861622,0.011280234903097153,0.011754526756703854,0.056201815605163574,0.0145031176507473,0.012974253855645657,0.0115172965452075,0.018882112577557564,0.03680312633514404,0.035519808530807495,0.05374622344970703,0.28276205245199665,1.5689269304275513,0.2827620506286621,3.114456181555879,-0.006903183731078671,5.548576680719566,6.983958220252151,1.2586936474213848,8.259118103720715,0.03571765497326851,0.01844136416912079,0.01934785582125187,0.018368173390626907,0.04365161806344986,0.018459876999258995,0.026544412598013878,0.020135654136538506,0.02598719671368599,0.062354981899261475,0.03394386172294617,0.020989850163459778,0.024562792852520943,0.022846687585115433,0.05706694722175598,0.04590443894267082,0.019776830449700356,0.045847080647945404,0.08658425509929657,0.13142253458499908,0.14361572265625,0.21919041872024536,000053.tdms,52,520.0
17.520896911621094,1051.2538146972656,3.814697265625e-06,0.19510978669420756,1.0806301832199097,0.1951097846031189,3.389838597413012,-0.0024776493003142376,5.538574981446543,7.047685280028424,1.2724726673624878,8.378827492935972,0.012536429800093174,0.011942245066165924,0.011373207904398441,0.013352002017199993,0.014380529522895813,0.011942245066165924,0.014512285590171814,0.013123671524226665,0.012369568459689617,0.018478911370038986,0.015009257942438126,0.014631994068622589,0.013289237394928932,0.01439629029482603,0.0601954348385334,0.015378392301499844,0.013759678229689598,0.01538661029189825,0.026465263217687607,0.052702948451042175,0.04485778138041496,0.07151585072278976,0.12964583411250705,0.7948004603385925,0.12964583933353424,4.893708519187124,-0.0008322184736324506,6.130551481113248,8.266777865440753,1.3484558266754145,10.10577228965765,0.0068735103122889996,0.005579942371696234,0.0053499070927500725,0.0066115353256464005,0.0060397908091545105,0.005696818698197603,0.007988549768924713,0.006761542055755854,0.00619610445573926,0.006877359934151173,0.007782976608723402,0.008180457167327404,0.006761542055755854,0.007422732654958963,0.1031084954738617,0.007988549768924713,0.006960284896194935,0.007129941135644913,0.006701041013002396,0.040046241134405136,0.011531075462698936,0.035160284489393234,0.15749739191567702,0.9110046625137329,0.15749739110469818,3.4576540123500488,-0.004838451749048514,5.784252370359748,7.3774120207559255,1.2754305221120725,8.78055394593137,0.012492707930505276,0.011101440526545048,0.010827584192156792,0.011765077710151672,0.012521672993898392,0.011101440526545048,0.01267771515995264,0.012929441407322884,0.013268765062093735,0.016557279974222183,0.014387814328074455,0.011383484117686749,0.011527454480528831,0.012960799038410187,0.052076417952775955,0.014718018472194672,0.01238827034831047,0.01387383509427309,0.018782131373882294,0.0368480309844017,0.03645261377096176,0.05838074907660484,0.28435655051947323,1.5193077325820923,0.28435656428337097,3.1398707334257847,-0.005695463501099772,5.342967235347889,6.734786870605767,1.2604956335966102,7.9716984124416275,0.03409511595964432,0.020849596709012985,0.020055312663316727,0.017254913225769997,0.033479735255241394,0.019125590100884438,0.034614503383636475,0.03670625761151314,0.028757397085428238,0.052955497056245804,0.03362740948796272,0.020897379145026207,0.03670625761151314,0.022304717451334,0.054290398955345154,0.045357413589954376,0.020783554762601852,0.0354447215795517,0.09011313319206238,0.13148078322410583,0.1519726663827896,0.2292620688676834,000054.tdms,53,530.0
17.55518341064453,1053.3110046386719,3.814697265625e-06,0.19174353407485778,1.1668047904968262,0.19174353778362274,3.3965267049407455,-0.005278785069730888,6.085236699774705,7.744683123812749,1.272700390454735,9.209784101859192,0.013594243675470352,0.012354052625596523,0.011690889485180378,0.013559078797698021,0.012424944899976254,0.012354052625596523,0.013566098175942898,0.012801609002053738,0.01271213497966528,0.016655024141073227,0.013818912208080292,0.013833677396178246,0.012801609002053738,0.013735485263168812,0.061078161001205444,0.01409827172756195,0.015479632653295994,0.014020944945514202,0.024389388039708138,0.048428505659103394,0.04407047480344772,0.06845960766077042,0.12693562753846813,0.7867185473442078,0.12693563103675842,4.917336198663735,-0.0010925940839117269,6.19777569623462,8.354229222893427,1.347939911405463,10.207382385327417,0.006771729327738285,0.006487210281193256,0.005616165231913328,0.006687806453555822,0.006767315790057182,0.006487210281193256,0.006540745962411165,0.006471656728535891,0.00646888418123126,0.007481054402887821,0.0067271944135427475,0.007166372146457434,0.0062232064083218575,0.0067632682621479034,0.10390717536211014,0.0075933015905320644,0.007112965919077396,0.006927820388227701,0.006665531545877457,0.03842371329665184,0.011303875595331192,0.03273769095540047,0.15647053652140208,0.9241736531257629,0.15647053718566895,3.4328420167898344,-0.0009383477951045441,5.9063749231751,7.525104441959948,1.2740648096065437,8.951099446221185,0.012843678705394268,0.01162995770573616,0.010342409834265709,0.01091855950653553,0.011118968017399311,0.01066884770989418,0.013929330743849277,0.010773072019219398,0.012880722060799599,0.016687320545315742,0.013566765002906322,0.01235104352235794,0.01141287386417389,0.011759970337152481,0.0498991459608078,0.016746511682868004,0.013039990328252316,0.011883538216352463,0.0189397893846035,0.03793387860059738,0.03590252995491028,0.05586078390479088,0.283913832118686,1.6034027338027954,0.28391382098197937,3.098364140823538,-0.007947777913107155,5.647497770142163,7.105685735341897,1.2582007155291055,8.402715013767162,0.03210395574569702,0.021610241383314133,0.01812163181602955,0.020000983029603958,0.030558040365576744,0.018849004060029984,0.03096098080277443,0.028926795348525047,0.021638214588165283,0.05480287969112396,0.028242848813533783,0.019478483125567436,0.028926795348525047,0.01804250106215477,0.05267320200800896,0.04329739138484001,0.022860698401927948,0.042325571179389954,0.08459426462650299,0.131974995136261,0.14289388060569763,0.22427231073379517,000055.tdms,54,540.0
17.58919906616211,1055.3519439697266,3.814697265625e-06,0.19159581081456145,1.1523574590682983,0.19159580767154694,3.381962880610646,-0.005384716697526163,6.0145232516781,7.6496898762343895,1.2718696987496165,9.094105652255172,0.01395421102643013,0.012349114753305912,0.010271959006786346,0.01421552523970604,0.013631115667521954,0.012349114753305912,0.01307141873985529,0.012467827647924423,0.012962806969881058,0.017388110980391502,0.015646182000637054,0.014419197104871273,0.012238356284797192,0.012536774389445782,0.06521961838006973,0.014040111564099789,0.013300699181854725,0.015286529436707497,0.026380028575658798,0.04821324348449707,0.04351246356964111,0.07052607089281082,0.12668348434315072,0.8583719730377197,0.12668348848819733,4.819571154320643,-0.001765430235558264,6.775721219607649,9.091694624927378,1.341804706872789,11.078413237650167,0.006268893368542194,0.005613198969513178,0.004948092624545097,0.007023743353784084,0.006310377735644579,0.005695668049156666,0.00691063329577446,0.006772092543542385,0.005789439659565687,0.007272526156157255,0.008215933106839657,0.007240665145218372,0.006772092543542385,0.006731409579515457,0.11169935017824173,0.007559208199381828,0.007099311798810959,0.008249473758041859,0.006662311963737011,0.03726324811577797,0.010919060558080673,0.02911931835114956,0.15689731859931627,0.8723454475402832,0.15689732134342194,3.4067524412261188,-0.0014555303081306742,5.559976775435375,7.080046140788423,1.2733949127393644,8.422908064692813,0.0165863074362278,0.01051090843975544,0.01083333045244217,0.010935477912425995,0.01540706492960453,0.01051090843975544,0.011717629618942738,0.012432368472218513,0.012611516751348972,0.019837619736790657,0.013101993128657341,0.011658723466098309,0.010412224568426609,0.011677389964461327,0.050959646701812744,0.017128048464655876,0.013773451559245586,0.012036333791911602,0.020159149542450905,0.037348516285419464,0.03671852499246597,0.056961383670568466,0.2855666225508976,1.6022757291793823,0.28556662797927856,3.1020550307078523,2.139533622647954e-05,5.610864865321586,7.0594607803262726,1.258176938809889,8.348032092599551,0.03822929412126541,0.01875510811805725,0.01917349174618721,0.019372567534446716,0.046347107738256454,0.01875510811805725,0.0287430789321661,0.021942127496004105,0.03164529427886009,0.05332936719059944,0.029755327850580215,0.019403718411922455,0.021942127496004105,0.022261789068579674,0.05701892450451851,0.04625730216503143,0.02360985428094864,0.058248478919267654,0.08922792971134186,0.1429305523633957,0.14660754799842834,0.23734092712402344,000056.tdms,55,550.0
17.55518341064453,1053.3110046386719,3.814697265625e-06,0.18877612406845984,1.0770540237426758,0.18877612054347992,3.420340008683792,-0.006049001812643079,5.705456815884625,7.268858537786264,1.2740186758664014,8.648257256718631,0.014658278785645962,0.012270243838429451,0.010892901569604874,0.014843589626252651,0.013021783903241158,0.01122517790645361,0.014506307430565357,0.01312458049505949,0.01302634458988905,0.016582680866122246,0.013778237625956535,0.013178318738937378,0.014010145328938961,0.014135302044451237,0.060182925313711166,0.015056475065648556,0.014096826314926147,0.015398150309920311,0.023888571187853813,0.04722633212804794,0.043936021625995636,0.06766670197248459,0.12756502433458444,0.8311182856559753,0.12756501138210297,4.9067310587923405,-0.001739414891149382,6.515252044918467,8.783241869123321,1.3481046947329933,10.733903112002396,0.007031422108411789,0.006685081869363785,0.005102208815515041,0.006846218835562468,0.006032988429069519,0.006685081869363785,0.0074934824369847775,0.006361181847751141,0.006321082357317209,0.006847707089036703,0.0069452510215342045,0.00788755901157856,0.006061950698494911,0.006735142320394516,0.1030668392777443,0.0074934824369847775,0.007359957788139582,0.007420365698635578,0.006400785408914089,0.03808531165122986,0.011118224821984768,0.03260809928178787,0.15594308034739232,0.8820403814315796,0.15594308078289032,3.453516214949862,-0.005495897807458508,5.656168773033532,7.212558900154346,1.2751668469549726,8.583393977577876,0.015463532879948616,0.011522534303367138,0.009885033592581749,0.01115004625171423,0.012469378300011158,0.010429426096379757,0.015022950246930122,0.010844334028661251,0.011429695412516594,0.01890801638364792,0.01653287000954151,0.01081832218915224,0.010844334028661251,0.010606851428747177,0.05206040292978287,0.015985099598765373,0.013034716248512268,0.013010620139539242,0.019097909331321716,0.037852250039577484,0.035514652729034424,0.05493716895580292,0.2824948365659526,1.5592907667160034,0.28249484300613403,3.110503902731235,-0.00566557036963583,5.519714220872012,6.947645851306818,1.2586966595182205,8.21745239436506,0.0404340997338295,0.02098948322236538,0.016027633100748062,0.0173499658703804,0.0315583273768425,0.019625285640358925,0.027966782450675964,0.02281501516699791,0.024377979338169098,0.04477735236287117,0.03137674927711487,0.01834910735487938,0.028372975066304207,0.01954028196632862,0.05886108800768852,0.06158697232604027,0.019892390817403793,0.046643733978271484,0.08539403229951859,0.14071868360042572,0.13925513625144958,0.22889471054077148,000057.tdms,56,560.0
17.55518341064453,1053.3110046386719,3.814697265625e-06,0.18862894055438625,1.1611697673797607,0.1886289417743683,3.4304654344998817,-0.00641006186249058,6.155841007042966,7.84664141167235,1.2746660290112954,9.338998883218213,0.011555730365216732,0.012810605578124523,0.010450750589370728,0.013590379618108273,0.01310785859823227,0.011532237753272057,0.012654036283493042,0.012583228759467602,0.011479661799967289,0.015903493389487267,0.014008675701916218,0.013397956266999245,0.01257625874131918,0.01360318623483181,0.06354603171348572,0.012839327566325665,0.014406878501176834,0.013728293590247631,0.024202322587370872,0.04604191333055496,0.04185822233557701,0.06749871373176575,0.30167295133031485,1.866445541381836,0.30167296528816223,4.281887124792748,-0.00509352997216839,6.186983397587354,8.452300610153946,1.3661424424461788,10.59198490645666,0.048162441700696945,0.029288897290825844,0.018876532092690468,0.02298814058303833,0.04823664203286171,0.029288897290825844,0.04971501976251602,0.04826286807656288,0.04257183521986008,0.07918595522642136,0.048047952353954315,0.028346778824925423,0.04826286807656288,0.0295850969851017,0.10658865422010422,0.09647458046674728,0.02877143956720829,0.0753321722149849,0.21980322897434235,0.3931744396686554,0.3755859434604645,0.39276084303855896,0.1557386435035416,0.9578217267990112,0.15573863685131073,3.4697207467106534,-0.00854225816875107,6.1501866540736225,7.847625140401426,1.2759978813331612,9.342645059540995,0.012491200119256973,0.011458256281912327,0.010723679326474667,0.010767609812319279,0.011056710965931416,0.010881039313971996,0.014480669982731342,0.01172963809221983,0.011475392617285252,0.017228849232196808,0.014344078488647938,0.01202523522078991,0.011617250740528107,0.009582179598510265,0.05138232186436653,0.01336834765970707,0.01307024247944355,0.011946410872042179,0.01891794428229332,0.03585058078169823,0.035642094910144806,0.0552021786570549,0.27932124264995706,1.6190221309661865,0.27932125329971313,3.1201587663497254,-0.003633121081441189,5.796272834841749,7.298397722028652,1.2591535854139817,8.633581095640965,0.03428513929247856,0.0201946459710598,0.017204949632287025,0.017201034352183342,0.02805282175540924,0.019422927871346474,0.03164276108145714,0.0276971235871315,0.027031932026147842,0.04259747266769409,0.03513261303305626,0.022352352738380432,0.0276971235871315,0.017842549830675125,0.05362873524427414,0.03696052357554436,0.019439244642853737,0.05037311092019081,0.08670143783092499,0.12613365054130554,0.14230167865753174,0.22147443890571594,000058.tdms,57,570.0
13.217212677001953,793.0327606201172,1.9073486328125e-06,0.1687882525745286,0.9842618107795715,0.16878825426101685,3.6270890094685724,-0.013854127928827174,5.831340722867961,7.487486828001357,1.2840077751997439,8.942964377139031,0.013477534055709839,0.011481125839054585,0.011469685472548008,0.013503843918442726,0.012919102795422077,0.011735566891729832,0.014050707221031189,0.013707061298191547,0.013416392728686333,0.014840544201433659,0.015250165946781635,0.013038741424679756,0.013857918791472912,0.013721185736358166,0.013512562029063702,0.016466597095131874,0.01546444557607174,0.01368995662778616,0.02348468452692032,0.037388578057289124,0.07839686423540115,0.07552024722099304,0.23367664881975767,1.9756324291229248,0.23367664217948914,4.33713188579232,-0.20051872350098385,8.454556495487891,11.021908402632572,1.3036648827782809,13.287040780601217,0.027605026960372925,0.020892318338155746,0.018592173233628273,0.022539295256137848,0.02946615405380726,0.019684437662363052,0.05174162983894348,0.028610331937670708,0.022761967033147812,0.047464217990636826,0.0311268400400877,0.027268489822745323,0.0223495252430439,0.03317401930689812,0.026538537815213203,0.05174162983894348,0.03572539612650871,0.028265763074159622,0.09285490214824677,0.13768842816352844,0.17125314474105835,0.18820661306381226,0.1508716408668496,0.8453788161277771,0.1508716344833374,3.5077564373543177,-0.015406268938858218,5.6032983486529355,7.160646366956354,1.2779341597396492,8.53195787770018,0.012665651738643646,0.012289187870919704,0.01104077696800232,0.015284520573914051,0.01325657032430172,0.011872922070324421,0.013646537438035011,0.015138757415115833,0.011870372109115124,0.01361867692321539,0.013581215403974056,0.014517029747366905,0.013456237502396107,0.012855102308094501,0.013110977597534657,0.01562159787863493,0.013180636800825596,0.014892692677676678,0.02913815528154373,0.03894244134426117,0.06209259852766991,0.06922940909862518,0.2083471065180487,1.2977598905563354,0.2083471119403839,3.3561408315364347,-0.005689925201194329,6.228835678329486,7.9139996546929945,1.270542371542454,9.403152300130836,0.020718112587928772,0.020737841725349426,0.014034103602170944,0.01904812827706337,0.02012694627046585,0.020737841725349426,0.02311175875365734,0.019079001620411873,0.017561553046107292,0.020249703899025917,0.020544277504086494,0.022081725299358368,0.019079001620411873,0.0176868699491024,0.018768055364489555,0.02311175875365734,0.020897183567285538,0.020802099257707596,0.05946315452456474,0.08017918467521667,0.11732655763626099,0.1397385150194168,000059.tdms,58,580.0
13.218019485473633,793.081169128418,9.5367431640625e-07,0.16397555636046787,1.059622049331665,0.1639755517244339,3.685754808312817,-0.016883591270331493,6.462073206827823,8.311014842126436,1.2861220503266695,9.932536594763075,0.012754719704389572,0.014126173220574856,0.012036075815558434,0.01472313329577446,0.01251185592263937,0.014126173220574856,0.014247747138142586,0.01486020814627409,0.013006291352212429,0.01546862069517374,0.01423901692032814,0.014176810160279274,0.013099468313157558,0.014108041301369667,0.014011059887707233,0.014247747138142586,0.013518907129764557,0.013311794959008694,0.02533147484064102,0.037415266036987305,0.0807698667049408,0.07679960131645203,0.13203512614953986,0.9198771715164185,0.13203512132167816,4.467785680953094,-0.008339332320438007,6.966912505347913,9.197029032987603,1.3201011245552197,11.112369352729864,0.010627834126353264,0.009688091464340687,0.008322327397763729,0.012355881743133068,0.009356295689940453,0.010036137886345387,0.011519609950482845,0.012389200739562511,0.00941870454698801,0.012724422849714756,0.01150266733020544,0.011573117226362228,0.01051393337547779,0.011413905769586563,0.010837394744157791,0.012098380364477634,0.011663964949548244,0.01105518452823162,0.015193136408925056,0.02336982823908329,0.08433932065963745,0.05621106177568436,0.15127232563154128,0.9832431674003601,0.15127232670783997,3.5554814148825886,-0.017414809685572977,6.4998218497365885,8.314543819765428,1.2791956475087671,9.90955273152558,0.012802467681467533,0.013042383827269077,0.01097442489117384,0.015551620163023472,0.013311738148331642,0.013042383827269077,0.015611828304827213,0.014681167900562286,0.01291586458683014,0.014139206148684025,0.01557774469256401,0.014375058934092522,0.014681167900562286,0.013693763874471188,0.012711758725345135,0.017518168315291405,0.01526609156280756,0.015843186527490616,0.03885731101036072,0.04635731503367424,0.06901489198207855,0.0740271806716919,0.2107691711318636,1.2140231132507324,0.2107691764831543,3.37543102315026,-0.012575030844650979,5.759965305795137,7.323692307471034,1.2714820174528865,8.704607210894144,0.02161981351673603,0.019753076136112213,0.015677591785788536,0.01981746219098568,0.02065162919461727,0.025164375081658363,0.03038177452981472,0.0201432928442955,0.018800394609570503,0.02947099506855011,0.023665277287364006,0.021455751731991768,0.01998555287718773,0.018880480900406837,0.020935634151101112,0.03038177452981472,0.022997939959168434,0.024679938331246376,0.08212718367576599,0.09309644997119904,0.13210555911064148,0.155747190117836,000060.tdms,59,590.0
13.217212677001953,793.0327606201172,1.9073486328125e-06,0.16301025987548068,0.9838176369667053,0.16301025450229645,3.71555233079676,-0.017742325541456175,6.035311137582494,7.769904597459557,1.2874074625706657,9.287975665444556,0.01481190137565136,0.012642718851566315,0.011836257763206959,0.013403966091573238,0.011970095336437225,0.013742735609412193,0.013927580788731575,0.013907312415540218,0.013011067174375057,0.014462520368397236,0.015250956639647484,0.01293166447430849,0.01365712471306324,0.012997948564589024,0.013988141901791096,0.013927580788731575,0.013667505234479904,0.014442485757172108,0.024203259497880936,0.0350382998585701,0.07911020517349243,0.07393715530633926,0.13210225932642328,0.85268634557724,0.13210226595401764,4.5018286615223015,-0.012104471910775603,6.454744604104469,8.529690083530063,1.3214605079968877,10.311558235967086,0.009413608349859715,0.008715067990124226,0.00872728880494833,0.010883713141083717,0.01005647610872984,0.010460568591952324,0.01056602131575346,0.01234438456594944,0.009185594506561756,0.011615986935794353,0.011373981833457947,0.010000618174672127,0.009787007234990597,0.01008241344243288,0.010839725844562054,0.010621591471135616,0.010627604089677334,0.011076869443058968,0.014880056492984295,0.02263888344168663,0.08205097168684006,0.05389247462153435,0.15079751025860466,1.0281956195831299,0.1507975161075592,3.59428436100933,-0.019236575709854244,6.818385912472053,8.73468699531043,1.281049079274483,10.419131456950895,0.015382450073957443,0.012027107179164886,0.011068886145949364,0.013865849003195763,0.013440915383398533,0.012680962681770325,0.015549764968454838,0.01458692830055952,0.01358022354543209,0.01651715114712715,0.025814851745963097,0.014655934646725655,0.01458692830055952,0.015001229010522366,0.013963419012725353,0.030770717188715935,0.014468462206423283,0.014906729571521282,0.041326239705085754,0.04806471988558769,0.07092902809381485,0.07027681171894073,0.20972024295271502,1.3612934350967407,0.20972023904323578,3.377009759845938,-0.00463010738243483,6.490996843846244,8.252482365603928,1.2713736524810748,9.807414235816669,0.020884906873106956,0.020083962008357048,0.015610144473612309,0.02202429622411728,0.020706670358777046,0.016827726736664772,0.03224950283765793,0.020515359938144684,0.021792955696582794,0.033989422023296356,0.027491694316267967,0.02265208773314953,0.019646914675831795,0.019399790093302727,0.019782014191150665,0.03224950283765793,0.02310342527925968,0.02543656714260578,0.0749969556927681,0.09383995831012726,0.13177061080932617,0.15484260022640228,000061.tdms,60,600.0
13.265498161315918,795.9298896789551,9.5367431640625e-07,0.16349708674398963,0.9973992705345154,0.16349709033966064,3.706450694838342,-0.014717412124823113,6.100410046426599,7.856165305649371,1.2878093842644613,9.3950262633027,0.012548732571303844,0.011754530481994152,0.012919739820063114,0.014349398203194141,0.01385736744850874,0.011754530481994152,0.01356411911547184,0.014218039810657501,0.012677985243499279,0.01432787161320448,0.014015858061611652,0.013836991973221302,0.014218039810657501,0.012896070256829262,0.014987515285611153,0.013656201772391796,0.013199638575315475,0.015334629453718662,0.02264007367193699,0.03623475134372711,0.08635522425174713,0.07538812607526779,0.13311689919687292,0.8553320169448853,0.13311690092086792,4.454654529296562,-0.007274336578536058,6.4254202291768685,8.486748336075491,1.3208082947693354,10.258889619925466,0.00954268779605627,0.009164220653474331,0.008469007909297943,0.011301345191895962,0.011742865666747093,0.009164220653474331,0.011395212262868881,0.0124632827937603,0.011031614616513252,0.011369125917553902,0.010766008868813515,0.010972695425152779,0.0106574771925807,0.010226750746369362,0.012208444997668266,0.011395212262868881,0.011845720931887627,0.011067994870245457,0.014510076493024826,0.02306193858385086,0.08737145364284515,0.056329499930143356,0.147431073733163,0.9232344627380371,0.14743107557296753,3.562815610124197,-0.01268337393825067,6.262142975428698,8.016836112319679,1.280206495408364,9.559121725148257,0.013204297982156277,0.012247270904481411,0.01132631953805685,0.014867397956550121,0.013313003815710545,0.012845826335251331,0.014769787900149822,0.015406529419124126,0.013954431749880314,0.013950354419648647,0.014807615429162979,0.013733213767409325,0.015406529419124126,0.012453609146177769,0.014340382069349289,0.015177540481090546,0.014984962530434132,0.014212314039468765,0.0288101714104414,0.04151395708322525,0.0664728507399559,0.0698123648762703,0.20688886964754974,1.1362285614013672,0.20688886940479279,3.3648933218900035,-0.0022299110761432746,5.491975297351739,6.979848688034638,1.2709177135957548,8.294843136743472,0.020622003823518753,0.01893392950296402,0.0157784316688776,0.022972293198108673,0.02061541937291622,0.020703978836536407,0.029445253312587738,0.02190437912940979,0.019961301237344742,0.027271060273051262,0.02058783732354641,0.019785182550549507,0.02190437912940979,0.023083075881004333,0.02200229838490486,0.029445253312587738,0.019579486921429634,0.022036349400877953,0.0642625242471695,0.08725928515195847,0.12822763621807098,0.1468687653541565,000062.tdms,61,610.0
13.217212677001953,793.0327606201172,1.9073486328125e-06,0.16304612387578743,0.9895353317260742,0.16304612159729004,3.715365079957124,-0.013010030682262207,6.069051555496816,7.817006965038728,1.288011296914881,9.3485522355515,0.01421951875090599,0.012978747487068176,0.011061590164899826,0.013447750359773636,0.012428761459887028,0.012978747487068176,0.012768172658979893,0.01222966518253088,0.013311466202139854,0.014779901131987572,0.013188418932259083,0.016439832746982574,0.01282782107591629,0.01268854271620512,0.013678360730409622,0.012343824841082096,0.0142830153927207,0.013440420851111412,0.023346073925495148,0.034798115491867065,0.07961040735244751,0.0727224349975586,0.13243294925576193,0.8516926765441895,0.1324329525232315,4.482901558207019,-0.008295757282942715,6.431123684328383,8.499219315531546,1.3215760934971257,10.276673081332058,0.010747965425252914,0.009371286258101463,0.008658410981297493,0.010606602765619755,0.010203007608652115,0.009925958700478077,0.010704364627599716,0.01191580481827259,0.009067448787391186,0.011361244134604931,0.010811852291226387,0.013042683713138103,0.010718893259763718,0.011393851600587368,0.010408282279968262,0.010704364627599716,0.01086104940623045,0.010905289091169834,0.015180405229330063,0.022839829325675964,0.08224469423294067,0.05386985093355179,0.14712941880505892,0.8987888097763062,0.14712941646575928,3.5557101270136093,-0.015785041343750066,6.108831374962259,7.818525099365326,1.2798724697837365,9.321925202423156,0.013362384401261806,0.01187955029308796,0.01159347128123045,0.014227641746401787,0.013641702011227608,0.013370528817176819,0.01600685901939869,0.013674706220626831,0.01184695865958929,0.015426156111061573,0.01792105659842491,0.013389003463089466,0.013159400783479214,0.012637863866984844,0.012551897205412388,0.01600685901939869,0.013570085167884827,0.015861213207244873,0.027811173349618912,0.04024707153439522,0.06403345614671707,0.06774377822875977,0.205251411613763,1.1840999126434326,0.20525141060352325,3.392996697794682,-0.0024024262621809215,5.7690220171135405,7.33951428027805,1.2722285091833099,8.725933690149956,0.02098027616739273,0.016858091577887535,0.01667412370443344,0.020129740238189697,0.02274140529334545,0.016858091577887535,0.03064911626279354,0.0204729326069355,0.01590052992105484,0.026189249008893967,0.03254840150475502,0.02140991762280464,0.0204729326069355,0.01957131363451481,0.020239269360899925,0.03064911626279354,0.03230362758040428,0.02819482982158661,0.06913474947214127,0.08740437030792236,0.12227918207645416,0.13766002655029297,000063.tdms,62,620.0
13.270264625549316,796.215877532959,0.0,0.16658901601150083,1.0418541431427002,0.16658902168273926,3.6920187555720356,-0.01503442435568519,6.254038640043192,8.049215146341888,1.287042759026877,9.623739425957789,0.012947691604495049,0.011858914978802204,0.011842477135360241,0.013841722160577774,0.012819658033549786,0.011858914978802204,0.015138493850827217,0.01329127885401249,0.014298295602202415,0.012754290364682674,0.013450924307107925,0.014824693091213703,0.013213727623224258,0.014984258450567722,0.014715504832565784,0.015138493850827217,0.014344165101647377,0.013978181406855583,0.025160476565361023,0.03919541835784912,0.08407339453697205,0.07854967564344406,0.13295202079410354,0.8521665930747986,0.132952019572258,4.493136062861633,-0.008010975599252923,6.409579846811869,8.472853589603334,1.3219046789498594,10.247057562350959,0.009695922024548054,0.009569778107106686,0.009913031943142414,0.010720299556851387,0.009897246025502682,0.009115979075431824,0.010606065392494202,0.013031907379627228,0.011030920781195164,0.010962767526507378,0.01140902191400528,0.011361614800989628,0.009802540764212608,0.01041700690984726,0.009614895097911358,0.010606065392494202,0.012011445127427578,0.011139108799397945,0.015373554080724716,0.022679869085550308,0.08678337931632996,0.05740683153271675,0.1474716612093398,0.9514155983924866,0.14747166633605957,3.5900473899733822,-0.015550120100434297,6.4515147560583035,8.26425348807695,1.2809787779399238,9.856067656766776,0.014609189704060555,0.01327364519238472,0.010869394056499004,0.019845403730869293,0.013009287416934967,0.012164720334112644,0.019707243889570236,0.014536025933921337,0.011327270418405533,0.014646684750914574,0.016221383586525917,0.014290467835962772,0.014536025933921337,0.012620121240615845,0.01642976887524128,0.013562265783548355,0.01445271447300911,0.012631338089704514,0.029941588640213013,0.04238908737897873,0.0661555603146553,0.07062660157680511,0.20418020494657127,1.1652199029922485,0.20418021082878113,3.400658509859643,-0.006876109214447492,5.706821105881232,7.260525343311576,1.2722538885666408,8.631035286399264,0.01896093785762787,0.018182925879955292,0.017482208088040352,0.02203206531703472,0.021294262260198593,0.018182925879955292,0.025478290393948555,0.01939162239432335,0.01903551071882248,0.02704099752008915,0.024435272440314293,0.021731171756982803,0.01922006905078888,0.019961347803473473,0.021930787712335587,0.025478290393948555,0.029089530929923058,0.02133263647556305,0.06402592360973358,0.08226539194583893,0.11665748059749603,0.1425808072090149,000064.tdms,63,630.0
17.55518341064453,1053.3110046386719,3.814697265625e-06,0.19403943969097662,1.1553809642791748,0.19403943419456482,3.3952437321417013,-0.004346323222142168,5.954361474755914,7.579309317422998,1.2729004360175655,9.014355685297724,0.013714632019400597,0.012109625153243542,0.011365462094545364,0.015463700518012047,0.012663754634559155,0.01222836971282959,0.014462766237556934,0.013898778706789017,0.013829067349433899,0.01633700542151928,0.017312146723270416,0.013809663243591785,0.01284078974276781,0.013425669632852077,0.06757903844118118,0.015280893072485924,0.013668729923665524,0.013625039719045162,0.026083629578351974,0.05253373831510544,0.046550169587135315,0.07198522239923477,0.1280385420591589,0.798536479473114,0.12803854048252106,4.910993205244375,-0.0004073541792572514,6.236688317679831,8.404100986197006,1.3475262123285798,10.265785161089067,0.006615381222218275,0.005129527300596237,0.0048047276213765144,0.007154166232794523,0.006524974480271339,0.006322337314486504,0.007356511894613504,0.0066840448416769505,0.0063500599935650826,0.006887806113809347,0.0069946907460689545,0.007448893040418625,0.0066840448416769505,0.00680013420060277,0.11682695895433426,0.007356511894613504,0.00810601282864809,0.006778002716600895,0.0068445452488958836,0.03909919038414955,0.01138346828520298,0.030221382156014442,0.15522832635039324,0.8899334669113159,0.15522833168506622,3.462577952682954,-0.0018420775427641551,5.733061019433335,7.312397567685755,1.275478761328189,8.704050983178552,0.01460826676338911,0.010138751938939095,0.009514796547591686,0.010561191476881504,0.013345560990273952,0.011660424061119556,0.011930718086659908,0.011549859307706356,0.013225823640823364,0.01569928042590618,0.013583481311798096,0.011541062965989113,0.012487601488828659,0.01114665623754263,0.056377775967121124,0.02067604847252369,0.01196248084306717,0.016202496364712715,0.01877027004957199,0.037009164690971375,0.03576523810625076,0.054813385009765625,0.28238868676662704,1.5925829410552979,0.28238868713378906,3.1216290490776704,-0.004761496945277788,5.639683938087249,7.101349972628192,1.2591751684291514,8.400409542055067,0.03482048958539963,0.01996740885078907,0.01742454431951046,0.017354777082800865,0.03265448287129402,0.01996740885078907,0.02749115787446499,0.02316044457256794,0.02993451990187168,0.0449947863817215,0.03488132357597351,0.019677329808473587,0.02517419494688511,0.021763456985354424,0.0534026212990284,0.06055501103401184,0.02078094705939293,0.03882720321416855,0.08416160196065903,0.1339363157749176,0.1428200900554657,0.22369857132434845,000065.tdms,64,640.0
17.55518341064453,1053.3110046386719,3.814697265625e-06,0.19334833518214886,1.113171935081482,0.19334833323955536,3.3967824352328493,-0.004930097912979686,5.757339125950007,7.329864232526695,1.27313400725152,8.71854226617088,0.0140243424102664,0.013639959506690502,0.011698619462549686,0.014293192885816097,0.013066669926047325,0.013639959506690502,0.01312029454857111,0.013197246938943863,0.013063549995422363,0.016876233741641045,0.014731397852301598,0.015243628062307835,0.013197246938943863,0.01411165576428175,0.06411641836166382,0.014914296567440033,0.014085659757256508,0.014412779361009598,0.02682260237634182,0.05078516900539398,0.046462979167699814,0.07180637121200562,0.12844234858825843,0.8131577968597412,0.12844234704971313,4.897927992906041,-0.0021366025210260518,6.330916600306359,8.537385964027115,1.348522892184993,10.434475074380344,0.007440054323524237,0.00649894867092371,0.005790810566395521,0.007067620754241943,0.0065345149487257,0.006725764367729425,0.007246028166264296,0.007129223085939884,0.006425138562917709,0.007743951864540577,0.007114294450730085,0.007712029851973057,0.007129223085939884,0.007312745787203312,0.11250986903905869,0.007715289946645498,0.008025415241718292,0.007903041318058968,0.0068281544372439384,0.03914550691843033,0.011640122160315514,0.031776346266269684,0.15896199558592283,0.9657764434814453,0.15896199643611908,3.4214379425681134,-0.0012956252705826736,6.075517861496773,7.740058771612044,1.273975148795825,9.208772389246079,0.01682872883975506,0.011042531579732895,0.009891292080283165,0.011899961158633232,0.01154714822769165,0.011042531579732895,0.012705333530902863,0.011986014433205128,0.013141407631337643,0.01893756352365017,0.01743222400546074,0.011805318295955658,0.011933247558772564,0.012722873128950596,0.052794650197029114,0.015631236135959625,0.014637557789683342,0.01631755381822586,0.021964212879538536,0.03924732282757759,0.039076343178749084,0.059310056269168854,0.29285796295983263,1.752738356590271,0.29285797476768494,3.13620573905411,-0.0232341695202011,5.984943482075201,7.5401271838938175,1.25984935471427,8.92200032295711,0.04288598895072937,0.020173795521259308,0.02211027406156063,0.019788816571235657,0.0300928745418787,0.01780058443546295,0.03677752614021301,0.030023885890841484,0.030540816485881805,0.060481324791908264,0.034133438020944595,0.027106817811727524,0.030023885890841484,0.02411269024014473,0.06342117488384247,0.05556053668260574,0.029219334945082664,0.04669467732310295,0.10488931834697723,0.15691007673740387,0.1678314357995987,0.2582154870033264,000066.tdms,65,650.0
17.55518341064453,1053.3110046386719,3.814697265625e-06,0.1909325342890561,1.285701870918274,0.1909325271844864,3.4239104557531785,-0.005664382313245999,6.733801945831963,8.578359787470774,1.2739251698337433,10.20510515689255,0.013866501860320568,0.01152526494115591,0.010962451808154583,0.01452611107379198,0.014392700977623463,0.01192519348114729,0.013567760586738586,0.013217910192906857,0.012950568459928036,0.018151264637708664,0.013812457211315632,0.013964520767331123,0.013217910192906857,0.012292100116610527,0.07009577006101608,0.01408747211098671,0.013181665912270546,0.014557890594005585,0.025826111435890198,0.048849280923604965,0.04400039091706276,0.06920750439167023,0.12842630134498323,0.7948084473609924,0.12842629849910736,4.9074396003900445,-0.00370723932282818,6.18882922763578,8.345231969186658,1.348434681623079,10.199908340648966,0.007363299373537302,0.005976181942969561,0.005187297705560923,0.007813351228833199,0.00645372224971652,0.0062112449668347836,0.007390168961137533,0.006451690103858709,0.006118509918451309,0.007049783132970333,0.007698263041675091,0.007004331797361374,0.007731075398623943,0.006346744019538164,0.11385815590620041,0.007390168961137533,0.0068617090582847595,0.00696809496730566,0.006655936129391193,0.039397504180669785,0.011733749881386757,0.032178159803152084,0.16179663008372486,1.0268856287002563,0.16179662942886353,3.399651416588242,-0.008292950450156808,6.346767718022768,8.077508681667654,1.2726964402258083,9.605257301503132,0.013835410587489605,0.011200380511581898,0.01061337348073721,0.012003797106444836,0.01239564549177885,0.010865667834877968,0.014194664545357227,0.01348010916262865,0.013579240068793297,0.02040521427989006,0.01951603963971138,0.01211241539567709,0.01348010916262865,0.012461616657674313,0.054628074169158936,0.017367398366332054,0.01292787492275238,0.016583679243922234,0.021498795598745346,0.042513009160757065,0.0387108214199543,0.06070677191019058,0.29397895848547984,1.6246962547302246,0.2939789593219757,3.1463234781526292,-0.02387160023713854,5.526573272795887,6.967255378651919,1.2606827114638421,8.247261049205234,0.04907061532139778,0.02500980533659458,0.020737119019031525,0.021414030343294144,0.038461826741695404,0.020156534388661385,0.0427396260201931,0.03024447150528431,0.028220638632774353,0.0646379366517067,0.042550329118967056,0.025542283430695534,0.03024447150528431,0.02834238111972809,0.07292433083057404,0.04801672697067261,0.02388681285083294,0.05125649273395538,0.10859722644090652,0.17668908834457397,0.17452067136764526,0.28398364782333374,000067.tdms,66,660.0
17.520492553710938,1051.2295532226562,1.9073486328125e-06,0.19542437210494537,1.0844638347625732,0.1954243779182434,3.390552046976396,-0.008604498141990435,5.549276290780161,7.063161590883019,1.2728076997388111,8.399414508201213,0.014224735088646412,0.013749822042882442,0.011671378277242184,0.015916481614112854,0.01359474752098322,0.012850171886384487,0.014629332348704338,0.014130881056189537,0.01189251895993948,0.017499972134828568,0.013826176524162292,0.013479950837790966,0.014130881056189537,0.014983688481152058,0.06610636413097382,0.017543092370033264,0.013763448223471642,0.01319295447319746,0.027298953384160995,0.05237792059779167,0.04698967561125755,0.07536128163337708,0.3151829702447813,2.368563175201416,0.31518298387527466,5.972002720783957,-0.0373557962376355,7.514883095878921,11.104873534251643,1.4777174032609282,14.61256289815652,0.03951572999358177,0.03386108949780464,0.02604261413216591,0.027337517589330673,0.042358528822660446,0.03386108949780464,0.07690931111574173,0.08161850273609161,0.047992005944252014,0.11405444145202637,0.0419062115252018,0.039177972823381424,0.08161850273609161,0.029453594237565994,0.10839848965406418,0.19191384315490723,0.030781501904129982,0.05681593716144562,0.25250744819641113,0.4804954528808594,0.43052059412002563,0.4295094609260559,0.16568181192648937,0.9429230690002441,0.16568180918693542,3.377165665402862,-0.004377824134387557,5.691168258218986,7.238049528057202,1.2718038194713825,8.604700071859163,0.015348045155405998,0.013751735910773277,0.01283126138150692,0.012259362265467644,0.01295174565166235,0.011143493466079235,0.016385413706302643,0.013246355578303337,0.015229957178235054,0.030546098947525024,0.02095264196395874,0.012654612772166729,0.013246355578303337,0.011903202161192894,0.051843151450157166,0.024674834683537483,0.015145780518651009,0.0186418779194355,0.02633274532854557,0.04796982556581497,0.04463554173707962,0.06726808100938797,0.3175732672062918,1.9824110269546509,0.31757327914237976,3.1643284998550385,-0.012313980176853305,6.242373750139682,7.876534871411707,1.2617852097105622,9.32760830635369,0.06764715164899826,0.025965798646211624,0.022450393065810204,0.020939065143465996,0.03575335815548897,0.017882928252220154,0.03359738364815712,0.039604552090168,0.035322707146406174,0.10299938172101974,0.06934861838817596,0.03460587188601494,0.039604552090168,0.030835388228297234,0.09796096384525299,0.07987906038761139,0.039757028222084045,0.05239518731832504,0.1727966070175171,0.24489189684391022,0.23531043529510498,0.3413916826248169,000068.tdms,67,670.0
17.55518341064453,1053.3110046386719,3.814697265625e-06,0.19855393950872866,1.1412686109542847,0.1985539346933365,3.3546141770509657,-0.009317374650564517,5.747902125629259,7.305019196014523,1.2709018066682543,8.681508065701436,0.016027765348553658,0.013194196857511997,0.012797259725630283,0.013012704439461231,0.014451325871050358,0.013194196857511997,0.01636766642332077,0.012786680832505226,0.013652118854224682,0.017739400267601013,0.01573488488793373,0.014601407572627068,0.013564220629632473,0.013511371798813343,0.057772114872932434,0.01542469672858715,0.014674331061542034,0.014464540407061577,0.028640486299991608,0.05358234420418739,0.04958704113960266,0.07894371449947357,0.12788923366491226,0.7967181205749512,0.1278892308473587,4.912394135866865,-0.0056016425040470745,6.229751306997933,8.39966144870889,1.3483140874778545,10.261588784770888,0.0062363846227526665,0.006278467830270529,0.004955283831804991,0.006713054608553648,0.00618142681196332,0.006278467830270529,0.00756095303222537,0.006676973309367895,0.006165719125419855,0.007474883459508419,0.007580789737403393,0.007709790486842394,0.006676973309367895,0.006419634446501732,0.10244201868772507,0.00756095303222537,0.007639000192284584,0.007515531964600086,0.0065706269815564156,0.03929346427321434,0.011286325752735138,0.03378995135426521,0.16669913003088943,0.9550841450691223,0.1666991263628006,3.369125748317747,-0.002391703970999033,5.7293888989831245,7.283011033950661,1.271167163262958,8.654284792657236,0.019586527720093727,0.013039199635386467,0.01101731602102518,0.011643233709037304,0.015247084200382233,0.011958370916545391,0.01787983626127243,0.015329052694141865,0.015775064006447792,0.04761319234967232,0.022146057337522507,0.01339504960924387,0.015329052694141865,0.013859212398529053,0.04547742381691933,0.023012647405266762,0.01380713377147913,0.015557090751826763,0.030950097367167473,0.05052601173520088,0.04544797167181969,0.07132883369922638,0.3329741944826076,2.23956036567688,0.3329741954803467,3.1942977465587985,-0.005011247221030557,6.725927722888026,8.48801061566425,1.261983620011249,10.05079599423744,0.06879611313343048,0.024103300645947456,0.020365701988339424,0.02989262156188488,0.036971092224121094,0.021349143236875534,0.04031003639101982,0.035995714366436005,0.034341961145401,0.14715681970119476,0.0669846385717392,0.03740033134818077,0.035995714366436005,0.030722761526703835,0.13882668316364288,0.07220932096242905,0.0496990866959095,0.06512893736362457,0.20474354922771454,0.3123646378517151,0.2642790675163269,0.3828991949558258,000069.tdms,68,680.0
17.55518341064453,1053.3110046386719,3.814697265625e-06,0.2063783390830955,1.1995488405227661,0.20637834072113037,3.3115125568075223,-0.0065576452178286605,5.81237762573418,7.374877066845862,1.2688227678452528,8.75722192915965,0.01612549088895321,0.016504108905792236,0.01199538353830576,0.015828685835003853,0.014761211350560188,0.01564951054751873,0.014649437740445137,0.014489887282252312,0.01418425515294075,0.017736492678523064,0.016754452139139175,0.017524106428027153,0.015202858485281467,0.013801584020256996,0.06488719582557678,0.019673585891723633,0.013851863332092762,0.015873735770583153,0.034103017300367355,0.05737464874982834,0.054731838405132294,0.08496244251728058,0.4880712896975387,2.9423673152923584,0.4880712926387787,3.4753296510812652,-0.00022118889364097484,6.0285605349082605,7.748497459847764,1.2852981097195995,9.29553916559114,0.08167926222085953,0.04591350629925728,0.0315035916864872,0.06040111556649208,0.0937899574637413,0.03910434618592262,0.06937803328037262,0.0572289377450943,0.05767752602696419,0.12579935789108276,0.10053549706935883,0.09532567858695984,0.046204231679439545,0.049065280705690384,0.15461435914039612,0.2236216813325882,0.061451613903045654,0.149616077542305,0.8711704015731812,1.3362724781036377,0.9607002139091492,1.2058658599853516,0.17080519175955589,1.0629708766937256,0.1708051860332489,3.336735757457301,0.0026787479613066922,6.223293716915116,7.904649679990018,1.2701713979054086,9.391245768206893,0.018666105344891548,0.015090555883944035,0.011674079112708569,0.012997281737625599,0.01445155218243599,0.01128362212330103,0.017334291711449623,0.014074846170842648,0.016646940261125565,0.027767643332481384,0.04064285010099411,0.02128744125366211,0.01650526002049446,0.014393829740583897,0.048563431948423386,0.02724011242389679,0.01360191497951746,0.01806543953716755,0.042077258229255676,0.056319691240787506,0.04983800649642944,0.07619823515415192,0.35151525815809037,2.5376574993133545,0.3515152633190155,3.4488582397243768,0.012465463154691556,7.2191958682262065,9.178006841442205,1.2713336788432763,10.901049995619823,0.06034921854734421,0.03691038116812706,0.019685540348291397,0.03461664542555809,0.03838746249675751,0.02344736084342003,0.05842875689268112,0.04121147096157074,0.044166333973407745,0.10973594337701797,0.13825616240501404,0.06683993339538574,0.05119377002120018,0.04176189750432968,0.10573748499155045,0.11009024828672409,0.0457313172519207,0.055913060903549194,0.3779640197753906,0.3890606164932251,0.2829750180244446,0.4903746545314789,000070.tdms,69,690.0
15.080886840820312,904.8532104492188,0.7405019402503967,0.20721936226864932,1.7328786849975586,0.20721936225891113,3.4680906553800974,-0.0029880382795056076,8.362532661165949,10.666937685956947,1.275563052266717,12.69961771438768,0.01839812844991684,0.0147550692781806,0.016200711950659752,0.01716255024075508,0.016399558633565903,0.0147550692781806,0.020816396921873093,0.01810627616941929,0.01663932390511036,0.01995917223393917,0.019326435402035713,0.018480585888028145,0.01810627616941929,0.032746605575084686,0.01653922162950039,0.020776798948645592,0.017849206924438477,0.016894293949007988,0.04291624575853348,0.05931630730628967,0.09100031107664108,0.10588046908378601,0.5421440942632776,3.561929225921631,0.5421441197395325,3.811805920105104,0.003023268244358997,6.570078441529378,8.50026805479555,1.293784865803956,10.199428122867227,0.06705959141254425,0.05428392440080643,0.042946022003889084,0.07236159592866898,0.08972407132387161,0.05428392440080643,0.20078398287296295,0.09214215725660324,0.0734899714589119,0.1822654753923416,0.12193892151117325,0.1021355614066124,0.09214215725660324,0.09928112477064133,0.10258447378873825,0.20078398287296295,0.09458785504102707,0.07879836112260818,1.204392433166504,1.508256435394287,1.3787007331848145,1.4635887145996094,0.17859658506851517,1.0555541515350342,0.1785965859889984,3.346510140074809,-0.003513166500325024,5.91027063104309,7.508014164920571,1.270333396492116,8.918850794714263,0.01537630520761013,0.01564953289926052,0.016728786751627922,0.015013148076832294,0.016345573589205742,0.01564953289926052,0.0234051626175642,0.017893044278025627,0.015982337296009064,0.03039468266069889,0.03565220534801483,0.021333444863557816,0.01816912554204464,0.025174541398882866,0.01867971196770668,0.02692088671028614,0.017700187861919403,0.017711270600557327,0.05247211083769798,0.061594415456056595,0.07882194221019745,0.09794966876506805,0.3512473283102712,2.363896608352661,0.3512473404407501,3.6383685370165844,0.0029360372984407915,6.730005946876652,8.620498646268238,1.2809050562977513,10.278658638618703,0.03252948075532913,0.0308759156614542,0.03816046938300133,0.03822532296180725,0.0380069762468338,0.03338487446308136,0.07682062685489655,0.05020071938633919,0.034621432423591614,0.08266440778970718,0.11899685114622116,0.0557144470512867,0.05020071938633919,0.043812964111566544,0.0434403158724308,0.07682062685489655,0.047166239470243454,0.04636911302804947,0.4176216125488281,0.3750951290130615,0.3308623135089874,0.46895235776901245,000071.tdms,70,700.0
13.218019485473633,793.081169128418,9.5367431640625e-07,0.17090445916602442,0.9701145887374878,0.17090445756912231,3.581987260199092,-0.014540766513548423,5.676356213708116,7.278239063656557,1.2822026648151457,8.686734654116643,0.015188083983957767,0.014803808182477951,0.0125756049528718,0.014974664896726608,0.014482937753200531,0.014803808182477951,0.014022601768374443,0.014562767930328846,0.01388644427061081,0.014183063060045242,0.01482398435473442,0.014122633263468742,0.012780292890965939,0.013715436682105064,0.014812787063419819,0.014082053676247597,0.014536631293594837,0.015005448833107948,0.02603091299533844,0.04063231498003006,0.07943663001060486,0.08029690384864807,0.17547541609930933,1.6444878578186035,0.17547541856765747,6.481155779913326,-0.002658542185428261,9.371613952394988,13.148003347293097,1.4029604093895718,16.377483586246132,0.01776217855513096,0.016065174713730812,0.014809560030698776,0.01769445091485977,0.017182860523462296,0.014832179062068462,0.03475991636514664,0.022977547720074654,0.01975698582828045,0.03140978887677193,0.026564208790659904,0.030025755986571312,0.022977547720074654,0.019596925005316734,0.017092766240239143,0.04167087376117706,0.02414868399500847,0.019528061151504517,0.05663713067770004,0.0785723552107811,0.13704058527946472,0.12069037556648254,0.1572706267409038,0.9596628546714783,0.1572706252336502,3.4163985233625596,-0.015733057439184635,6.101984042147166,7.772530748873499,1.2737710710463448,9.246477574297382,0.014295917935669422,0.014630322344601154,0.012294045649468899,0.015067452564835548,0.014598565176129341,0.014354546554386616,0.017923112958669662,0.015854155644774437,0.0159890316426754,0.015232296660542488,0.015906181186437607,0.01579807512462139,0.015854155644774437,0.013358437456190586,0.015408325009047985,0.017923112958669662,0.015388857573270798,0.01487020030617714,0.0307154580950737,0.04414650425314903,0.067939892411232,0.07935050129890442,0.24671826517783443,1.45027494430542,0.24671827256679535,3.2044950932254155,-0.006999367651348192,5.87826338378337,7.427343429958857,1.2635268182179458,8.801348776069608,0.021994905546307564,0.022366605699062347,0.01671784557402134,0.022149907425045967,0.02725515514612198,0.02290177159011364,0.058481987565755844,0.023215752094984055,0.021234180778265,0.038926783949136734,0.028731616213917732,0.02761656977236271,0.02148173376917839,0.023998595774173737,0.027933986857533455,0.058481987565755844,0.033249109983444214,0.02626996487379074,0.08540379256010056,0.11922262609004974,0.14319688081741333,0.20449885725975037,000072.tdms,71,710.0
13.270264625549316,796.215877532959,0.0,0.16959764525250956,1.0881215333938599,0.16959764063358307,3.6264756872458546,-0.018275946330937154,6.415900007183376,8.234000565827769,1.2833742041816127,9.830596214729576,0.015520275570452213,0.012581699527800083,0.012792358174920082,0.015359685756266117,0.013577300123870373,0.012581699527800083,0.01313013955950737,0.014070870354771614,0.013656964525580406,0.01443783100694418,0.015741534531116486,0.015062824822962284,0.014070870354771614,0.01424655131995678,0.014147374778985977,0.013841488398611546,0.014706749469041824,0.014277900569140911,0.02605171501636505,0.03820494934916496,0.0814436823129654,0.0802323967218399,0.17118036176848087,1.330165982246399,0.1711803674697876,4.245656514975484,-0.00615683762837849,7.770552465857214,10.20522363915189,1.31332021551779,12.330185352137697,0.01846490241587162,0.014739363454282284,0.01480282936245203,0.018129417672753334,0.019602375105023384,0.013979640789330006,0.04615577682852745,0.02137201838195324,0.015011286363005638,0.02530737593770027,0.02692876011133194,0.021216658875346184,0.015723561868071556,0.022581128403544426,0.022692734375596046,0.04615577682852745,0.031192824244499207,0.019211318343877792,0.05575563758611679,0.07889875769615173,0.10766046494245529,0.11330074816942215,0.1541478366779197,0.9631820917129517,0.15414783358573914,3.4645076982054777,-0.011808543135406106,6.2484308081822,7.96841287285025,1.2752662416323417,9.483553866728759,0.014082451350986958,0.013497957028448582,0.012509660795331001,0.0160344447940588,0.014065339230000973,0.012545143254101276,0.01671828329563141,0.014635730534791946,0.01346090529114008,0.015662653371691704,0.019044741988182068,0.015327784232795238,0.014115516096353531,0.013523612171411514,0.015970392152667046,0.01671828329563141,0.014855336397886276,0.015711618587374687,0.029074471443891525,0.043116435408592224,0.06547960638999939,0.07655899971723557,0.2376794955555608,1.264864444732666,0.23767949640750885,3.2363931795499266,-0.000983970051455872,5.321723027794742,6.7327579376017,1.2651462510238294,7.983823231378392,0.02203686535358429,0.020862750709056854,0.021407973021268845,0.022536544129252434,0.023291626945137978,0.020862750709056854,0.032407719641923904,0.01888430118560791,0.02040550857782364,0.03286457434296608,0.026030076667666435,0.026821525767445564,0.01865215040743351,0.025265157222747803,0.027222441509366035,0.032407719641923904,0.036210641264915466,0.03162204846739769,0.08098921924829483,0.11011116951704025,0.14295919239521027,0.1886650025844574,000073.tdms,72,720.0
13.270264625549316,796.215877532959,0.0,0.1661569722895109,1.0294557809829712,0.16615697741508484,3.6423867808163544,-0.013496407771294053,6.195682111908333,7.959596001491785,1.2847005152496678,9.507949887641617,0.014305507764220238,0.014015532098710537,0.012138793244957924,0.014797651208937168,0.01296085212379694,0.014015532098710537,0.013223010115325451,0.014839131385087967,0.013292577117681503,0.014457493089139462,0.014046547003090382,0.014913612976670265,0.01308926846832037,0.013699975796043873,0.014765932224690914,0.014691040851175785,0.01381954737007618,0.013934063725173473,0.024237461388111115,0.036607712507247925,0.07952173054218292,0.07972951233386993,0.13181439682919274,0.873665988445282,0.1318143904209137,4.47060297034256,-0.011530872894955304,6.62800126132954,8.757239811620876,1.321248965765016,10.589492654985873,0.011144737713038921,0.010107634589076042,0.008529948070645332,0.01193248014897108,0.009914449416100979,0.010107634589076042,0.011132183484733105,0.013256551697850227,0.009645926766097546,0.011592407710850239,0.011115244589745998,0.012212429195642471,0.009560465812683105,0.010339835658669472,0.010108540765941143,0.011871026828885078,0.010585215874016285,0.010397052392363548,0.014462566003203392,0.02208445779979229,0.08368276059627533,0.05561656504869461,0.15234323036887729,0.9252932667732239,0.1523432433605194,3.4475091844928585,-0.01143228105974203,6.073740621967638,7.743306140169132,1.274882584245197,9.21682357624278,0.014627880416810513,0.013078676536679268,0.011376585811376572,0.014306800439953804,0.012999068945646286,0.01367966178804636,0.014753916300833225,0.0151069862768054,0.013201162219047546,0.016038857400417328,0.015413654036819935,0.015492496080696583,0.0151069862768054,0.014153316617012024,0.013949808664619923,0.014753916300833225,0.015688356012105942,0.013708842918276787,0.028958093374967575,0.040774572640657425,0.06678171455860138,0.07503191381692886,0.23388225097211665,1.338517427444458,0.23388224840164185,3.2293190681659336,-0.007294216414526824,5.723039785537362,7.23658153425249,1.2644646560976187,8.577137990267248,0.019274162128567696,0.021068891510367393,0.019777804613113403,0.023041287437081337,0.025048647075891495,0.021068891510367393,0.03218870609998703,0.02312542125582695,0.023043150082230568,0.035245150327682495,0.024748420342803,0.022841492667794228,0.02312542125582695,0.022633271291851997,0.027755042538046837,0.03218870609998703,0.02306237816810608,0.02651164121925831,0.07263559103012085,0.10314702987670898,0.13635915517807007,0.18520456552505493,000074.tdms,73,730.0
13.218019485473633,793.081169128418,9.5367431640625e-07,0.164671448969541,0.9516292214393616,0.16467145085334778,3.68931287779467,-0.01629357795433816,5.778956992206845,7.432032423024295,1.2860508276920366,8.880435149572671,0.013660295866429806,0.012294085696339607,0.01067103911191225,0.014106652699410915,0.013760213740170002,0.013187468983232975,0.013693470507860184,0.013862344436347485,0.012878784909844398,0.014788388274610043,0.012442225590348244,0.013838132843375206,0.013815785758197308,0.013027628883719444,0.013764869421720505,0.01338806003332138,0.013086562044918537,0.012384619563817978,0.024249110370874405,0.03568693995475769,0.07792986184358597,0.07611574977636337,0.1320629426061432,0.8848362565040588,0.13206294178962708,4.515477137327308,-0.011298879027273723,6.700110106912752,8.860236354116665,1.3224016042624778,10.715034577286573,0.010625531896948814,0.008717027492821217,0.008245171047747135,0.012487714178860188,0.010083580389618874,0.009948452934622765,0.011254706420004368,0.011391396634280682,0.01056028064340353,0.012210910208523273,0.010529463179409504,0.010859881527721882,0.011391396634280682,0.011117560788989067,0.01081952266395092,0.012976824305951595,0.01128451619297266,0.011516259983181953,0.015111291781067848,0.02310194820165634,0.08360763639211655,0.05336422100663185,0.15036340566261377,0.8919114470481873,0.15036340057849884,3.5021006359408853,-0.016877605187011823,5.931705544429228,7.576033396982556,1.2772099593004245,9.023463108928205,0.014564012177288532,0.012006550095975399,0.01032499223947525,0.014949046075344086,0.014315623790025711,0.01303896214812994,0.016046058386564255,0.013427694328129292,0.013139931485056877,0.014404933899641037,0.015099722892045975,0.015589521266520023,0.013427694328129292,0.014467395842075348,0.014697834849357605,0.016516219824552536,0.014315977692604065,0.013521736487746239,0.02841794118285179,0.03979365527629852,0.06409409642219543,0.0693071037530899,0.2301388982484926,1.2474929094314575,0.230138897895813,3.247093953281961,-0.010577104171577057,5.420608679913277,6.857739665859204,1.2651235443855946,8.131648418926734,0.019956674426794052,0.018841173499822617,0.01559501700103283,0.02050812914967537,0.02718956023454666,0.017942896112799644,0.02925686724483967,0.020376119762659073,0.019846046343445778,0.026969803497195244,0.029938263818621635,0.02497050166130066,0.01979871653020382,0.022827494889497757,0.027496004477143288,0.032392844557762146,0.028154607862234116,0.025733735412359238,0.07271626591682434,0.10022667050361633,0.13671579957008362,0.17299863696098328,000075.tdms,74,740.0
13.218019485473633,793.081169128418,9.5367431640625e-07,0.1641958013047098,1.1366090774536133,0.16419580578804016,3.679081642999766,-0.015941408396509208,6.922278574860311,8.904178849959422,1.286307500292865,10.642220234510376,0.014530299231410027,0.01411619782447815,0.012396163307130337,0.01369808241724968,0.013624825514853,0.0130101777613163,0.013981856405735016,0.013554444536566734,0.012951142154633999,0.0141214644536376,0.01383089367300272,0.012961305677890778,0.013554444536566734,0.016164008527994156,0.01400461420416832,0.012739501893520355,0.013648411259055138,0.013139152899384499,0.022927582263946533,0.036989904940128326,0.08215197175741196,0.0752963125705719,0.14267957683634763,0.904386043548584,0.14267957210540771,4.109958769496752,-0.011854907982069222,6.338580920981478,8.268301790606756,1.3044405196812532,9.942665382470194,0.013780913315713406,0.010295381769537926,0.010260313749313354,0.013497180305421352,0.013493942096829414,0.011758224107325077,0.015777243301272392,0.012997148558497429,0.011142698116600513,0.016266440972685814,0.012796188704669476,0.014456590637564659,0.012997148558497429,0.012887518852949142,0.01369417179375887,0.015777243301272392,0.014514060690999031,0.013834047131240368,0.020662937313318253,0.033034928143024445,0.08343411982059479,0.06717658042907715,0.15154994883135262,1.1896759271621704,0.15154995024204254,3.564107031115338,-0.015623133047550428,7.8500582569385235,10.046020573392676,1.2797383464655412,11.977018812187936,0.013810047879815102,0.013133177533745766,0.012670808471739292,0.014231114648282528,0.013439659960567951,0.013259653933346272,0.01579388417303562,0.014834403991699219,0.012377089820802212,0.018027033656835556,0.01606224849820137,0.015306281857192516,0.014834403991699219,0.014162158593535423,0.016085809096693993,0.014911342412233353,0.01483192015439272,0.014150144532322884,0.03942792862653732,0.050524547696113586,0.07078784704208374,0.07258464395999908,0.2291033514657057,1.3175948858261108,0.22910335659980774,3.2717504992119792,-0.011868505305509024,5.751093894509617,7.281772661252448,1.2661543690330148,8.638303230538673,0.022791657596826553,0.02079649455845356,0.016884736716747284,0.02136671170592308,0.025872260332107544,0.021234042942523956,0.03624460846185684,0.024074042215943336,0.018297184258699417,0.030070835724473,0.026941964402794838,0.02449611946940422,0.023093611001968384,0.022198881953954697,0.02707899920642376,0.03624460846185684,0.03164799511432648,0.02732238732278347,0.0799938514828682,0.10347019135951996,0.14047598838806152,0.17136719822883606,000076.tdms,75,750.0
13.218019485473633,793.081169128418,9.5367431640625e-07,0.16329591904231627,1.05881929397583,0.1632959246635437,3.689383761286638,-0.018185051967955522,6.48405238897274,8.340960649808391,1.2863808232014977,9.969015763268551,0.014290533028542995,0.012015992775559425,0.011226976290345192,0.013739489950239658,0.01667819358408451,0.012015992775559425,0.013233733363449574,0.015095983631908894,0.015037252567708492,0.013479637913405895,0.013219315558671951,0.012961601838469505,0.015095983631908894,0.015801554545760155,0.012818960472941399,0.013233733363449574,0.016154929995536804,0.014583933167159557,0.02320307306945324,0.036740534007549286,0.07985058426856995,0.07453914731740952,0.1946324047151265,1.218490719795227,0.1946324110031128,3.336090884697706,-0.0028714513940348786,6.260471998887696,7.948940313390618,1.2697030375350156,9.441552706516568,0.023353571072220802,0.016469046473503113,0.01729131117463112,0.021985087543725967,0.023793665692210197,0.016469046473503113,0.04991089552640915,0.025274302810430527,0.019642652943730354,0.029964515939354897,0.021586591377854347,0.02745058573782444,0.020349694415926933,0.025312142446637154,0.02556520514190197,0.04991089552640915,0.0320257842540741,0.0267066340893507,0.08003683388233185,0.11139227449893951,0.13677343726158142,0.14370021224021912,0.1480827232782803,0.9185431599617004,0.14808271825313568,3.529614772205912,-0.016136244448916558,6.202905643729648,7.930019899539391,1.2784363256525815,9.449993825034062,0.013440102338790894,0.012545345351099968,0.011083986610174179,0.015403836965560913,0.01323330495506525,0.012545345351099968,0.01565449684858322,0.014209998771548271,0.01125970110297203,0.016107069328427315,0.016627665609121323,0.013984057120978832,0.013230018317699432,0.012330744415521622,0.013453951105475426,0.020470064133405685,0.01372761931270361,0.015647195279598236,0.027611374855041504,0.04087246581912041,0.06453050673007965,0.07213746011257172,0.22311177420219458,1.3101330995559692,0.22311177849769592,3.2855732413630627,-0.006670175285526236,5.87209305398945,7.440110069722728,1.2670286389055059,8.827820678345725,0.021038778126239777,0.018942732363939285,0.017240554094314575,0.020898722112178802,0.026749156415462494,0.01861012540757656,0.03223704174160957,0.019582385197281837,0.018427252769470215,0.025251291692256927,0.03344586864113808,0.022784097120165825,0.018474210053682327,0.02069430984556675,0.02335353195667267,0.03223704174160957,0.02812056615948677,0.023513294756412506,0.06729020178318024,0.09206943213939667,0.12769901752471924,0.15878605842590332,000077.tdms,76,760.0
17.55518341064453,1053.3110046386719,3.814697265625e-06,0.24842291585232842,1.4722391366958618,0.24842292070388794,3.16489618072849,-0.005175984036795073,5.92634190627975,7.475544600872184,1.261409604624878,8.850495656046752,0.020649462938308716,0.018653811886906624,0.01851779595017433,0.021735571324825287,0.01950712502002716,0.018653811886906624,0.02128037065267563,0.017496779561042786,0.018189838156104088,0.025408124551177025,0.02408333122730255,0.020897338166832924,0.01860281266272068,0.02017853409051895,0.044297873973846436,0.032987117767333984,0.019097713753581047,0.027200892567634583,0.06258547306060791,0.09840923547744751,0.10349059104919434,0.1584596335887909,0.8072438051535994,4.511762619018555,0.807243824005127,3.111702550430801,0.002682986711779431,5.589095376408708,7.033920314070718,1.2585078336219746,8.318946591313178,0.12516580522060394,0.07234650105237961,0.04877742379903793,0.11760853976011276,0.18124742805957794,0.05945117771625519,0.146755188703537,0.12019328773021698,0.11965035647153854,0.22474482655525208,0.1408959925174713,0.12432975322008133,0.14516040682792664,0.12299694865942001,0.3256225287914276,0.41433826088905334,0.12609268724918365,0.28813955187797546,2.5257644653320312,4.209813117980957,3.461914539337158,3.3443353176116943,0.2058293615680646,1.2350482940673828,0.20582936704158783,3.210070976016195,-0.0013517764421713504,6.000350409963115,7.582834658578572,1.2637319723841236,8.98689020750635,0.03191884234547615,0.016989802941679955,0.01494425069540739,0.019123690202832222,0.023518772795796394,0.017410580068826675,0.025722792372107506,0.018355272710323334,0.027112135663628578,0.04380398616194725,0.04261559993028641,0.021424682810902596,0.02487322688102722,0.01990337483584881,0.04214105382561684,0.0426211841404438,0.027961112558841705,0.030237434431910515,0.07249313592910767,0.10323638468980789,0.09999699890613556,0.14844468235969543,0.47766138238118,3.031702756881714,0.4776613712310791,3.2527421904572664,-0.030724778644885608,6.346970612881524,8.028575703927446,1.2649460969037754,9.518466352679441,0.10024276375770569,0.044572293758392334,0.03263835981488228,0.04734080657362938,0.06130831316113472,0.037814971059560776,0.06210556998848915,0.07299516350030899,0.06989603489637375,0.17449843883514404,0.16964755952358246,0.08113260567188263,0.07539410889148712,0.06398454308509827,0.1624387502670288,0.1505386084318161,0.06575003266334534,0.09654997289180756,0.655129075050354,0.7701030969619751,0.6785396337509155,1.058253526687622,000078.tdms,77,770.0
17.55518341064453,1053.3110046386719,0.022238077595829964,0.24509257310786356,1.3539912700653076,0.24509257078170776,3.162276105290743,-0.0032957583180703268,5.524407585657136,6.968114780838102,1.2613324909134551,8.249241613683942,0.02400946244597435,0.02738216146826744,0.016585076227784157,0.018227022141218185,0.01850499026477337,0.01705673709511757,0.02310352586209774,0.01902378909289837,0.019424093887209892,0.029206309467554092,0.030058003962039948,0.024681752547621727,0.01902378909289837,0.01980484277009964,0.046590548008680344,0.032166991382837296,0.021102311089634895,0.029250910505652428,0.06242602318525314,0.09316398203372955,0.09611110389232635,0.15191000699996948,0.12923656393878627,0.7750455141067505,0.12923656404018402,4.934780961259045,-0.00298337383560733,5.997107091719459,8.102219984258966,1.3510213942062421,9.91377796798751,0.00696374848484993,0.005793421529233456,0.005630779080092907,0.006880704313516617,0.006365822162479162,0.006320471875369549,0.007149292156100273,0.0069502065889537334,0.0069686914794147015,0.0075640687718987465,0.0074636065401136875,0.007111461367458105,0.0069502065889537334,0.007996775209903717,0.10719615966081619,0.007341791409999132,0.007984584197402,0.007348221726715565,0.00661393441259861,0.03979719802737236,0.011679687537252903,0.034253351390361786,0.21222496079855585,1.202194094657898,0.21222496032714844,3.213277719275911,-0.010971554142678438,5.664715828592009,7.159284783919334,1.2638382931379644,8.484269291305303,0.03771941363811493,0.02363777905702591,0.01766527257859707,0.02189178206026554,0.018414413556456566,0.017683671787381172,0.028402885422110558,0.031825654208660126,0.029093187302350998,0.05088415741920471,0.06263650208711624,0.02773500606417656,0.031825654208660126,0.024394286796450615,0.05093945190310478,0.06645293533802032,0.023408766835927963,0.031513556838035583,0.08832275867462158,0.1203092411160469,0.1130359023809433,0.1653887927532196,0.4869193960082096,2.6852500438690186,0.4869194030761719,3.2205809199423134,-0.04518507450449358,5.5147732168462325,6.969609631797904,1.2638071154961577,8.259730162069268,0.13632331788539886,0.05094025656580925,0.051445282995700836,0.05538006126880646,0.0501202829182148,0.034672580659389496,0.11095069348812103,0.08363774418830872,0.06473804265260696,0.12289179116487503,0.18744634091854095,0.09885632991790771,0.08363774418830872,0.08376786857843399,0.2130625993013382,0.14907333254814148,0.06589977443218231,0.09494660049676895,0.6821755766868591,0.8447805047035217,0.7465572357177734,1.103316307067871,000079.tdms,78,780.0
17.572479248046875,1054.3487548828125,0.029681652784347534,0.26173830670977966,1.8400856256484985,0.26173830032348633,3.2642632253762485,-0.005212072313550703,7.030249598461795,8.888862207293966,1.2643736303813213,10.53371792714296,0.02671436034142971,0.02117062360048294,0.016457218676805496,0.021459855139255524,0.021303724497556686,0.01891443505883217,0.02129731886088848,0.022181762382388115,0.018419407308101654,0.03761960566043854,0.029751529917120934,0.025165392085909843,0.022181762382388115,0.02147325500845909,0.049510739743709564,0.029189057648181915,0.022213822230696678,0.02924531325697899,0.07077264785766602,0.10309863090515137,0.10972365736961365,0.16380059719085693,3.8028251586171717,114.07676696777344,3.8028252124786377,259.8200144376488,6.312696975956896,29.997899511439904,190.36500648411933,6.345944535600645,579.2179703733467,0.14656338095664978,0.1167212724685669,0.06172747164964676,0.17865103483200073,0.13517053425312042,0.1167212724685669,0.22385941445827484,0.1863923817873001,0.12406732887029648,0.5599148869514465,0.3637337386608124,0.3252607583999634,0.1863923817873001,0.2491215616464615,0.20662972331047058,0.31684133410453796,0.2730269730091095,0.23784139752388,15.132312774658203,9.372156143188477,5.9763336181640625,3.4735255241394043,0.21395034566812568,1.113043189048767,0.21395035088062286,3.194432444228479,-0.012634515330385879,5.202343495042963,6.571850157897594,1.263248027386035,7.78696714455249,0.0323275551199913,0.02254834584891796,0.014824876561760902,0.025494305416941643,0.0221999678760767,0.018644588068127632,0.037441007792949677,0.02819538302719593,0.031166089698672295,0.050328850746154785,0.05245761573314667,0.024425335228443146,0.02819538302719593,0.02008623443543911,0.046574726700782776,0.04238690808415413,0.035730086266994476,0.03051782213151455,0.09739107638597488,0.11887799203395844,0.114005446434021,0.15948984026908875,0.4970386997205447,2.6589243412017822,0.49703869223594666,3.203181667931895,-0.04766783425427615,5.349531822565803,6.7601372474913175,1.2636876406595416,8.011438650335679,0.12746398150920868,0.04678359627723694,0.03613700717687607,0.05899577587842941,0.06450497359037399,0.042382802814245224,0.08193638920783997,0.08958762139081955,0.07669012248516083,0.18899910151958466,0.17050892114639282,0.06930040568113327,0.08958762139081955,0.06315101683139801,0.16379064321517944,0.12522420287132263,0.07023277878761292,0.09582380205392838,0.7409738898277283,0.7790505886077881,0.7549259066581726,1.1068804264068604,000080.tdms,79,790.0
17.520896911621094,1051.2538146972656,3.814697265625e-06,0.2542277574731195,2.919673442840576,0.25422775745391846,3.632563707632913,-0.0055901674538875925,11.484479396980422,14.569020052258903,1.268583411459599,17.28151330428932,0.0259248036891222,0.035374611616134644,0.022764727473258972,0.023690903559327126,0.019619707018136978,0.01771751046180725,0.021489718928933144,0.023085901513695717,0.02136892080307007,0.030368927866220474,0.04794929176568985,0.025464914739131927,0.023085901513695717,0.022563941776752472,0.045377157628536224,0.03969987854361534,0.025021078065037727,0.028522858396172523,0.08173060417175293,0.108404241502285,0.10645607113838196,0.16366761922836304,0.186468345934451,3.2847251892089844,0.18646834790706635,15.542585824538792,-0.0008005171597322132,17.615457319301047,26.27838731508588,1.4917800224404598,33.16848271509347,0.023298239335417747,0.01975429616868496,0.00985636841505766,0.015280612744390965,0.02151097171008587,0.010173998773097992,0.018291227519512177,0.018025347962975502,0.013441255316138268,0.06445493549108505,0.04323478788137436,0.02667778544127941,0.01638605073094368,0.020436545833945274,0.09231588989496231,0.02128634974360466,0.021352877840399742,0.03627147153019905,0.10395999252796173,0.09685871005058289,0.0787176638841629,0.10788662731647491,0.21936316215060447,1.403543472290039,0.21936316788196564,3.199978859551284,-0.012853598370517553,6.398264223262937,8.08428789202251,1.263512666861974,9.580113165893813,0.04553681239485741,0.02523234486579895,0.021095819771289825,0.029615797102451324,0.01911853812634945,0.014594516716897488,0.04702568054199219,0.025221126154065132,0.03258722648024559,0.05411525070667267,0.06913957744836807,0.028477709740400314,0.025221126154065132,0.027847563847899437,0.06569819897413254,0.054704952985048294,0.037143755704164505,0.03515884652733803,0.10341522842645645,0.14941366016864777,0.1251603066921234,0.18057242035865784,0.5180686497617244,2.8713607788085938,0.5180686712265015,3.2095175741605,-0.0492166628367642,5.54243299633981,6.997736538417401,1.2625748553096925,8.28853378320924,0.13373441994190216,0.06555258482694626,0.05773141235113144,0.05198340862989426,0.03759336844086647,0.03392908722162247,0.12264353781938553,0.10250846296548843,0.10259239375591278,0.20975901186466217,0.19772666692733765,0.08999115228652954,0.10250846296548843,0.06719734519720078,0.2322646826505661,0.13544286787509918,0.06753017753362656,0.09580528736114502,0.7800710201263428,0.9161749482154846,0.8275285363197327,1.3196778297424316,000081.tdms,80,800.0
17.520896911621094,1051.2538146972656,3.814697265625e-06,0.34919725134298685,5.1354660987854,0.34919723868370056,7.517509646586886,0.0021679228253483414,14.706490612497026,19.82166333080268,1.3478173585450066,24.051549196299664,0.03125246614217758,0.03788940981030464,0.0214689914137125,0.036570191383361816,0.025299498811364174,0.022563297301530838,0.03823287785053253,0.03052525781095028,0.027626609429717064,0.10806247591972351,0.05528224632143974,0.06102489307522774,0.03052525781095028,0.03147429600358009,0.048484645783901215,0.08614430576562881,0.03393126651644707,0.038622524589300156,0.2572123408317566,0.2476663440465927,0.19995315372943878,0.24556100368499756,0.8341184057234878,6.664925575256348,0.8341184258460999,3.279776506175921,-0.0061472041858137705,7.990383055359392,10.097926653578908,1.2637600204668438,11.963340407536421,0.15446004271507263,0.08392339944839478,0.08443041145801544,0.09838110208511353,0.08654371649026871,0.0662187784910202,0.19171927869319916,0.12458623200654984,0.13719280064105988,0.25100380182266235,0.2547101378440857,0.1586635857820511,0.12458623200654984,0.11976387351751328,0.25383466482162476,0.30221953988075256,0.11712387204170227,0.21617943048477173,2.5210037231445312,3.4413979053497314,2.988370895385742,3.521409034729004,0.21502816348472534,1.2273143529891968,0.21502816677093506,3.2407232795818888,-0.029586543016517808,5.70769118379407,7.222788899990933,1.2654484392040517,8.566595926093791,0.04527284950017929,0.03030702844262123,0.021730294451117516,0.023037703707814217,0.01597665622830391,0.015301208011806011,0.04553018510341644,0.027257872745394707,0.035267267376184464,0.05171369016170502,0.08133916556835175,0.03571808338165283,0.027257872745394707,0.023238791152834892,0.05071260407567024,0.07684369385242462,0.034596268087625504,0.025083959102630615,0.11674400418996811,0.12933647632598877,0.11234962940216064,0.16253995895385742,0.4956638696396433,2.953571319580078,0.4956638813018799,3.3185089073580953,-0.07059854731639396,5.9588190717378255,7.5576132087363685,1.2683072128471709,8.970528537554362,0.13224241137504578,0.06212968751788139,0.07315614819526672,0.05937103182077408,0.0330316536128521,0.029479529708623886,0.13332626223564148,0.06544071435928345,0.09178587794303894,0.20802927017211914,0.22979150712490082,0.09128337353467941,0.06544071435928345,0.08139564841985703,0.14343750476837158,0.19186939299106598,0.0653509646654129,0.07485324889421463,0.9514892101287842,0.7909188270568848,0.7522260546684265,1.0907881259918213,000082.tdms,81,810.0
17.526262283325195,1051.5757369995117,0.0,0.5879851357160948,6.960835933685303,0.5879851579666138,8.292994250067894,0.05318213540844073,11.83845561879357,16.909668720440084,1.4283677926363936,21.216266698979446,0.07633774727582932,0.04215225577354431,0.027840489521622658,0.08868782967329025,0.04161538556218147,0.03641258925199509,0.08895335346460342,0.05300629138946533,0.04443218186497688,0.28488948941230774,0.35879936814308167,0.12236634641885757,0.05300629138946533,0.08605901896953583,0.22895757853984833,0.08895335346460342,0.10272347182035446,0.07253781706094742,1.6302443742752075,1.0202643871307373,0.6475260257720947,0.5527575016021729,0.9576801513537312,11.782045364379883,0.9576801657676697,5.3691638012169305,0.0028995764574845763,12.302693490854272,16.129520584139062,1.3110560379423923,19.375511171817514,0.16144156455993652,0.08756981045007706,0.07633374631404877,0.11571597307920456,0.08113755285739899,0.06867291033267975,0.14806224405765533,0.1351955533027649,0.15227968990802765,0.22245849668979645,0.29656270146369934,0.135843425989151,0.1351955533027649,0.12240689992904663,0.3553718030452728,0.2501477599143982,0.157237246632576,0.2227293848991394,2.4540257453918457,3.327298641204834,2.9873080253601074,3.4614665508270264,0.22136718300340957,1.491068720817566,0.22136718034744263,3.39488341517657,-0.02102690725879435,6.735726138750205,8.556582563590375,1.2703281557670372,10.164294291008055,0.04226835444569588,0.03335978090763092,0.021445469930768013,0.022271767258644104,0.017557326704263687,0.016804153099656105,0.03677276894450188,0.025866182520985603,0.02290189638733864,0.05611760541796684,0.06482583284378052,0.02666407823562622,0.025866182520985603,0.03286137804389,0.051753874868154526,0.03821553662419319,0.035249512642621994,0.024358656257390976,0.10483362525701523,0.12733957171440125,0.11372988671064377,0.15513791143894196,0.4729220848641365,2.7523417472839355,0.47292208671569824,3.24126432356666,-0.07100240819800464,5.819863007824307,7.360737849034889,1.2647613593548521,8.726107328569668,0.12667445838451385,0.05899163335561752,0.050599947571754456,0.04944426938891411,0.03743695467710495,0.03415048122406006,0.05984922870993614,0.095587357878685,0.06905917823314667,0.19194726645946503,0.2121938169002533,0.07633189111948013,0.095587357878685,0.07051573693752289,0.153990238904953,0.12460003048181534,0.08105183392763138,0.06742461770772934,0.648806631565094,0.6346923112869263,0.7032719850540161,1.0327216386795044,000083.tdms,82,820.0
13.269044876098633,796.142692565918,1.8460849523544312,0.47296042940037525,85.14801788330078,0.4729604423046112,3997.6320220206,-29.098443047470653,180.032012384741,278.55205399345965,1.5472362403980378,337.7039725479298,0.05618138611316681,0.03637658432126045,0.033104050904512405,0.0586947426199913,0.04524851590394974,0.03637658432126045,0.0658707469701767,0.050372276455163956,0.04012024402618408,0.0984826609492302,0.0670982301235199,0.07498699426651001,0.04800562188029289,0.04801090061664581,0.05666982755064964,0.0658707469701767,0.06291390210390091,0.06439690291881561,0.6058061718940735,0.6890568137168884,0.5575401782989502,0.5400605797767639,2.67059822138728,120.16919708251953,2.670598268508911,634.3570546133009,-22.875994414697562,44.997108183534976,180.99059705664945,4.022271749518255,253.61439293570677,0.5627099275588989,0.3682049810886383,0.26349666714668274,0.7997685074806213,0.47904568910598755,0.3931480646133423,0.7380922436714172,0.5438264012336731,0.4004664719104767,1.011222004890442,1.04571533203125,1.1391911506652832,0.5438264012336731,0.6351550817489624,0.6512737274169922,0.725773811340332,0.7870638966560364,0.8819326162338257,128.0984649658203,111.2691879272461,68.95750427246094,53.14231872558594,0.216192063401168,1.5538913011550903,0.2161920666694641,3.4537856178361164,-0.004722514552405733,7.1875501658526435,9.143884822694538,1.2721837916535528,10.866583091281871,0.02099558152258396,0.01983633264899254,0.0152528565376997,0.024757012724876404,0.019503088667988777,0.01983633264899254,0.02257775142788887,0.020422643050551414,0.019923044368624687,0.034915219992399216,0.030631763860583305,0.03017294406890869,0.020422643050551414,0.023441700264811516,0.02557472698390484,0.024068599566817284,0.02453921176493168,0.023066142573952675,0.09091943502426147,0.10349243134260178,0.11374080181121826,0.14237740635871887,0.31706413115448967,1.6754940748214722,0.3170641362667084,3.082322393291882,-0.005439349897697591,5.284401198964656,6.645949334497807,1.257654194726909,7.858392920949591,0.032016653567552567,0.028410006314516068,0.025685099884867668,0.030708808451890945,0.027978183701634407,0.028410006314516068,0.03429977223277092,0.026840105652809143,0.04169398173689842,0.05365930497646332,0.03942326828837395,0.03690512105822563,0.026840105652809143,0.030904293060302734,0.035557668656110764,0.0402061752974987,0.04518159106373787,0.03850826248526573,0.16646379232406616,0.21884970366954803,0.23946957290172577,0.3698732554912567,000084.tdms,83,830.0
10.574742317199707,634.4845390319824,1.7932391166687012,0.5076014446945163,72.73695373535156,0.5076014399528503,750.8069801231536,-6.374364869536722,143.29540330431087,189.23295439919738,1.3205793768368879,225.66343416049824,0.049363818019628525,0.04313138872385025,0.031684089452028275,0.05492686480283737,0.0393163338303566,0.04313138872385025,0.05718161165714264,0.044235698878765106,0.04062517359852791,0.10090891271829605,0.06317052990198135,0.07608945667743683,0.04207020252943039,0.048107944428920746,0.04948318004608154,0.06771837174892426,0.04861622303724289,0.06599922478199005,0.5909490585327148,0.6161757707595825,0.5027100443840027,0.5677525997161865,0.6737586607579867,12.721091270446777,0.6737586855888367,4.892677196461722,-0.13959484787606027,18.880783300262728,24.036509677695463,1.273067398499351,28.534757550940895,0.06203418970108032,0.053209319710731506,0.0459231398999691,0.07543019205331802,0.054090436547994614,0.052160851657390594,0.06677786260843277,0.06606349349021912,0.051593437790870667,0.12301240116357803,0.07685056328773499,0.06238207593560219,0.06606349349021912,0.05945168063044548,0.06389502435922623,0.0786094143986702,0.0732182040810585,0.07319275289773941,0.6227850914001465,0.8738641738891602,0.945789635181427,1.15567946434021,0.23233847363912877,1.782900094985962,0.23233847320079803,3.403383528936456,0.0004744719915899379,7.673718721915968,9.75001173439586,1.2705719466300018,11.582671798601147,0.021758530288934708,0.0178204495459795,0.017842425033450127,0.02320486307144165,0.028174445033073425,0.019046852365136147,0.029880523681640625,0.020094331353902817,0.018624817952513695,0.03455376625061035,0.037304241210222244,0.04667706787586212,0.020094331353902817,0.02440953068435192,0.024465708062052727,0.02533990703523159,0.022700535133481026,0.023911137133836746,0.09461570531129837,0.10823570191860199,0.11824600398540497,0.14601151645183563,0.3123559858359535,1.8030402660369873,0.31235599517822266,3.1045077238010523,0.0029782197362807606,5.772389029816536,7.2660928214056,1.2587669999152045,8.596120517072114,0.02795559912919998,0.031653065234422684,0.024580154567956924,0.030212268233299255,0.023069050163030624,0.031653065234422684,0.02916635200381279,0.027331288903951645,0.03225480765104294,0.04743795841932297,0.03058522194623947,0.048107460141181946,0.027189727872610092,0.02654331550002098,0.02720450423657894,0.030812883749604225,0.04227248579263687,0.028274793177843094,0.11525221914052963,0.1613112986087799,0.18975430727005005,0.26938721537590027,000085.tdms,84,840.0
13.226210594177246,793.5726356506348,0.0,0.37545762352366024,3.600818395614624,0.37545761466026306,4.182879506922452,0.005327328911905106,9.590478845045242,12.484931964624478,1.3018048594179015,15.008556091766597,0.02875060774385929,0.024014385417103767,0.022804925218224525,0.03045591153204441,0.030669674277305603,0.024000857025384903,0.04409892484545708,0.0290150735527277,0.02726583555340767,0.06924393773078918,0.09280852973461151,0.05836605280637741,0.0290150735527277,0.027828644961118698,0.02958468534052372,0.04409892484545708,0.030568428337574005,0.03147892653942108,0.2010657787322998,0.19673147797584534,0.20431587100028992,0.264904260635376,0.5528616607008984,66.77902221679688,0.5528616309165955,1032.9989081137637,-9.905473536858146,120.78794201814755,166.06409002120108,1.3748399653688206,199.97747714017552,0.06579367071390152,0.05291738361120224,0.04210904985666275,0.07743097096681595,0.07037287950515747,0.05291738361120224,0.13580292463302612,0.062174078077077866,0.05598883330821991,0.11519701778888702,0.127433642745018,0.09669250249862671,0.06167028099298477,0.07293481379747391,0.0815635696053505,0.13580292463302612,0.07950740307569504,0.09082183986902237,1.2607338428497314,1.383313536643982,1.1140837669372559,1.236514687538147,0.22763322347202025,1.487687110900879,0.22763322293758392,3.4631391554057527,0.005520976026981166,6.535456855592696,8.334852085311919,1.2753281475922216,9.922992109376318,0.025038879364728928,0.0194111205637455,0.017954818904399872,0.026369962841272354,0.023420793935656548,0.0194111205637455,0.03846278041601181,0.023111797869205475,0.01933806575834751,0.03877866268157959,0.04020216315984726,0.0383337140083313,0.021528834477066994,0.02721203677356243,0.022686054930090904,0.03846278041601181,0.026797987520694733,0.025519011542201042,0.11625389754772186,0.12558293342590332,0.13382750749588013,0.1671288013458252,0.29188295700695766,1.6479854583740234,0.2918829619884491,3.1207137586879763,-0.006802512123228668,5.646048934384135,7.107830575750409,1.2589034665399554,8.405498845820096,0.02889765426516533,0.024033643305301666,0.02623775228857994,0.02745700441300869,0.03700447827577591,0.024033643305301666,0.054063580930233,0.02860439568758011,0.027932245284318924,0.053208671510219574,0.04202887415885925,0.028867537155747414,0.02860439568758011,0.03320081904530525,0.030881565064191818,0.054063580930233,0.04303557053208351,0.03564421832561493,0.12109056115150452,0.17128801345825195,0.2079557329416275,0.2878253161907196,000086.tdms,85,850.0
15.216588973999023,912.9953384399414,0.9902458786964417,0.30642674513244655,2.2386233806610107,0.3064267933368683,3.729569254797223,-0.0013578413019794061,7.305574386770361,9.395213934923818,1.2860335734774777,11.229060871772491,0.022653058171272278,0.019376346841454506,0.018015500158071518,0.03879944980144501,0.02071615681052208,0.019376346841454506,0.021873384714126587,0.0213761106133461,0.02106023207306862,0.04666820541024208,0.0518430694937706,0.030645521357655525,0.020019369199872017,0.03647306188941002,0.022488458082079887,0.022890986874699593,0.023747073486447334,0.021365104243159294,0.10026422142982483,0.11083017289638519,0.1250758320093155,0.15680229663848877,0.49324276739889844,8.306174278259277,0.4932427704334259,3.4082573698513245,-0.026083333897358545,16.83993122101242,21.280293379155374,1.2636805400132742,25.212177447338004,0.04970733821392059,0.04100240021944046,0.04008113592863083,0.07437024265527725,0.0728280246257782,0.04100240021944046,0.06033369153738022,0.06976402550935745,0.048459410667419434,0.06506433337926865,0.05542413145303726,0.057022400200366974,0.06976402550935745,0.07547678053379059,0.056737255305051804,0.08229812234640121,0.05668482556939125,0.04933828115463257,0.39721742272377014,0.5601624250411987,0.5799750089645386,0.7143998742103577,0.2064102413735864,1.222341537475586,0.2064102441072464,3.294418416554887,-0.002246921218282671,5.92190353221497,7.507997170335532,1.2678351022593093,8.912667527700064,0.019289687275886536,0.014701631851494312,0.013268763199448586,0.020842280238866806,0.01696338690817356,0.015765616670250893,0.020098797976970673,0.016875429078936577,0.0162380188703537,0.025277644395828247,0.032355647534132004,0.02450372837483883,0.016875429078936577,0.02671877108514309,0.018399609252810478,0.022185398265719414,0.021606700494885445,0.020172549411654472,0.062179528176784515,0.07718652486801147,0.08690857142210007,0.10465320944786072,0.2837528943447766,1.5886129140853882,0.2837528884410858,3.1243371343035173,-0.002160768269272488,5.5985787131923646,7.052886056502868,1.2597636682116493,8.34502172469727,0.029362725093960762,0.025093890726566315,0.02026369422674179,0.030651185661554337,0.04078080877661705,0.024582477286458015,0.03152930364012718,0.028743352741003036,0.03725320100784302,0.03630037233233452,0.05100927874445915,0.027138400822877884,0.028743352741003036,0.039552804082632065,0.031244216486811638,0.03152930364012718,0.030840294435620308,0.03035527467727661,0.11788474023342133,0.15872108936309814,0.1870289146900177,0.24300232529640198,000087.tdms,86,860.0
13.24045467376709,794.4272804260254,0.9089626669883728,0.27922698793816175,2.486783266067505,0.27922698855400085,3.67993299334393,-0.001739516271388225,8.905955990966868,11.42470489437646,1.2828162306173878,13.634199359455108,0.02027730830013752,0.016727643087506294,0.016466176137328148,0.020499739795923233,0.0185383390635252,0.016562821343541145,0.02643813192844391,0.021030791103839874,0.018353456631302834,0.029679711908102036,0.039569344371557236,0.03163094073534012,0.021030791103839874,0.028596602380275726,0.022631295025348663,0.02643813192844391,0.021737683564424515,0.022323127835989,0.08125311881303787,0.09040217846632004,0.10862964391708374,0.1376485526561737,0.4777021851069796,19.141725540161133,0.47770217061042786,9.332455623595541,-0.19156619436449543,40.07041654179249,50.67241052582914,1.264584072216445,59.999974465597674,0.052193548530340195,0.0487682931125164,0.036307353526353836,0.07030089199542999,0.08080116659402847,0.04682403430342674,0.11048988997936249,0.05538998916745186,0.0493013821542263,0.0720435082912445,0.08633888512849808,0.06054185330867767,0.05538998916745186,0.07513777911663055,0.05442184954881668,0.11048988997936249,0.05703433230519295,0.07542766630649567,0.48585158586502075,0.6367926597595215,0.6377915143966675,0.7270671725273132,0.19760789543606,1.3067392110824585,0.1976078897714615,3.3258378489340292,-0.00861647557114922,6.612788462722534,8.39365651105811,1.2693066712136107,9.969456649963638,0.019331475719809532,0.016263818368315697,0.014532579109072685,0.017818836495280266,0.02088068425655365,0.016263818368315697,0.023528235033154488,0.016485555097460747,0.015308587811887264,0.02399500086903572,0.024663889780640602,0.023994671180844307,0.016485555097460747,0.03025529906153679,0.020868424326181412,0.023528235033154488,0.019195254892110825,0.018313469365239143,0.07034436613321304,0.08055415749549866,0.09070205688476562,0.10759368538856506,0.2863522362022415,1.5789345502853394,0.2863522469997406,3.138210959776204,-0.004532999556510605,5.513959210607275,6.947181998780512,1.2599262586883355,8.220353597485035,0.029310842975974083,0.028897205367684364,0.020551417022943497,0.028167592361569405,0.036736100912094116,0.028897205367684364,0.04693329706788063,0.026851626113057137,0.030096927657723427,0.05346101522445679,0.05455321446061134,0.030278321355581284,0.026851626113057137,0.03936063498258591,0.029760725796222687,0.04693329706788063,0.029605135321617126,0.0340784452855587,0.15586015582084656,0.18138280510902405,0.2091197967529297,0.27610844373703003,000088.tdms,87,870.0
13.228137969970703,793.6882781982422,3.814697265625e-06,0.35701979236874337,4.626602649688721,0.3570197820663452,6.5285631227933525,0.010885996229478747,12.95895283281716,17.745757087448048,1.3693820261856977,21.81118262583775,0.02593732625246048,0.022385526448488235,0.02153876982629299,0.03200554475188255,0.027317291125655174,0.02124064229428768,0.03818449378013611,0.027185283601284027,0.025026358664035797,0.10894151777029037,0.05959567800164223,0.06867863982915878,0.027185283601284027,0.030193284153938293,0.031811606138944626,0.03818449378013611,0.029818518087267876,0.03209027647972107,0.25958892703056335,0.21029837429523468,0.1959521770477295,0.22755052149295807,0.535525702594296,6.081831932067871,0.5355256795883179,5.049411202843167,0.008128915440626501,11.356750763978457,14.947158279061687,1.3161474254124998,18.013033355999575,0.04239282011985779,0.04841909930109978,0.03897202014923096,0.05552256852388382,0.051512300968170166,0.04841909930109978,0.11830098181962967,0.04609806835651398,0.04765411466360092,0.11525022983551025,0.07230494171380997,0.08704714477062225,0.04609806835651398,0.05992458388209343,0.05556986480951309,0.11830098181962967,0.05956066772341728,0.06893964856863022,0.5780377388000488,0.6616201400756836,0.6374788284301758,0.816631019115448,0.21453438072392952,1.7183599472045898,0.21453438699245453,3.944803818107021,-0.008305980770138766,8.00971826243476,10.352737289464738,1.2925220276496663,12.397551701142978,0.024215014651417732,0.019885310903191566,0.01699448935687542,0.025518443435430527,0.024154391139745712,0.019885310903191566,0.024822141975164413,0.022208426147699356,0.020151134580373764,0.04851237311959267,0.03119908645749092,0.03562843054533005,0.020920732989907265,0.022463608533143997,0.024296583607792854,0.026298660784959793,0.025653216987848282,0.026779349893331528,0.13372895121574402,0.14445185661315918,0.1381741464138031,0.1525418758392334,0.2756152082723755,1.5586003065109253,0.27561521530151367,3.2119035229160966,-0.003949770415615676,5.654986589022495,7.14595467756611,1.2636554596677372,8.467597706079369,0.025558415800333023,0.025060085579752922,0.021486803889274597,0.028645599260926247,0.03283485397696495,0.024653645232319832,0.04920034855604172,0.024291301146149635,0.0290432907640934,0.047434668987989426,0.031750816851854324,0.03682509809732437,0.025306539610028267,0.027892887592315674,0.033226728439331055,0.04920034855604172,0.030571114271879196,0.03771751746535301,0.14878642559051514,0.1739279180765152,0.1955597996711731,0.2596815824508667,000089.tdms,88,880.0
