shaft_hz,rpm_est,shaft_std,CH1_rms,CH1_peak,CH1_std,CH1_kurt,CH1_skew,CH1_crest,CH1_impulse,CH1_shape,CH1_margin,CH1_BPFI_h1,CH1_BPFI_h2,CH1_BPFI_h3,CH1_BPFO_h1,CH1_BPFO_h2,CH1_BPFO_h3,CH1_BSF_h1,CH1_BSF_h2,CH1_BSF_h3,CH1_FTF_h1,CH1_FTF_h2,CH1_FTF_h3,CH1_BPFI_sb_p,CH1_BPFI_sb_m,CH1_BPFO_sb_p,CH1_BPFO_sb_m,CH1_BSF_sb_p,CH1_BSF_sb_m,CH1_E_low,CH1_E_mid,CH1_E_high,CH1_E_vhigh,CH2_rms,CH2_peak,CH2_std,CH2_kurt,CH2_skew,CH2_crest,CH2_impulse,CH2_shape,CH2_margin,CH2_BPFI_h1,CH2_BPFI_h2,CH2_BPFI_h3,CH2_BPFO_h1,CH2_BPFO_h2,CH2_BPFO_h3,CH2_BSF_h1,CH2_BSF_h2,CH2_BSF_h3,CH2_FTF_h1,CH2_FTF_h2,CH2_FTF_h3,CH2_BPFI_sb_p,CH2_BPFI_sb_m,CH2_BPFO_sb_p,CH2_BPFO_sb_m,CH2_BSF_sb_p,CH2_BSF_sb_m,CH2_E_low,CH2_E_mid,CH2_E_high,CH2_E_vhigh,CH3_rms,CH3_peak,CH3_std,CH3_kurt,CH3_skew,CH3_crest,CH3_impulse,CH3_shape,CH3_margin,CH3_BPFI_h1,CH3_BPFI_h2,CH3_BPFI_h3,CH3_BPFO_h1,CH3_BPFO_h2,CH3_BPFO_h3,CH3_BSF_h1,CH3_BSF_h2,CH3_BSF_h3,CH3_FTF_h1,CH3_FTF_h2,CH3_FTF_h3,CH3_BPFI_sb_p,CH3_BPFI_sb_m,CH3_BPFO_sb_p,CH3_BPFO_sb_m,CH3_BSF_sb_p,CH3_BSF_sb_m,CH3_E_low,CH3_E_mid,CH3_E_high,CH3_E_vhigh,CH4_rms,CH4_peak,CH4_std,CH4_kurt,CH4_skew,CH4_crest,CH4_impulse,CH4_shape,CH4_margin,CH4_BPFI_h1,CH4_BPFI_h2,CH4_BPFI_h3,CH4_BPFO_h1,CH4_BPFO_h2,CH4_BPFO_h3,CH4_BSF_h1,CH4_BSF_h2,CH4_BSF_h3,CH4_FTF_h1,CH4_FTF_h2,CH4_FTF_h3,CH4_BPFI_sb_p,CH4_BPFI_sb_m,CH4_BPFO_sb_p,CH4_BPFO_sb_m,CH4_BSF_sb_p,CH4_BSF_sb_m,CH4_E_low,CH4_E_mid,CH4_E_high,CH4_E_vhigh,file,idx,t_min
13.837615013122559,830.2569007873535,0.062043458223342896,0.18689349548646028,6.407473087310791,0.186893492937088,28.360515121326518,-1.6251670424270044,34.28408822165236,47.85118265794822,1.395725689088837,58.46717294439761,0.015600274316966534,0.016293808817863464,0.0118112713098526,0.023663995787501335,0.02096039056777954,0.016319269314408302,0.0164889395236969,0.018897349014878273,0.022635752335190773,0.017810683697462082,0.018691135570406914,0.02457389049232006,0.018897349014878273,0.027068790048360825,0.017995893955230713,0.019217941910028458,0.016928797587752342,0.04450305178761482,0.04512758180499077,0.07099265605211258,0.1205526813864708,0.1270599514245987,0.2205108885639216,6.801935195922852,0.22051088511943817,25.509266581985585,-1.5122129211790587,30.84625543990364,42.07087244383148,1.3638891283188734,50.76289978021927,0.019170569255948067,0.01937565580010414,0.017146358266472816,0.027593737468123436,0.025895200669765472,0.02100249193608761,0.023615119978785515,0.021864892914891243,0.01919112540781498,0.024522868916392326,0.030006807297468185,0.03116936795413494,0.021864892914891243,0.02845609560608864,0.024620182812213898,0.023615119978785515,0.025961855426430702,0.05489344522356987,0.07704333961009979,0.1141335517168045,0.13988378643989563,0.1824742555618286,0.2036521014706656,8.56771469116211,0.20365209877490997,116.2557685048807,-5.614652887472191,42.070347564747415,69.57595027924422,1.6538002252575865,87.74295422796973,0.021620450541377068,0.02311224676668644,0.019644226878881454,0.045119356364011765,0.035522330552339554,0.02311224676668644,0.02380957640707493,0.02365635521709919,0.01800946705043316,0.022986428812146187,0.025788338854908943,0.050244543701410294,0.02365635521709919,0.05019684508442879,0.025691108778119087,0.03476438298821449,0.02642955258488655,0.09729582816362381,0.10116007179021835,0.17456993460655212,0.16770470142364502,0.21323831379413605,0.23304472740378213,8.894537925720215,0.23304472863674164,67.25860379684593,-3.528588050426858,38.166655923990085,57.62300818148908,1.5097735650785555,71.13841110112494,0.024930182844400406,0.027733653783798218,0.017627544701099396,0.042666591703891754,0.038385845720767975,0.027733653783798218,0.023588286712765694,0.024919910356402397,0.021365530788898468,0.025288652628660202,0.0333833172917366,0.049235470592975616,0.024919910356402397,0.05002766102552414,0.025493111461400986,0.03361920267343521,0.023102393373847008,0.09146394580602646,0.10806334018707275,0.17738351225852966,0.19650624692440033,0.24197661876678467,000001.tdms,0,0.0
13.892308235168457,833.5384941101074,0.05886467546224594,0.1867633295510948,6.665960311889648,0.18676333129405975,32.106941016124146,-1.7720768298376277,35.69201902703267,49.97224870024349,1.4000958775236323,61.05423111205899,0.01847066916525364,0.014579364098608494,0.013029561378061771,0.032321710139513016,0.025989515706896782,0.014579364098608494,0.017642032355070114,0.01821969822049141,0.02788352593779564,0.01774032972753048,0.019363844767212868,0.027823785319924355,0.01821969822049141,0.028073560446500778,0.01987636275589466,0.022008175030350685,0.02103223279118538,0.04833056777715683,0.04957036301493645,0.08409571647644043,0.1257118135690689,0.1337786763906479,0.22760734024861473,7.0368733406066895,0.2276073396205902,25.675060992029454,-1.4835292967514437,30.91672409563038,42.09418258350373,1.361534373865086,50.794831772900245,0.026797467842698097,0.021895674988627434,0.019605953246355057,0.03547945246100426,0.03176998347043991,0.021895674988627434,0.030035464093089104,0.022679530084133148,0.02390361949801445,0.03482000157237053,0.03701133653521538,0.03379480913281441,0.020829882472753525,0.03378518670797348,0.027961913496255875,0.03818817809224129,0.028464481234550476,0.0694056898355484,0.10319061577320099,0.15043507516384125,0.17344427108764648,0.20749127864837646,0.20927352154152204,7.987748622894287,0.20927351713180542,111.97528256731334,-5.327278383096828,38.16894064789479,61.928768981868075,1.622491165085132,77.73013033215362,0.02575417049229145,0.020643135532736778,0.01488287653774023,0.054535944014787674,0.04341240972280502,0.020643135532736778,0.028758574277162552,0.0259415190666914,0.021486837416887283,0.02838950976729393,0.05055787041783333,0.054405923932790756,0.0259415190666914,0.05630335211753845,0.02979845181107521,0.05607311427593231,0.02864169515669346,0.108681321144104,0.14305222034454346,0.2302241325378418,0.19770993292331696,0.23615969717502594,0.2395713231282957,8.375450134277344,0.23957131803035736,65.19361256957829,-3.377831586980287,34.96015309725574,52.1025311305672,1.4903404737851986,64.08047023130148,0.027538545429706573,0.020917626097798347,0.016637388616800308,0.05112910643219948,0.04104986414313316,0.020917626097798347,0.02630595862865448,0.02565995790064335,0.019925564527511597,0.026380108669400215,0.05151914805173874,0.0524359829723835,0.02565995790064335,0.052578721195459366,0.029962435364723206,0.04133740812540054,0.02955159731209278,0.09965362399816513,0.14164547622203827,0.21958793699741364,0.2190842628479004,0.2768343687057495,000002.tdms,1,10.0
13.71543025970459,822.9258155822754,0.046947795897722244,0.19384680106409186,7.557798862457275,0.19384680688381195,38.76870055769395,-2.108273235050659,38.9885147496369,55.510714915031265,1.4237709559210185,68.04243721340173,0.018574705347418785,0.021445706486701965,0.017276693135499954,0.028241939842700958,0.02078503742814064,0.021445706486701965,0.018716156482696533,0.016558628529310226,0.023508593440055847,0.021662356331944466,0.019530829042196274,0.028350407257676125,0.015461435541510582,0.03138124942779541,0.018248196691274643,0.023170292377471924,0.02005228027701378,0.05405677855014801,0.05411398783326149,0.08781661093235016,0.13526040315628052,0.14442633092403412,0.23467636601365535,8.297497749328613,0.23467636108398438,30.982232565549964,-1.7699446104015761,35.35719378254647,48.85920429877316,1.38187449488403,59.12578555709459,0.025559384375810623,0.022148290649056435,0.019719794392585754,0.03259620442986488,0.024215226992964745,0.022148290649056435,0.02715527079999447,0.026319919154047966,0.024165920913219452,0.028996465727686882,0.03662470355629921,0.029925646260380745,0.021394602954387665,0.03550424426794052,0.030840609222650528,0.03707549721002579,0.031721752136945724,0.06326031684875488,0.1028415858745575,0.149118572473526,0.17082494497299194,0.21489377319812775,0.2226422037746918,10.141533851623535,0.2226421982049942,123.08010150310038,-5.784821469689834,45.55081507316783,76.43447021047514,1.6780044459731223,96.55500008499274,0.025046519935131073,0.03600518777966499,0.031426940113306046,0.049678344279527664,0.03661222383379936,0.03600518777966499,0.0286675114184618,0.02082652784883976,0.024878481402993202,0.031411852687597275,0.036859847605228424,0.05506598576903343,0.02037319354712963,0.0544016994535923,0.026810653507709503,0.05105233192443848,0.024943094700574875,0.11283203959465027,0.13743196427822113,0.23038779199123383,0.20673081278800964,0.25413551926612854,0.25083702750564263,10.46886920928955,0.2508370280265808,76.33874049232526,-3.82296525377435,41.7357409844687,64.08949545688243,1.5356021947886906,79.29924043462724,0.024093957617878914,0.03738418221473694,0.02971024252474308,0.04835978150367737,0.03781523182988167,0.03738418221473694,0.026977507397532463,0.023583736270666122,0.0234402883797884,0.02943704091012478,0.03685460612177849,0.048458028584718704,0.02128584310412407,0.053677696734666824,0.025882413610816002,0.03736631199717522,0.026973674073815346,0.10505826026201248,0.13693363964557648,0.22442591190338135,0.2359233796596527,0.2956576943397522,000003.tdms,2,20.0
17.58919906616211,1055.3519439697266,3.814697265625e-06,0.21248625928266454,5.160972595214844,0.21248625218868256,15.52912774885121,-0.9704059751592624,24.288500407686815,32.49306653795042,1.337796323056117,39.12341136841708,0.018367275595664978,0.01812809519469738,0.0216339360922575,0.016155272722244263,0.01667231321334839,0.02252398245036602,0.022525260224938393,0.032569531351327896,0.0194387324154377,0.027273785322904587,0.034621547907590866,0.0291163120418787,0.032569531351327896,0.024307113140821457,0.049758508801460266,0.02909695915877819,0.016841882839798927,0.02296072617173195,0.05895081162452698,0.0869109034538269,0.0820971429347992,0.11943825334310532,0.3679306342597442,6.111263751983643,0.3679306209087372,5.352397617398815,-0.27743339087400976,16.609825828390623,21.19042365556641,1.275776391306062,25.135225061883876,0.07630416750907898,0.02940678410232067,0.030762072652578354,0.03279101103544235,0.04884393513202667,0.030075300484895706,0.052616704255342484,0.04476340487599373,0.04223892465233803,0.09851469844579697,0.07435575872659683,0.0421077236533165,0.05233532562851906,0.03975214436650276,0.12539666891098022,0.13281773030757904,0.043595314025878906,0.07388553023338318,0.2384483516216278,0.5774217844009399,0.5091903209686279,0.627173900604248,0.2068084471591653,7.882271766662598,0.2068084478378296,90.93456371049608,-4.67149277661477,38.113877237307385,60.08746954848263,1.5765247176077541,74.72005401235111,0.026215268298983574,0.026270780712366104,0.03743452578783035,0.01893482357263565,0.02744412235915661,0.04263453185558319,0.03687078878283501,0.06684655696153641,0.03330565243959427,0.038237448781728745,0.07034558802843094,0.05360843241214752,0.06684655696153641,0.04837976396083832,0.058870114386081696,0.05570824816823006,0.01750987023115158,0.04671107232570648,0.12203091382980347,0.16398949921131134,0.16713637113571167,0.21565842628479004,0.29913486370557124,8.1017427444458,0.29913485050201416,23.11474710184362,-1.4734849214561108,27.083913403086587,36.740535472402804,1.356544563025213,44.15630123895875,0.04747096821665764,0.02706853672862053,0.036458708345890045,0.0263438168913126,0.02977217361330986,0.038933731615543365,0.03177089989185333,0.05850156024098396,0.043772000819444656,0.07604215294122696,0.05712408944964409,0.04938364401459694,0.05850156024098396,0.03966505825519562,0.060300037264823914,0.047180481255054474,0.023039305582642555,0.04427733272314072,0.13114693760871887,0.20769399404525757,0.21459202468395233,0.3281448185443878,000004.tdms,3,30.0
13.837615013122559,830.2569007873535,1.8520376682281494,0.21885187467554784,6.048781394958496,0.21885187923908234,16.68772798226712,-1.019267023432644,27.638700394620482,37.087453173220666,1.3418667536350322,44.67232078121304,0.017117798328399658,0.01784260757267475,0.021555982530117035,0.019229406490921974,0.019090542569756508,0.025309830904006958,0.021513614803552628,0.030355507507920265,0.0208301842212677,0.021800406277179718,0.03513893112540245,0.020885584875941277,0.030355507507920265,0.027519213035702705,0.04134834185242653,0.021513614803552628,0.01830168627202511,0.02418619766831398,0.06280049681663513,0.09599979221820831,0.11549347639083862,0.14695268869400024,0.37335168658568196,6.953912258148193,0.37335169315338135,5.808919920388338,-0.3182884418245748,18.625635045985824,23.825981134212093,1.2792036929418438,28.28376649810827,0.05409328639507294,0.03020842745900154,0.031010359525680542,0.07754699140787125,0.04807056486606598,0.03499658778309822,0.0552762970328331,0.04196247458457947,0.0474080890417099,0.08047414571046829,0.05812625214457512,0.035949431359767914,0.04196247458457947,0.03498773276805878,0.11520422995090485,0.03321756422519684,0.04373485967516899,0.07883960008621216,0.2973911464214325,0.47937262058258057,0.518052339553833,0.649185299873352,0.2173014859696212,8.07400894165039,0.21730148792266846,89.55923518776287,-4.59403636516557,37.15579258753499,58.58835934989379,1.5768297557336723,72.78622180499927,0.021744444966316223,0.03640993312001228,0.03565562143921852,0.024010129272937775,0.029627762734889984,0.04448014497756958,0.032644595950841904,0.06250406056642532,0.03016466088593006,0.024943921715021133,0.06684453785419464,0.03272290527820587,0.06250406056642532,0.043951112776994705,0.055226076394319534,0.032644595950841904,0.021309487521648407,0.05009913817048073,0.12305980920791626,0.17945465445518494,0.195462167263031,0.23781442642211914,0.31263034009738716,8.493297576904297,0.3126303255558014,22.829519278993512,-1.459620457865702,27.167221115706678,36.8761716854809,1.3573773897750996,44.317014246816306,0.028777237981557846,0.03329484164714813,0.04053990915417671,0.03681878373026848,0.036765892058610916,0.04494011029601097,0.036817725747823715,0.04949892684817314,0.03549058735370636,0.052695151418447495,0.06023023650050163,0.031750913709402084,0.04949892684817314,0.04053566977381706,0.06362754106521606,0.036817725747823715,0.029326340183615685,0.041603829711675644,0.1683247685432434,0.249138742685318,0.2684631049633026,0.3769614100456238,000005.tdms,4,40.0
13.68496036529541,821.0976219177246,0.762456476688385,0.22391100409253015,6.292108058929443,0.22391100227832794,20.69819210617392,-1.2842263784866492,28.100932709538743,38.08996279100731,1.3554696986295347,45.961454353950224,0.02020919695496559,0.024364784359931946,0.0169213954359293,0.0241492111235857,0.02438461408019066,0.024364784359931946,0.01891283318400383,0.02026314102113247,0.018889909610152245,0.0237943846732378,0.023257886990904808,0.02850409783422947,0.021456267684698105,0.028088269755244255,0.021847285330295563,0.024710670113563538,0.02176203951239586,0.054081812500953674,0.061984896659851074,0.10121506452560425,0.12780311703681946,0.16216391324996948,0.3949738088205797,7.131580829620361,0.3949738144874573,6.160340957136896,-0.3507178636369486,18.05583223585325,23.111809938856542,1.28001908950858,27.42259923070069,0.08315020054578781,0.032731328159570694,0.026822594925761223,0.17925824224948883,0.04227526858448982,0.032731328159570694,0.04081031680107117,0.04101203754544258,0.04292028769850731,0.07321394979953766,0.03833664208650589,0.039761267602443695,0.04101203754544258,0.033846765756607056,0.034033965319395065,0.1657777577638626,0.05795813724398613,0.06109503284096718,0.33030664920806885,0.5790491104125977,0.5326592922210693,0.670409619808197,0.22989109351735834,9.547090530395508,0.2298910915851593,98.13405990995176,-4.987133790718777,41.52875339502719,66.50147888458389,1.6013357841978237,82.77373333992007,0.024352815002202988,0.03652720898389816,0.016682488843798637,0.042783211916685104,0.043314479291439056,0.03652720898389816,0.023554053157567978,0.022675465792417526,0.024032175540924072,0.02659606747329235,0.033850379288196564,0.052220527082681656,0.022675465792417526,0.05403629690408707,0.02697705663740635,0.04221301153302193,0.024477623403072357,0.12183509021997452,0.1113118976354599,0.2091330736875534,0.1851048469543457,0.2588806748390198,0.3295096179668403,8.839634895324707,0.3295096158981323,24.94812709660477,-1.604375845725019,26.826636957875596,36.6365981805647,1.365679874003333,44.07077583628042,0.036112137138843536,0.03608547896146774,0.027669938281178474,0.06948348879814148,0.04221745952963829,0.03608547896146774,0.03223792836070061,0.03499609977006912,0.03207899630069733,0.05257539451122284,0.03569217026233673,0.050459492951631546,0.03499609977006912,0.04832712560892105,0.03411351516842842,0.06063007563352585,0.03686681017279625,0.09244561940431595,0.19301047921180725,0.29410216212272644,0.29606062173843384,0.43976303935050964,000006.tdms,5,50.0
13.892308235168457,833.5384941101074,0.019823255017399788,0.2268928881232132,6.672356605529785,0.22689288854599,20.384356165367358,-1.2856568884126567,29.407517620853724,39.854446544978124,1.3552468813864171,48.07258134510831,0.020532742142677307,0.01823580078780651,0.016407018527388573,0.027107179164886475,0.026680896058678627,0.01823580078780651,0.021982671692967415,0.020673461258411407,0.020075885578989983,0.025222240015864372,0.022239793092012405,0.03819252923130989,0.020867809653282166,0.035879671573638916,0.02156173251569271,0.02502356842160225,0.023085983470082283,0.053526539355516434,0.07171319425106049,0.11115843802690506,0.14323770999908447,0.18167011439800262,0.4037891092638976,6.692254543304443,0.40378910303115845,6.058402466534801,-0.3584034108583139,16.5736380446326,21.276052658881248,1.283728569526202,25.288245067757387,0.09699159115552902,0.03148102015256882,0.02717309445142746,0.25193557143211365,0.030689897015690804,0.03148102015256882,0.04499552398920059,0.036264121532440186,0.034246012568473816,0.08945748955011368,0.04301892966032028,0.049717411398887634,0.03545544669032097,0.035557039082050323,0.046104688197374344,0.0362430103123188,0.06480750441551208,0.052787285298109055,0.37540069222450256,0.5820891857147217,0.5896196365356445,0.7341203689575195,0.23532208776508834,8.645650863647461,0.23532208800315857,93.30236337294646,-4.905216088858165,36.73964881816803,58.69028251662235,1.5974644397689388,73.00233126896246,0.029026219621300697,0.02341405488550663,0.01740989089012146,0.05712493881583214,0.045946963131427765,0.02341405488550663,0.026139717549085617,0.02731122449040413,0.022072196006774902,0.02976861596107483,0.03051520325243473,0.05992773547768593,0.02528139390051365,0.06624152511358261,0.03185572475194931,0.04761093109846115,0.02903200499713421,0.12441563606262207,0.13241437077522278,0.24620981514453888,0.21566040813922882,0.2858406901359558,0.3365490138186371,8.935811996459961,0.3365490138530731,24.0692918582843,-1.5820521607187876,26.55129455014651,36.25159349373115,1.3653418452069832,43.61967095902776,0.040335167199373245,0.03468881919980049,0.027778588235378265,0.08629507571458817,0.050365667790174484,0.03468881919980049,0.03446301817893982,0.03077981434762478,0.028377138078212738,0.07015416026115417,0.0381675586104393,0.054558463394641876,0.03234989941120148,0.0651712417602539,0.04161237180233002,0.038069333881139755,0.04701327532529831,0.09819679707288742,0.2326240986585617,0.3523055613040924,0.3423810601234436,0.4957033693790436,000007.tdms,6,60.0
13.837615013122559,830.2569007873535,0.06730644404888153,0.23609364123944668,9.178768157958984,0.2360936403274536,25.941557412973143,-1.4841297531543425,38.87765934640255,53.58940852281299,1.3784113916254002,64.96082383207425,0.022232601419091225,0.019590256735682487,0.02796771191060543,0.03429298475384712,0.03215191513299942,0.018543532118201256,0.02345101535320282,0.020627617835998535,0.02384815737605095,0.027338430285453796,0.024029187858104706,0.044121596962213516,0.020627617835998535,0.034364618360996246,0.023537015542387962,0.028758103027939796,0.022147182375192642,0.057464469224214554,0.08220262825489044,0.12574094533920288,0.15151792764663696,0.1972891241312027,0.3926182436964429,9.855241775512695,0.39261823892593384,7.865833367396155,-0.48567663010623324,25.10133426996934,32.39780379936205,1.2906805451422572,38.53438433341939,0.08841278403997421,0.040749553591012955,0.03321012854576111,0.21218837797641754,0.03702568635344505,0.03405573219060898,0.050105851143598557,0.038141991943120956,0.04390718415379524,0.07937664538621902,0.04766310378909111,0.08088855445384979,0.039241500198841095,0.033116649836301804,0.04116775467991829,0.037542279809713364,0.07394826412200928,0.057824648916721344,0.31618279218673706,0.47510889172554016,0.539402961730957,0.6556888818740845,0.24727413379799787,11.57896900177002,0.24727413058280945,104.07640156814008,-5.165189358911557,46.82644651878171,76.50708293478277,1.6338434500703871,95.61645285365692,0.026274342089891434,0.024119071662425995,0.05407651141285896,0.05278360843658447,0.051973022520542145,0.024119071662425995,0.03050318732857704,0.02553139440715313,0.03186824545264244,0.033310260623693466,0.030919618904590607,0.06134043261408806,0.02553139440715313,0.05435847491025925,0.030035505071282387,0.04369274526834488,0.024354111403226852,0.1310771405696869,0.13520029187202454,0.2697266936302185,0.23066163063049316,0.312173068523407,0.34405620981507345,11.322046279907227,0.34405621886253357,29.44272190001813,-1.8040424532289825,32.90754811835166,45.568764718349875,1.3847511383850983,54.96964659961465,0.03774847462773323,0.032505299896001816,0.05140615999698639,0.08336374908685684,0.04870728775858879,0.032505299896001816,0.03712925687432289,0.033784423023462296,0.032795216888189316,0.07555975764989853,0.03492305055260658,0.05364960432052612,0.03439757600426674,0.05396721512079239,0.03553986921906471,0.04388262331485748,0.04465178772807121,0.10916706919670105,0.22727689146995544,0.35797059535980225,0.3476839065551758,0.49895036220550537,000008.tdms,7,70.0
13.892308235168457,833.5384941101074,1.170059323310852,0.23181836930180685,7.009956359863281,0.23181836307048798,22.89337300317434,-1.4086433518173669,30.23900297882323,41.50628933425681,1.3726077332418734,50.29959492559546,0.022300804033875465,0.01943765953183174,0.01690339483320713,0.026859112083911896,0.02327685058116913,0.01943765953183174,0.024624867364764214,0.022239599376916885,0.02288920432329178,0.02876141294836998,0.02911122888326645,0.05190682038664818,0.022239599376916885,0.035106562077999115,0.022783581167459488,0.036600224673748016,0.022124769166111946,0.06025414913892746,0.08008977770805359,0.12158174812793732,0.14478722214698792,0.19008508324623108,0.40720954694807454,7.951798439025879,0.4072095453739166,6.5066259475119175,-0.39675885904558295,19.52753440734005,25.10634942471024,1.2856896780206524,29.84648157742096,0.14119353890419006,0.030709782615303993,0.026485927402973175,0.2487470954656601,0.03233429417014122,0.031188689172267914,0.0474708266556263,0.04839770123362541,0.045528560876846313,0.08581270277500153,0.0409112311899662,0.04224665090441704,0.04839770123362541,0.031864285469055176,0.04305240139365196,0.09223978966474533,0.05652640014886856,0.06189465522766113,0.34252744913101196,0.558833658695221,0.6817045211791992,0.7436984777450562,0.24487176896709797,9.732471466064453,0.24487176537513733,93.60926922435942,-4.8946743658730405,39.74517563669069,63.54622011768505,1.5988410945408547,79.10031047051719,0.03424525260925293,0.027915865182876587,0.020757345482707024,0.045243386179208755,0.03701905533671379,0.027915865182876587,0.035446833819150925,0.0282155591994524,0.041906267404556274,0.04275881499052048,0.055405713617801666,0.05443684756755829,0.0282155591994524,0.0575590655207634,0.0330660305917263,0.06364265829324722,0.028039483353495598,0.11938081681728363,0.14981511235237122,0.24965402483940125,0.21844887733459473,0.3096299469470978,0.34611425360573234,9.4009370803833,0.34611424803733826,24.880661967295687,-1.6341847427199943,27.161369352595777,37.164947521994016,1.368301687574607,44.73853865841222,0.04938284307718277,0.036237575113773346,0.027585648000240326,0.0893034115433693,0.03429111838340759,0.036237575113773346,0.0399915985763073,0.03969774395227432,0.03916096314787865,0.07055824249982834,0.052030473947525024,0.05291885882616043,0.03969774395227432,0.049143437296152115,0.033265214413404465,0.05754571035504341,0.034922994673252106,0.10242606699466705,0.22443655133247375,0.3368089199066162,0.35853832960128784,0.4972437620162964,000009.tdms,8,80.0
13.788634300231934,827.318058013916,0.051778439432382584,0.20509237512397654,9.730908393859863,0.20509237051010132,37.561849750319055,-1.979480996422058,47.446465954561276,67.22099717993683,1.4167756402407992,82.28188832310981,0.022780505940318108,0.0164490956813097,0.016294116154313087,0.025648193433880806,0.029077015817165375,0.0164490956813097,0.019526991993188858,0.017257189378142357,0.020594397559762,0.02034045197069645,0.02133726142346859,0.03144869580864906,0.017257189378142357,0.03499458730220795,0.02135140635073185,0.025143329054117203,0.018938565626740456,0.06325513124465942,0.05865766108036041,0.10022483766078949,0.14485621452331543,0.15691162645816803,0.2636856781914005,10.061055183410645,0.2636856734752655,24.2507400249907,-1.4291064173585326,38.1554859271032,51.80263675677459,1.3576720489353624,62.385265528465794,0.031739477068185806,0.030228376388549805,0.019725706428289413,0.032961662858724594,0.03616785258054733,0.030228376388549805,0.04232613369822502,0.033102136105298996,0.024795811623334885,0.0552457831799984,0.039903417229652405,0.0366506353020668,0.02582695707678795,0.04291951656341553,0.032479312270879745,0.04232613369822502,0.035322654992341995,0.07872948795557022,0.13306638598442078,0.20827999711036682,0.23613977432250977,0.28272825479507446,0.23301476102894036,11.257580757141113,0.2330147624015808,116.09496023555698,-5.583516892634839,48.312736529781155,80.78967255458582,1.6722230690614075,101.86387382918046,0.02671198360621929,0.024250851944088936,0.024860017001628876,0.04881232976913452,0.047043610364198685,0.024250851944088936,0.02803346887230873,0.02241464890539646,0.021734464913606644,0.028004935011267662,0.030246490612626076,0.05957741662859917,0.022763149812817574,0.06767270714044571,0.032948024570941925,0.04198373854160309,0.02624334953725338,0.12806935608386993,0.12559731304645538,0.24239468574523926,0.21480251848697662,0.2690117061138153,0.27311746397031444,10.823472023010254,0.27311745285987854,62.28566841473244,-3.3053215047867184,39.62936630147779,59.35950912644667,1.497866725268154,72.95394131686761,0.031677745282649994,0.027918986976146698,0.02492494136095047,0.047376882284879684,0.047168854624032974,0.027918986976146698,0.030154366046190262,0.026759663596749306,0.023922381922602654,0.04262540861964226,0.03253791108727455,0.054903943091630936,0.026759663596749306,0.06482288241386414,0.03663061559200287,0.04136916995048523,0.028337936848402023,0.11243510246276855,0.14355513453483582,0.25304660201072693,0.24701496958732605,0.3206167221069336,000010.tdms,9,90.0
13.799853324890137,827.9911994934082,0.061737097799777985,0.19959905265500155,6.3659749031066895,0.19959904253482819,31.250178766744536,-1.7661858126332293,31.893813214183965,44.92142875544085,1.4084684215640664,54.93904148896647,0.019417697563767433,0.023158013820648193,0.02361445128917694,0.02734905481338501,0.02263586036860943,0.023158013820648193,0.0184309184551239,0.017744865268468857,0.02359035052359104,0.023263409733772278,0.024853555485606194,0.028534885495901108,0.01762288808822632,0.023608699440956116,0.01944098249077797,0.022824833169579506,0.02060319297015667,0.05161138251423836,0.05584979057312012,0.09112612903118134,0.13855372369289398,0.1514459252357483,0.2533790396776247,7.15771484375,0.25337904691696167,21.396709510409888,-1.30509610162212,28.249040855379327,38.22465184130756,1.353130962463408,46.00209974851047,0.02789718471467495,0.03373054042458534,0.024034056812524796,0.030840588733553886,0.03069840744137764,0.03373054042458534,0.029021967202425003,0.03363257646560669,0.02663005143404007,0.05165151134133339,0.02996443212032318,0.02933230809867382,0.023610495030879974,0.02750072441995144,0.02907637506723404,0.02920093573629856,0.029866408556699753,0.07452818006277084,0.12081176042556763,0.1881866753101349,0.20358189940452576,0.2727581262588501,0.2241795698352697,8.578445434570312,0.22417956590652466,106.51339099971274,-5.282843522156116,38.26595546094532,63.272592026609914,1.6534956794999318,79.66268315257184,0.025800758972764015,0.04450177401304245,0.04366946220397949,0.046288251876831055,0.036797795444726944,0.04450177401304245,0.02806274965405464,0.02437555231153965,0.027421556413173676,0.030839828774333,0.033268678933382034,0.05519288405776024,0.02437555231153965,0.04505782946944237,0.025120222941040993,0.038615964353084564,0.029091574251651764,0.10674990713596344,0.11910144984722137,0.22605355083942413,0.21230068802833557,0.27439039945602417,0.26358335916585574,8.877692222595215,0.26358336210250854,56.41150555923293,-3.0681762979416027,33.68077655087879,50.07817540730998,1.4868474107674146,61.485602794831955,0.02838178351521492,0.04292835667729378,0.039527736604213715,0.04283304885029793,0.03772299736738205,0.04292835667729378,0.032985150814056396,0.027876321226358414,0.0324987955391407,0.03790522739291191,0.03413577750325203,0.050825752317905426,0.027876321226358414,0.047001659870147705,0.0299367755651474,0.03646332025527954,0.029123583808541298,0.09715715050697327,0.13633757829666138,0.23734711110591888,0.2429732084274292,0.32368889451026917,000011.tdms,10,100.0
13.892308235168457,833.5384941101074,0.0,0.1988760768572307,7.671210289001465,0.19887608289718628,35.30704862187566,-1.9320860550116736,38.572815847068824,54.53429596998743,1.4138012683907166,66.7220955190145,0.018786313012242317,0.017968999221920967,0.01460963487625122,0.030208352953195572,0.02791341207921505,0.017968999221920967,0.019676581025123596,0.017817240208387375,0.02214859612286091,0.018468940630555153,0.01953313872218132,0.0338105633854866,0.017817240208387375,0.028996853157877922,0.019467858597636223,0.02419484220445156,0.019505638629198074,0.060175806283950806,0.05403682589530945,0.0883391797542572,0.12829157710075378,0.14553096890449524,0.25237243713676044,8.04829216003418,0.2523724436759949,23.03680334231016,-1.3962113052480651,31.890535477425438,43.22428241128471,1.3553953160141248,52.02641019425357,0.024806395173072815,0.029102852568030357,0.0198279470205307,0.03707811236381531,0.03246179223060608,0.029102852568030357,0.041794344782829285,0.03275732696056366,0.020969707518815994,0.04735994338989258,0.03891203925013542,0.039050616323947906,0.022999024018645287,0.03433814272284508,0.028392765671014786,0.041794344782829285,0.039282266050577164,0.08433518558740616,0.11927550286054611,0.17326556146144867,0.19545048475265503,0.25352227687835693,0.22370042570051887,11.00930404663086,0.2237004190683365,115.73679613051765,-5.561163325376073,49.21449752344089,82.2135724711535,1.670515327968047,103.72668931617393,0.026333041489124298,0.020480558276176453,0.01698385179042816,0.054473623633384705,0.04708542302250862,0.020480558276176453,0.02625376358628273,0.02253985032439232,0.01939086616039276,0.02582867629826069,0.02626092918217182,0.06513513624668121,0.02253985032439232,0.06054478511214256,0.030542656779289246,0.04260065406560898,0.026023315265774727,0.12513461709022522,0.11774890124797821,0.2216465175151825,0.19473674893379211,0.2556179463863373,0.26251202964466297,10.42590045928955,0.2625120282173157,61.360843248848084,-3.2701388784974137,39.71589596637563,59.40079620986987,1.4956428594777242,73.0148200909516,0.026667194440960884,0.0235823392868042,0.01952536217868328,0.05014317110180855,0.04584919288754463,0.0235823392868042,0.02942659705877304,0.02409466542303562,0.023062031716108322,0.047703035175800323,0.03162509202957153,0.05913063883781433,0.02409466542303562,0.06118650734424591,0.0290240328758955,0.043194230645895004,0.026833856478333473,0.11713491380214691,0.13097356259822845,0.23734210431575775,0.22940050065517426,0.29874587059020996,000012.tdms,11,110.0
13.892308235168457,833.5384941101074,0.08821376413106918,0.19036485595440075,7.180880069732666,0.19036485254764557,27.577509705262575,-1.507920960298715,37.72166891693888,52.18869515890184,1.3835203122592106,63.58631027068008,0.01727852039039135,0.01765572465956211,0.01435068342834711,0.018703920766711235,0.01978003792464733,0.01765572465956211,0.018833564594388008,0.01674894616007805,0.019427627325057983,0.01793842390179634,0.018953537568449974,0.023105213418602943,0.01674894616007805,0.02790437638759613,0.019834956154227257,0.02159995399415493,0.016292866319417953,0.052223362028598785,0.04759606346487999,0.07596288621425629,0.12028981745243073,0.12837526202201843,0.24335543444092914,7.939279556274414,0.24335543811321259,18.72170200438808,-1.1064104974612259,32.62421311656204,43.509106806424924,1.3336446353808622,52.20880816775228,0.026265982538461685,0.03261290118098259,0.019657524302601814,0.02948165126144886,0.02802298776805401,0.03261290118098259,0.038433533161878586,0.03427284210920334,0.02296927012503147,0.05170745402574539,0.03961643949151039,0.03129972517490387,0.02651534602046013,0.02690749615430832,0.026913752779364586,0.038433533161878586,0.03534479811787605,0.09317182004451752,0.10771026462316513,0.16548104584217072,0.18406346440315247,0.23488323390483856,0.20665017630527802,10.511123657226562,0.20665018260478973,104.2568595718325,-4.97979044379933,50.864334331362,81.44306780968827,1.6011822209078237,101.83528269969933,0.022013932466506958,0.020653007552027702,0.015598258003592491,0.03702198714017868,0.03153403848409653,0.020653007552027702,0.025194179266691208,0.02220587059855461,0.017585238441824913,0.023635035380721092,0.02538970671594143,0.047160979360342026,0.02220587059855461,0.04713575541973114,0.025241687893867493,0.03741561248898506,0.0227462537586689,0.10885873436927795,0.09376601874828339,0.17517492175102234,0.16450874507427216,0.20416973531246185,0.24842214356951414,10.295891761779785,0.24842214584350586,51.818151787763725,-2.779095074213817,41.44514500133021,60.083850963273875,1.4497198878504454,73.42354995545868,0.027993589639663696,0.027615053579211235,0.019184930250048637,0.035446662455797195,0.03236594796180725,0.027615053579211235,0.02991676516830921,0.02489410527050495,0.023080283775925636,0.04513400048017502,0.02737371250987053,0.043860457837581635,0.02489410527050495,0.043684978038072586,0.02622510865330696,0.03920919448137283,0.02432546392083168,0.1080743670463562,0.11651463806629181,0.2024698406457901,0.2060467004776001,0.26410773396492004,000013.tdms,12,120.0
13.99598217010498,839.7589302062988,0.014581725001335144,0.192963947205486,9.443756103515625,0.19296394288539886,48.35808486236259,-2.591928243304712,48.94052096404844,70.43283761232406,1.4391517749486935,86.22887262113919,0.019653258845210075,0.017426354810595512,0.014073653146624565,0.02931942045688629,0.02943217195570469,0.017426354810595512,0.017852317541837692,0.019514089450240135,0.022667640820145607,0.018121952190995216,0.01924637332558632,0.0366705060005188,0.019200189039111137,0.04004468768835068,0.020231883972883224,0.0290298480540514,0.020949319005012512,0.06972495466470718,0.05629011243581772,0.09732162952423096,0.11813236027956009,0.14226378500461578,0.24516754089136283,9.81438159942627,0.245167538523674,31.767658693105187,-1.8937855015830785,40.03132536935287,55.19484274256603,1.378791289903732,66.59363892559148,0.023681385442614555,0.026849107816815376,0.019045380875468254,0.03575871139764786,0.036641258746385574,0.026849107816815376,0.039348043501377106,0.03194604441523552,0.023258425295352936,0.04362296685576439,0.029926948249340057,0.04286036267876625,0.024537917226552963,0.04742711782455444,0.025895731523633003,0.039348043501377106,0.032553043216466904,0.08446668088436127,0.11257190257310867,0.17949020862579346,0.18784838914871216,0.24889741837978363,0.22465750966320533,12.66538143157959,0.22465750575065613,138.9933791945311,-6.580658931820795,56.376399126683374,98.41086183670079,1.7456038938485907,124.98249092870087,0.03004787676036358,0.024586200714111328,0.017339466139674187,0.05261993780732155,0.04585781320929527,0.024586200714111328,0.027335697785019875,0.03209022432565689,0.018491648137569427,0.025943724438548088,0.028151575475931168,0.07371257245540619,0.025754716247320175,0.07390263676643372,0.032582178711891174,0.05697290971875191,0.0293488260358572,0.1422126740217209,0.13019484281539917,0.26029735803604126,0.20526593923568726,0.2670856714248657,0.25931000009978883,12.500560760498047,0.2593100070953369,78.00097196363662,-4.062145274767124,48.207013827802726,74.38407863854448,1.5430136142480682,91.81422528721896,0.02830132469534874,0.028814857825636864,0.019174011424183846,0.0506063811480999,0.046904098242521286,0.028814857825636864,0.02896285243332386,0.029334863647818565,0.020607493817806244,0.040132202208042145,0.03296458721160889,0.06439103186130524,0.024770330637693405,0.0681815966963768,0.03213346749544144,0.04870042949914932,0.031612131744623184,0.13290955126285553,0.13788457214832306,0.2664306163787842,0.22526752948760986,0.30611923336982727,000014.tdms,13,130.0
13.934426307678223,836.0655784606934,0.07640725374221802,0.1949741962214529,8.019573211669922,0.19497419893741608,58.70843562986387,-3.03323683671705,41.13145927557122,60.296400664691234,1.465943628712985,74.01470737295692,0.022199902683496475,0.01839490607380867,0.01362565252929926,0.03206875920295715,0.029106713831424713,0.01839490607380867,0.01946229673922062,0.019005535170435905,0.025181042030453682,0.018429774791002274,0.021395733579993248,0.034503158181905746,0.019005535170435905,0.040353454649448395,0.021658578887581825,0.026673676446080208,0.021990641951560974,0.07478775084018707,0.06343840807676315,0.11442933231592178,0.12891271710395813,0.1529703587293625,0.24641040834777517,8.536309242248535,0.24641041457653046,38.10486806447822,-2.187877371249264,34.64264882107042,48.41884665235727,1.3976658338812664,58.54218779854464,0.0273754820227623,0.02695944532752037,0.0182840283960104,0.037371519953012466,0.03719647228717804,0.02695944532752037,0.02943091280758381,0.033939942717552185,0.02207719348371029,0.040678054094314575,0.03378291800618172,0.04241175577044487,0.027787625789642334,0.04826410859823227,0.030400993302464485,0.031939513981342316,0.030718239024281502,0.104386106133461,0.11778907477855682,0.1997939944267273,0.1956261247396469,0.2606040835380554,0.2323237700937051,9.999935150146484,0.2323237657546997,146.28824683138572,-6.905499206931097,43.04309949047885,77.28389719883938,1.7955002802698865,98.75365304535748,0.03435344621539116,0.02452099695801735,0.017388461157679558,0.057797256857156754,0.050978124141693115,0.02452099695801735,0.029444165527820587,0.026766395196318626,0.022663045674562454,0.027429377660155296,0.03155884891748428,0.06788881123065948,0.026766395196318626,0.0747385025024414,0.031227651983499527,0.04933344945311546,0.03654032573103905,0.15647202730178833,0.14925776422023773,0.31457674503326416,0.24021205306053162,0.3043132424354553,0.2643673801451291,10.000741958618164,0.26436737179756165,84.66705822117184,-4.363718725570901,37.82895587620561,59.65678663088946,1.57701383104823,73.9329177368195,0.03240779787302017,0.03320789709687233,0.019471649080514908,0.05130187049508095,0.048113107681274414,0.03320789709687233,0.028088074177503586,0.028718315064907074,0.023405330255627632,0.0347023569047451,0.03181018307805061,0.062139544636011124,0.028718315064907074,0.06817295402288437,0.03210373595356941,0.04587633162736893,0.034313805401325226,0.15151070058345795,0.16013890504837036,0.3117001950740814,0.2564103305339813,0.3367537558078766,000015.tdms,14,140.0
13.94088077545166,836.4528465270996,0.04260875657200813,0.2472128249769847,8.356051445007324,0.24721282720565796,25.847362571498287,-1.4218289849222197,33.80104347654805,48.078413155922554,1.422394346768628,58.786184862913196,0.025259338319301605,0.019839905202388763,0.02340143360197544,0.033399101346731186,0.026832610368728638,0.020640619099140167,0.027142686769366264,0.02457999996840954,0.02126866579055786,0.02522410824894905,0.028990065678954124,0.09531054645776749,0.02457999996840954,0.04055672511458397,0.02500832825899124,0.03251432627439499,0.02699369564652443,0.07013767957687378,0.11764717102050781,0.16231033205986023,0.1703493595123291,0.21989837288856506,0.43269779668489017,9.34592056274414,0.4326978027820587,6.673085262979442,-0.41356237441659316,21.599186855925353,27.84135958021654,1.2890003575564586,33.13115493288009,0.12145962566137314,0.03400528430938721,0.032900892198085785,0.23559986054897308,0.036065563559532166,0.03400528430938721,0.03913731500506401,0.038566797971725464,0.04875127598643303,0.09993864595890045,0.05146421864628792,0.09066419303417206,0.043905679136514664,0.03502923622727394,0.04430851340293884,0.05183461308479309,0.06355134397745132,0.06071924418210983,0.4665517807006836,0.589794397354126,0.6664731502532959,0.8939982056617737,0.25156600546911917,11.7437105178833,0.25156599283218384,105.91415973481618,-5.60372672434265,46.68242235664426,78.11076445083253,1.6732371738142058,98.06380026591188,0.028264062479138374,0.024357518181204796,0.04320744425058365,0.060983672738075256,0.04226740822196007,0.024357518181204796,0.031203096732497215,0.029420873150229454,0.030832163989543915,0.02976536564528942,0.030962174758315086,0.07276497036218643,0.028270762413740158,0.07037008553743362,0.028829004615545273,0.05380555987358093,0.03452698513865471,0.15119752287864685,0.1574823260307312,0.31336522102355957,0.2547897398471832,0.34304845333099365,0.3582495190310394,11.33852767944336,0.3582495152950287,27.143677866824262,-1.8183359861276576,31.6498057278926,43.82722304952149,1.3847548836894465,52.888724732367855,0.04500077664852142,0.03698354586958885,0.03939713537693024,0.0727085992693901,0.04207637533545494,0.03698354586958885,0.03995997831225395,0.03390004485845566,0.034228283911943436,0.07520468533039093,0.038333192467689514,0.09344417601823807,0.03391630947589874,0.05609796196222305,0.032958369702100754,0.04762747883796692,0.05842798575758934,0.10391891747713089,0.29465800523757935,0.4091872572898865,0.40136855840682983,0.57419753074646,000016.tdms,15,150.0
13.78334903717041,827.0009422302246,0.08215706795454025,0.23806760152506853,6.743872165679932,0.2380675971508026,28.437861313510048,-1.7527846723160847,28.327551176550166,39.30823545147829,1.3876326692163228,47.65526864171332,0.022250419482588768,0.031094469130039215,0.01579997129738331,0.031238285824656487,0.03414863720536232,0.031094469130039215,0.025021474808454514,0.022117028012871742,0.019208714365959167,0.023240411654114723,0.024788707494735718,0.03679841384291649,0.020863095298409462,0.03187338262796402,0.02331838756799698,0.027257530018687248,0.02239670231938362,0.058290500193834305,0.08373536914587021,0.13166126608848572,0.16388526558876038,0.21106800436973572,0.4419030288806572,7.8205885887146,0.4419030249118805,6.539408249718086,-0.41066116803147107,17.697522029944427,22.69948186976695,1.2826361697055182,26.942064260260466,0.13512760400772095,0.03243224695324898,0.03244316577911377,0.25102904438972473,0.04164891690015793,0.033334147185087204,0.04431300610303879,0.04456658288836479,0.06234325096011162,0.09566696733236313,0.0472230426967144,0.07898540794849396,0.04456658288836479,0.0363396517932415,0.048852015286684036,0.054758042097091675,0.06847184896469116,0.048892900347709656,0.5252976417541504,0.6081439256668091,0.7323650121688843,0.8549615740776062,0.25770254391268355,9.963438987731934,0.2577025294303894,102.02656635444794,-5.408567228442864,38.66255581515645,64.27582669316007,1.6624826098010503,80.71131259871454,0.027232877910137177,0.051830753684043884,0.019096005707979202,0.05276140570640564,0.04501877725124359,0.051830753684043884,0.03193230181932449,0.02672579698264599,0.023135101422667503,0.03094438463449478,0.03174326941370964,0.0655139908194542,0.026129279285669327,0.055964093655347824,0.0386410653591156,0.04243890941143036,0.030754707753658295,0.13495486974716187,0.158102348446846,0.2950093746185303,0.250005304813385,0.35401594638824463,0.3621594119762187,9.645668983459473,0.36215940117836,27.65767047881845,-1.8179001629000902,26.633765862456332,36.93347454527674,1.3867161983780576,44.588999405538665,0.04806416109204292,0.04614283889532089,0.027355099096894264,0.10149940103292465,0.04542244225740433,0.04614283889532089,0.03933345153927803,0.03334556519985199,0.035579878836870193,0.0932057723402977,0.04190174862742424,0.05696134269237518,0.03334556519985199,0.0507298968732357,0.03833179548382759,0.03853651136159897,0.04398505762219429,0.10212880373001099,0.27037402987480164,0.3876257836818695,0.38541924953460693,0.5568669438362122,000017.tdms,16,160.0
13.99598217010498,839.7589302062988,1.6942834854125977,0.2347543031371232,9.346955299377441,0.2347543090581894,34.552569061393456,-2.0267296261098786,39.815906138758855,55.95966744483643,1.4054601005391258,68.01751014068994,0.023437222465872765,0.023993464186787605,0.01874486170709133,0.03364768251776695,0.0280509814620018,0.023993464186787605,0.02711881697177887,0.026519613340497017,0.033284347504377365,0.030136074870824814,0.042550768703222275,0.04396400600671768,0.026519613340497017,0.033334407955408096,0.02965652197599411,0.04816744476556778,0.023194892331957817,0.060395728796720505,0.08969444036483765,0.1395942121744156,0.15239471197128296,0.20676860213279724,0.4418939242701287,10.241456985473633,0.44189393520355225,7.047285328688978,-0.44831318285291016,23.176279244819522,29.77964057451369,1.2849189578681048,35.349660994743346,0.10595005005598068,0.037705209106206894,0.030858172103762627,0.21745502948760986,0.04743274673819542,0.037705209106206894,0.04742783308029175,0.06834792345762253,0.06855804473161697,0.073977991938591,0.06517412513494492,0.057155828922986984,0.06834792345762253,0.0398283414542675,0.05078335106372833,0.1265638768672943,0.07037599384784698,0.06046374887228012,0.4910506308078766,0.7241106033325195,0.6856892108917236,0.8670085668563843,0.26239374996376386,12.745352745056152,0.2623937427997589,110.25913796806977,-5.633133731222436,48.57338540577382,81.81059241186668,1.6842678707369245,102.88993249981849,0.03803780674934387,0.039173226803541183,0.02732321061193943,0.05857838690280914,0.04536506161093712,0.039173226803541183,0.04403237998485565,0.039254989475011826,0.05778137594461441,0.05435178801417351,0.07535126805305481,0.08102226257324219,0.039254989475011826,0.06025887280702591,0.046245865523815155,0.08828703314065933,0.029807494953274727,0.12640897929668427,0.2054583728313446,0.33111944794654846,0.2674381136894226,0.40277600288391113,0.36347357468399377,12.552971839904785,0.3634735643863678,30.79089353039196,-1.9710547022191869,34.53613333739163,48.29141238287085,1.3982865977236263,58.370060482823334,0.04230618476867676,0.04411560669541359,0.03210862725973129,0.06540106236934662,0.04371592402458191,0.04411560669541359,0.05145006999373436,0.04051917791366577,0.052509605884552,0.08078544586896896,0.06804484874010086,0.07400790601968765,0.043120916932821274,0.047496698796749115,0.052621036767959595,0.07887207716703415,0.037785254418849945,0.09729332476854324,0.27378129959106445,0.39899110794067383,0.3810218572616577,0.5961135625839233,000018.tdms,17,170.0
13.892308235168457,833.5384941101074,1.6318169832229614,0.21478698153863626,6.057512283325195,0.21478697657585144,17.097367076263204,-1.0729305582360633,28.202418228199548,37.97100246089203,1.3463739936643053,45.80175038070268,0.018142275512218475,0.017787737771868706,0.018490131944417953,0.027225064113736153,0.020079640671610832,0.022687716409564018,0.020422417670488358,0.028166815638542175,0.017958227545022964,0.021953191608190536,0.028407089412212372,0.021253572776913643,0.028166815638542175,0.024266831576824188,0.03272053226828575,0.02242644689977169,0.020786795765161514,0.034762103110551834,0.06030421704053879,0.09248761087656021,0.11639285087585449,0.15145623683929443,0.4009689991828097,6.627176284790039,0.400968998670578,4.987188586302188,-0.26047874135889715,16.52790190338026,21.072903135077027,1.2749896059564116,24.998228644398846,0.08585788309574127,0.03154658153653145,0.030134569853544235,0.16260898113250732,0.05313966050744057,0.03154658153653145,0.03871193528175354,0.03930811583995819,0.04276891425251961,0.07130611687898636,0.04679583013057709,0.06730657815933228,0.038462940603494644,0.039958350360393524,0.11779697984457016,0.05485747009515762,0.0541822724044323,0.07354442030191422,0.40251725912094116,0.5564117431640625,0.624312162399292,0.7408216595649719,0.22339763519148376,7.87502908706665,0.2233976423740387,75.56634408345576,-4.11313498856683,35.2511747956357,54.11849466842705,1.5352252792189847,66.81718271559605,0.025661027058959007,0.019798777997493744,0.032303646206855774,0.03655463457107544,0.0323304608464241,0.04077770188450813,0.029174424707889557,0.0490482822060585,0.02390795201063156,0.02564051002264023,0.05138031765818596,0.0393703356385231,0.0490482822060585,0.04307941719889641,0.04772565886378288,0.035372402518987656,0.022942708805203438,0.08103134483098984,0.11189417541027069,0.18309922516345978,0.18968501687049866,0.2360079288482666,0.32608219444297964,8.283975601196289,0.3260821998119354,18.559454071477305,-1.2472913051573937,25.40456284449124,34.12615848258448,1.343308235275713,40.93725698635207,0.04057217761874199,0.029462536796927452,0.03007255494594574,0.07664451748132706,0.030343180522322655,0.03899560496211052,0.03691533952951431,0.04991085082292557,0.03283272311091423,0.05202591046690941,0.04990602284669876,0.0482892245054245,0.04991085082292557,0.04402448982000351,0.05201907828450203,0.037946123629808426,0.045125268399715424,0.0567413754761219,0.18357275426387787,0.27663999795913696,0.28877970576286316,0.4169476628303528,000019.tdms,18,180.0
17.58919906616211,1055.3519439697266,1.4249111413955688,0.21929716750975842,6.378985404968262,0.21929717063903809,16.60219975068796,-1.0424493649849058,29.08831644934222,39.07676814959217,1.3433836302504822,47.09568613189286,0.017606845125555992,0.017971407622098923,0.018392762169241905,0.01689881458878517,0.020882554352283478,0.025357047095894814,0.0217266995459795,0.028000492602586746,0.02063717693090439,0.023659247905015945,0.037164606153964996,0.028294742107391357,0.028000492602586746,0.025257818400859833,0.04618362337350845,0.030009787529706955,0.018485568463802338,0.023407233878970146,0.062328316271305084,0.0926554724574089,0.09827177971601486,0.14161567389965057,0.42214150311621945,7.627379417419434,0.42214149236679077,4.731125287693659,-0.22546694753137347,18.06830022898636,22.975392329919,1.271585707495626,27.2335248847119,0.08257801830768585,0.03282210975885391,0.032141584903001785,0.10177627205848694,0.10573292523622513,0.03634369373321533,0.05581319332122803,0.04164482280611992,0.05248326435685158,0.11256067454814911,0.06973099708557129,0.05626454949378967,0.04164482280611992,0.04366215690970421,0.15116138756275177,0.1877700686454773,0.0536440908908844,0.06354105472564697,0.5164152979850769,0.7266926765441895,0.7405587434768677,0.8256584405899048,0.2268295276538302,9.058632850646973,0.22682952880859375,78.73585745917607,-4.188250548997348,39.935862602824635,61.3563392731522,1.5363719542848318,75.75331542153087,0.026006031781435013,0.026147272437810898,0.03487086296081543,0.0227962713688612,0.03117898851633072,0.04618321359157562,0.03549770265817642,0.06568773835897446,0.037105731666088104,0.042396217584609985,0.07696916162967682,0.05327660217881203,0.06568773835897446,0.04307955503463745,0.056748975068330765,0.06172991916537285,0.022236555814743042,0.04297707974910736,0.14110007882118225,0.18604765832424164,0.19391539692878723,0.26045897603034973,0.33062266965524384,9.068293571472168,0.33062267303466797,19.578674521849887,-1.293111075182032,27.427924349313717,36.85040716552219,1.3435361238497887,44.18872141571314,0.05549096688628197,0.027995357289910316,0.03348279371857643,0.050106145441532135,0.043234869837760925,0.04385970160365105,0.03367791697382927,0.05237281322479248,0.0453522652387619,0.08423247933387756,0.06507757306098938,0.05292075499892235,0.05237281322479248,0.03853338956832886,0.07325362414121628,0.05196608603000641,0.03159725293517113,0.036486659198999405,0.19034439325332642,0.2748402953147888,0.2821025848388672,0.4182854890823364,000020.tdms,19,190.0
13.892308235168457,833.5384941101074,0.0509161502122879,0.2232089711305902,6.476563453674316,0.2232089638710022,18.691492131474824,-1.1519000868365967,29.01569511686495,39.181637778458295,1.350360128221934,47.26303042376382,0.022031372413039207,0.019733469933271408,0.01431107334792614,0.02861868217587471,0.025619685649871826,0.019733469933271408,0.01980765350162983,0.019817935302853584,0.01925733871757984,0.022081198170781136,0.021584583446383476,0.031496550887823105,0.019817935302853584,0.03178899735212326,0.01885155588388443,0.025593211874365807,0.019586579874157906,0.05423974245786667,0.06045224890112877,0.10104857385158539,0.13677410781383514,0.1720959097146988,0.42381116068417024,7.157926082611084,0.4238111674785614,5.186224400671266,-0.26573030296764755,16.889423277706616,21.5308386632242,1.2748119523799293,25.53618300779913,0.11152753233909607,0.02835877798497677,0.03944086655974388,0.2049608826637268,0.036855097860097885,0.02616277150809765,0.056465841829776764,0.037993174046278,0.032820943742990494,0.10067087411880493,0.04073575884103775,0.06184082105755806,0.037993174046278,0.043746478855609894,0.045851320028305054,0.0521337054669857,0.08878935128450394,0.057575687766075134,0.48371535539627075,0.6166634559631348,0.6598210334777832,0.8370437026023865,0.23238095957186763,8.851361274719238,0.2323809564113617,81.73269837173136,-4.346803544726744,38.089873159258595,59.21939892197638,1.5547281734011702,73.27136504118758,0.02702491544187069,0.024181583896279335,0.017363134771585464,0.05721479281783104,0.04531286284327507,0.024181583896279335,0.025177091360092163,0.025775006040930748,0.018694425001740456,0.025428691878914833,0.02236403152346611,0.059386640787124634,0.02439136430621147,0.057446978986263275,0.03011867217719555,0.04320467263460159,0.023432070389389992,0.1183011531829834,0.10466103255748749,0.2046990841627121,0.18900200724601746,0.2542620301246643,0.3397979595861475,9.16003704071045,0.3397979736328125,19.96547530317989,-1.323315947448605,26.957304428392675,36.364929641704215,1.3489824154451806,43.64991351732165,0.042866259813308716,0.03026508539915085,0.02789592556655407,0.09061634540557861,0.0440019890666008,0.0298178568482399,0.040870536118745804,0.03353981301188469,0.030058570206165314,0.08381956815719604,0.03127649798989296,0.05066688731312752,0.0351245254278183,0.051518455147743225,0.043406400829553604,0.04262637719511986,0.04709869995713234,0.09337752312421799,0.20482578873634338,0.3118820786476135,0.3465571701526642,0.4760109782218933,000021.tdms,20,200.0
13.94088077545166,836.4528465270996,0.08678637444972992,0.19014266464740667,6.779666423797607,0.1901426613330841,30.21751966466402,-1.7378295310436196,35.65568220246394,49.76971929583136,1.3958425760366489,60.69958040604222,0.018575889989733696,0.015791693702340126,0.013172626495361328,0.027535313740372658,0.02541552297770977,0.015791693702340126,0.016856402158737183,0.019081609323620796,0.023179328069090843,0.01847822032868862,0.01767018623650074,0.024207960814237595,0.019081609323620796,0.029048865661025047,0.020289888605475426,0.021660499274730682,0.020727628841996193,0.0520881712436676,0.049859419465065,0.08332504332065582,0.11764165014028549,0.1321151703596115,0.26022088161588164,7.092337608337402,0.26022088527679443,15.857980662497472,-1.0104201708989513,27.255067173304617,36.16025060315363,1.3267349654001708,43.30549318923247,0.02936272881925106,0.02899548038840294,0.022779038175940514,0.029909847304224968,0.03481652960181236,0.02899548038840294,0.03786879777908325,0.038640059530735016,0.025423366576433182,0.05662554129958153,0.03629019483923912,0.038561176508665085,0.02989690937101841,0.03342871367931366,0.028330624103546143,0.03786879777908325,0.04321851581335068,0.08234216272830963,0.14563438296318054,0.21377210319042206,0.22697946429252625,0.29185110330581665,0.21606203067089658,9.065568923950195,0.2160620242357254,99.40654009198113,-5.00173960699937,41.95817699111962,67.09707315254762,1.5991417636364087,83.6326217237416,0.028894711285829544,0.018679888918995857,0.016021305695176125,0.04737820103764534,0.035501234233379364,0.018679888918995857,0.02357005700469017,0.024214360862970352,0.019788360223174095,0.024682138115167618,0.025067755952477455,0.050271760672330856,0.024214360862970352,0.05229642987251282,0.02560226432979107,0.03811313584446907,0.028244035318493843,0.11301368474960327,0.10666117817163467,0.19806228578090668,0.17794831097126007,0.22862407565116882,0.2652280309533602,8.6766939163208,0.2652280330657959,44.53181407740391,-2.561521492763624,32.71409090936764,46.83494372846751,1.4316443595581125,56.9810109817207,0.02627469412982464,0.03042573481798172,0.018200300633907318,0.04243423044681549,0.03630536049604416,0.03042573481798172,0.033075928688049316,0.029444081708788872,0.02403084747493267,0.04348354414105415,0.0345352366566658,0.050169531255960464,0.02729176916182041,0.054688796401023865,0.02995499223470688,0.034838609397411346,0.03087729774415493,0.11012909561395645,0.14653056859970093,0.23462450504302979,0.2280212640762329,0.30070918798446655,000022.tdms,21,210.0
13.921815872192383,835.308952331543,0.06127578392624855,0.20411657433310598,9.682755470275879,0.2041165679693222,44.397674715030526,-2.37029850979349,47.43737984978233,67.9406863465718,1.4322183594818325,83.27849988181559,0.018050197511911392,0.016635572537779808,0.028250956907868385,0.029857827350497246,0.02954806201159954,0.016788853332400322,0.01983492076396942,0.018641434609889984,0.02236139215528965,0.020469585433602333,0.02156277559697628,0.031295571476221085,0.018641434609889984,0.03143615648150444,0.02183433435857296,0.025318702682852745,0.020704470574855804,0.06185244023799896,0.06451396644115448,0.1098593920469284,0.13940198719501495,0.1705838441848755,0.26407126801509967,10.881072998046875,0.2640712559223175,27.324085614515813,-1.6230062949500903,41.20506210249535,56.20761031745885,1.3640947847049831,67.71241486296104,0.026944216340780258,0.029851850122213364,0.03388644754886627,0.02886389009654522,0.03604336455464363,0.029851850122213364,0.03582433611154556,0.03493281453847885,0.028497768566012383,0.05267729610204697,0.04207068681716919,0.03859042003750801,0.030637502670288086,0.037998393177986145,0.03151598945260048,0.03582433611154556,0.03455325588583946,0.10300558060407639,0.14642280340194702,0.22151805460453033,0.22471505403518677,0.30562031269073486,0.23588946118673818,13.684675216674805,0.2358894646167755,122.67502191921662,-5.902559855009029,58.01308438210195,97.75353748154008,1.68502568899265,123.3186046518882,0.029828699305653572,0.023183517158031464,0.049640506505966187,0.05056513473391533,0.04758813977241516,0.023183517158031464,0.025858694687485695,0.02553885243833065,0.0249247457832098,0.02668774500489235,0.03046724759042263,0.06003301218152046,0.02553885243833065,0.058574143797159195,0.027594581246376038,0.03973003476858139,0.026269469410181046,0.12718653678894043,0.14376336336135864,0.26746708154678345,0.22504472732543945,0.31172752380371094,0.27726858759264944,13.338616371154785,0.27726858854293823,63.58736206961623,-3.407411668615189,48.107203513263755,72.03301124972378,1.4973435574957787,88.46802469282301,0.030542846769094467,0.030419740825891495,0.04871002212166786,0.047475557774305344,0.044661037623882294,0.030419740825891495,0.031546637415885925,0.02783634513616562,0.024914469569921494,0.04458709433674812,0.03538959100842476,0.053914736956357956,0.02783634513616562,0.054819170385599136,0.03100254200398922,0.03565496206283569,0.0314897783100605,0.12613096833229065,0.1608273684978485,0.2844642996788025,0.25819265842437744,0.36644989252090454,000023.tdms,22,220.0
13.892308235168457,833.5384941101074,0.06804612278938293,0.21072545696663375,7.454639911651611,0.21072545647621155,50.60768952539941,-2.6910073357744415,35.376076621022484,51.8601880877743,1.4659677680864138,63.87044450425586,0.022498799487948418,0.020860109478235245,0.015189116820693016,0.03570643439888954,0.03348873183131218,0.020860109478235245,0.020441533997654915,0.0180957168340683,0.020712170749902725,0.02262120135128498,0.021039558574557304,0.04155174270272255,0.01776675134897232,0.03596652299165726,0.022822679951786995,0.03143663704395294,0.02011517807841301,0.07724462449550629,0.071238212287426,0.12723979353904724,0.1601613163948059,0.18009544909000397,0.2688808333395036,8.27705192565918,0.26888084411621094,31.93736655817752,-1.8947544232658697,30.78334674457113,42.81864884923979,1.3909679543466527,51.798880764056136,0.02748209238052368,0.028470324352383614,0.021744923666119576,0.03772663325071335,0.036269500851631165,0.028470324352383614,0.042700231075286865,0.030928054824471474,0.03104148805141449,0.04711715877056122,0.03961562737822533,0.04709811881184578,0.026609255000948906,0.04565558582544327,0.02988787367939949,0.042700231075286865,0.03287230059504509,0.09073060750961304,0.1467403769493103,0.22470054030418396,0.24070481956005096,0.3082295060157776,0.2505548102535047,10.283942222595215,0.25055480003356934,130.92945655164684,-6.311410136841739,41.044680851228506,72.04826270384892,1.7553617474818894,91.68893113984532,0.031724218279123306,0.027319584041833878,0.01961759477853775,0.064876027405262,0.0538225993514061,0.027319584041833878,0.030653126537799835,0.025794196873903275,0.02489684708416462,0.03046860732138157,0.02780175767838955,0.07838992774486542,0.024169525131583214,0.06869377940893173,0.034636300057172775,0.055102940648794174,0.029679421335458755,0.15734747052192688,0.1644715517759323,0.33169034123420715,0.26752471923828125,0.3441155254840851,0.28978769732036913,9.87300968170166,0.2897877097129822,70.43678055394373,-3.7338171405512757,34.06980273143461,52.51335104209721,1.5413459084588594,64.86616630158031,0.033074844628572464,0.02840658277273178,0.020343542098999023,0.059284526854753494,0.0530235692858696,0.02840658277273178,0.036856357008218765,0.027430422604084015,0.0283033587038517,0.04975638911128044,0.034991756081581116,0.07553527504205704,0.027430422604084015,0.06400389969348907,0.036295872181653976,0.05851958319544792,0.03274374082684517,0.14215508103370667,0.19044044613838196,0.34132009744644165,0.3070526123046875,0.3903658986091614,000024.tdms,23,230.0
13.886210441589355,833.1726264953613,0.06993526220321655,0.20279307939566263,7.414530277252197,0.20279309153556824,42.877035613096666,-2.4047546643104876,36.562047873369295,52.511949306274,1.4362420148933215,64.40248601022033,0.020549913868308067,0.01876688562333584,0.01384046021848917,0.03672999516129494,0.02815982699394226,0.01876688562333584,0.01889903098344803,0.0196036696434021,0.02315632253885269,0.022515922784805298,0.019762735813856125,0.03496239706873894,0.017443429678678513,0.03277042880654335,0.020784981548786163,0.03210807219147682,0.01719985343515873,0.07102237641811371,0.06137749180197716,0.10436208546161652,0.1423121690750122,0.1599431037902832,0.26327824350332724,7.581584930419922,0.2632782459259033,26.583745925641367,-1.6428883320966723,28.79685320570026,39.31391687085697,1.3652157265251084,47.35764696894346,0.027693139389157295,0.03567662090063095,0.020995110273361206,0.04065467044711113,0.0341983288526535,0.03567662090063095,0.04169068858027458,0.03231705352663994,0.023942647501826286,0.05245188996195793,0.04075159505009651,0.04350791871547699,0.02722068876028061,0.03864666819572449,0.03216392174363136,0.04169068858027458,0.03741906210780144,0.10541236400604248,0.14513908326625824,0.21971702575683594,0.224914088845253,0.2909911870956421,0.23587873781827887,9.112838745117188,0.23587873578071594,124.4729917059928,-6.098372444371622,38.63357430773487,65.49665851000391,1.6953300253373333,82.66677672101108,0.025899440050125122,0.025224808603525162,0.017880208790302277,0.0615597628057003,0.047272663563489914,0.025224808603525162,0.026600487530231476,0.027597788721323013,0.022608747705817223,0.027579136192798615,0.028075959533452988,0.0623667873442173,0.022211628034710884,0.06398846209049225,0.031946033239364624,0.055238060653209686,0.024722812697291374,0.14599169790744781,0.13789957761764526,0.26809653639793396,0.2224014401435852,0.2867247462272644,0.278646726101785,9.081202507019043,0.2786467373371124,63.453009807355535,-3.4781469518556243,32.590379345429064,48.86446349324253,1.4993524001461485,59.99575587225656,0.03406715393066406,0.029018113389611244,0.01983669586479664,0.056224606931209564,0.05183742567896843,0.029018113389611244,0.039829593151807785,0.030595626682043076,0.025285860523581505,0.05073148012161255,0.031251948326826096,0.05490732565522194,0.027241211384534836,0.062203846871852875,0.032903220504522324,0.04978558421134949,0.03023902326822281,0.13874533772468567,0.16356757283210754,0.2854361832141876,0.2678780257701874,0.34189045429229736,000025.tdms,24,240.0
13.977334976196289,838.6400985717773,0.04812213405966759,0.20342175191290554,7.951937675476074,0.20342175662517548,49.09781547423112,-2.651797405073554,39.09089170995182,56.8007999970197,1.453044366919859,69.83062042256192,0.0201983954757452,0.016055194661021233,0.03239980340003967,0.037595346570014954,0.03342178091406822,0.016885897144675255,0.01773269847035408,0.017831915989518166,0.02206769399344921,0.021514572203159332,0.023267075419425964,0.03222353756427765,0.01760782115161419,0.04233430698513985,0.020840540528297424,0.0286731980741024,0.01972223073244095,0.0658039078116417,0.06658996641635895,0.12198412418365479,0.14471298456192017,0.17984028160572052,0.2579527675638432,8.614846229553223,0.2579527795314789,32.88230324419437,-1.9464874081329087,33.39699089454837,46.29391610791056,1.3861702766600885,55.934502009670034,0.029618609696626663,0.03592987731099129,0.031395696103572845,0.046334195882081985,0.03762631118297577,0.03592987731099129,0.040252555161714554,0.027287602424621582,0.027659617364406586,0.050173163414001465,0.037989553064107895,0.04130632057785988,0.02574988082051277,0.04583939164876938,0.02759738825261593,0.040252555161714554,0.039499107748270035,0.07835865020751953,0.13848695158958435,0.22369450330734253,0.22883282601833344,0.3032897114753723,0.2393752529974614,10.840091705322266,0.2393752485513687,134.96232901932714,-6.49490228978119,45.28493054140908,78.97162556224436,1.7438831111826871,100.36773500629906,0.03078595921397209,0.02284136228263378,0.05580318346619606,0.06481997668743134,0.05502498894929886,0.02284136228263378,0.027884170413017273,0.026645364239811897,0.03355928882956505,0.03162529692053795,0.03421637415885925,0.0696820616722107,0.023435477167367935,0.07496708631515503,0.03241642564535141,0.051370926201343536,0.026666412129998207,0.13866640627384186,0.16153420507907867,0.32396042346954346,0.2595271170139313,0.35456985235214233,0.27910643533947,10.81813907623291,0.2791064381599426,71.7324794433863,-3.839434465887911,38.75990556461045,59.38773956966216,1.5321951564269511,73.25555596863516,0.03434823080897331,0.02448207326233387,0.05290237441658974,0.05743979662656784,0.04945315420627594,0.026407286524772644,0.032970819622278214,0.027425317093729973,0.03584720939397812,0.05142039433121681,0.034238412976264954,0.061640895903110504,0.027425317093729973,0.07453379780054092,0.03625232353806496,0.04749232530593872,0.035517238080501556,0.12350909411907196,0.18447203934192657,0.33065328001976013,0.3018704652786255,0.4006030261516571,000026.tdms,25,250.0
13.734349250793457,824.0609550476074,0.07725892961025238,0.20306202022170583,7.8514556884765625,0.2030620127916336,49.62471337219128,-2.7396929837773922,38.66530865744485,56.2153513444309,1.453896355579897,69.12465438639184,0.020243588835000992,0.017187977209687233,0.022658556699752808,0.0327744260430336,0.026606056839227676,0.017187977209687233,0.023070907220244408,0.02130861021578312,0.02445649355649948,0.023081304505467415,0.021047318354249,0.03880661353468895,0.02130861021578312,0.03457076847553253,0.021258613094687462,0.029164250940084457,0.02176087535917759,0.07169090956449509,0.06803300976753235,0.11705803126096725,0.14809349179267883,0.17710340023040771,0.2558653881735026,8.7952299118042,0.2558653950691223,33.526163657141346,-2.024232683426128,34.37444186800344,47.70042757108156,1.3876713330866404,57.65038503771587,0.025452351197600365,0.030047427862882614,0.02427680604159832,0.039351169019937515,0.03477749601006508,0.030047427862882614,0.04075231775641441,0.028887765482068062,0.028082402423024178,0.05311333015561104,0.03462795913219452,0.038746923208236694,0.02872540056705475,0.041458580642938614,0.028802143409848213,0.04075231775641441,0.031585801392793655,0.10638877749443054,0.13211537897586823,0.2113623172044754,0.22118134796619415,0.2914479970932007,0.2378244320461365,10.92602825164795,0.2378244251012802,135.0667833378852,-6.612504844367182,45.9415719303741,80.13859280319963,1.7443589636996353,101.83550576864978,0.029198069125413895,0.024095019325613976,0.03730886057019234,0.05951078236103058,0.04263031482696533,0.024095019325613976,0.0297281201928854,0.028578922152519226,0.023662971332669258,0.03293958306312561,0.029539640992879868,0.07360856980085373,0.028578922152519226,0.06413226574659348,0.033059898763895035,0.05235036462545395,0.029651381075382233,0.14650142192840576,0.15628215670585632,0.29724258184432983,0.24760283529758453,0.32299962639808655,0.27558307821951994,10.596805572509766,0.27558308839797974,73.61367946619076,-4.00237099963802,38.45230861406054,59.1487170990579,1.5382357842990335,73.0452373963979,0.029602916911244392,0.028211234137415886,0.03631077706813812,0.05206302925944328,0.04354044795036316,0.028211234137415886,0.035502851009368896,0.030264494940638542,0.02689652517437935,0.04202570766210556,0.037323616445064545,0.06642203778028488,0.030264494940638542,0.05742465704679489,0.03165987506508827,0.050490859895944595,0.02912544645369053,0.14486092329025269,0.175184965133667,0.30737924575805664,0.27994847297668457,0.3682560324668884,000027.tdms,26,260.0
13.934426307678223,836.0655784606934,0.1137235090136528,0.2303307249267819,7.337027549743652,0.2303307205438614,26.55119699090045,-1.6113982356238052,31.854315363597127,43.73739102395841,1.3730444533094932,52.88216380801295,0.020767763257026672,0.01820131205022335,0.01699511706829071,0.030237242579460144,0.026210132986307144,0.01891549862921238,0.024547897279262543,0.022628353908658028,0.01893317513167858,0.02263755165040493,0.02233850583434105,0.03364744782447815,0.02085241489112377,0.031061170622706413,0.024964408949017525,0.029548080638051033,0.023686492815613747,0.06073963642120361,0.0715695172548294,0.12266653031110764,0.1472093015909195,0.18604320287704468,0.45343385233552247,9.160639762878418,0.4534338414669037,5.644279120305284,-0.33285187087783247,20.202813962156316,25.771349371910475,1.275631672903838,30.543779307927824,0.1319168210029602,0.03585587814450264,0.027527986094355583,0.2364385724067688,0.03662702813744545,0.031231289729475975,0.05121145397424698,0.03997782617807388,0.06993117183446884,0.10231639444828033,0.05740106850862503,0.09981340914964676,0.03997782617807388,0.03684264421463013,0.05917449668049812,0.05118382349610329,0.09275846928358078,0.06158424913883209,0.5289494395256042,0.6358935832977295,0.8599296808242798,0.9315613508224487,0.2469902134903468,11.063491821289062,0.24699021875858307,101.87768614022839,-5.269606147072697,44.79323963870925,72.70268593958924,1.6230727343230902,90.6358371260606,0.03197762742638588,0.02583618089556694,0.018219253048300743,0.05074650049209595,0.03900329768657684,0.02583618089556694,0.024899467825889587,0.02448282390832901,0.02036147378385067,0.02780277281999588,0.027608446776866913,0.061061274260282516,0.028299175202846527,0.05589890852570534,0.029551345854997635,0.045397672802209854,0.027513712644577026,0.14734582602977753,0.13151641190052032,0.2607414424419403,0.22546306252479553,0.30323484539985657,0.3535203459197901,11.307112693786621,0.35352033376693726,25.885850940888464,-1.7075388949269594,31.984333643846576,43.85853553933964,1.3712505637202022,52.78303840449287,0.056951750069856644,0.032773636281490326,0.02570187859237194,0.11389419436454773,0.04164668172597885,0.032773636281490326,0.03610129654407501,0.034291528165340424,0.03416683152318001,0.07800246775150299,0.03762539476156235,0.060125015676021576,0.034291528165340424,0.05584990605711937,0.036571331322193146,0.03833032771945,0.04764065518975258,0.11308100074529648,0.23252564668655396,0.3601999878883362,0.3726998567581177,0.5143953561782837,000028.tdms,27,270.0
17.5535945892334,1053.215675354004,1.8155238628387451,0.22706867270580566,7.036503314971924,0.2270686775445938,23.79172683274708,-1.5401160318597436,30.988437247301597,42.531107552029056,1.3724831366167898,51.474998991018495,0.02617589756846428,0.02270212024450302,0.02452615275979042,0.020557362586259842,0.0210732314735651,0.025504322722554207,0.025688515976071358,0.034374065697193146,0.031631942838430405,0.030350923538208008,0.038293659687042236,0.04328617453575134,0.034374065697193146,0.02839411422610283,0.03614407405257225,0.041119590401649475,0.02195916324853897,0.033219996839761734,0.0786406472325325,0.11988233029842377,0.12990033626556396,0.18138357996940613,0.4407985352294958,8.148788452148438,0.4407985210418701,5.467869033202919,-0.33222070516905067,18.48642361732414,23.60233223125572,1.276738687797748,27.99156887262981,0.08394044637680054,0.030923156067728996,0.03287062421441078,0.11855582147836685,0.07425320148468018,0.031574372202157974,0.05221494287252426,0.05150146037340164,0.056949034333229065,0.0880560353398323,0.061093904078006744,0.04738334193825722,0.05675393342971802,0.04039726406335831,0.13392400741577148,0.14960618317127228,0.06679027527570724,0.09148161858320236,0.5326781868934631,0.7527657747268677,0.8949226140975952,0.8766143321990967,0.24688535107267479,9.81137466430664,0.24688534438610077,92.20350461563501,-5.047668938679852,39.74061086118674,63.933270089166506,1.6087641509206867,79.62820523528374,0.04759883135557175,0.034865524619817734,0.03953840956091881,0.031742386519908905,0.035020843148231506,0.041931990534067154,0.04553842544555664,0.06586968898773193,0.05415532737970352,0.05539492890238762,0.07091858983039856,0.08047652244567871,0.06586968898773193,0.05012426897883415,0.06017858907580376,0.0813407450914383,0.02806306816637516,0.07713603228330612,0.18956854939460754,0.28352147340774536,0.2614687979221344,0.34817326068878174,0.35304130431623776,9.820332527160645,0.35304129123687744,23.477906138161025,-1.62259271707125,27.81638410888051,37.993214354317885,1.3658574099927092,45.70508450571354,0.04435606300830841,0.038635943084955215,0.03687993809580803,0.05245671421289444,0.04314139485359192,0.04207367077469826,0.0444503016769886,0.06289344280958176,0.054637324064970016,0.07160419970750809,0.06368345767259598,0.07225824147462845,0.06289344280958176,0.04524362459778786,0.05210024118423462,0.06624346226453781,0.03956305980682373,0.05899084359407425,0.25441861152648926,0.3545452356338501,0.36702045798301697,0.5292412042617798,000029.tdms,28,280.0
17.520896911621094,1051.2538146972656,1.8212671279907227,0.23294646102131372,6.9535112380981445,0.2329464554786682,29.17522962036653,-1.7604048773229009,29.850254893814096,41.245231617503755,1.3817380040547342,49.940405699040305,0.020944179967045784,0.022994931787252426,0.021685956045985222,0.022969422861933708,0.02681436762213707,0.022994931787252426,0.02179371565580368,0.03172048181295395,0.01919674128293991,0.02750382199883461,0.034018032252788544,0.026285801082849503,0.03172048181295395,0.025319760665297508,0.03517856076359749,0.03285108879208565,0.0194541048258543,0.03928714990615845,0.07381010800600052,0.1148812398314476,0.12403719872236252,0.17607977986335754,0.4496507640516962,8.265233039855957,0.44965076446533203,6.259357900681195,-0.37970931309779266,18.38145000662271,23.566356578555144,1.2820727728261019,27.991897173424054,0.09720093011856079,0.03354431688785553,0.04125047102570534,0.14058366417884827,0.06809501349925995,0.0353865809738636,0.04635708034038544,0.05197038874030113,0.052458252757787704,0.10794906318187714,0.08432389795780182,0.049667831510305405,0.0628494918346405,0.04012037813663483,0.14259859919548035,0.12257374078035355,0.07902468740940094,0.08269982784986496,0.5629498958587646,0.7677047252655029,0.7867046594619751,0.9823545813560486,0.25605505820334085,10.59997272491455,0.2560550570487976,100.04371520963429,-5.2298077793808275,41.397240106449296,67.40028019331179,1.6281346297482149,84.12266845319449,0.029417451471090317,0.03302185609936714,0.03607223182916641,0.03823455795645714,0.03787583112716675,0.03840135410428047,0.03883500397205353,0.06225907430052757,0.04257061332464218,0.040670908987522125,0.06690610945224762,0.057686686515808105,0.06225907430052757,0.05011674016714096,0.05734173208475113,0.0662854015827179,0.026306353509426117,0.08715715259313583,0.17912276089191437,0.2675080895423889,0.24782609939575195,0.3434416651725769,0.36330434254088784,10.8668794631958,0.36330434679985046,26.575808265403065,-1.7512265220940915,29.91122921128529,41.137716684586216,1.3753268511300518,49.53718397867893,0.04549165442585945,0.03233976289629936,0.03962605446577072,0.05365002527832985,0.04012596234679222,0.03989023342728615,0.036253422498703,0.05140522122383118,0.05501941591501236,0.08960134536027908,0.05784909799695015,0.05941564589738846,0.05140522122383118,0.04504735395312309,0.05927376449108124,0.058677975088357925,0.040516447275877,0.0657719224691391,0.24917101860046387,0.34735894203186035,0.3724208474159241,0.5493826866149902,000030.tdms,29,290.0
13.886210441589355,833.1726264953613,0.0498305968940258,0.23807003478216582,7.2900710105896,0.2380700409412384,31.723221416777587,-1.9185677069989515,30.621539654329105,42.65585695806402,1.3930017053219454,51.721480029218355,0.020949669182300568,0.019251761958003044,0.018389439210295677,0.04044966399669647,0.030515465885400772,0.019251761958003044,0.021832672879099846,0.02316400595009327,0.021615266799926758,0.02564379759132862,0.026834910735487938,0.0392104797065258,0.02316400595009327,0.03776661306619644,0.026187771931290627,0.03030034713447094,0.023858964443206787,0.0738360658288002,0.0812661200761795,0.14145143330097198,0.16638830304145813,0.21367956697940826,0.46596075535950665,7.713533401489258,0.4659607410430908,6.2225787411398885,-0.37346920818693075,16.554040898869196,21.233960753678875,1.2827055873185236,25.222860825480165,0.12039497494697571,0.033459343016147614,0.04520544782280922,0.30579930543899536,0.03302592411637306,0.0300405565649271,0.07104381173849106,0.03783555328845978,0.041531674563884735,0.12418154627084732,0.048047635704278946,0.053255725651979446,0.0447249673306942,0.046588193625211716,0.059242840856313705,0.04421844705939293,0.0930924266576767,0.06370503455400467,0.665178656578064,0.7697861194610596,0.8641424179077148,1.0587377548217773,0.26257429206953925,10.845422744750977,0.26257428526878357,105.03878511132369,-5.469904731752649,41.30420636106567,68.29354710128881,1.653428382191697,85.45852051119076,0.02450369857251644,0.021533459424972534,0.01932813599705696,0.07071953266859055,0.05585809797048569,0.021533459424972534,0.03244717791676521,0.02823580428957939,0.024639714509248734,0.031650882214307785,0.0302610844373703,0.0730946883559227,0.02823580428957939,0.07509014010429382,0.03891383856534958,0.052470315247774124,0.030275773257017136,0.15425291657447815,0.16014552116394043,0.31091833114624023,0.2661328613758087,0.3579281270503998,0.3703542066177341,10.626953125,0.37035420536994934,28.409939475905453,-1.8380662347539174,28.694025705960854,39.72332318660967,1.3843760925591422,47.910782103806326,0.04038583114743233,0.03483962640166283,0.038789212703704834,0.11495888978242874,0.05009988695383072,0.03483962640166283,0.03793826699256897,0.03317660465836525,0.03253179043531418,0.08490787446498871,0.040979087352752686,0.06231614947319031,0.03887077420949936,0.06852828711271286,0.041291117668151855,0.041709527373313904,0.037582069635391235,0.1207481399178505,0.25852590799331665,0.40864861011505127,0.4560742974281311,0.6034228801727295,000031.tdms,30,300.0
13.78334903717041,827.0009422302246,0.06356785446405411,0.236252236595365,8.976485252380371,0.23625223338603973,26.24438873296127,-1.6001370079080233,37.99534506737651,52.126022431604476,1.371905488400494,63.0015760505098,0.022246327251195908,0.022124668583273888,0.016804801300168037,0.03254515305161476,0.027827749028801918,0.022124668583273888,0.019944576546549797,0.023054633289575577,0.01874426007270813,0.022457027807831764,0.022262467071413994,0.03169969469308853,0.023054633289575577,0.032554466277360916,0.022451825439929962,0.027668550610542297,0.02328513003885746,0.062209803611040115,0.07239601016044617,0.1192549467086792,0.15255296230316162,0.18832796812057495,0.456361932610798,10.745864868164062,0.45636191964149475,5.914750329852453,-0.3472112849022548,23.546803754397555,30.115737798901115,1.2789734909680366,35.73771285236677,0.10193129628896713,0.03146524727344513,0.06170346587896347,0.23169417679309845,0.04231402650475502,0.03391240909695625,0.059709083288908005,0.036502301692962646,0.04187120869755745,0.10740229487419128,0.04958532005548477,0.08709511160850525,0.046691570430994034,0.047680679708719254,0.053551241755485535,0.043451324105262756,0.07932525128126144,0.05351168289780617,0.5817993879318237,0.6552796363830566,0.8123892545700073,0.9358259439468384,0.25636368474350374,11.37618637084961,0.2563636898994446,94.82208880158939,-5.0251975358863215,44.37518668929914,71.34033358747403,1.6076627257249918,88.77178355051745,0.026504212990403175,0.024251077324151993,0.021773364394903183,0.05530824512243271,0.04464627429842949,0.03117024153470993,0.026202868670225143,0.025757810100913048,0.021844130009412766,0.029235508292913437,0.03154456615447998,0.061942651867866516,0.02516261860728264,0.05652616173028946,0.02966477908194065,0.043025705963373184,0.02626839280128479,0.1316586583852768,0.13011181354522705,0.25169703364372253,0.23013107478618622,0.3084851801395416,0.3632558998369151,11.402548789978027,0.36325588822364807,25.55491035875159,-1.693520292697889,31.38985160350386,43.046259821812,1.3713432088034148,51.80822763596203,0.03515418991446495,0.03451491519808769,0.050423603504896164,0.07407186180353165,0.04540184140205383,0.03446659445762634,0.03624217212200165,0.03330378606915474,0.033219169825315475,0.08362116664648056,0.03496450185775757,0.05793236568570137,0.03330378606915474,0.044001683592796326,0.03830897435545921,0.04592875391244888,0.04508400335907936,0.09830398857593536,0.23648807406425476,0.3541887104511261,0.39344698190689087,0.5362527370452881,000032.tdms,31,310.0
13.886210441589355,833.1726264953613,0.041180357336997986,0.24503352344588422,8.58897590637207,0.24503351747989655,33.734165728469414,-2.0026230054227496,35.05224830295088,49.21349834586461,1.4040040433503822,59.76935285903795,0.026560431346297264,0.02221566252410412,0.02644459716975689,0.042636748403310776,0.03382439538836479,0.02221566252410412,0.02416626550257206,0.023042751476168633,0.021957704797387123,0.025681283324956894,0.027549555525183678,0.038681041449308395,0.025400696322321892,0.04284347966313362,0.030527912080287933,0.03212456405162811,0.023360466584563255,0.07263452559709549,0.09710420668125153,0.171084925532341,0.18938909471035004,0.24684782326221466,0.47242860592765307,9.726593971252441,0.4724286198616028,6.677322443915996,-0.4146672600549362,20.588494958203178,26.510303608742536,1.2876270782571166,31.524395169519867,0.10409625619649887,0.04097900167107582,0.060475125908851624,0.19900886714458466,0.04351112246513367,0.035690583288669586,0.05670282617211342,0.038608890026807785,0.0523454025387764,0.11024976521730423,0.05353159084916115,0.0865749791264534,0.042940638959407806,0.044346924871206284,0.04974823445081711,0.04885179549455643,0.09279432892799377,0.06910141557455063,0.5929839611053467,0.7671946287155151,0.9257164001464844,1.081835389137268,0.2733746047573084,11.58201789855957,0.27337461709976196,103.3875428581223,-5.413931817065801,42.366839117487324,71.00167013625911,1.6758783901570906,89.2000070312026,0.029065048322081566,0.02928600087761879,0.0392000786960125,0.06743288040161133,0.05327856168150902,0.03301619738340378,0.03809089958667755,0.027836211025714874,0.029498130083084106,0.0360381156206131,0.031410783529281616,0.07056600600481033,0.02755925804376602,0.07276522368192673,0.03742433711886406,0.05470609292387962,0.029786430299282074,0.15588364005088806,0.18917039036750793,0.3725881576538086,0.3036056160926819,0.4205116629600525,0.3778942988581658,11.515329360961914,0.3778943121433258,29.714091672593256,-1.896822321302219,30.472355353749162,42.58072726483285,1.3973559565881715,51.474973602555416,0.03669166564941406,0.035261932760477066,0.05496950447559357,0.06797640025615692,0.04594086483120918,0.03762606158852577,0.041651543229818344,0.03529089316725731,0.03681138902902603,0.07998646795749664,0.03836983069777489,0.0610499270260334,0.03723375126719475,0.06373055279254913,0.043296825140714645,0.0477047823369503,0.05305560678243637,0.11928671598434448,0.27989661693573,0.45668870210647583,0.4578346610069275,0.644702672958374,000033.tdms,32,320.0
13.8319673538208,829.918041229248,0.09018882364034653,0.2201942806412586,7.721638202667236,0.2201942801475525,47.467749584024766,-2.6409102614213156,35.06738767319466,51.16674269739651,1.4590976429221765,62.90551864326488,0.021677564829587936,0.019469700753688812,0.03479517623782158,0.03314916789531708,0.0321250818669796,0.019469700753688812,0.020886952057480812,0.01955266296863556,0.02260320819914341,0.022964661940932274,0.025680646300315857,0.03671499341726303,0.019692791625857353,0.03851291164755821,0.02260042354464531,0.033254701644182205,0.021059831604361534,0.0712534710764885,0.08285427838563919,0.14393600821495056,0.17032219469547272,0.2165210247039795,0.316940598159208,7.895155429840088,0.3169406056404114,20.280447828219234,-1.3168325852285296,24.91052101149293,33.571244632392165,1.3476733231273426,40.30351014478046,0.0345727801322937,0.03683236986398697,0.037720922380685806,0.04005107656121254,0.040136490017175674,0.03683236986398697,0.0453772209584713,0.04598014056682587,0.03414939343929291,0.0509156808257103,0.05397584289312363,0.04728654399514198,0.03515860065817833,0.04508084058761597,0.04487568140029907,0.0453772209584713,0.048007987439632416,0.08998043835163116,0.21774765849113464,0.3327999413013458,0.347369909286499,0.4561713933944702,0.2647083960597667,9.375682830810547,0.26470839977264404,114.16452200336174,-5.790483011084001,35.418909903763215,60.6953790334351,1.7136433390623997,76.81890906315522,0.032225340604782104,0.029542304575443268,0.06308673322200775,0.05524815618991852,0.04802623391151428,0.029542304575443268,0.029526321217417717,0.02632497064769268,0.02914661541581154,0.031003788113594055,0.031463027000427246,0.06687086820602417,0.02632497064769268,0.07148495316505432,0.03166373074054718,0.05796422064304352,0.02747533470392227,0.14575761556625366,0.18583539128303528,0.3666989207267761,0.2980346381664276,0.4187656044960022,0.3220545915846361,9.679403305053711,0.32205459475517273,51.19691662414226,-2.9517197805739057,30.055163186549255,44.462075452506824,1.479348994930933,54.43836090214819,0.03340436518192291,0.033033452928066254,0.05578956753015518,0.05235786363482475,0.0478413961827755,0.033033452928066254,0.044144660234451294,0.03068523108959198,0.03202979639172554,0.0642523393034935,0.04981230944395065,0.05847243592143059,0.03068523108959198,0.06329439580440521,0.03679335117340088,0.057561784982681274,0.03266676515340805,0.13509300351142883,0.2253986895084381,0.39736661314964294,0.3443497121334076,0.4922035336494446,000034.tdms,33,330.0
13.8319673538208,829.918041229248,0.048673808574676514,0.2204893984678877,9.153678894042969,0.22048939764499664,54.564004086053686,-2.910762853389531,41.515279000482735,61.45068403804524,1.4801944131781144,75.81364436816519,0.020925739780068398,0.02288089506328106,0.024547532200813293,0.03998005390167236,0.03758392482995987,0.02288089506328106,0.022804204374551773,0.021759631112217903,0.02120080217719078,0.024363869801163673,0.022642092779278755,0.0416131317615509,0.021759631112217903,0.03990079462528229,0.027585206553339958,0.03352142870426178,0.024507082998752594,0.08609505742788315,0.08832721412181854,0.15532472729682922,0.18642252683639526,0.22055919468402863,0.28978548621071276,9.428637504577637,0.2897854745388031,31.105616956941287,-1.8895344407007548,32.53661053860288,45.203334192042526,1.3893067975968572,54.64531226121402,0.02571154199540615,0.04451671987771988,0.028204642236232758,0.046783752739429474,0.04371437430381775,0.04451671987771988,0.038928840309381485,0.03349880501627922,0.026367541402578354,0.045057717710733414,0.046704672276973724,0.04504164680838585,0.03134673088788986,0.048376403748989105,0.03536888584494591,0.038928840309381485,0.03877343237400055,0.08738143742084503,0.1754177063703537,0.2765037417411804,0.29473721981048584,0.37444785237312317,0.26484584132356254,10.33857536315918,0.2648458480834961,125.4853481905758,-6.210313011029685,39.03620049872155,69.06273608701659,1.7691971863214102,88.12557851938439,0.03069363348186016,0.02930324524641037,0.04801540821790695,0.06393390148878098,0.05922391265630722,0.02930324524641037,0.030733946710824966,0.032165247946977615,0.026933787390589714,0.030666064471006393,0.030059652402997017,0.07416936755180359,0.032165247946977615,0.07448180764913559,0.03998224809765816,0.054520558565855026,0.03282124176621437,0.16639643907546997,0.19137665629386902,0.38653644919395447,0.32113009691238403,0.41435927152633667,0.3086610913740388,9.998584747314453,0.3086611032485962,67.02586582276946,-3.6335857068316937,32.39340826148399,49.97252334282547,1.542675686962004,61.75275319685857,0.03534939885139465,0.0351841114461422,0.04317975789308548,0.06052352860569954,0.05900466442108154,0.0351841114461422,0.04097042977809906,0.030519278720021248,0.028119215741753578,0.06079935282468796,0.03900574520230293,0.06884478777647018,0.030519278720021248,0.07042242586612701,0.04012921452522278,0.05296647548675537,0.033448632806539536,0.1515776365995407,0.2296741008758545,0.389180988073349,0.36107438802719116,0.46839237213134766,000035.tdms,34,340.0
13.788634300231934,827.318058013916,0.0668058693408966,0.2198257815671094,11.357108116149902,0.21982577443122864,69.57122486289546,-3.4084961154865727,51.66413163727455,77.55706900902808,1.501178216901885,95.87369452677542,0.02363205887377262,0.019664816558361053,0.017807980999350548,0.03962332382798195,0.033201269805431366,0.019664816558361053,0.023065615445375443,0.02005406655371189,0.02508281171321869,0.02204333245754242,0.02500193752348423,0.04073408991098404,0.02005406655371189,0.04297442361712456,0.025141041725873947,0.031007451936602592,0.022090205922722816,0.09123514592647552,0.08770525455474854,0.15708130598068237,0.17828461527824402,0.21274909377098083,0.2894537571785596,11.481133460998535,0.28945374488830566,37.89637303724276,-2.1577252182166515,39.66482789137196,55.49725947977979,1.3991554339216423,67.10687387141982,0.028892897069454193,0.042816564440727234,0.021717701107263565,0.04298524558544159,0.035487160086631775,0.042816564440727234,0.056169237941503525,0.03870415687561035,0.02425774559378624,0.044644635170698166,0.04865889996290207,0.048141542822122574,0.033905696123838425,0.04608415067195892,0.03190840780735016,0.056169237941503525,0.04974643141031265,0.11983299255371094,0.1707838773727417,0.28237301111221313,0.28844377398490906,0.37388917803764343,0.26680871928832156,12.94670581817627,0.26680871844291687,141.6469600227156,-6.721600637251559,48.52429805408896,87.63712182580498,1.806046152962745,112.21543265289465,0.032207589596509933,0.02569316327571869,0.0250967126339674,0.06859061121940613,0.05248374864459038,0.02569316327571869,0.0321834497153759,0.026815403252840042,0.02535928040742874,0.03551822155714035,0.029689323157072067,0.08095007389783859,0.026815403252840042,0.07605519145727158,0.03140094876289368,0.05572821944952011,0.031003063544631004,0.17488494515419006,0.19515849649906158,0.38972991704940796,0.3082664906978607,0.4087982773780823,0.3084817031059104,12.494548797607422,0.30848169326782227,77.44459365178615,-4.0392122413110325,40.50337077307206,63.46550177064891,1.5669190133884565,78.62304386007617,0.03351657837629318,0.03453190624713898,0.028722941875457764,0.060670267790555954,0.0525350347161293,0.03453190624713898,0.04418644681572914,0.02994779497385025,0.032687682658433914,0.06263332813978195,0.04108939319849014,0.06724634766578674,0.028532616794109344,0.06683094054460526,0.03761035576462746,0.05327552929520607,0.03471994772553444,0.17052727937698364,0.22028636932373047,0.4066673517227173,0.33818691968917847,0.4600907266139984,000036.tdms,35,350.0
13.8319673538208,829.918041229248,0.07535791397094727,0.22273087505800668,7.835779666900635,0.2227308750152588,65.71764546095118,-3.429071737326001,35.18048256605615,53.167622052160965,1.511281772566124,65.80182526618314,0.02047814428806305,0.027870330959558487,0.029321301728487015,0.038565702736377716,0.03386867791414261,0.027870330959558487,0.022751685231924057,0.02177884802222252,0.023601802065968513,0.023537732660770416,0.024077672511339188,0.044381238520145416,0.02177884802222252,0.03713246434926987,0.02906673587858677,0.03056071326136589,0.022291399538517,0.089755117893219,0.09247918426990509,0.1643885225057602,0.18635118007659912,0.22710086405277252,0.2916354548693192,8.247118949890137,0.2916354537010193,37.6228169395403,-2.237522719536553,28.278862573776024,39.83508611235448,1.4086523461977907,48.25365397227561,0.03214222192764282,0.03874128684401512,0.03205917403101921,0.03965650126338005,0.041383299976587296,0.03874128684401512,0.03740368038415909,0.035059817135334015,0.028897777199745178,0.05201553553342819,0.048216428607702255,0.05011521279811859,0.02979683130979538,0.044432468712329865,0.03367778658866882,0.03740368038415909,0.038979072123765945,0.11211700737476349,0.17226848006248474,0.28162774443626404,0.28484469652175903,0.38720864057540894,0.27316909968683495,10.641423225402832,0.2731691002845764,137.97292193419202,-6.7585618997661765,38.955442755429935,71.18427580831096,1.8273255487101014,91.45675093776194,0.03143860027194023,0.05058897286653519,0.049668025225400925,0.06003342941403389,0.049359504133462906,0.05058897286653519,0.03441309556365013,0.03035212680697441,0.03318886086344719,0.03739704191684723,0.0320969857275486,0.08290045708417892,0.03035212680697441,0.07149463146924973,0.03510379046201706,0.05116485804319382,0.03307540714740753,0.16837818920612335,0.2161485254764557,0.42309248447418213,0.3392869234085083,0.45180898904800415,0.3121475735851597,10.684587478637695,0.3121475875377655,79.21556537015174,-4.204605299699333,34.22928250224806,54.39141765763054,1.5890317786841808,67.61939756176494,0.03439619392156601,0.04741894081234932,0.04482726752758026,0.061203330755233765,0.05266321823000908,0.04741894081234932,0.040048569440841675,0.03494642674922943,0.03585757315158844,0.059976015239953995,0.044998884201049805,0.07001780718564987,0.03494642674922943,0.07064952701330185,0.03414721414446831,0.050076667219400406,0.03677964583039284,0.15371417999267578,0.2389923632144928,0.4293409585952759,0.36640360951423645,0.5095635056495667,000037.tdms,36,360.0
13.788634300231934,827.318058013916,0.04763724282383919,0.19990465417224676,6.269130706787109,0.1999046504497528,40.45082119815762,-2.2613444537294343,31.36060404769439,44.89587753049658,1.4316011726756674,55.03723537295936,0.0211978517472744,0.02080775424838066,0.020243365317583084,0.03398158773779869,0.03137637674808502,0.02080775424838066,0.018868103623390198,0.018284743651747704,0.017947565764188766,0.02097466215491295,0.020572222769260406,0.03367529436945915,0.018284743651747704,0.032601404935121536,0.01934574544429779,0.025005687028169632,0.022448576986789703,0.06492993980646133,0.06196035444736481,0.10564013570547104,0.1480686366558075,0.16439035534858704,0.2680598190415473,7.167952537536621,0.2680598199367523,22.496857316923016,-1.4195712670128697,26.74012301868204,36.22136399653293,1.3545698339243541,43.56762756854801,0.026186691597104073,0.04387611523270607,0.023807574063539505,0.038001611828804016,0.03953290730714798,0.04387611523270607,0.04083096235990524,0.04094196483492851,0.023820344358682632,0.05609883368015289,0.029596706852316856,0.0431361198425293,0.03012700192630291,0.03890044614672661,0.033565111458301544,0.04083096235990524,0.04184454679489136,0.10871914774179459,0.1407996416091919,0.2234809845685959,0.23776251077651978,0.30642035603523254,0.23240102946942667,9.6912260055542,0.2324010282754898,118.80818128032476,-5.8385328660472515,41.70044352935674,70.36301401727097,1.6873444995311868,88.76897828478378,0.026576712727546692,0.026894889771938324,0.03030577301979065,0.05946369096636772,0.046893585473299026,0.026894889771938324,0.026146646589040756,0.02699788101017475,0.025852425023913383,0.027298009023070335,0.028418144211173058,0.06076836213469505,0.024343444034457207,0.06340660899877548,0.028313113376498222,0.03936377912759781,0.028608698397874832,0.13202516734600067,0.1335202157497406,0.25610437989234924,0.23238015174865723,0.29542312026023865,0.2779965575591677,9.724360466003418,0.27799656987190247,58.201190049195446,-3.2408596192238144,34.98014706147476,52.08964014538052,1.4891201015775384,63.89188600151206,0.03205758333206177,0.03258209675550461,0.029264792799949646,0.05649647116661072,0.05181213468313217,0.03258209675550461,0.036900147795677185,0.03012274205684662,0.026912644505500793,0.04940066486597061,0.031465817242860794,0.060195717960596085,0.03012274205684662,0.05675704777240753,0.03243651241064072,0.039647068828344345,0.03316036984324455,0.12915553152561188,0.17585644125938416,0.28094083070755005,0.27409881353378296,0.35863691568374634,000038.tdms,37,370.0
13.68496036529541,821.0976219177246,0.034938912838697433,0.201411095761409,6.923154354095459,0.20141109824180603,40.0831872240509,-2.2341031291793754,34.373252019325726,49.344652955034086,1.4355538116466537,60.57416573009741,0.018161410465836525,0.021571822464466095,0.02923460118472576,0.02652001939713955,0.027484608814120293,0.022983763366937637,0.018790297210216522,0.018856054171919823,0.02366529032588005,0.020591551437973976,0.021027181297540665,0.030133076012134552,0.017865678295493126,0.03097759187221527,0.020105428993701935,0.02633093111217022,0.01972479373216629,0.06206169351935387,0.06606800109148026,0.11127811670303345,0.14459693431854248,0.18010984361171722,0.26733657626633095,7.973466873168945,0.26733657717704773,23.34143281564782,-1.442006809259557,29.825574130288373,40.48480230029872,1.3573855149760796,48.71439568634337,0.02858242765069008,0.0357934795320034,0.029575759544968605,0.03757898882031441,0.03519980609416962,0.0357934795320034,0.03723381459712982,0.030682262033224106,0.028476575389504433,0.043300215154886246,0.03290363401174545,0.03634088486433029,0.027444200590252876,0.02927720546722412,0.03197690472006798,0.03723381459712982,0.029564939439296722,0.0783865824341774,0.13446877896785736,0.21451716125011444,0.23311221599578857,0.31542739272117615,0.23300769450975295,10.450135231018066,0.23300769925117493,119.10377312515251,-5.88755244042031,44.848884724622934,76.52738253842728,1.7063385858603575,96.91334863625916,0.02471119910478592,0.04077199101448059,0.04776027426123619,0.050899356603622437,0.04525667428970337,0.04077199101448059,0.03076883591711521,0.026783829554915428,0.029437636956572533,0.028529444709420204,0.02652301825582981,0.05661819502711296,0.02608199045062065,0.05649757385253906,0.029538709670305252,0.04516417160630226,0.028780199587345123,0.12817661464214325,0.1447049379348755,0.2775322496891022,0.23562157154083252,0.3330930769443512,0.27618043338620635,9.899580955505371,0.2761804461479187,60.34425004929151,-3.3199404147062346,35.844613733594784,53.88330087978214,1.503246799651823,66.23810062030316,0.028695788234472275,0.03585256636142731,0.04503906890749931,0.046536266803741455,0.0457351952791214,0.03585256636142731,0.03589479625225067,0.031067481264472008,0.03641769289970398,0.04846483841538429,0.03514265641570091,0.0460657961666584,0.025245962664484978,0.055247560143470764,0.033109765499830246,0.03802663832902908,0.028958870097994804,0.11963425576686859,0.1721457540988922,0.28939247131347656,0.26906776428222656,0.3861151337623596,000039.tdms,38,380.0
13.81984806060791,829.1908836364746,1.1476950645446777,0.2268575194484132,7.946143627166748,0.2268575131893158,33.40854393671794,-1.9440608049557397,35.027023333796436,48.84403637120051,1.3944672347899025,59.23219125881033,0.023052919656038284,0.02399860881268978,0.02629259042441845,0.02046276070177555,0.025666235014796257,0.029350711032748222,0.02648083120584488,0.03911696746945381,0.023045822978019714,0.022635236382484436,0.03572377935051918,0.02861493080854416,0.03911696746945381,0.03302928805351257,0.03498370945453644,0.02648083120584488,0.024385182186961174,0.041249651461839676,0.08190262317657471,0.124089315533638,0.14794576168060303,0.1878291219472885,0.4280278144292487,8.140633583068848,0.42802780866622925,6.971277435503715,-0.4232733662776419,19.018935939768145,24.574773736187087,1.292121379135718,29.279620471596505,0.06419863551855087,0.04417963698506355,0.032960958778858185,0.07491173595190048,0.15095563232898712,0.04417963698506355,0.08868841081857681,0.042092595249414444,0.048247795552015305,0.08490774035453796,0.04723784327507019,0.043885279446840286,0.042092595249414444,0.055375922471284866,0.11094459891319275,0.048974908888339996,0.08543510735034943,0.10305698215961456,0.5504395961761475,0.7146285772323608,0.8286359310150146,0.8741309642791748,0.24860648609914218,9.569557189941406,0.24860648810863495,109.38450726239536,-5.593722898735636,38.49278970994002,64.32886264901418,1.6711925306988726,80.71324186643496,0.02674790471792221,0.045467425137758255,0.05034392327070236,0.03555971384048462,0.04230032488703728,0.046462882310152054,0.03597515821456909,0.06922263652086258,0.03422393277287483,0.029794270172715187,0.07324521243572235,0.04901359602808952,0.06922263652086258,0.0591011643409729,0.06390360742807388,0.03597515821456909,0.0311962328851223,0.08851950615644455,0.17916226387023926,0.2762543559074402,0.27635514736175537,0.34639972448349,0.3391713473085293,9.228344917297363,0.3391713500022888,32.48282500253692,-2.0207895076938884,27.208503874304988,38.2046680726574,1.4041443898992514,46.25670716611618,0.049161460250616074,0.04313934966921806,0.04173187166452408,0.03836078196763992,0.06030335649847984,0.04421119764447212,0.03768443316221237,0.061478737741708755,0.04028598219156265,0.057636383920907974,0.06436901539564133,0.04622076824307442,0.061478737741708755,0.06283628195524216,0.06965146213769913,0.03768443316221237,0.034432362765073776,0.0763750821352005,0.23943692445755005,0.3358646333217621,0.3689470887184143,0.5081483125686646,000040.tdms,39,390.0
17.58919906616211,1055.3519439697266,0.6486896872520447,0.23378799361747057,6.851355075836182,0.23378799855709076,22.385803650784712,-1.4112235623593992,29.30584659127761,39.8159972988764,1.3586366520708861,48.00776139276539,0.020815882831811905,0.021176131442189217,0.030097998678684235,0.021640857681632042,0.02911723405122757,0.03482460603117943,0.028654230758547783,0.045914262533187866,0.02929871715605259,0.03141852095723152,0.047470469027757645,0.036390043795108795,0.045914262533187866,0.03127872198820114,0.04229825735092163,0.03427199274301529,0.01980065181851387,0.03218558803200722,0.0873909741640091,0.12248499691486359,0.12789326906204224,0.17905423045158386,0.47953667210968665,7.139131546020508,0.47953668236732483,4.7522484483615965,-0.24367792072561278,14.887561184032952,18.911333647693954,1.2702774762045335,22.398051247102,0.10395690053701401,0.034167055040597916,0.03398088365793228,0.05060748755931854,0.10678564757108688,0.03677470609545708,0.06981754302978516,0.06472854316234589,0.06020498648285866,0.15978260338306427,0.10429057478904724,0.06788362562656403,0.06472854316234589,0.05659836158156395,0.19263987243175507,0.17388854920864105,0.07054103910923004,0.10511628538370132,0.7092381715774536,1.037445068359375,0.9815195202827454,1.092811107635498,0.24916788287620817,9.73399829864502,0.24916788935661316,88.98779816711703,-4.777643107046284,39.06602322210633,61.81761030572407,1.5823881011452239,76.62927348465725,0.030783506110310555,0.032431937754154205,0.04779117926955223,0.021914757788181305,0.036507390439510345,0.05745851248502731,0.04496288672089577,0.08894789218902588,0.04348752275109291,0.05782817304134369,0.09246101975440979,0.06154627352952957,0.08894789218902588,0.05623696744441986,0.07724963873624802,0.06941089034080505,0.024642957374453545,0.0496639646589756,0.2011842131614685,0.2561875581741333,0.2665368616580963,0.3506609797477722,0.37136142513177756,9.39645767211914,0.3713614344596863,19.841514492033877,-1.3661629127072459,25.302729460349333,34.09055449504443,1.3473073941871003,40.870392721587784,0.06253119558095932,0.030353007838129997,0.04675763100385666,0.02972913533449173,0.04190154746174812,0.05146276578307152,0.04080011695623398,0.07069076597690582,0.05266929790377617,0.09297189116477966,0.08004288375377655,0.05785241723060608,0.07069076597690582,0.050415098667144775,0.0974147692322731,0.06593772023916245,0.03458672761917114,0.04664209112524986,0.24963760375976562,0.361282616853714,0.3883950114250183,0.5723468065261841,000041.tdms,40,400.0
13.94088077545166,836.4528465270996,0.061572905629873276,0.2569325921544061,8.730721473693848,0.2569325864315033,46.323944294114916,-2.6395960210525766,33.9805915648375,48.872104815452396,1.438235844782183,59.49922416072778,0.023832187056541443,0.023194467648863792,0.020528031513094902,0.04885520040988922,0.03640493378043175,0.022487567737698555,0.022866511717438698,0.027379712089896202,0.019285855814814568,0.025315988808870316,0.026482030749320984,0.04210789501667023,0.02631290629506111,0.04883827641606331,0.026153068989515305,0.033288680016994476,0.0299721397459507,0.09737610071897507,0.10869447886943817,0.1959913671016693,0.20317597687244415,0.2638375163078308,0.5075927552364526,8.749957084655762,0.5075927376747131,7.515454467210361,-0.4846321630249778,17.238144150776456,22.291751197195246,1.2931642178077019,26.528264076807126,0.11005900800228119,0.036318909376859665,0.05353788286447525,0.26173335313796997,0.048066556453704834,0.03736178204417229,0.08505614846944809,0.04513869434595108,0.03761911392211914,0.14322428405284882,0.04350228235125542,0.04257425293326378,0.054844930768013,0.04501945525407791,0.07236801832914352,0.04359501600265503,0.09686478972434998,0.08638092875480652,0.7834341526031494,0.9294778108596802,1.0910706520080566,1.2288978099822998,0.2932031202633921,10.278657913208008,0.29320311546325684,117.47038071508418,-6.081893111809225,35.056441090989814,61.03889313440486,1.741160575198634,77.15542648727366,0.03744469955563545,0.026076665148139,0.0313015915453434,0.0733255073428154,0.05621960759162903,0.026076665148139,0.03484991937875748,0.033008232712745667,0.02840355783700943,0.03752859681844711,0.03733466938138008,0.07366415858268738,0.03382406383752823,0.09285062551498413,0.03598211705684662,0.056689947843551636,0.043220341205596924,0.18929347395896912,0.20678366720676422,0.4392867684364319,0.349319189786911,0.46387550234794617,0.4033782030728472,10.364678382873535,0.4033781886100769,33.412832060721094,-2.1344055122473287,25.694691244885504,36.31604505525396,1.413367637273424,43.95956018648839,0.04867391660809517,0.0403812937438488,0.040199216455221176,0.09896988421678543,0.06177598610520363,0.0403812937438488,0.04279550909996033,0.043978624045848846,0.040900472551584244,0.075142502784729,0.04678279533982277,0.06317860633134842,0.042240116745233536,0.07844405621290207,0.043810512870550156,0.05112511292099953,0.05920279398560524,0.15037395060062408,0.33309346437454224,0.5217276215553284,0.516132116317749,0.7291920185089111,000042.tdms,41,410.0
13.680488586425781,820.8293151855469,0.07059130817651749,0.2521159954165208,8.667159080505371,0.25211599469184875,41.33240928760235,-2.413767380910117,34.37766440081027,49.00818045534453,1.425582025700077,59.5933799612151,0.02545187994837761,0.04181991145014763,0.023458167910575867,0.03142162412405014,0.028078339993953705,0.04181991145014763,0.025822816416621208,0.02413129433989525,0.020250096917152405,0.024334533140063286,0.02341948077082634,0.0315784253180027,0.0238334983587265,0.03524385020136833,0.027095086872577667,0.03384503722190857,0.02581101842224598,0.0741148293018341,0.09391948580741882,0.16031599044799805,0.1818810999393463,0.23996275663375854,0.502778143411343,9.452940940856934,0.502778172492981,6.853741990922038,-0.42935210407185137,18.801415822730192,24.22091836013936,1.2882497035599412,28.797088358779458,0.14378027617931366,0.04351966083049774,0.03273279592394829,0.20432299375534058,0.047595977783203125,0.04351966083049774,0.06911416351795197,0.0633547231554985,0.06992612034082413,0.11173935234546661,0.04551806300878525,0.04458241164684296,0.0633547231554985,0.03997969999909401,0.05319490283727646,0.04260434955358505,0.08878305554389954,0.06932307779788971,0.6515122652053833,0.8697711229324341,1.0570133924484253,1.119720697402954,0.285481045880443,11.28708553314209,0.2854810357093811,110.2489482678936,-5.777828784109833,39.53707503884172,67.73923884611845,1.7133093123244594,85.37387386928168,0.03043953701853752,0.07108248025178909,0.03810681030154228,0.05145706981420517,0.04556984826922417,0.07108248025178909,0.03896049037575722,0.03149888291954994,0.028413454070687294,0.029890796169638634,0.03223571926355362,0.05987749993801117,0.031643666326999664,0.06360603868961334,0.03480736166238785,0.05757712572813034,0.03236478939652443,0.15618455410003662,0.18993017077445984,0.3781582713127136,0.3091704249382019,0.4345625340938568,0.3949046492475104,11.706130027770996,0.39490464329719543,30.696795335708284,-1.9879647793044277,29.64292785632428,41.59058899766154,1.4030526673763855,50.288338426405794,0.05740771442651749,0.05972418189048767,0.03947896137833595,0.08498210459947586,0.04491916298866272,0.05972418189048767,0.04153336212038994,0.04522715508937836,0.036813635379076004,0.07481662929058075,0.04420388862490654,0.05736236274242401,0.04522715508937836,0.05954360589385033,0.04315173253417015,0.04935769736766815,0.042514946311712265,0.11802472919225693,0.28647565841674805,0.46383896470069885,0.4676750898361206,0.6514401435852051,000043.tdms,42,420.0
13.837615013122559,830.2569007873535,0.051009733229875565,0.2536875589948174,9.736324310302734,0.2536875605583191,47.89162298293009,-2.6331598199319717,38.37919505741959,55.08005137819903,1.4351538977248763,67.06186365149031,0.02321542054414749,0.02209763042628765,0.028063584119081497,0.03989372402429581,0.03834204003214836,0.02209763042628765,0.025895284488797188,0.023239996284246445,0.02132611908018589,0.02476593293249607,0.026893313974142075,0.047095365822315216,0.023239996284246445,0.04086309298872948,0.02710719406604767,0.03030542843043804,0.02362055703997612,0.0900663360953331,0.10444749146699905,0.17461279034614563,0.19589504599571228,0.2488023042678833,0.4968324703032889,10.163018226623535,0.4968324601650238,7.797015212119232,-0.5099301279541247,20.455624046511232,26.412588532677276,1.2912140188254007,31.408476253244256,0.1122022494673729,0.05203847214579582,0.032658983021974564,0.2775530219078064,0.04810531437397003,0.04813125357031822,0.06797339767217636,0.042842309921979904,0.06822898983955383,0.11199676990509033,0.0462552048265934,0.06657999753952026,0.04470445588231087,0.0502190887928009,0.05748487636446953,0.05366315320134163,0.08921953290700912,0.07353626191616058,0.7144484519958496,0.8866397738456726,0.9911847114562988,1.2071949243545532,0.2893609877133103,11.884944915771484,0.28936100006103516,116.15831196055247,-5.994904543304041,41.07307280671405,70.8782627179796,1.7256625295975765,89.46089674648746,0.03169375658035278,0.029706573113799095,0.05668972060084343,0.06847348064184189,0.0589061975479126,0.029706573113799095,0.027983928099274635,0.027011925354599953,0.027470123022794724,0.0342424176633358,0.03507423773407936,0.08405141532421112,0.026992645114660263,0.07692649215459824,0.03498983010649681,0.057166434824466705,0.03219453990459442,0.1759594827890396,0.20003730058670044,0.40111681818962097,0.3333485424518585,0.4342661499977112,0.39636151519593377,11.78181266784668,0.3963615298271179,33.89250502741994,-2.1544235619201797,29.72491580577031,41.97458794869514,1.412101155238491,50.79740723215341,0.054399821907281876,0.03703753277659416,0.05434870347380638,0.09517381340265274,0.055822134017944336,0.03703753277659416,0.04295792058110237,0.03726793825626373,0.0352003388106823,0.08481644093990326,0.03822266682982445,0.08081524074077606,0.0346047580242157,0.06750506162643433,0.04386020824313164,0.044487208127975464,0.04203030839562416,0.13240094482898712,0.31910258531570435,0.485154926776886,0.49374130368232727,0.6853219270706177,000044.tdms,43,430.0
13.680488586425781,820.8293151855469,0.07070190459489822,0.2444641106423881,7.53992223739624,0.24446411430835724,30.563629215779326,-1.7991965353800494,30.84265505305988,42.87610452471384,1.3901560825730577,51.926741176908415,0.022711697965860367,0.023845374584197998,0.025697622448205948,0.03619838133454323,0.034686557948589325,0.023845374584197998,0.024556942284107208,0.0237753726541996,0.0226434338837862,0.024212732911109924,0.025414202362298965,0.03474114462733269,0.0237753726541996,0.03351854160428047,0.030299872159957886,0.03185180947184563,0.0227219071239233,0.06855296343564987,0.08991876244544983,0.1519237756729126,0.1719907820224762,0.22499233484268188,0.4902186904161127,7.837252616882324,0.4902186989784241,5.7838955761601545,-0.3183504713808488,15.987257871032668,20.476971145857327,1.280830728511584,24.30769750828465,0.16261856257915497,0.04697141423821449,0.035488471388816833,0.30489110946655273,0.04709652438759804,0.03472511097788811,0.060869522392749786,0.0406448133289814,0.05821947753429413,0.12499537318944931,0.04714091494679451,0.07699627429246902,0.042823273688554764,0.04624757170677185,0.06863316148519516,0.047211162745952606,0.10178038477897644,0.07660529017448425,0.6942983269691467,0.9561526775360107,0.9976630210876465,1.1285908222198486,0.2678784960795872,10.198535919189453,0.2678785026073456,96.283854821701,-5.026250225766661,38.07149908800238,62.35899409549904,1.6379442782475164,77.88889468812185,0.033373523503541946,0.026471808552742004,0.053276147693395615,0.058851566165685654,0.04990572854876518,0.03498956933617592,0.02825557067990303,0.026947325095534325,0.03286958113312721,0.03370342031121254,0.03259244188666344,0.06733889877796173,0.026947325095534325,0.06511238217353821,0.034721869975328445,0.05273626372218132,0.029020417481660843,0.15199989080429077,0.16862504184246063,0.32513853907585144,0.27922624349594116,0.3804700970649719,0.3792039154257009,9.523293495178223,0.3792039155960083,25.934537689536292,-1.6767733188846392,25.113911296214354,34.64815085684992,1.3796397720841176,41.763110367240245,0.049748677760362625,0.032485831528902054,0.04307939484715462,0.09056822210550308,0.05671825259923935,0.034807123243808746,0.041851844638586044,0.03380390256643295,0.03302374109625816,0.09191451966762543,0.0379704050719738,0.06201116368174553,0.03491586819291115,0.05510112643241882,0.04649734869599342,0.04550677910447121,0.0480068139731884,0.11607782542705536,0.2867201268672943,0.45614200830459595,0.4502123296260834,0.6219580173492432,000045.tdms,44,440.0
13.788634300231934,827.318058013916,0.06294681131839752,0.24884863309321942,8.169660568237305,0.24884863197803497,37.71032343059649,-2.214595852137438,32.82983903382313,46.63120441605128,1.4203908940281194,56.72676534183483,0.022861305624246597,0.020695064216852188,0.03015471063554287,0.03657299652695656,0.03254370391368866,0.02205701917409897,0.026477184146642685,0.021711787208914757,0.02362252026796341,0.02607351914048195,0.03130371496081352,0.03808688744902611,0.021711787208914757,0.0351879745721817,0.025545794516801834,0.03138468787074089,0.026046233251690865,0.0867493748664856,0.09694318473339081,0.16771200299263,0.17305001616477966,0.2473544329404831,0.4798785981492774,8.593316078186035,0.47987860441207886,7.081673713139086,-0.4515293800698187,17.90727094587553,23.097569148197763,1.289843059727517,27.457555717447963,0.13097767531871796,0.05311035364866257,0.04284537211060524,0.2538963556289673,0.06771981716156006,0.05311035364866257,0.047948602586984634,0.04164198040962219,0.06599434465169907,0.11580401659011841,0.050038572400808334,0.08472996205091476,0.043861597776412964,0.04242633655667305,0.05168954282999039,0.05165030434727669,0.08531995117664337,0.07604023069143295,0.6693302989006042,0.848078191280365,0.9116283655166626,1.0612469911575317,0.28188605705532355,10.296300888061523,0.2818860709667206,102.18743444644326,-5.435194635918191,36.52646390396227,61.82763126424003,1.6926804474367196,77.82865596673884,0.0334879569709301,0.02562720887362957,0.057266153395175934,0.06276071816682816,0.05410030484199524,0.02557474374771118,0.03491922840476036,0.030007101595401764,0.029261255636811256,0.03281030058860779,0.03497876599431038,0.0727313831448555,0.030007101595401764,0.06635552644729614,0.032966889441013336,0.053477443754673004,0.033247292041778564,0.16593366861343384,0.1877015233039856,0.3775973320007324,0.3017093539237976,0.43400466442108154,0.3876080931365791,10.011516571044922,0.3876080811023712,29.396204235092448,-1.8956778816465656,25.828966805182844,36.256205918988016,1.4037032991855038,43.8768462864851,0.05025346949696541,0.033470895141363144,0.057394277304410934,0.09796571731567383,0.0443701334297657,0.033704377710819244,0.03997023403644562,0.03479471802711487,0.035915665328502655,0.09516409784555435,0.03993920981884003,0.05737348273396492,0.03479471802711487,0.055769387632608414,0.03801051899790764,0.046749625355005264,0.045488640666007996,0.13034753501415253,0.2921062111854553,0.4902000427246094,0.45775488018989563,0.657529890537262,000046.tdms,45,450.0
13.77302360534668,826.3814163208008,0.06803563237190247,0.22128682888752169,7.988849639892578,0.2212868332862854,54.64055897299831,-2.882464482176827,36.10178554256949,53.58716752944596,1.4843356560926482,66.07789200993574,0.024934913963079453,0.01986606791615486,0.02459992840886116,0.037512220442295074,0.03524049371480942,0.01986606791615486,0.02158169448375702,0.024659376591444016,0.029096009209752083,0.026078464463353157,0.022529449313879013,0.04051225259900093,0.02232133224606514,0.03994661197066307,0.021517325192689896,0.02725151926279068,0.02128298394382,0.08751187473535538,0.08165141940116882,0.1496884673833847,0.18399615585803986,0.21167388558387756,0.29282987481987677,8.640289306640625,0.29282987117767334,30.72035351655461,-1.81847834863087,29.506174231558077,41.03629090359387,1.3907696260975733,49.631962631956675,0.02962283045053482,0.05140918493270874,0.03214257210493088,0.04300996661186218,0.042353007942438126,0.05140918493270874,0.04568701609969139,0.03538580238819122,0.028544414788484573,0.05530524253845215,0.049099601805210114,0.044847920536994934,0.030673323199152946,0.041640665382146835,0.03590967506170273,0.04568701609969139,0.03819515183568001,0.13691213726997375,0.18189382553100586,0.30040523409843445,0.3050282597541809,0.38318735361099243,0.2633088473789447,10.467040061950684,0.2633088529109955,127.85022077400353,-6.20393903271498,39.75194972042429,71.37900662187724,1.7956102058864092,91.49997023247025,0.03591521084308624,0.023583605885505676,0.04545546695590019,0.06216544285416603,0.05915689468383789,0.02483069896697998,0.029544293880462646,0.029822828248143196,0.03009391948580742,0.039475515484809875,0.03263232484459877,0.07137773185968399,0.026920244097709656,0.06976203620433807,0.03251836076378822,0.04613962769508362,0.0294366255402565,0.16247960925102234,0.18324431777000427,0.37393930554389954,0.3171912431716919,0.4024636745452881,0.30890701183867686,10.830778121948242,0.30890700221061707,66.74860494799012,-3.5091119260629875,35.06161306433695,54.16263054499286,1.544784332814527,66.96034074273801,0.034970611333847046,0.03823613002896309,0.041008174419403076,0.05076364800333977,0.050455693155527115,0.03823613002896309,0.045634180307388306,0.032883234322071075,0.02823668159544468,0.0752420723438263,0.052962157875299454,0.07185879349708557,0.031570643186569214,0.06512520462274551,0.037738531827926636,0.045634180307388306,0.03738333284854889,0.15455076098442078,0.22675439715385437,0.4055105745792389,0.3527533710002899,0.4549599885940552,000047.tdms,46,460.0
13.788634300231934,827.318058013916,0.07897961139678955,0.2134424110730056,8.344966888427734,0.21344241499900818,50.498224606495675,-2.6559248190698015,39.09704189751413,57.481556356731375,1.470227760642581,70.76355366655598,0.022148113697767258,0.018159599974751472,0.019511966034770012,0.03181428089737892,0.03151605650782585,0.019431455060839653,0.021510276943445206,0.020702173933386803,0.021457545459270477,0.020052548497915268,0.02335928939282894,0.03624607250094414,0.020702173933386803,0.03989020362496376,0.022455591708421707,0.025105459615588188,0.024084825068712234,0.07919342070817947,0.07711876928806305,0.13503599166870117,0.16359645128250122,0.1900702565908432,0.2826253324335464,9.436171531677246,0.28262531757354736,28.981500591507686,-1.7117383471304992,33.387564555615235,46.17639163775526,1.3830416279940716,55.7969490049643,0.03123697265982628,0.03220732510089874,0.02409336529672146,0.04104653745889664,0.04617356136441231,0.03220732510089874,0.038659464567899704,0.038721777498722076,0.02663894183933735,0.04748466610908508,0.049415044486522675,0.039772406220436096,0.028675789013504982,0.04536154866218567,0.03368711844086647,0.038659464567899704,0.038242995738983154,0.12544845044612885,0.1784542351961136,0.2705610990524292,0.2788996994495392,0.353709876537323,0.2536334112416739,11.59357738494873,0.25363340973854065,124.10591015398751,-6.000663644770107,45.70997696317629,80.8757390913951,1.7693235583239992,103.37362878525089,0.033695194870233536,0.02570798620581627,0.034763406962156296,0.05176802724599838,0.04768862947821617,0.03277396038174629,0.031783122569322586,0.029124736785888672,0.023858854547142982,0.031784363090991974,0.03263100981712341,0.06408211588859558,0.029124736785888672,0.06996145844459534,0.037548258900642395,0.0445147342979908,0.033416006714105606,0.1628641039133072,0.17235729098320007,0.33910539746284485,0.28347712755203247,0.3637543320655823,0.29822981533326864,11.362227439880371,0.29822981357574463,64.57789879829467,-3.3962835711245054,38.09889841893643,58.45945338822114,1.5344132196526932,72.18011933503772,0.035918619483709335,0.03158130869269371,0.03567757457494736,0.053160782903432846,0.050881676375865936,0.03285275399684906,0.04614262655377388,0.031008046120405197,0.028740111738443375,0.06492122262716293,0.05943698436021805,0.06140697002410889,0.030615219846367836,0.06590549647808075,0.03665704280138016,0.04614262655377388,0.04409276694059372,0.15087789297103882,0.21276895701885223,0.3688979148864746,0.3208933174610138,0.42613929510116577,000048.tdms,47,470.0
13.968972206115723,838.1383323669434,0.08990190923213959,0.21918622016859415,9.466782569885254,0.2191862165927887,57.39047834811888,-2.927808849813639,43.19059182919242,64.33815860643415,1.4896336419948786,79.45373017993691,0.02175024524331093,0.017312876880168915,0.04964663088321686,0.03668114170432091,0.03362416476011276,0.017312876880168915,0.020838662981987,0.022952811792492867,0.0240250825881958,0.023216325789690018,0.02247297763824463,0.03619908541440964,0.019702525809407234,0.03954904526472092,0.020352737978100777,0.03355953469872475,0.024118345230817795,0.0831652283668518,0.08076371252536774,0.1475812792778015,0.16361770033836365,0.20840807259082794,0.2861988134720103,9.735595703125,0.28619882464408875,32.58989406557685,-1.913899889118144,34.01689750218731,47.54617408333976,1.3977222373169835,57.58014797901929,0.036037471145391464,0.034867994487285614,0.0478304848074913,0.04314878210425377,0.0424746535718441,0.034867994487285614,0.04811013489961624,0.0333741120994091,0.029232077300548553,0.049100495874881744,0.04721229150891304,0.04607906565070152,0.02666635252535343,0.04667619615793228,0.033773042261600494,0.04811013489961624,0.034117575734853745,0.12125857174396515,0.1817736029624939,0.2910209596157074,0.27533265948295593,0.3602856993675232,0.26265251066234097,12.777535438537598,0.26265251636505127,130.95917955521472,-6.27899428179206,48.648061297095516,87.70811078632153,1.8029107110905167,112.64979897437925,0.030848465859889984,0.023835327476263046,0.08511346578598022,0.06219951808452606,0.05358557775616646,0.023835327476263046,0.029637042433023453,0.0272409375756979,0.03509821742773056,0.033668339252471924,0.02787088230252266,0.06070176139473915,0.026528384536504745,0.0749194547533989,0.02919752150774002,0.05464697629213333,0.03179611265659332,0.16271108388900757,0.18050900101661682,0.38460835814476013,0.29504239559173584,0.4176584482192993,0.30504946116112397,12.26455307006836,0.30504944920539856,70.33840568537967,-3.6695488895448345,40.20512943502742,62.662051889670785,1.5585586409051202,77.64151814263936,0.03652096912264824,0.03194403648376465,0.07993452250957489,0.05701196938753128,0.053862493485212326,0.03194403648376465,0.04637030512094498,0.034385744482278824,0.03591034188866615,0.06628499925136566,0.05252598598599434,0.06108904257416725,0.03191741555929184,0.07473338395357132,0.03487260639667511,0.04721444845199585,0.03593577817082405,0.1559302806854248,0.21430420875549316,0.40213742852211,0.3379577398300171,0.46220529079437256,000049.tdms,48,480.0
13.77302360534668,826.3814163208008,0.06948179751634598,0.21790536382700948,8.238588333129883,0.21790535748004913,53.6207123741786,-2.8246772440691514,37.80810251036466,56.04976169725205,1.4824801557255258,69.1490852666472,0.022163541987538338,0.022110819816589355,0.023560959845781326,0.03180704265832901,0.03425591066479683,0.022110819816589355,0.023509297519922256,0.01885336823761463,0.023852752521634102,0.021262837573885918,0.02202538773417473,0.03575417771935463,0.01885336823761463,0.04084298014640808,0.0210742000490427,0.027704820036888123,0.021708417683839798,0.08312685787677765,0.07920360565185547,0.1352739930152893,0.1629328578710556,0.2021666169166565,0.28523348715943597,9.295735359191895,0.2852334976196289,31.806328236359455,-1.881135642931914,32.589915902812244,45.39782629388551,1.3930022534967035,54.91547334738754,0.031213194131851196,0.03092019073665142,0.028327466920018196,0.038483161479234695,0.04442162439227104,0.03092019073665142,0.05176973342895508,0.035137686878442764,0.027829859405755997,0.045838747173547745,0.044098835438489914,0.044286757707595825,0.02955326996743679,0.044560253620147705,0.03975275158882141,0.05176973342895508,0.03395391255617142,0.11246605962514877,0.17427271604537964,0.2846389412879944,0.2696506977081299,0.36057478189468384,0.2605934433162745,11.122547149658203,0.260593444108963,129.01479195555217,-6.2592849762804335,42.68160782602308,76.47339767541503,1.7917178281364792,98.0173036329015,0.03455604985356331,0.03236017003655434,0.04077744111418724,0.05672841891646385,0.054091062396764755,0.03236017003655434,0.03427492454648018,0.025014620274305344,0.028640056028962135,0.03318764641880989,0.031713441014289856,0.06420842558145523,0.026135923340916634,0.07126407325267792,0.02996208518743515,0.04772385209798813,0.030423423275351524,0.16377657651901245,0.17236188054084778,0.3490859866142273,0.27760767936706543,0.3802104592323303,0.3034668337023245,11.296836853027344,0.3034668266773224,69.87594034872866,-3.660550256413428,37.22593574791963,57.75933416738658,1.5515885096485307,71.49249133364636,0.034538235515356064,0.034871309995651245,0.035735879093408585,0.05423690006136894,0.05539800226688385,0.034871309995651245,0.05085979774594307,0.03176257759332657,0.03211825340986252,0.06707540899515152,0.04561227932572365,0.058857906609773636,0.027527643367648125,0.07146086543798447,0.03349551558494568,0.05085979774594307,0.03420815244317055,0.16119973361492157,0.2063855528831482,0.37460851669311523,0.32174548506736755,0.42987650632858276,000050.tdms,49,490.0
13.908173561096191,834.4904136657715,0.06130329519510269,0.22049587781722785,8.957837104797363,0.22049587965011597,61.27933473431846,-3.084876434939511,40.62587107511661,60.908333885525415,1.4992499181840764,75.30796450980087,0.024989532306790352,0.019334912300109863,0.02983037382364273,0.040296390652656555,0.034791991114616394,0.023369917646050453,0.020795177668333054,0.02325468696653843,0.02755202353000641,0.02096647210419178,0.025353793054819107,0.03945770114660263,0.02325468696653843,0.04453838989138603,0.025867914780974388,0.030456751585006714,0.02374815009534359,0.09229166060686111,0.081710584461689,0.1517215073108673,0.18561559915542603,0.21355414390563965,0.2831768155209246,9.4603271484375,0.28317680954933167,37.01681818118455,-2.1138266435156385,33.40784495734417,47.124887387746824,1.4105934533615343,57.15408693197493,0.0396973118185997,0.03236934915184975,0.03382313251495361,0.04645627737045288,0.038382839411497116,0.03236934915184975,0.04485030472278595,0.033493444323539734,0.028005294501781464,0.04446820542216301,0.04361815005540848,0.04581492766737938,0.033493444323539734,0.058043476194143295,0.03793516010046005,0.04485030472278595,0.038353294134140015,0.1234683245420456,0.16708296537399292,0.2856617867946625,0.28924912214279175,0.36404669284820557,0.2646998816457483,11.610746383666992,0.26469987630844116,131.35592353094464,-6.312725346375976,43.863814035269655,79.51571161492052,1.81278608264626,102.1970229671956,0.03770122677087784,0.02943759225308895,0.05646193400025368,0.06256449967622757,0.05600084736943245,0.03069770149886608,0.027697807177901268,0.03175485506653786,0.024238623678684235,0.030811656266450882,0.030259983614087105,0.06947465240955353,0.03175485506653786,0.08103270083665848,0.03596490994095802,0.05294952541589737,0.033973101526498795,0.1742536723613739,0.17920787632465363,0.3786100149154663,0.32254964113235474,0.4064512848854065,0.30497115942738784,10.85051155090332,0.3049711585044861,73.52146057174006,-3.7849377522258463,35.578812013818556,55.99236708372524,1.5737559495235032,69.51980729092415,0.03846655413508415,0.03306921571493149,0.0523005947470665,0.05981839820742607,0.05155961588025093,0.03306921571493149,0.04485408589243889,0.03379683941602707,0.029487647116184235,0.05849054828286171,0.03724117577075958,0.061873506754636765,0.03379683941602707,0.07340790331363678,0.036901406943798065,0.04598071426153183,0.04369700327515602,0.1606137603521347,0.2091972529888153,0.39774733781814575,0.3595588803291321,0.4644623398780823,000051.tdms,50,500.0
13.78334903717041,827.0009422302246,0.05016430467367172,0.22467254911242407,8.659631729125977,0.22467255592346191,62.368917181920125,-3.34453772051224,38.543345697265295,58.484473544880096,1.5173688865580148,72.48172221816107,0.0256302859634161,0.022057045251131058,0.022364186123013496,0.0381869412958622,0.03280837461352348,0.022057045251131058,0.02109719254076481,0.022375091910362244,0.02671193517744541,0.02289368025958538,0.02275725081562996,0.04042375832796097,0.022375091910362244,0.04805267974734306,0.022391995415091515,0.033438198268413544,0.024340128526091576,0.09831863641738892,0.08699013292789459,0.1649089902639389,0.1823730766773224,0.2200598269701004,0.2877874994551095,9.116145133972168,0.2877874970436096,38.774765967257885,-2.311517581047591,31.67665430650211,45.09917844961373,1.4237355376371439,54.8107460885913,0.02911476045846939,0.036773860454559326,0.031008873134851456,0.04136193171143532,0.04568557068705559,0.036773860454559326,0.048935744911432266,0.033981021493673325,0.02684646099805832,0.053253401070833206,0.041706111282110214,0.05042180418968201,0.03236112743616104,0.051115941256284714,0.032556019723415375,0.048935744911432266,0.03824156895279884,0.12322821468114853,0.1748536229133606,0.29441457986831665,0.28891292214393616,0.3716347813606262,0.2728036482075164,11.143611907958984,0.2728036344051361,132.3495582008915,-6.6096300191763655,40.84847098335817,75.61666558306072,1.851150453437223,97.74608412421017,0.034735340625047684,0.027442948892712593,0.035113029181957245,0.06526517122983932,0.05408114194869995,0.027442948892712593,0.035031259059906006,0.029582751914858818,0.02660183236002922,0.034239090979099274,0.031686894595623016,0.07321316003799438,0.029582751914858818,0.08330456167459488,0.031339243054389954,0.05623417720198631,0.03361240029335022,0.18867641687393188,0.19727057218551636,0.42307743430137634,0.3245444595813751,0.4272981882095337,0.3104311289501217,10.866720199584961,0.3104311227798462,76.69288526021545,-4.086610358047438,35.00525297297412,56.0745389355489,1.6018892644152969,69.90798273014921,0.03888167813420296,0.03506218269467354,0.0356108695268631,0.05946694314479828,0.05554844066500664,0.03506218269467354,0.052216917276382446,0.037384018301963806,0.03499298542737961,0.07564148306846619,0.047343041747808456,0.06891888380050659,0.03172031044960022,0.08328770101070404,0.032690148800611496,0.052991800010204315,0.04118228703737259,0.1828329861164093,0.21639271080493927,0.4413503408432007,0.3634716272354126,0.47923246026039124,000052.tdms,51,510.0
13.837615013122559,830.2569007873535,0.05160217359662056,0.2509812529010584,7.32445764541626,0.25098124146461487,37.275164934529236,-2.1968094532747835,29.183285846069552,41.412124227265544,1.4190356920635445,50.37138370125075,0.024011138826608658,0.022832386195659637,0.04145924001932144,0.03935317322611809,0.034823376685380936,0.022832386195659637,0.024894865229725838,0.024185622110962868,0.02204510010778904,0.026819538325071335,0.02687487192451954,0.04277919977903366,0.024185622110962868,0.04663610830903053,0.02683911845088005,0.03797214478254318,0.02385684847831726,0.08461229503154755,0.10110689699649811,0.1874825656414032,0.1920473873615265,0.2574506998062134,0.47803145846192574,7.86044454574585,0.4780314564704895,7.0640152942262215,-0.4528668381641174,16.443362474588938,21.21598475650417,1.290246127535697,25.229385600841486,0.17201976478099823,0.03961602598428726,0.04243229329586029,0.22100253403186798,0.041590917855501175,0.038323186337947845,0.0656212791800499,0.047704197466373444,0.04970528930425644,0.11195432394742966,0.04864602908492088,0.08171938359737396,0.047704197466373444,0.04896710813045502,0.05795356258749962,0.04617118462920189,0.0933697372674942,0.07259669899940491,0.5877752304077148,0.7354008555412292,0.9581910371780396,1.112921953201294,0.28243071356274624,9.817156791687012,0.2824307084083557,104.35913228592001,-5.524527394093023,34.75952267318116,59.348583551222546,1.7074050213299725,74.87507043169558,0.02840607613325119,0.028866413980722427,0.07371446490287781,0.06676160544157028,0.057075366377830505,0.028866413980722427,0.03235011175274849,0.03282403573393822,0.03203945234417915,0.03914481773972511,0.032511863857507706,0.07378467172384262,0.029811853542923927,0.07750241458415985,0.035066235810518265,0.056055597960948944,0.034177735447883606,0.16842888295650482,0.21329271793365479,0.4298676550388336,0.3356422185897827,0.461521178483963,0.39048661641815563,9.692001342773438,0.39048662781715393,29.328771894572974,-1.9060495883461814,24.8203163316478,34.8123357916768,1.4025742188985888,42.09725538005567,0.05479312315583229,0.036588240414857864,0.06771135330200195,0.09440959244966507,0.053719911724328995,0.036588240414857864,0.04418819397687912,0.037373390048742294,0.0359339714050293,0.08761347085237503,0.038896262645721436,0.06586310267448425,0.037373390048742294,0.07005099207162857,0.04270423948764801,0.04795994237065315,0.046390410512685776,0.12454146146774292,0.3126153349876404,0.49475476145744324,0.5048605799674988,0.7086029052734375,000053.tdms,52,520.0
13.810233116149902,828.6139869689941,0.048907846212387085,0.2414807497885973,6.81689453125,0.241480752825737,24.849165255478145,-1.5209505792810531,28.229556754390586,38.51085343713923,1.3642032629913532,46.446255796239626,0.023831453174352646,0.0217804666608572,0.033856261521577835,0.02938225120306015,0.0293133407831192,0.0217804666608572,0.02448182925581932,0.022171342745423317,0.020608723163604736,0.030416864901781082,0.025248441845178604,0.03279938921332359,0.022171342745423317,0.03248044103384018,0.02440769411623478,0.02448182925581932,0.021504221484065056,0.06639876216650009,0.08322200179100037,0.13347648084163666,0.1549082100391388,0.20530781149864197,0.5009572878693443,8.018960952758789,0.5009573101997375,4.901628760738471,-0.24719185961400114,16.00727476560882,20.413361348076098,1.2752552603103704,24.226525767160577,0.15090736746788025,0.057029031217098236,0.03178579360246658,0.28617605566978455,0.04857877269387245,0.04273032769560814,0.06192508339881897,0.044794898480176926,0.07459553331136703,0.1313203126192093,0.05267418920993805,0.08904848992824554,0.04734344407916069,0.042987287044525146,0.06648381054401398,0.05565725266933441,0.09851755201816559,0.05502704530954361,0.691051721572876,0.8781192898750305,1.115817904472351,1.2378406524658203,0.25701139715449833,9.001294136047363,0.25701138377189636,88.38587500242923,-4.765697912952449,35.02293764286406,55.683319274231394,1.5899100138899087,69.10233294104275,0.027804933488368988,0.02257305011153221,0.05860131233930588,0.05163554102182388,0.04171203449368477,0.02363130822777748,0.029352739453315735,0.02615896612405777,0.0291129220277071,0.03846144303679466,0.03185483068227768,0.06043190136551857,0.02615896612405777,0.05764422193169594,0.03547591343522072,0.040879085659980774,0.02830701507627964,0.12983375787734985,0.14614027738571167,0.27874621748924255,0.24965593218803406,0.3312712013721466,0.3807640151927855,9.623760223388672,0.3807640075683594,20.335629359114723,-1.369911912537405,25.274868000633,34.216374725684474,1.3537706596460777,41.0943558782738,0.05592383071780205,0.03367222100496292,0.05847897753119469,0.11681649833917618,0.04595126956701279,0.03367222100496292,0.03899792954325676,0.035764001309871674,0.03948821499943733,0.08527854084968567,0.03944268077611923,0.05841546878218651,0.035764001309871674,0.05847061797976494,0.03923770785331726,0.04752352461218834,0.046333931386470795,0.09813639521598816,0.2974869906902313,0.44351911544799805,0.4306085407733917,0.6214299201965332,000054.tdms,53,530.0
13.82093334197998,829.2560005187988,1.0612233877182007,0.24043020934754053,8.465044975280762,0.24043020606040955,26.68739165458704,-1.640518142395424,35.207909181847384,48.36317840184974,1.3736452838496012,58.42083739407441,0.022921821102499962,0.031367227435112,0.02473405934870243,0.028533034026622772,0.03042222373187542,0.031367227435112,0.021871021017432213,0.02514193020761013,0.02103062905371189,0.025476906448602676,0.02405780740082264,0.030687537044286728,0.02514193020761013,0.03418482095003128,0.024849658831954002,0.02274492010474205,0.02306610718369484,0.05987631157040596,0.084781214594841,0.1404823362827301,0.16158580780029297,0.2144574671983719,0.49696594821437823,9.259058952331543,0.4969659447669983,5.228345791874987,-0.28186723569718997,18.631173796916613,23.760207657734583,1.2752931144717679,28.171572352751216,0.13934822380542755,0.03769300505518913,0.03692092373967171,0.22502079606056213,0.05041868984699249,0.03896665945649147,0.061378639191389084,0.052088115364313126,0.061948396265506744,0.11517008394002914,0.05458075553178787,0.062303852289915085,0.052088115364313126,0.044112641364336014,0.06915482878684998,0.04675457626581192,0.09062083065509796,0.06146213412284851,0.6742595434188843,0.8674486875534058,1.0653674602508545,1.242265224456787,0.2599688860497048,11.078912734985352,0.2599688768386841,93.18095522441773,-4.957266037049887,42.61630267887949,68.32729835911904,1.6033136162462505,84.91129331992686,0.030798906460404396,0.05161415785551071,0.05528489500284195,0.040857650339603424,0.0424046665430069,0.05161415785551071,0.033266790211200714,0.03448563441634178,0.03317166119813919,0.03438622131943703,0.034533556550741196,0.05439567565917969,0.03205765411257744,0.051862962543964386,0.03485700488090515,0.03958830609917641,0.02866278775036335,0.11269959807395935,0.15542882680892944,0.2936747074127197,0.2698309123516083,0.3699369430541992,0.3794133440653227,10.538568496704102,0.37941333651542664,22.325645074537206,-1.5006083917480826,27.775956385154714,37.74721058241385,1.3589886900379935,45.33584658183348,0.04847177863121033,0.04690149426460266,0.04125120863318443,0.06960935890674591,0.05151357874274254,0.04690149426460266,0.040817998349666595,0.04104257747530937,0.03743235766887665,0.07168865948915482,0.04461092874407768,0.05427177622914314,0.04104257747530937,0.05463426932692528,0.040282584726810455,0.04022854194045067,0.042989470064640045,0.08329526335000992,0.26752424240112305,0.4183666706085205,0.4494040608406067,0.6307409405708313,000055.tdms,54,540.0
13.837615013122559,830.2569007873535,1.316306710243225,0.23688652337662885,7.9838056564331055,0.23688651621341705,29.131971874200023,-1.6998224368556587,33.70308087868533,46.42460816270687,1.3774588836496235,56.12479415235922,0.02502867765724659,0.021041274070739746,0.021550221368670464,0.029500851407647133,0.025569802150130272,0.021434225142002106,0.02550407126545906,0.027429118752479553,0.02127452753484249,0.020605329424142838,0.027132688090205193,0.02818307839334011,0.027429118752479553,0.029861385002732277,0.027227869257330894,0.026286901906132698,0.022367550060153008,0.05192340165376663,0.07635228335857391,0.12837260961532593,0.1544516533613205,0.19818143546581268,0.4841548819456431,9.072198867797852,0.4841548800468445,5.4880736790476075,-0.30379409863110357,18.7382162322519,23.91488535309462,1.2762626419014593,28.360042897647112,0.15048538148403168,0.03885774314403534,0.043292559683322906,0.24488034844398499,0.0630914568901062,0.03885774314403534,0.05719776824116707,0.04297123849391937,0.04568558186292648,0.09653167426586151,0.05189627781510353,0.05093535780906677,0.04297123849391937,0.04458126425743103,0.09976226836442947,0.04861530661582947,0.09413877129554749,0.06337887048721313,0.6991044282913208,0.8797622919082642,0.965511679649353,1.100420355796814,0.25729054297589216,11.539058685302734,0.2572905421257019,96.91179400694612,-4.983229492973555,44.84835918117648,72.3392334577579,1.612973914285804,90.06808222644958,0.029800282791256905,0.02693146839737892,0.03509685769677162,0.05388914421200752,0.03803686052560806,0.03350873664021492,0.028787177056074142,0.04163270816206932,0.02860349416732788,0.033076755702495575,0.04541769623756409,0.047239501029253006,0.04163270816206932,0.052680596709251404,0.03919515386223793,0.040003255009651184,0.026013070717453957,0.11102248728275299,0.15022863447666168,0.2686312198638916,0.24836929142475128,0.3380826711654663,0.3716007583851667,11.904980659484863,0.3716007471084595,23.750170661040663,-1.5371750485825062,32.03701927633116,43.70663365312918,1.364254061095487,52.55210196117893,0.04738146439194679,0.0428154431283474,0.03580383583903313,0.10191130638122559,0.04045597091317177,0.03589462861418724,0.03953172266483307,0.04193361476063728,0.03504490852355957,0.08009777218103409,0.04323643818497658,0.05170728266239166,0.04193361476063728,0.044944241642951965,0.05838733911514282,0.04179750755429268,0.03690203279256821,0.08400288969278336,0.2534966468811035,0.4090794324874878,0.4197024703025818,0.5687201023101807,000056.tdms,55,550.0
13.724742889404297,823.4845733642578,1.1583420038223267,0.24279720714823042,8.880427360534668,0.24279721081256866,35.08728760593316,-2.077466705711389,36.57549221772171,51.25802650255531,1.4014309417200284,62.16798361376402,0.022772226482629776,0.022160138934850693,0.022499507293105125,0.030955472961068153,0.037440888583660126,0.02909947745501995,0.025352319702506065,0.03816038370132446,0.024217963218688965,0.024067576974630356,0.03964274004101753,0.034630607813596725,0.03816038370132446,0.032601118087768555,0.030701810494065285,0.02744930610060692,0.021597692742943764,0.06233934313058853,0.08669033646583557,0.14111508429050446,0.16891440749168396,0.21015246212482452,0.5004337634655432,9.321454048156738,0.5004337430000305,5.819948241912342,-0.3397517137799812,18.626748890012806,23.811383594316805,1.2783435120598996,28.24257437375058,0.13257497549057007,0.04362061619758606,0.045652538537979126,0.16034549474716187,0.09351581335067749,0.043480873107910156,0.07284650206565857,0.04118476063013077,0.06370852142572403,0.12115510553121567,0.05173143371939659,0.04961931332945824,0.0566508024930954,0.04841630533337593,0.10965098440647125,0.04271763935685158,0.09010539948940277,0.07682651281356812,0.7637401819229126,0.87067711353302,1.0577963590621948,1.197329044342041,0.27042799505409193,10.566207885742188,0.27042800188064575,101.752714631776,-5.398215322224873,39.07216737538101,64.61447326744005,1.6537212447588203,80.8655682597626,0.0311465784907341,0.03047570399940014,0.033945102244615555,0.04690234363079071,0.04920414090156555,0.04026191309094429,0.04355665296316147,0.06033497303724289,0.029598115012049675,0.031059032306075096,0.0673258900642395,0.06039990857243538,0.06033497303724289,0.05543800815939903,0.05498000979423523,0.04355665296316147,0.028952425345778465,0.12401147186756134,0.17167451977729797,0.303128182888031,0.2858735918998718,0.3668729066848755,0.3833984444958788,10.060946464538574,0.3833984434604645,26.21447368863638,-1.745290493960709,26.241490045082124,36.20743698060771,1.3797782411899773,43.63172229328841,0.04401209205389023,0.035155829042196274,0.03849483281373978,0.0990140363574028,0.05294742062687874,0.04185931757092476,0.04311864450573921,0.05050090327858925,0.03955811634659767,0.0988086611032486,0.05429418012499809,0.051873739808797836,0.05050090327858925,0.05628497153520584,0.052628278732299805,0.04101229086518288,0.04512086138129234,0.09414882957935333,0.2808329463005066,0.4320445656776428,0.44432544708251953,0.6161452531814575,000057.tdms,56,560.0
17.58919906616211,1055.3519439697266,1.8393046855926514,0.23502613853107404,7.171123027801514,0.23502613604068756,29.622459255212366,-1.711071167478526,30.51202335459969,42.11801177493939,1.380374263792968,50.933342137250136,0.02071058563888073,0.018430693075060844,0.026452062651515007,0.025413936004042625,0.02560046687722206,0.030466020107269287,0.02371017076075077,0.045595549046993256,0.026819560676813126,0.025049710646271706,0.04299430921673775,0.033447638154029846,0.045595549046993256,0.03236221522092819,0.0377107709646225,0.031573064625263214,0.022028647363185883,0.03760812431573868,0.08251647651195526,0.1277432143688202,0.14228247106075287,0.19210362434387207,0.5031581026643407,8.684213638305664,0.5031580924987793,5.122961758536772,-0.2557693861774603,17.259413278491802,22.028548209443446,1.276320802683067,26.135831766885545,0.11174289137125015,0.03622543439269066,0.037791185081005096,0.168855220079422,0.09629911184310913,0.04136987775564194,0.07492672652006149,0.05274001881480217,0.06263069808483124,0.14378130435943604,0.07067055255174637,0.05911339074373245,0.0624304823577404,0.05494515225291252,0.17897847294807434,0.13977843523025513,0.08328712731599808,0.0701519176363945,0.7798492312431335,1.1434720754623413,1.1640160083770752,1.1796354055404663,0.25724665361290927,10.134008407592773,0.25724664330482483,97.58127822394316,-5.007817463773114,39.394131139376746,63.503133549423445,1.6119947746721168,79.0075266136022,0.028713563457131386,0.02547917142510414,0.04325747489929199,0.03416375070810318,0.03962568938732147,0.05583729222416878,0.04358895123004913,0.08109408617019653,0.04524163901805878,0.04641177877783775,0.08422570675611496,0.05946292728185654,0.08109408617019653,0.05166352167725563,0.07169264554977417,0.06585230678319931,0.0284760519862175,0.06441264599561691,0.19747310876846313,0.2907736301422119,0.29116204380989075,0.37697097659111023,0.37860793729075176,10.005707740783691,0.37860792875289917,22.629746622024403,-1.4700364668463581,26.427622760322148,35.93511006722156,1.3597556765935732,43.17678469410291,0.05255160480737686,0.029570527374744415,0.041678983718156815,0.07008139789104462,0.04724693298339844,0.05386226624250412,0.04018399864435196,0.06387574225664139,0.05588779225945473,0.0900220274925232,0.06877405941486359,0.05164875090122223,0.06387574225664139,0.05069852992892265,0.07693806290626526,0.07180926203727722,0.04698878526687622,0.050556425005197525,0.29869866371154785,0.40997618436813354,0.4262673556804657,0.6091982126235962,000058.tdms,57,570.0
13.788634300231934,827.318058013916,0.0448627807199955,0.21296547964863827,8.032598495483398,0.2129654735326767,51.67066952833853,-2.685239187297455,37.71784285761244,54.97415781396726,1.4575106540821714,67.50221837995741,0.019526254385709763,0.02252449095249176,0.017588594928383827,0.03771943598985672,0.036270737648010254,0.02252449095249176,0.023684339597821236,0.01996476761996746,0.026064444333314896,0.02316312864422798,0.024689937010407448,0.042624492198228836,0.019722985103726387,0.04086879640817642,0.02180756814777851,0.03229306638240814,0.023910852149128914,0.08387313783168793,0.08424413949251175,0.14492397010326385,0.1715926229953766,0.2078975886106491,0.3036223892705877,8.403239250183105,0.30362239480018616,22.372150872656565,-1.3699539347210175,27.676612618623967,37.3717338524656,1.3503001385118083,44.88319969387898,0.027966026216745377,0.05121611803770065,0.02518520876765251,0.04895744472742081,0.05058728903532028,0.05121611803770065,0.05178868770599365,0.05221255123615265,0.026136666536331177,0.06435269117355347,0.05037049204111099,0.04765591025352478,0.032733477652072906,0.04833458736538887,0.04034612327814102,0.05178868770599365,0.04631089046597481,0.11993073672056198,0.2108166515827179,0.3167911767959595,0.3371068239212036,0.4412429928779602,0.25146161419914925,10.046521186828613,0.25146162509918213,124.17376974859714,-5.9899225355293755,39.95250415783978,68.78137924997853,1.7215786769771657,87.04861470131176,0.02889680676162243,0.028075307607650757,0.020971428602933884,0.0664878711104393,0.05482277646660805,0.028075307607650757,0.030307499691843987,0.026436801999807358,0.02804812230169773,0.03112461231648922,0.03447047993540764,0.07634086906909943,0.026436801999807358,0.0715186819434166,0.03256084769964218,0.0497313067317009,0.030568933114409447,0.15424704551696777,0.18703457713127136,0.3521867096424103,0.29031071066856384,0.38408589363098145,0.3097767908457851,9.738519668579102,0.30977678298950195,54.72098724139057,-2.9960162576874287,31.437215299409534,46.566012391696276,1.4812384604742934,57.035955456286025,0.03478178754448891,0.03801250830292702,0.027294687926769257,0.06560391187667847,0.05191977694630623,0.03801250830292702,0.054423317313194275,0.03401070460677147,0.03541509062051773,0.0679887980222702,0.07153432071208954,0.06849946826696396,0.033424440771341324,0.06452203541994095,0.0345279797911644,0.06448721140623093,0.03820941224694252,0.16706889867782593,0.2982363998889923,0.44085341691970825,0.36934196949005127,0.4639480710029602,000059.tdms,58,580.0
13.837615013122559,830.2569007873535,0.09486886113882065,0.21124323128685357,7.888326644897461,0.21124322712421417,49.83053765661532,-2.6346453602418713,37.342387715067964,54.19587544431522,1.4513232484715148,66.46771948080153,0.022148163989186287,0.027815382927656174,0.024702977389097214,0.024540696293115616,0.028344877064228058,0.027815382927656174,0.02047812193632126,0.020358772948384285,0.0246229637414217,0.02174871787428856,0.02047693356871605,0.027940800413489342,0.020358772948384285,0.03120153769850731,0.023137545213103294,0.02570696547627449,0.022444818168878555,0.06350794434547424,0.0678877979516983,0.11871904134750366,0.15029916167259216,0.1792900562286377,0.289890174026891,8.820662498474121,0.2898901700973511,24.919483274651675,-1.5162431150515523,30.427600825324603,41.281601161795216,1.3567156148386477,49.60445049153453,0.03646199405193329,0.04053446650505066,0.024671167135238647,0.03468708693981171,0.04467611387372017,0.04053446650505066,0.04592728987336159,0.05010329559445381,0.030513528734445572,0.05816847085952759,0.04667610302567482,0.03588452190160751,0.0357317253947258,0.03514176979660988,0.04593315348029137,0.04592728987336159,0.040766142308712006,0.09717648476362228,0.17756569385528564,0.273926317691803,0.27683931589126587,0.3650776445865631,0.24706164258136962,10.116822242736816,0.24706164002418518,128.78059148233305,-6.187930218667877,40.94857516947353,70.7319620999251,1.7273363433816027,89.58946732704752,0.03154892474412918,0.04634217172861099,0.04363806173205376,0.04373734071850777,0.040074966847896576,0.04634217172861099,0.027976442128419876,0.025813862681388855,0.026725439354777336,0.02807300165295601,0.027495024725794792,0.04908462241292,0.025704341009259224,0.05301307141780853,0.03344688192009926,0.042747266590595245,0.030800893902778625,0.12487185746431351,0.15082907676696777,0.2874736785888672,0.2490205466747284,0.3330451250076294,0.29683864521488895,9.574590682983398,0.296838641166687,60.912171317864335,-3.293453970170118,32.25520274171886,48.26346474552199,1.4963001513891603,59.18736089768697,0.03479672968387604,0.04264385998249054,0.03945619612932205,0.04539410024881363,0.04398588091135025,0.04264385998249054,0.050642456859350204,0.031020332127809525,0.025323208421468735,0.06782330572605133,0.05188201367855072,0.04652252048254013,0.03046569973230362,0.04935191199183464,0.03690259903669357,0.050642456859350204,0.036555055528879166,0.12548410892486572,0.20491769909858704,0.333507239818573,0.3014877140522003,0.4060184061527252,000060.tdms,59,590.0
13.788634300231934,827.318058013916,0.10125689953565598,0.21020950862101026,8.609764099121094,0.21020950376987457,52.286236839999596,-2.6996713535562717,40.95801448565184,59.75172657422214,1.4588531041990327,73.44246012589569,0.021069897338747978,0.016125502064824104,0.01560492254793644,0.03246122971177101,0.028272774070501328,0.01686420664191246,0.019782118499279022,0.02126099355518818,0.026377324014902115,0.021617021411657333,0.020388109609484673,0.03464822471141815,0.02126099355518818,0.03633980080485344,0.022819995880126953,0.027475900948047638,0.02263609506189823,0.07616691291332245,0.07660046964883804,0.1301003396511078,0.1613788604736328,0.18335095047950745,0.2832272354912214,9.411092758178711,0.28322723507881165,27.08082825781529,-1.6126789054721475,33.2280641791259,45.45967353306428,1.368110802001591,54.777920250610514,0.029147155582904816,0.04535454884171486,0.02556540071964264,0.03919372335076332,0.040205009281635284,0.04535454884171486,0.04888090863823891,0.039923958480358124,0.025292715057730675,0.0582190565764904,0.0499563030898571,0.036972638219594955,0.03884439170360565,0.04143231734633446,0.029883619397878647,0.04888090863823891,0.04445846006274223,0.11613794416189194,0.1914241909980774,0.28220421075820923,0.28138405084609985,0.3600180149078369,0.24516011048456918,10.61476993560791,0.24516011774539948,128.5182929237258,-6.155773325282422,43.29729626335775,75.55375728576092,1.7449994296688136,96.09434649962645,0.02873309515416622,0.021808326244354248,0.018581721931695938,0.05340287834405899,0.044786568731069565,0.021808326244354248,0.025868704542517662,0.02979494258761406,0.02318338304758072,0.02777901105582714,0.033557821065187454,0.06676792353391647,0.02979494258761406,0.06556972861289978,0.0326244980096817,0.04730945825576782,0.03172364458441734,0.15137560665607452,0.16719701886177063,0.31438595056533813,0.2571561336517334,0.3367493748664856,0.29235084221299246,10.461712837219238,0.2923508286476135,63.075782539934266,-3.3554440569594517,35.784787750320035,54.0565711187412,1.510601976904495,66.46359960301004,0.03231489658355713,0.030206024646759033,0.02257853001356125,0.05217064917087555,0.04519069939851761,0.030206024646759033,0.05852881819009781,0.03609180822968483,0.026712490245699883,0.0705588087439537,0.05282262712717056,0.058563556522130966,0.03126346692442894,0.060018740594387054,0.0343351885676384,0.05852881819009781,0.03614083305001259,0.1413075178861618,0.2067970335483551,0.3530955910682678,0.30526238679885864,0.40033766627311707,000061.tdms,60,600.0
13.778146743774414,826.6888046264648,0.11811353266239166,0.212608947243803,6.9525604248046875,0.2126089483499527,51.671025496312204,-2.7115138135559507,32.70116575494843,47.979150624888945,1.4672000070097992,59.02708679968681,0.019888069480657578,0.04242608696222305,0.018247226253151894,0.03310700133442879,0.028076378628611565,0.04242608696222305,0.025334488600492477,0.021729715168476105,0.021611109375953674,0.028811702504754066,0.02370585687458515,0.034528858959674835,0.020106477662920952,0.034042440354824066,0.021961495280265808,0.02369617111980915,0.02235995978116989,0.06629089266061783,0.07544349879026413,0.13015390932559967,0.15984703600406647,0.1960352510213852,0.28338334498845635,7.541699409484863,0.2833833396434784,27.895258787227462,-1.6817922399607124,26.61306510370987,36.59446491911603,1.3750563783806604,44.118504111672515,0.03772968798875809,0.04432074353098869,0.023440340533852577,0.038288332521915436,0.039445508271455765,0.04432074353098869,0.045550521463155746,0.03846995532512665,0.031849153339862823,0.06389111280441284,0.0365469865500927,0.0428176149725914,0.030071325600147247,0.042884502559900284,0.03849172964692116,0.045550521463155746,0.033082179725170135,0.09185890853404999,0.1768396645784378,0.2690107226371765,0.28070294857025146,0.3707372546195984,0.25067011607860257,9.655464172363281,0.25067010521888733,129.29848743503214,-6.196456983739,38.51860893276812,67.84470775618352,1.7613488554221242,86.41632176740202,0.025939645245671272,0.07355804741382599,0.02627537027001381,0.054591406136751175,0.04547804221510887,0.07355804741382599,0.03860250860452652,0.028650444000959396,0.028582066297531128,0.03929606452584267,0.03366607427597046,0.05765646696090698,0.025315985083580017,0.05974145233631134,0.03153444454073906,0.040098559111356735,0.03331704065203667,0.12912899255752563,0.16942454874515533,0.31686118245124817,0.27269747853279114,0.376517653465271,0.29788005254849004,9.767043113708496,0.29788005352020264,64.20651377472208,-3.400001891866592,32.78851010716328,49.86370931949906,1.5207677676273972,61.373401534810796,0.030736705288290977,0.06529081612825394,0.02615761011838913,0.05151211842894554,0.0436357818543911,0.06529081612825394,0.03601519390940666,0.026995982974767685,0.031061051413416862,0.07093492150306702,0.043774645775556564,0.05245829001069069,0.027439793571829796,0.05764596909284592,0.03922727704048157,0.03601519390940666,0.03578654304146767,0.12242943793535233,0.20738345384597778,0.3518953323364258,0.3074544668197632,0.4368038475513458,000062.tdms,61,610.0
13.886210441589355,833.1726264953613,0.03329365700483322,0.21664238485728218,9.168756484985352,0.2166423797607422,56.83196558774014,-2.8414010121012607,42.322080653910206,62.73443223592611,1.4823097368236307,77.35625030028082,0.023105012252926826,0.018515605479478836,0.014546596445143223,0.0436827689409256,0.03626459464430809,0.018515605479478836,0.02393750473856926,0.019281918182969093,0.023241372779011726,0.022587865591049194,0.023255787789821625,0.03355267271399498,0.017715124413371086,0.043088845908641815,0.022322075441479683,0.02915540337562561,0.02228117734193802,0.08403917402029037,0.07668609917163849,0.1386311948299408,0.16836392879486084,0.19477704167366028,0.2846506025143788,9.734052658081055,0.284650593996048,32.567841967352585,-1.8675348300044439,34.19649413034125,47.537956721648186,1.3901412390537884,57.44645453486242,0.03426330164074898,0.03502614051103592,0.02308415248990059,0.0485922172665596,0.04323817417025566,0.03502614051103592,0.044576775282621384,0.043779343366622925,0.02760911174118519,0.06604994833469391,0.04077819362282753,0.04281505569815636,0.02914155274629593,0.052399616688489914,0.03176833689212799,0.044576775282621384,0.03611597418785095,0.11896469444036484,0.16634303331375122,0.2740446925163269,0.29098570346832275,0.3617713749408722,0.2577199625343134,11.404653549194336,0.2577199637889862,130.80927444527626,-6.158533323756054,44.25211550182456,78.71468424837961,1.778777881141843,100.51864016015446,0.031600020825862885,0.02292207069694996,0.018354862928390503,0.07025950402021408,0.06208309158682823,0.02292207069694996,0.03224360570311546,0.027470024302601814,0.022629542276263237,0.02842208556830883,0.033010032027959824,0.06375674903392792,0.02680826745927334,0.08246073871850967,0.034007590264081955,0.04755771532654762,0.033468544483184814,0.1633985936641693,0.17477835714817047,0.35028666257858276,0.2865530252456665,0.365497350692749,0.3033489879408616,11.079851150512695,0.30334898829460144,67.41699756082096,-3.4478630895630755,36.525096805903075,56.1058994042585,1.5360917372076845,69.21360482334697,0.035588085651397705,0.024277642369270325,0.019956743344664574,0.06064049154520035,0.054927002638578415,0.028322607278823853,0.049996308982372284,0.032131437212228775,0.0275921281427145,0.07159627228975296,0.044916581362485886,0.06491219252347946,0.027589868754148483,0.07220745831727982,0.035912562161684036,0.049996308982372284,0.03622595965862274,0.15578104555606842,0.20537933707237244,0.3762615919113159,0.3239338994026184,0.432700514793396,000063.tdms,62,620.0
13.78334903717041,827.0009422302246,0.023862376809120178,0.21339419940815915,7.864322662353516,0.2133941948413849,53.14412422048354,-2.7673693802684602,36.853497818426746,54.211138245830284,1.47099031177238,66.73241296350947,0.021132973954081535,0.017020491883158684,0.026086414232850075,0.03621259704232216,0.027697958052158356,0.017883431166410446,0.02067514695227146,0.019958818331360817,0.024242669343948364,0.02020716667175293,0.022631727159023285,0.03721635043621063,0.018554672598838806,0.03757580369710922,0.022863540798425674,0.029578736051917076,0.019478468224406242,0.07507040351629257,0.07082676887512207,0.1227409839630127,0.16128459572792053,0.1838313639163971,0.28017668433058807,8.660828590393066,0.28017669916152954,31.041539188527054,-1.84056756334612,30.91202471428322,42.84515952351378,1.3860353671274317,51.75771533014553,0.03268105164170265,0.04460349306464195,0.022642703726887703,0.044670410454273224,0.03835449367761612,0.04460349306464195,0.06164965406060219,0.03921988978981972,0.026677098125219345,0.06082240492105484,0.040833212435245514,0.050053276121616364,0.030384114012122154,0.04452573135495186,0.039303846657276154,0.06164965406060219,0.037903863936662674,0.11029411852359772,0.1687580645084381,0.26834630966186523,0.2735237181186676,0.34653353691101074,0.62861505721219,42.564414978027344,0.6286150813102722,474.66754343046455,-13.370294397627408,67.71141494254672,160.25384882518642,2.3667183585095977,227.7625427019981,0.10654185712337494,0.056657105684280396,0.06649740040302277,0.12225191295146942,0.08061180263757706,0.05888178199529648,0.16310670971870422,0.10275857150554657,0.07463404536247253,0.28606653213500977,0.2463839054107666,0.19755692780017853,0.09426483511924744,0.13577109575271606,0.13815568387508392,0.17847469449043274,0.28190410137176514,0.2643139958381653,4.186002731323242,3.8832221031188965,2.1389377117156982,1.8332977294921875,2.460867647663154,126.00029754638672,2.4608676433563232,790.7179063034091,-22.7517084911234,51.20157423583382,187.44759089540312,3.6609731964884875,286.9936243055086,0.3610870838165283,0.17185111343860626,0.14706367254257202,0.491049587726593,0.3239591717720032,0.17185111343860626,0.5358490347862244,0.3840526044368744,0.2068750262260437,1.066050410270691,0.996464729309082,1.073638916015625,0.42606455087661743,0.41361409425735474,0.42918428778648376,0.7864013910293579,0.7828682065010071,0.8614115118980408,92.15678405761719,55.15794372558594,23.167661666870117,14.258872985839844,000064.tdms,63,630.0
13.837615013122559,830.2569007873535,0.0995100662112236,0.2415779271819221,9.121749877929688,0.24157792329788208,31.247534608311053,-1.757645930253903,37.759036946535616,52.070721220210864,1.3790267292552953,62.91589784903501,0.022095100954174995,0.023538989946246147,0.023740092292428017,0.03258240222930908,0.031975146383047104,0.023538989946246147,0.02772640250623226,0.022042835131287575,0.02282237634062767,0.022275051102042198,0.024103514850139618,0.03262999653816223,0.022462593391537666,0.0378626212477684,0.023114090785384178,0.026009254157543182,0.02321496605873108,0.05542735010385513,0.08313311636447906,0.14727294445037842,0.16088807582855225,0.21721251308918,0.5007190302672033,9.626359939575195,0.5007190108299255,5.538675167724645,-0.28873997991944483,19.225073060311274,24.58790016982028,1.278949634817262,29.19884639265397,0.11693442612886429,0.04337818920612335,0.03622467443346977,0.24960371851921082,0.062188733369112015,0.04337818920612335,0.057766143232584,0.0670996904373169,0.0729479193687439,0.12470202893018723,0.04802465811371803,0.06990720331668854,0.0670996904373169,0.04861205071210861,0.06761974096298218,0.04726196080446243,0.10510130971670151,0.06545155495405197,0.7395695447921753,0.9566528797149658,1.103431224822998,1.1646695137023926,0.2616504323812171,10.776664733886719,0.2616504430770874,101.85060347304909,-5.140238884209169,41.18726132347999,66.88592302395773,1.6239468436282622,83.31596620214613,0.029670054093003273,0.04260716959834099,0.049581147730350494,0.05186951160430908,0.04586198925971985,0.04260716959834099,0.03171813115477562,0.030072489753365517,0.029416508972644806,0.03132052347064018,0.033003561198711395,0.05949325114488602,0.030072489753365517,0.06235215440392494,0.0310332290828228,0.04342567175626755,0.028854288160800934,0.11907655000686646,0.15870866179466248,0.30179667472839355,0.2568005919456482,0.36833900213241577,0.3875456936875183,10.68698501586914,0.38754570484161377,23.09086975101488,-1.489220021535742,27.576064422705613,37.51906966660989,1.3605665076600775,45.09913160500013,0.04998985677957535,0.04256420210003853,0.048426054418087006,0.08694775402545929,0.04882526025176048,0.04256420210003853,0.04146074503660202,0.039141397923231125,0.038420841097831726,0.08472026139497757,0.03986010327935219,0.055347587913274765,0.039141397923231125,0.061927687376737595,0.03827865421772003,0.040923748165369034,0.05156518518924713,0.09697083383798599,0.30063700675964355,0.459948867559433,0.4561299681663513,0.631015956401825,000065.tdms,64,640.0
13.788634300231934,827.318058013916,0.051778439432382584,0.24754654744049592,6.769982814788818,0.24754655361175537,27.554898540621586,-1.681309418651769,27.348322506562752,37.61068410462443,1.37524647428006,45.41713722296981,0.022510292008519173,0.020474234595894814,0.016981996595859528,0.030485142022371292,0.03156335651874542,0.020474234595894814,0.02627698890864849,0.021210910752415657,0.02118781954050064,0.02704736217856407,0.02485072799026966,0.03646649792790413,0.021210910752415657,0.03944150358438492,0.025450371205806732,0.03299320861697197,0.027200961485505104,0.0684240534901619,0.08072853833436966,0.14382316172122955,0.1653624325990677,0.2184167206287384,0.5130504141346103,8.204538345336914,0.5130504369735718,5.242223650152721,-0.2754479138591858,15.991680582065117,20.454558889251718,1.2790750030482587,24.295845408612173,0.18747861683368683,0.03295179083943367,0.047248147428035736,0.3056078255176544,0.0431654118001461,0.034406986087560654,0.07656063139438629,0.04591700807213783,0.043305590748786926,0.12282859534025192,0.049078911542892456,0.07624047249555588,0.05676735192537308,0.04206042364239693,0.07006628066301346,0.04846370592713356,0.08211419731378555,0.05854169651865959,0.7956764698028564,0.8927919268608093,1.308756947517395,1.3174564838409424,0.2657083492780536,10.385466575622559,0.2657083570957184,101.11490602556914,-5.1650910940279955,39.08596249926104,63.40591476425777,1.622217049547047,78.9469248751362,0.031651571393013,0.03011743538081646,0.023368993774056435,0.05487596616148949,0.04976073279976845,0.03011743538081646,0.032963983714580536,0.025629505515098572,0.028398504480719566,0.03409914672374725,0.028904980048537254,0.06898841261863708,0.026687074452638626,0.06449694186449051,0.03788226842880249,0.052102230489254,0.029944391921162605,0.1404145509004593,0.15727849304676056,0.30541637539863586,0.2608432471752167,0.35647568106651306,0.3867656602247277,10.70434284210205,0.38676565885543823,24.023398410096732,-1.5637047736821352,27.676559588776215,37.80094402867658,1.3658108012820405,45.45773066301641,0.04001738131046295,0.03567523509263992,0.03341235592961311,0.13100607693195343,0.05674651265144348,0.03567523509263992,0.04261229932308197,0.033344872295856476,0.03388996049761772,0.08434145897626877,0.04068143665790558,0.0586051419377327,0.036455683410167694,0.05787805840373039,0.04090321063995361,0.04435424134135246,0.04980560019612312,0.10104503482580185,0.28530600666999817,0.4504142999649048,0.47053641080856323,0.6219347715377808,000066.tdms,65,650.0
13.892308235168457,833.5384941101074,0.04594595730304718,0.24036388472885714,6.8576979637146,0.24036388099193573,28.194627179257452,-1.7037260899102327,28.53048398452387,39.18575509064848,1.373469693395474,47.30077698258397,0.02079528197646141,0.023284288123250008,0.022482052445411682,0.03314312547445297,0.029584651812911034,0.023284288123250008,0.024191787466406822,0.020840708166360855,0.023289192467927933,0.025439098477363586,0.025610148906707764,0.03514972701668739,0.020840708166360855,0.03767228126525879,0.025198612362146378,0.02680221199989319,0.024898547679185867,0.06375061720609665,0.07618925720453262,0.1344054937362671,0.16319695115089417,0.2034786492586136,0.5147189068548804,7.975398540496826,0.5147188901901245,4.969450527763343,-0.26246650581584674,15.494667932890613,19.723213726373746,1.2729032859431066,23.380426383941774,0.15992853045463562,0.04627111181616783,0.05335883051156998,0.33259347081184387,0.04125035181641579,0.04627111181616783,0.06416056305170059,0.045179370790719986,0.05027360841631889,0.11534471809864044,0.0587589330971241,0.07583680748939514,0.05172707885503769,0.05196627601981163,0.06874639540910721,0.051880110055208206,0.09784755855798721,0.0724601149559021,0.7853183746337891,0.9862016439437866,1.076269268989563,1.3112232685089111,0.2591461884410576,9.565043449401855,0.25914618372917175,96.66286847389436,-5.063057446255841,36.90983651714951,59.17864838343166,1.603330005429185,73.48359816505392,0.026456160470843315,0.024903640151023865,0.036308418959379196,0.0644831657409668,0.05224945768713951,0.02386770211160183,0.02787151373922825,0.022969519719481468,0.026202615350484848,0.033259015530347824,0.031855568289756775,0.063930943608284,0.02380717545747757,0.0663398951292038,0.03521696478128433,0.048732999712228775,0.02957046590745449,0.1317528337240219,0.14192920923233032,0.28090086579322815,0.2576017379760742,0.34286054968833923,0.38283379164670933,9.937339782714844,0.3828337788581848,21.713208585958466,-1.4462373248393758,25.95732142654043,35.20691734496248,1.356338613157699,42.283065872583066,0.04849302023649216,0.0355210117995739,0.03603263199329376,0.11465174704790115,0.05144887417554855,0.0355210117995739,0.03825145959854126,0.03322316333651543,0.03544759377837181,0.08487376570701599,0.03695647045969963,0.06138523295521736,0.03291885182261467,0.05477801710367203,0.041488345712423325,0.04256288334727287,0.05419481173157692,0.1089530885219574,0.2802498936653137,0.44561514258384705,0.4664344787597656,0.6478146314620972,000067.tdms,66,660.0
13.837615013122559,830.2569007873535,0.8523693084716797,0.2375215630404807,7.024519443511963,0.23752157390117645,24.086008599364988,-1.4827193616668692,29.574238875797466,40.31046257014349,1.363026204645022,48.603342413289425,0.02255149371922016,0.022509414702653885,0.01708635874092579,0.028412973508238792,0.031038081273436546,0.02120864950120449,0.026130273938179016,0.022928476333618164,0.018914012238383293,0.02546897903084755,0.028291823342442513,0.03290163353085518,0.022928476333618164,0.03262869641184807,0.02489079162478447,0.028995487838983536,0.025628043338656425,0.06612759828567505,0.08667925000190735,0.14138442277908325,0.1568813920021057,0.2051135152578354,0.505277468352281,7.532721042633057,0.5052774548530579,4.613244617043535,-0.22952847846790528,14.908088158368502,18.887860338315722,1.2669538935958877,22.337961439245944,0.19376690685749054,0.038405366241931915,0.040840476751327515,0.22508595883846283,0.046070586889982224,0.032558757811784744,0.06619536131620407,0.09085439145565033,0.0639331042766571,0.12151237577199936,0.053165875375270844,0.07024970650672913,0.09085439145565033,0.047860048711299896,0.061278991401195526,0.049376554787158966,0.11188501119613647,0.06311439722776413,0.8016487956047058,0.9047112464904785,1.0620241165161133,1.1387529373168945,0.2535767838542932,9.837924003601074,0.25357678532600403,86.81300690655141,-4.631189942970912,38.7966274122871,61.25093681535198,1.5787696225356298,75.86519063741694,0.029822789132595062,0.03812505304813385,0.022151730954647064,0.04852389544248581,0.04279705137014389,0.03812505304813385,0.031204896047711372,0.03400680795311928,0.022363996133208275,0.029904700815677643,0.03664490208029747,0.05782089754939079,0.03400680795311928,0.05615704134106636,0.03480888530611992,0.04530248045921326,0.03723180666565895,0.12890875339508057,0.15847830474376678,0.28661131858825684,0.24911068379878998,0.33955198526382446,0.37940132596523735,9.714651107788086,0.3794013261795044,19.37276878050128,-1.306704248314008,25.605211270869916,34.500796767545395,1.3474130872255545,41.378413986108185,0.055816683918237686,0.033932093530893326,0.02982424944639206,0.09941928088665009,0.04942432790994644,0.03530794382095337,0.04086477681994438,0.04437003284692764,0.035527002066373825,0.07800085842609406,0.04398005083203316,0.05288342759013176,0.04437003284692764,0.04700930416584015,0.0498606339097023,0.039636313915252686,0.05679742991924286,0.09441380947828293,0.2813100516796112,0.4343259930610657,0.4445289373397827,0.6194523572921753,000068.tdms,67,670.0
17.58919906616211,1055.3519439697266,1.8410966396331787,0.24286496868317037,6.811135292053223,0.2428649663925171,21.425840590004718,-1.3241047480196726,28.044947482478186,37.93653744100421,1.3527048843541625,45.66608748517525,0.022947268560528755,0.017931029200553894,0.023391712456941605,0.021103383973240852,0.025654932484030724,0.029121410101652145,0.02457740530371666,0.036498431116342545,0.02418195642530918,0.0284369345754385,0.04033389687538147,0.02648630179464817,0.036498431116342545,0.030287792906165123,0.034821003675460815,0.0291611198335886,0.024136798456311226,0.033650051802396774,0.0804671123623848,0.12208335101604462,0.14291977882385254,0.1886812448501587,0.5557188466289783,8.034673690795898,0.5557188391685486,4.2009914840291325,-0.17274820379435563,14.458163043299107,18.351775966931818,1.269302048398,21.750875409947778,0.1201360747218132,0.055052220821380615,0.03963392227888107,0.1440044492483139,0.08549598604440689,0.04882703348994255,0.10548917204141617,0.07770047336816788,0.05928486958146095,0.12695741653442383,0.09770216792821884,0.05920378863811493,0.07770047336816788,0.054776180535554886,0.19484305381774902,0.14614933729171753,0.09893627464771271,0.10516858845949173,0.9441921710968018,1.363857626914978,1.3065452575683594,1.432792067527771,0.2652397587809849,9.656434059143066,0.26523974537849426,71.17977369461627,-4.005473946771817,36.4064350816901,55.47768311751907,1.523842776504654,68.1706896244337,0.02891356684267521,0.02648019976913929,0.038506362587213516,0.02702743373811245,0.03592982515692711,0.0488584041595459,0.038993943482637405,0.07004880905151367,0.03376977518200874,0.04122954234480858,0.07143514603376389,0.04543090984225273,0.07004880905151367,0.048115864396095276,0.06555207818746567,0.053655706346035004,0.025223346427083015,0.05953988432884216,0.16257941722869873,0.24484758079051971,0.2610631585121155,0.33867669105529785,0.4212810078763043,9.112594604492188,0.42128100991249084,13.644392984760675,-0.9522248703385976,21.630679841061834,28.60103148491867,1.3222437618731204,34.17473917285186,0.055186931043863297,0.03569506108760834,0.0397275947034359,0.057901591062545776,0.04135063290596008,0.04357457533478737,0.0404362790286541,0.06063462048768997,0.040740106254816055,0.08676006644964218,0.07838719338178635,0.04692509025335312,0.06063462048768997,0.047739360481500626,0.08552583307027817,0.051216010004282,0.03877752274274826,0.05954371392726898,0.3010290265083313,0.4294794797897339,0.4337431788444519,0.6187388896942139,000069.tdms,68,680.0
17.58919906616211,1055.3519439697266,1.0607401132583618,0.24041882853772856,7.373531818389893,0.24041882157325745,18.569741937557158,-1.1859041129075345,30.669527271374985,41.186235058078054,1.3429041371797963,49.508336036188176,0.02125626988708973,0.018675414845347404,0.025667829439044,0.019980531185865402,0.022793278098106384,0.026235399767756462,0.02859065681695938,0.04257214069366455,0.026150859892368317,0.02665635384619236,0.0382007472217083,0.029584774747490883,0.04257214069366455,0.03141509369015694,0.04474155977368355,0.031173428520560265,0.020536908879876137,0.024777259677648544,0.07902073860168457,0.11643113195896149,0.12482844293117523,0.17998738586902618,0.5775187896792904,8.372994422912598,0.5775187611579895,3.753584832366121,-0.12465256708541027,14.498219923826749,18.31465838517415,1.2632349682511965,21.67094345948678,0.1343338042497635,0.046574823558330536,0.04139311611652374,0.11599516123533249,0.1059403344988823,0.04835188388824463,0.11899013072252274,0.08515097200870514,0.07462971657514572,0.1834033727645874,0.08415896445512772,0.07869705557823181,0.08515097200870514,0.06420248746871948,0.20557482540607452,0.19694897532463074,0.0854896679520607,0.10738951712846756,1.1176865100860596,1.5509593486785889,1.3054978847503662,1.5701878070831299,0.2626839957937223,10.07352066040039,0.2626839876174927,62.57536388972052,-3.62533341956785,38.34843698780499,57.16408513748646,1.4906496751266538,69.90787555896618,0.031187288463115692,0.026244424283504486,0.04565279930830002,0.025322657078504562,0.035522542893886566,0.048447079956531525,0.04044783487915993,0.08063235878944397,0.040308877825737,0.0409618616104126,0.07862291485071182,0.05397450178861618,0.08063235878944397,0.04719842970371246,0.07397785037755966,0.05866040661931038,0.027415255084633827,0.046579938381910324,0.17494821548461914,0.24468392133712769,0.2577195167541504,0.3468206524848938,0.4342936974876012,9.351696014404297,0.4342936873435974,10.768790776675361,-0.772304448024262,21.533114729741804,28.191284793736287,1.3092060831681789,33.62195498164495,0.06202082708477974,0.03373391181230545,0.04228317737579346,0.044255390763282776,0.043533388525247574,0.045038431882858276,0.047085776925086975,0.06744370609521866,0.06553734838962555,0.10361349582672119,0.077487513422966,0.0476907417178154,0.06744370609521866,0.04899866506457329,0.0993104800581932,0.08829393982887268,0.04457725211977959,0.04648265242576599,0.3264748454093933,0.44838860630989075,0.4356335997581482,0.6586428284645081,000070.tdms,69,690.0
13.837615013122559,830.2569007873535,0.049162957817316055,0.21845525230123355,7.880814552307129,0.2184552550315857,40.890316570347196,-2.2845934353406854,36.07518917164817,51.34938338214966,1.423398866678865,62.67975196425522,0.020987985655665398,0.018522776663303375,0.01616491936147213,0.027742084115743637,0.030011536553502083,0.018522776663303375,0.020606281235814095,0.01943017914891243,0.022556517273187637,0.02137182094156742,0.022322285920381546,0.03630318492650986,0.01881512813270092,0.03464270383119583,0.02417794056236744,0.023582443594932556,0.020060919225215912,0.06944059580564499,0.07025844603776932,0.11637285351753235,0.1518109142780304,0.18137353658676147,0.37713097048374356,9.382894515991211,0.37713098526000977,10.10518932154822,-0.649861486993171,24.879671123153397,32.43924484957277,1.3038454041052143,38.690383818736876,0.04083626717329025,0.05675861984491348,0.03815765678882599,0.06275838613510132,0.052389223128557205,0.05675861984491348,0.06784430891275406,0.04747488349676132,0.03319591283798218,0.09515495598316193,0.08803727477788925,0.046224918216466904,0.03382182866334915,0.04387984052300453,0.0690145343542099,0.06784430891275406,0.06319039314985275,0.1901547759771347,0.33067139983177185,0.5092071294784546,0.48496392369270325,0.6080443859100342,0.2597703718167609,9.999197006225586,0.25977036356925964,99.8864793019058,-5.133184209403372,38.49244598717712,62.19762508212256,1.615839770297847,77.42410109762719,0.03429548069834709,0.026283496990799904,0.023872436955571175,0.04672284424304962,0.04727575182914734,0.026283496990799904,0.029267894104123116,0.02452392876148224,0.023361362516880035,0.03065132163465023,0.03260656073689461,0.06173735484480858,0.025571541860699654,0.05937134101986885,0.031717605888843536,0.04020509123802185,0.03051493503153324,0.13820117712020874,0.15655598044395447,0.28271085023880005,0.2467925101518631,0.33176904916763306,0.36635015257515535,10.04527473449707,0.3663501441478729,26.563313927192453,-1.7062828145067668,27.41987321115233,37.720225938525154,1.3756528211510264,45.44964180865024,0.034517958760261536,0.03722424432635307,0.02912740781903267,0.04546947404742241,0.05681195855140686,0.03722424432635307,0.054461799561977386,0.036291129887104034,0.031172189861536026,0.08696717023849487,0.06063605472445488,0.06363615393638611,0.033255454152822495,0.05783545598387718,0.037681274116039276,0.054461799561977386,0.04764033481478691,0.14189490675926208,0.2423335164785385,0.4035772979259491,0.3653542995452881,0.5155375003814697,000071.tdms,70,700.0
13.8319673538208,829.918041229248,0.05038377642631531,0.21660486946298918,7.780354022979736,0.21660487353801727,40.03028638007616,-2.2485523818186417,35.91957116323809,50.99334185874396,1.419653414763847,62.21550811922117,0.021556463092565536,0.019467763602733612,0.024956759065389633,0.03396102413535118,0.028982937335968018,0.019467763602733612,0.021365294232964516,0.020656712353229523,0.021678002551198006,0.021379534155130386,0.022463995963335037,0.035224296152591705,0.020656712353229523,0.03587847575545311,0.022458883002400398,0.028337262570858,0.0221426859498024,0.06719226390123367,0.0728239119052887,0.12292458862066269,0.1481359899044037,0.18519610166549683,0.41468603940245136,9.118152618408203,0.41468605399131775,7.508540600685985,-0.4830878079149259,21.988086774146424,28.33537409283199,1.2886693773716003,33.68387447460261,0.039232056587934494,0.06910299509763718,0.0433177724480629,0.051990944892168045,0.06959953904151917,0.06910299509763718,0.08697202056646347,0.061303626745939255,0.034006159752607346,0.133875772356987,0.09049960225820541,0.050212614238262177,0.04272338002920151,0.056673791259527206,0.05918663367629051,0.08697202056646347,0.09012157469987869,0.21067504584789276,0.37850919365882874,0.6275671720504761,0.5628859996795654,0.7101507186889648,0.26007357248737545,9.52171802520752,0.26007357239723206,92.11740895146922,-4.864858173865333,36.61163237056593,58.214986828118334,1.5900680482884044,72.18857126862544,0.031795382499694824,0.027361828833818436,0.039091356098651886,0.054532501846551895,0.04517241567373276,0.027361828833818436,0.028690138831734657,0.029094180092215538,0.02669428661465645,0.031543150544166565,0.03270091861486435,0.0640375092625618,0.029094180092215538,0.06212086230516434,0.033938467502593994,0.046742409467697144,0.03330586850643158,0.13525520265102386,0.15628176927566528,0.2898774743080139,0.24045626819133759,0.3397539258003235,0.3808085676685468,9.106611251831055,0.380808562040329,21.533182335390897,-1.4435090918863753,23.91388226264223,32.42965246238191,1.3561015357612112,38.94824733756931,0.03515499457716942,0.044027023017406464,0.038308072835206985,0.05216970667243004,0.04928043112158775,0.044027023017406464,0.05687623471021652,0.036306098103523254,0.03159431740641594,0.0986187607049942,0.058080315589904785,0.06217937543988228,0.036306098103523254,0.055224061012268066,0.042824938893318176,0.05687623471021652,0.046600326895713806,0.12934651970863342,0.24729754030704498,0.3988177180290222,0.37467503547668457,0.5213636159896851,000072.tdms,71,710.0
13.880207061767578,832.8124237060547,0.05241341143846512,0.22277009295595573,7.700247764587402,0.222770094871521,40.924741364693844,-2.19834566767901,34.56589554913833,49.293088930951505,1.4260613864575626,60.17366861694388,0.024131150916218758,0.01746501587331295,0.015763092786073685,0.03649064153432846,0.032336167991161346,0.0176969226449728,0.022915463894605637,0.02033134549856186,0.02429981902241707,0.020272016525268555,0.02220758982002735,0.03539068624377251,0.02033134549856186,0.03796437382698059,0.0226092878729105,0.029080700129270554,0.021697187796235085,0.08145958185195923,0.07433221489191055,0.13552844524383545,0.16408771276474,0.19323694705963135,0.42840648780953616,8.350621223449707,0.4284064769744873,7.611557733456527,-0.4399698004216466,19.492284690054188,25.206151516667166,1.2931347924303835,30.01559271597634,0.04193408414721489,0.06925068795681,0.04976453632116318,0.04825747758150101,0.08266341686248779,0.06925068795681,0.07249616086483002,0.0684412345290184,0.035170815885066986,0.10747276991605759,0.09946971386671066,0.04970692843198776,0.03988931328058243,0.05097467824816704,0.03996933624148369,0.07249616086483002,0.06340242922306061,0.2093295007944107,0.42484840750694275,0.5875352621078491,0.572179913520813,0.7722841501235962,0.278809515689321,9.754638671875,0.278809517621994,78.4886056624443,-4.215530113628193,34.986749457807775,54.672007734325646,1.562648962295205,67.58431847993,0.03299984708428383,0.02541583590209484,0.023127397522330284,0.06328755617141724,0.049775175750255585,0.02541583590209484,0.0302727110683918,0.02800598181784153,0.026098813861608505,0.030314018949866295,0.03138989955186844,0.0730629414319992,0.02800598181784153,0.06793609261512756,0.03451056405901909,0.05188470333814621,0.0344669409096241,0.15952637791633606,0.16416990756988525,0.3303415775299072,0.285447895526886,0.3783886432647705,0.4490491961723127,13.153289794921875,0.4490492045879364,16.05212369816786,-1.0108782705490942,29.29142264820933,39.024016484210236,1.3322677069287343,46.7378357393652,0.04207484424114227,0.04850515350699425,0.03317461535334587,0.058961521834135056,0.051149968057870865,0.04850515350699425,0.05947573110461235,0.04254323989152908,0.03149927407503128,0.0614464096724987,0.05735339969396591,0.06172491982579231,0.03630087152123451,0.06455975770950317,0.03474677354097366,0.05947573110461235,0.054684385657310486,0.1520688235759735,0.26698869466781616,0.4301168918609619,0.40282610058784485,0.5549911260604858,000073.tdms,72,720.0
13.815542221069336,828.9325332641602,0.06655046343803406,0.22442975533034523,7.540581226348877,0.22442975640296936,47.697991274723755,-2.6279775040135998,33.598847956901515,48.68157770536188,1.448906157967307,59.65112268259486,0.02389436960220337,0.020433079451322556,0.01625126786530018,0.03742409870028496,0.030498577281832695,0.020433079451322556,0.02208293043076992,0.019078291952610016,0.022275453433394432,0.023305658251047134,0.0210952777415514,0.03970014303922653,0.019078291952610016,0.035883862525224686,0.02260863222181797,0.0316452831029892,0.021995259448885918,0.08051097393035889,0.07603354752063751,0.13492396473884583,0.1612975299358368,0.1948017179965973,0.32990734490193663,7.9567108154296875,0.3299073576927185,18.122567444594857,-1.1990776422758649,24.118016583701042,32.290467352792305,1.3388525229978574,38.708222344828705,0.03182229399681091,0.046709638088941574,0.028190545737743378,0.04414482042193413,0.04368807375431061,0.046709638088941574,0.053851574659347534,0.05062621831893921,0.029432011768221855,0.08222714066505432,0.06022905558347702,0.05051835998892784,0.03630118817090988,0.04049501195549965,0.03767181932926178,0.053851574659347534,0.051757846027612686,0.13351382315158844,0.23694971203804016,0.34738361835479736,0.33469700813293457,0.4306814670562744,0.36943075091735145,11.497806549072266,0.3694307506084442,40.030048436978475,-2.2096604311644206,31.123035969587004,47.85819967935947,1.5377098727169753,60.206117102910795,0.03884530067443848,0.030181176960468292,0.026625605300068855,0.05895334109663963,0.047455888241529465,0.030181176960468292,0.04067970812320709,0.03239855170249939,0.028508177027106285,0.12484098970890045,0.05006416514515877,0.07513640820980072,0.03239855170249939,0.0717332512140274,0.04635775461792946,0.05972137674689293,0.04055521637201309,0.14111293852329254,0.36121320724487305,0.450410932302475,0.34072592854499817,0.42812594771385193,0.48070560602855683,17.25657081604004,0.4807056188583374,19.46927286433682,-1.0808721208646983,35.898418074647736,49.59089787931441,1.3814229300075094,60.348622558702694,0.044982217252254486,0.04257017374038696,0.030804699286818504,0.06435737013816833,0.051884595304727554,0.04257017374038696,0.052022211253643036,0.041926298290491104,0.03702358156442642,0.1598495990037918,0.07309665530920029,0.06266129016876221,0.041926298290491104,0.06565706431865692,0.04566885903477669,0.05598902702331543,0.05072815716266632,0.15289165079593658,0.4354996085166931,0.5439752340316772,0.4676278531551361,0.6247670650482178,000074.tdms,73,730.0
13.680488586425781,820.8293151855469,0.05132012441754341,0.20716693318675425,6.992227554321289,0.20716693997383118,39.05397315628275,-2.182939926463389,33.751658369234164,48.04710258042511,1.4235479055518574,58.729313335378116,0.020550522953271866,0.03199366107583046,0.01615542732179165,0.029237253591418266,0.023323267698287964,0.03199366107583046,0.020251281559467316,0.01871364936232567,0.022414924576878548,0.022879233583807945,0.022507432848215103,0.031100569292902946,0.01871364936232567,0.02933606319129467,0.021927371621131897,0.024719979614019394,0.020679853856563568,0.05393122509121895,0.062461331486701965,0.10300496220588684,0.13793230056762695,0.1667267084121704,0.30664019979459595,7.242125511169434,0.3066402077674866,15.455441978666556,-0.9955562664304548,23.617664989849985,31.289743270150918,1.3248449109426403,37.42993960696801,0.032558735460042953,0.03846020996570587,0.02730436623096466,0.03551974892616272,0.049841105937957764,0.03846020996570587,0.04163257032632828,0.04110962525010109,0.03138042613863945,0.06183648854494095,0.049664318561553955,0.04198219254612923,0.03172839432954788,0.036808598786592484,0.04378997161984444,0.04163257032632828,0.04879187420010567,0.08433063328266144,0.196549654006958,0.28916361927986145,0.2935759425163269,0.3850966691970825,0.26377147630061243,9.30749797821045,0.2637714743614197,76.73297908730174,-4.12826599550961,35.28621861904042,55.34105986023498,1.5683477013423304,68.93869839854146,0.029621902853250504,0.05323030427098274,0.025466658174991608,0.04616396129131317,0.036426641047000885,0.05323030427098274,0.03237680718302727,0.025003032758831978,0.02519293501973152,0.0364501029253006,0.0321747325360775,0.058485954999923706,0.024934176355600357,0.04810190200805664,0.03094254806637764,0.039184387773275375,0.03035156801342964,0.10319880396127701,0.15575963258743286,0.2505965232849121,0.21909746527671814,0.3027109205722809,0.370176365934969,10.404499053955078,0.37017637491226196,23.020417602972532,-1.4340656044398146,28.10687016086515,38.93920727840954,1.385398198217989,47.20783641625535,0.03701825812458992,0.04637512192130089,0.0274851955473423,0.04405435174703598,0.03849133104085922,0.04637512192130089,0.04169931635260582,0.03508898615837097,0.033190399408340454,0.08090496063232422,0.041191887110471725,0.049124885350465775,0.03508898615837097,0.0579802542924881,0.037600431591272354,0.04169931635260582,0.03649866208434105,0.11666037887334824,0.2551240622997284,0.3433845639228821,0.3225997984409332,0.4510332942008972,000075.tdms,74,740.0
13.8319673538208,829.918041229248,0.046401169151067734,0.20346829858037607,10.889098167419434,0.20346829295158386,45.955448910204595,-2.2975608753114485,53.51741889716502,76.11401014186846,1.4222287193656202,93.02668428680728,0.019530747085809708,0.015783613547682762,0.02403992973268032,0.027240384370088577,0.025133704766631126,0.015783613547682762,0.02054828591644764,0.01954195834696293,0.025291113182902336,0.01799420639872551,0.020762795582413673,0.03148607164621353,0.01954195834696293,0.03211768716573715,0.01908806897699833,0.022220604121685028,0.019800428301095963,0.05899922549724579,0.059738051146268845,0.10203885287046432,0.1403038054704666,0.15829451382160187,0.29860656602983576,11.222206115722656,0.2986065745353699,17.495494655345546,-1.060157671171136,37.58191343522356,49.820714769720524,1.3256566847132956,59.5942051178577,0.030575761571526527,0.045032188296318054,0.02610301785171032,0.038272980600595474,0.0409247949719429,0.045032188296318054,0.039627715945243835,0.04706156253814697,0.02870837040245533,0.0625155121088028,0.04856877774000168,0.04397803917527199,0.03721444308757782,0.04301099851727486,0.03538412228226662,0.039627715945243835,0.053890377283096313,0.09516925364732742,0.19040727615356445,0.2719760835170746,0.2836381793022156,0.3607906997203827,0.301461317945696,34.120513916015625,0.3014613091945648,1575.620533116793,-21.510513305807848,113.1837217077448,209.98249079797583,1.8552357850555414,264.4258123754298,0.05375202000141144,0.0347793847322464,0.046845387667417526,0.06486064940690994,0.060318779200315475,0.0347793847322464,0.06519028544425964,0.05232875421643257,0.04338214546442032,0.09957248717546463,0.09344587475061417,0.09193231165409088,0.047002218663692474,0.06234264746308327,0.06009034067392349,0.0703345388174057,0.06177093833684921,0.12413082271814346,0.6510487794876099,0.7582286596298218,0.5671871304512024,0.5859719514846802,0.3587596434782419,16.080141067504883,0.35875964164733887,45.21701463789007,-2.0426574775881776,44.821488034732404,63.12965412423634,1.408468502324529,76.57780204240076,0.03360075503587723,0.0362776555120945,0.0432368703186512,0.05376015231013298,0.0424523651599884,0.0362776555120945,0.046508871018886566,0.031121952459216118,0.03451317548751831,0.08615043014287949,0.04710077494382858,0.05908558890223503,0.03159327059984207,0.05165448784828186,0.03781424090266228,0.046508871018886566,0.040925681591033936,0.12399400025606155,0.22670234739780426,0.3573855757713318,0.32264840602874756,0.4408625066280365,000076.tdms,75,750.0
13.921815872192383,835.308952331543,0.08740217983722687,0.32151643771617455,6.762507438659668,0.3215164244174957,9.315100874506545,-0.5607333584504365,21.033162368604664,27.801047733655412,1.3217721256767785,33.4282424287734,0.03362160921096802,0.026840390637516975,0.027221325784921646,0.06743229180574417,0.03397488221526146,0.02515009418129921,0.03237359970808029,0.031524065881967545,0.027821408584713936,0.12301630526781082,0.07729362696409225,0.06406363099813461,0.03773874789476395,0.04175247997045517,0.0331367664039135,0.03720240667462349,0.03201446682214737,0.05904090777039528,0.23892532289028168,0.26187723875045776,0.27930980920791626,0.3125876188278198,0.5935776862019061,7.4103498458862305,0.5935776829719543,3.8391754668041207,-0.13693446948226884,12.484212291237633,15.777964108363518,1.2638333713243317,18.663077342031062,0.14977632462978363,0.06776279211044312,0.06337472796440125,0.26992008090019226,0.07338494062423706,0.05341307073831558,0.0723346620798111,0.06456061452627182,0.062165942043066025,0.12209038436412811,0.06230633333325386,0.08789587765932083,0.06456061452627182,0.057068053632974625,0.07572801411151886,0.05617435276508331,0.10913781076669693,0.06905020773410797,0.9865456819534302,1.2476826906204224,1.496909260749817,1.6701948642730713,0.7190286676636615,33.02836990356445,0.719028651714325,10.5730111351203,-0.4356613324209339,45.93470523349712,61.048713785645596,1.3290324488928436,73.76336551431436,0.057176750153303146,0.05557332560420036,0.06608951091766357,0.12487806379795074,0.06907447427511215,0.05557332560420036,0.06756091117858887,0.06061237305402756,0.055278994143009186,0.18435585498809814,0.21341441571712494,0.10669747740030289,0.0635824203491211,0.06967003643512726,0.07173097878694534,0.07082033157348633,0.063852459192276,0.12395764887332916,0.9945281744003296,0.9862229824066162,0.9492236375808716,1.0881116390228271,1.0475033255185164,22.534866333007812,1.0475033521652222,5.304354790770005,-0.12078079193744692,21.512930588409354,28.3671708454471,1.3186102529764423,34.24502460244523,0.11593503504991531,0.08234156668186188,0.07129135727882385,0.31788718700408936,0.09333126991987228,0.08511299639940262,0.13233789801597595,0.10123265534639359,0.08068110048770905,0.8678016662597656,0.3261660039424896,0.1849215030670166,0.12921470403671265,0.13578738272190094,0.11595496535301208,0.13963107764720917,0.11822926253080368,0.15343694388866425,4.648244857788086,3.323460578918457,3.0694470405578613,2.7631561756134033,000077.tdms,76,760.0
13.892308235168457,833.5384941101074,0.03187498822808266,0.2942061423478669,8.200653076171875,0.2942061424255371,13.194772105941434,-0.8511234429609409,27.873833668895635,37.00188762324936,1.3274775211326493,44.41337557020035,0.027298983186483383,0.0222286619246006,0.020556055009365082,0.045494358986616135,0.03155961260199547,0.023620128631591797,0.02892661653459072,0.027478497475385666,0.02284749038517475,0.11179550737142563,0.050470590591430664,0.0480811633169651,0.027478497475385666,0.041799575090408325,0.029292678460478783,0.03271699324250221,0.028151849284768105,0.06506776809692383,0.15561184287071228,0.1894684135913849,0.20398637652397156,0.26829975843429565,0.6132978692202311,8.858979225158691,0.6132978796958923,3.903021176442013,-0.1479228706152172,14.44482309456303,18.25281888687518,1.2636235672381106,21.58884552201373,0.18389075994491577,0.04083734005689621,0.060519032180309296,0.31308579444885254,0.05250905454158783,0.04083734005689621,0.09553156793117523,0.05011286586523056,0.05154944583773613,0.1585148274898529,0.06405866891145706,0.12014959752559662,0.07187073677778244,0.06226065009832382,0.07588471472263336,0.06929534673690796,0.1253000795841217,0.09675558656454086,1.1634840965270996,1.3314049243927002,1.546295404434204,1.8005986213684082,0.5774586936082887,11.005311965942383,0.5774586796760559,8.738070537610456,-0.5640795648062092,19.05818041663719,25.085451888601156,1.3162563970011716,30.08539976736585,0.052167732268571854,0.03839169815182686,0.03504859283566475,0.06611014902591705,0.06193336471915245,0.03893400356173515,0.057635799050331116,0.04759155958890915,0.040627822279930115,0.14556264877319336,0.06566096842288971,0.05678897351026535,0.04759155958890915,0.06449689716100693,0.05686597526073456,0.05773075297474861,0.0532914400100708,0.10996253788471222,0.5345678329467773,0.6526010036468506,0.6482283473014832,0.7655860781669617,0.8148444536888179,11.19871997833252,0.8148444294929504,4.70757983806671,-0.18164873418518504,13.74338369444092,17.718914623568885,1.289268714133044,21.150582748092095,0.07770677655935287,0.06412594765424728,0.07220590114593506,0.14872711896896362,0.07534217089414597,0.07234176993370056,0.10583961755037308,0.08260511606931686,0.06165781989693642,0.46084487438201904,0.1488342136144638,0.1561635434627533,0.08559764921665192,0.08420881628990173,0.09638440608978271,0.08537306636571884,0.0905999019742012,0.12135922163724899,1.6556452512741089,1.5814793109893799,1.5257409811019897,1.7917066812515259,000078.tdms,77,770.0
13.680488586425781,820.8293151855469,0.04046875610947609,0.29729453358585534,7.393118381500244,0.2972945272922516,12.422833294706844,-0.7931093989161518,24.867993004537347,32.86517188041419,1.3215852149555332,39.39955672871599,0.030126534402370453,0.02879278175532818,0.02594437636435032,0.033692050725221634,0.028487499803304672,0.02879278175532818,0.029923848807811737,0.02922659181058407,0.025035690516233444,0.11221958696842194,0.05336747318506241,0.04610573872923851,0.02738923206925392,0.03576138615608215,0.03183785080909729,0.030737444758415222,0.029913179576396942,0.04787074774503708,0.14997388422489166,0.18187382817268372,0.21039485931396484,0.2630794048309326,0.6112670624190661,8.125051498413086,0.61126708984375,3.8918524023272094,-0.14204834130242217,13.292146752122557,16.815362309776596,1.2650599352652676,19.90411478821498,0.13244667649269104,0.05531911551952362,0.05488573759794235,0.20581333339214325,0.06587925553321838,0.04911833256483078,0.07439421862363815,0.09217216074466705,0.06893155723810196,0.12023863196372986,0.06481426954269409,0.08207035064697266,0.09217216074466705,0.06400270015001297,0.07362204790115356,0.05828264728188515,0.10602753609418869,0.06257808208465576,1.0815784931182861,1.3262689113616943,1.6332340240478516,1.805034875869751,0.5682712761940093,15.671916961669922,0.568271279335022,9.715677419583203,-0.61042444386103,27.578231767462217,36.292677028524196,1.3159899929241874,43.504665766390055,0.044907741248607635,0.05103345960378647,0.050889287143945694,0.060206338763237,0.05587393790483475,0.05103345960378647,0.05505078285932541,0.04459685459733009,0.04395946487784386,0.17805208265781403,0.0779501423239708,0.06393995136022568,0.04459685459733009,0.06302085518836975,0.052091822028160095,0.05776706337928772,0.04922176152467728,0.09681548923254013,0.43626606464385986,0.5835503935813904,0.5666770339012146,0.723806619644165,0.8297670387318518,14.459576606750488,0.8297670483589172,4.911103277045422,-0.19251621941935562,17.42606771757206,22.55062100522243,1.2940739913734458,26.966646797445023,0.0928606390953064,0.06516881287097931,0.06419490277767181,0.1263146996498108,0.07879795134067535,0.0645931139588356,0.09802886098623276,0.08455538004636765,0.06789901107549667,0.5644102692604065,0.23694665729999542,0.16182518005371094,0.07650768756866455,0.10694998502731323,0.08993569016456604,0.08439753949642181,0.08392182737588882,0.10516076534986496,2.001082420349121,1.6081489324569702,1.6550636291503906,1.7883968353271484,000079.tdms,78,780.0
13.837615013122559,830.2569007873535,0.5356390476226807,0.2809154984978832,7.779214382171631,0.2809154987335205,18.561165794968105,-1.171331398622699,27.692364514484947,37.22746391147402,1.3443223272610607,44.77036740590886,0.028266891837120056,0.027867168188095093,0.021286696195602417,0.03606897592544556,0.036860790103673935,0.027867168188095093,0.032414089888334274,0.028704775497317314,0.02531346119940281,0.08026886731386185,0.04397135600447655,0.03812797740101814,0.03114328160881996,0.03722510114312172,0.02904464490711689,0.03236975148320198,0.026751305907964706,0.0679391473531723,0.12715622782707214,0.19057883322238922,0.22519737482070923,0.26823365688323975,0.6170531259398679,8.561692237854004,0.6170531511306763,4.051997955211282,-0.15925299190149977,13.875129835560292,17.550267772226952,1.264872327698709,20.760912083107666,0.18427467346191406,0.04668731242418289,0.0915364995598793,0.2719246447086334,0.05233459919691086,0.04668731242418289,0.08254750072956085,0.05973150581121445,0.05681506171822548,0.1442064493894577,0.07309264689683914,0.06335748732089996,0.06689748913049698,0.052386656403541565,0.07184655964374542,0.07265284657478333,0.11731085926294327,0.08109697699546814,1.103567123413086,1.4139087200164795,1.6562292575836182,1.7219879627227783,0.5612036814618505,53.18962478637695,0.56120365858078,64.44411770998562,-1.283281498340962,94.77775457179119,127.33498480789426,1.3435113058248491,153.57303129829197,0.04797736927866936,0.04437008500099182,0.03689378872513771,0.07089348882436752,0.06966911256313324,0.04437008500099182,0.05846386030316353,0.043149638921022415,0.04270005226135254,0.21167533099651337,0.12093813717365265,0.07730329036712646,0.04984339699149132,0.06817884743213654,0.06461464613676071,0.05755677446722984,0.054146658629179,0.11866495758295059,0.5329440832138062,0.6704449653625488,0.6657879948616028,0.7685297727584839,0.8188000132304024,11.800585746765137,0.8188000321388245,5.8050675224906865,-0.20819445336038847,14.412048798348719,18.952033346530833,1.3150131262879354,22.799728749272965,0.08723174035549164,0.07063890993595123,0.058706678450107574,0.18067778646945953,0.07808850705623627,0.07014741003513336,0.10916825383901596,0.08359689265489578,0.06685979664325714,0.6956617832183838,0.19261202216148376,0.11498095840215683,0.09053527563810349,0.09515000134706497,0.1121351420879364,0.09332502633333206,0.08966464549303055,0.13741980493068695,1.974435806274414,1.9801191091537476,1.956129789352417,1.8871431350708008,000080.tdms,79,790.0
17.58919906616211,1055.3519439697266,1.161139965057373,0.3136621324064165,8.73690414428711,0.3136621415615082,13.967464759525033,-0.5455789073167647,27.85450725995377,39.91961333395971,1.4331473524700205,49.34427868415822,0.029890555888414383,0.020509662106633186,0.028141189366579056,0.034947965294122696,0.02870628610253334,0.03106665425002575,0.04297078400850296,0.04330136254429817,0.025652583688497543,0.2551560401916504,0.1525418609380722,0.10952213406562805,0.04330136254429817,0.03570271655917168,0.05133585259318352,0.05031140148639679,0.04125773906707764,0.04241141676902771,0.570500373840332,0.31931909918785095,0.21074223518371582,0.22623266279697418,0.6218264834010434,8.44597339630127,0.6218264698982239,3.570935081872351,-0.103639387271534,13.58252442081031,17.13158783673503,1.2612963029528634,20.254982945506978,0.10658490657806396,0.05132243037223816,0.04083488881587982,0.0810430496931076,0.17829495668411255,0.05132243037223816,0.09841517359018326,0.08656270802021027,0.09048207849264145,0.14010044932365417,0.086638905107975,0.07562202215194702,0.0632573738694191,0.06784117221832275,0.1882200688123703,0.23324821889400482,0.08970654755830765,0.13944591581821442,1.2675021886825562,1.8180444240570068,1.692955493927002,1.7833340167999268,0.5160657848204179,78.06757354736328,0.516065776348114,364.2019485064657,-2.9987394998112804,151.2744612094938,220.91309965547174,1.4603462996277887,274.3558891721444,0.04230456054210663,0.039031144231557846,0.04647642746567726,0.050953902304172516,0.0485505573451519,0.05910637974739075,0.055657584220170975,0.08193052560091019,0.04838823527097702,0.44105878472328186,0.23109650611877441,0.1376708596944809,0.08193052560091019,0.05382085591554642,0.07150644063949585,0.06910257041454315,0.05577551946043968,0.058735720813274384,1.2193450927734375,0.6710917949676514,0.5340484976768494,0.6692629456520081,0.7957727625566706,38.81993865966797,0.7957727909088135,16.9768767434455,0.13530779974322105,48.78269335952979,70.74222592635597,1.4501500645932734,87.91024250835213,0.08744192123413086,0.04986600577831268,0.05532286316156387,0.0853670984506607,0.07516295462846756,0.0636492595076561,0.10156960785388947,0.06762658804655075,0.054945770651102066,0.5999905467033386,0.3494851887226105,0.23400922119617462,0.06748572736978531,0.07561572641134262,0.13577136397361755,0.14182870090007782,0.09309501945972443,0.10481148958206177,3.253645420074463,1.6838657855987549,1.0737545490264893,1.3131664991378784,000081.tdms,80,800.0
17.55518341064453,1053.3110046386719,1.042754888534546,0.2584174601155089,8.607254981994629,0.2584174573421478,21.525193606714954,-1.2984153330247874,33.307559706481555,44.84361407371713,1.3463494314472606,53.88803191682379,0.021274548023939133,0.021054692566394806,0.026200979948043823,0.024380337446928024,0.0266643688082695,0.03339990973472595,0.02854253351688385,0.0422583669424057,0.02723296545445919,0.03969452157616615,0.05393275246024132,0.03494768962264061,0.0422583669424057,0.032895274460315704,0.039143312722444534,0.0390763059258461,0.023563001304864883,0.03481048345565796,0.09891748428344727,0.14126908779144287,0.15074199438095093,0.20949140191078186,0.6199050901047988,7.97427225112915,0.6199051141738892,3.885667164168222,-0.14611690611244726,12.863698618414395,16.261980768147318,1.2641761324280625,19.240432070343147,0.09159490466117859,0.04686940833926201,0.04365325719118118,0.10168669372797012,0.19070447981357574,0.050418201833963394,0.10624822229146957,0.06321332603693008,0.08374212682247162,0.15894734859466553,0.0955033227801323,0.08346330374479294,0.08099152892827988,0.06923087686300278,0.21657218039035797,0.18590186536312103,0.07635798305273056,0.15885886549949646,1.2880290746688843,1.8375638723373413,1.7103846073150635,1.8655914068222046,0.5379331340628136,95.69023132324219,0.5379331111907959,3291.4679453524022,-0.9630729987462381,177.88499213745882,283.1489617252623,1.5917529541022877,347.6789659997272,0.06470666080713272,0.05242326110601425,0.05373358353972435,0.0725119411945343,0.05669466406106949,0.072101891040802,0.07766862213611603,0.10478881746530533,0.06685172766447067,0.2272418737411499,0.1291017234325409,0.10591189563274384,0.10478881746530533,0.08747753500938416,0.10405679047107697,0.08683688193559647,0.06885949522256851,0.07758329808712006,0.9812350273132324,1.1562142372131348,1.0481910705566406,1.1848821640014648,0.6754513635455995,14.612998008728027,0.6754513382911682,8.520826371418968,-0.4180905709961363,21.634419289674746,28.768821652037325,1.3297709204410006,34.69311735192706,0.07623494416475296,0.053526151925325394,0.057153623551130295,0.05889479070901871,0.08895189315080643,0.06549257785081863,0.0583544597029686,0.08266296982765198,0.06680507212877274,0.2689206898212433,0.10520737618207932,0.09158159792423248,0.08266296982765198,0.06663276255130768,0.09768148511648178,0.08369558304548264,0.06525778770446777,0.0727194994688034,0.73148512840271,0.8779098987579346,0.8909579515457153,1.2361481189727783,000082.tdms,81,810.0
13.934426307678223,836.0655784606934,1.9073486328125e-06,0.22101329849437218,7.982630252838135,0.22101329267024994,35.8741675601586,-2.0369087651836226,36.11832549090435,50.73838429616454,1.4047822983638028,61.69945730732111,0.021573100239038467,0.0167106743901968,0.015343621373176575,0.04073096066713333,0.027912380173802376,0.019554676488041878,0.02091808244585991,0.024523500353097916,0.02370319329202175,0.025354865938425064,0.02583833411335945,0.03878534957766533,0.024523500353097916,0.038475241512060165,0.02551785483956337,0.027140960097312927,0.023163966834545135,0.06987082958221436,0.07488156855106354,0.12741157412528992,0.15020976960659027,0.1864158660173416,0.4027537691791224,9.083041191101074,0.4027537703514099,7.873654640578896,-0.48595979201306466,22.55234310932406,29.11706131729605,1.2910880779060987,34.631549563934655,0.04034404829144478,0.05888816714286804,0.03448006510734558,0.05161677300930023,0.055670805275440216,0.05888816714286804,0.07133832573890686,0.0671345517039299,0.0346781350672245,0.06303825974464417,0.05994541570544243,0.057032011449337006,0.04659384861588478,0.04931757599115372,0.05084774270653725,0.07133832573890686,0.05628889426589012,0.11367972940206528,0.34742262959480286,0.4967057704925537,0.5304197072982788,0.649657666683197,0.2880992175128682,10.806416511535645,0.2880992293357849,62.49974032319065,-3.5471374519425525,37.509357383287465,56.18125843060126,1.4977931468277614,68.96978149123824,0.03242592141032219,0.02256012335419655,0.02249102294445038,0.06070523336529732,0.04766184091567993,0.022976024076342583,0.03066910058259964,0.03372977674007416,0.026192238554358482,0.06342623382806778,0.04004955664277077,0.07074162364006042,0.031004400923848152,0.07270043343305588,0.03299585357308388,0.047191668301820755,0.02943471074104309,0.13221436738967896,0.1747293472290039,0.2960031032562256,0.262847900390625,0.3610888123512268,0.4538646777446659,10.482644081115723,0.4538646638393402,12.328589518406826,-0.8339001382133004,23.0964086767136,30.69723201494807,1.3290911346705525,36.836128171042056,0.037856101989746094,0.03664202615618706,0.030659617856144905,0.05803704261779785,0.0562485009431839,0.03664202615618706,0.04624021053314209,0.04323805123567581,0.034599702805280685,0.15374286472797394,0.047641076147556305,0.0689835324883461,0.03800516203045845,0.06391946226358414,0.04229043796658516,0.046768203377723694,0.04594476893544197,0.12220883369445801,0.2904976010322571,0.4242773652076721,0.40663912892341614,0.5888261198997498,000083.tdms,82,820.0
13.8319673538208,829.918041229248,0.031297922134399414,0.21372631083943322,9.286917686462402,0.21372631192207336,41.625983347286045,-2.218465202479518,43.452383798639616,61.734031586620425,1.4207283050959603,75.32378986047198,0.0202923696488142,0.01662217453122139,0.016691066324710846,0.03660549968481064,0.0307186059653759,0.016933871433138847,0.021977176889777184,0.01757119409739971,0.022976206615567207,0.02073444426059723,0.02085833251476288,0.03736302629113197,0.018961889669299126,0.03367410972714424,0.021481698378920555,0.026666272431612015,0.021293561905622482,0.06684491038322449,0.06626063585281372,0.11384405940771103,0.15435394644737244,0.17759881913661957,0.3713993420437915,10.197281837463379,0.3713993430137634,9.49196738127573,-0.605467400139176,27.456380997737533,35.677374202648785,1.2994201313563023,42.50444773340354,0.06837673485279083,0.04934984818100929,0.02992277219891548,0.048450767993927,0.04565289616584778,0.04934984818100929,0.04967176169157028,0.04754128307104111,0.03672102466225624,0.06298989057540894,0.05772595480084419,0.053267210721969604,0.04754128307104111,0.03954194113612175,0.04719748720526695,0.047428350895643234,0.04960930719971657,0.09863636642694473,0.2920142412185669,0.4178164005279541,0.4613989591598511,0.576878011226654,0.26737061689385777,13.181846618652344,0.2673706114292145,81.72552133481167,-4.257300856619365,49.3017773298752,76.07278341025872,1.5430028597399308,93.72476396801808,0.029677890241146088,0.023018822073936462,0.02495218999683857,0.058154862374067307,0.04686838760972023,0.023018822073936462,0.02742229960858822,0.023444468155503273,0.02670792117714882,0.028995351865887642,0.03002164699137211,0.0646304115653038,0.02736944891512394,0.05537497624754906,0.03553188592195511,0.04231870174407959,0.031492929905653,0.12122861295938492,0.14140267670154572,0.26134130358695984,0.24118496477603912,0.3273105025291443,0.40482971535151324,13.215923309326172,0.4048297107219696,17.455845505788194,-1.1359125050723424,32.64563545650496,43.65722467621301,1.3373066281518464,52.30190210117957,0.03218751400709152,0.036048367619514465,0.025890497490763664,0.06243040785193443,0.04650652036070824,0.036048367619514465,0.050939906388521194,0.03014419414103031,0.03032691404223442,0.0664752721786499,0.0409456230700016,0.06882128864526749,0.03411341831088066,0.055199142545461655,0.036838266998529434,0.050939906388521194,0.04118328168988228,0.1313076615333557,0.2294980138540268,0.3670729994773865,0.3527655601501465,0.49572595953941345,000084.tdms,83,830.0
13.837615013122559,830.2569007873535,0.07049322128295898,0.21251685903092882,7.410410404205322,0.21251685917377472,34.19996759615586,-1.9433972318124015,34.869753100985,48.86719320546412,1.4014206829610079,59.447293313983245,0.018689094111323357,0.020027611404657364,0.022069504484534264,0.026620659977197647,0.027441630139946938,0.020027611404657364,0.01997864805161953,0.019124526530504227,0.021827565506100655,0.0226042028516531,0.020891018211841583,0.029756320640444756,0.019124526530504227,0.030838457867503166,0.02263210155069828,0.025639932602643967,0.019961053505539894,0.054994333535432816,0.06300894170999527,0.10413606464862823,0.14469757676124573,0.16520912945270538,0.3773977000209386,8.5154447555542,0.37739768624305725,8.376153494619956,-0.5139524592310184,22.563584131757427,29.197225695070678,1.2939976878042456,34.74591019000003,0.050577227026224136,0.05121372640132904,0.03075423277914524,0.04259754717350006,0.04806794226169586,0.05121372640132904,0.047731511294841766,0.04578527435660362,0.0338035523891449,0.05681942403316498,0.05257829651236534,0.04905031621456146,0.04578527435660362,0.04709366708993912,0.05728656426072121,0.047731511294841766,0.08439242094755173,0.09262799471616745,0.3328219950199127,0.45148220658302307,0.4811888337135315,0.5783178806304932,0.28383313838984153,10.172049522399902,0.2838331460952759,56.79693239741204,-3.2477391908142446,35.83813215082979,52.693812095510054,1.470328081657291,64.34565717066715,0.029794704169034958,0.024687543511390686,0.03681046888232231,0.04764750227332115,0.04027489945292473,0.024687543511390686,0.028070423752069473,0.02878093346953392,0.02551160752773285,0.04706263542175293,0.034565746784210205,0.059892937541007996,0.02878093346953392,0.05936615914106369,0.03177657723426819,0.03664492070674896,0.03127606213092804,0.1063212901353836,0.15208479762077332,0.24860773980617523,0.24102908372879028,0.3251575827598572,0.4603318907362708,10.054189682006836,0.46033188700675964,10.696290299343202,-0.7176812411635325,21.841175648130346,28.716810831267576,1.314801514987395,34.336194825286995,0.03538009524345398,0.03230864182114601,0.043504271656274796,0.045560743659734726,0.04176143929362297,0.03148018196225166,0.0373196005821228,0.03754686936736107,0.03309310972690582,0.09265168756246567,0.05539471283555031,0.05421203002333641,0.03754686936736107,0.0526965893805027,0.04131557047367096,0.0394778698682785,0.0482502356171608,0.10026754438877106,0.25424569845199585,0.3720168471336365,0.3640316426753998,0.5108012557029724,000085.tdms,84,840.0
13.68496036529541,821.0976219177246,0.047742150723934174,0.20879479303159126,9.46349048614502,0.20879478752613068,34.862715808551584,-1.8704563728391654,45.32436057786731,63.369238079330174,1.3981275691790895,77.07213163009463,0.018988177180290222,0.025718752294778824,0.02780924178659916,0.029612112790346146,0.022824367508292198,0.025718752294778824,0.021998176351189613,0.017812468111515045,0.02292398363351822,0.021260572597384453,0.02105870097875595,0.029395362362265587,0.017812468111515045,0.031992074102163315,0.025291502475738525,0.020740466192364693,0.023055890575051308,0.048352669924497604,0.05604831129312515,0.09713715314865112,0.13333848118782043,0.16192007064819336,0.3619507863104835,9.475584030151367,0.3619507849216461,8.789019729661616,-0.5351816795402314,26.1792055399022,33.92188641750759,1.2957569077413,40.39929232536659,0.04328828305006027,0.03790442273020744,0.030767148360610008,0.04570306837558746,0.042829081416130066,0.03790442273020744,0.051155488938093185,0.045600127428770065,0.03581680357456207,0.060263801366090775,0.048449333757162094,0.05096716433763504,0.04024853557348251,0.03610341250896454,0.04896566644310951,0.051155488938093185,0.06530454754829407,0.08524047583341599,0.2594399154186249,0.3827568292617798,0.39708858728408813,0.4960711598396301,0.2811386364758538,10.063532829284668,0.2811386287212372,52.466413726985046,-2.993401867580003,35.79562366608047,52.03175131964593,1.4535785660566831,63.44364204685948,0.025388462468981743,0.0393524169921875,0.0458628311753273,0.04814364016056061,0.03663570061326027,0.0393524169921875,0.031201321631669998,0.026325959712266922,0.0289551243185997,0.044800616800785065,0.029854997992515564,0.04846229404211044,0.026325959712266922,0.051024895161390305,0.03307262435555458,0.03548456355929375,0.028403276577591896,0.09632609039545059,0.13835284113883972,0.23634958267211914,0.22409769892692566,0.30768537521362305,0.48741261848407375,9.926713943481445,0.48741263151168823,8.59007466736559,-0.5451617140922826,20.366140651743923,26.525779524934183,1.302445071872899,31.64062338582121,0.035887710750103,0.03564547002315521,0.04627438262104988,0.04966852813959122,0.03734295070171356,0.03564547002315521,0.04987328127026558,0.03637971729040146,0.036030594259500504,0.10353261232376099,0.05577894672751427,0.05286674574017525,0.03637971729040146,0.04926200211048126,0.037579260766506195,0.04987328127026558,0.046021003276109695,0.07886267453432083,0.28890925645828247,0.3610621988773346,0.34844350814819336,0.5001903772354126,000086.tdms,85,850.0
13.67608642578125,820.565185546875,0.04475782439112663,0.20631572044780475,7.239828109741211,0.20631572604179382,32.91543565564451,-1.8342316477254452,35.091015333331306,49.06768035799678,1.3982975383271314,59.73997219605407,0.020062889903783798,0.025524701923131943,0.018173538148403168,0.030270306393504143,0.025411158800125122,0.025524701923131943,0.0217271838337183,0.022044265642762184,0.02039569802582264,0.018853038549423218,0.020248008891940117,0.03162768483161926,0.022126708179712296,0.0233305636793375,0.022590935230255127,0.020203327760100365,0.021251441910862923,0.04851113632321358,0.059522829949855804,0.09482783079147339,0.1342821717262268,0.15984192490577698,0.34826528587052674,7.962648391723633,0.34826529026031494,9.145979038229777,-0.5613165175833398,22.863744147855943,29.643783065789187,1.2965410596833085,35.29471046981728,0.041066017001867294,0.04416652023792267,0.031222322955727577,0.04433117061853409,0.04578756168484688,0.04416652023792267,0.04356575757265091,0.047051697969436646,0.03842058777809143,0.051616959273815155,0.04149292781949043,0.04858125373721123,0.038064852356910706,0.041818082332611084,0.054598454385995865,0.04356575757265091,0.069270059466362,0.0735422745347023,0.24640950560569763,0.3765694499015808,0.4198223352432251,0.48692357540130615,0.278719525382012,10.370132446289062,0.2787195146083832,51.638842013563625,-2.9294333955002623,37.2063364849513,54.05007606628718,1.452711585515779,65.92040457305555,0.0270522627979517,0.047284673899412155,0.02413644641637802,0.04669424146413803,0.03408180549740791,0.047284673899412155,0.030012719333171844,0.025643551722168922,0.023736540228128433,0.039662089198827744,0.03076440468430519,0.05516647547483444,0.02991003356873989,0.0485885851085186,0.03140977770090103,0.034511297941207886,0.03100527636706829,0.09820209443569183,0.1423037052154541,0.23151730000972748,0.21549361944198608,0.3092479705810547,0.45130845681907084,9.943015098571777,0.4513084590435028,10.013040898854486,-0.6323451364598305,22.031528433241665,28.96740179688207,1.3148158052064787,34.66997537728907,0.03767510876059532,0.04121069982647896,0.0304670799523592,0.05296562239527702,0.03654862567782402,0.04121069982647896,0.042056068778038025,0.03237409144639969,0.037415459752082825,0.12137265503406525,0.06012994796037674,0.0574946328997612,0.03478239104151726,0.041326116770505905,0.03909840062260628,0.047650303691625595,0.044548846781253815,0.08519653975963593,0.2664167582988739,0.3495813012123108,0.3313160836696625,0.4758279025554657,000087.tdms,86,860.0
13.826407432556152,829.5844459533691,0.08575761318206787,0.20560780196751705,6.35557746887207,0.2056078165769577,26.731174081582953,-1.5672968277423827,30.91116877887813,42.80943531650374,1.3849180412018518,52.032983400410956,0.02145654335618019,0.018116505816578865,0.014071587473154068,0.029903307557106018,0.023666920140385628,0.018116505816578865,0.019264457747340202,0.020955873653292656,0.02606849931180477,0.027605803683400154,0.01990438997745514,0.028735440224409103,0.020262256264686584,0.027211394160985947,0.02088194340467453,0.024047518149018288,0.02075917460024357,0.05509454384446144,0.05963701009750366,0.09326306730508804,0.13402250409126282,0.14998629689216614,0.3666443764709861,6.826223850250244,0.36664438247680664,7.0020153010775665,-0.4067442097508376,18.618105958568897,24.00958664109279,1.2895826618734267,28.57123807261499,0.05845136567950249,0.04112081602215767,0.029777931049466133,0.0449749156832695,0.04193558171391487,0.04112081602215767,0.057611092925071716,0.051344942301511765,0.036062393337488174,0.07126674801111221,0.0655987560749054,0.04943248629570007,0.03758320212364197,0.04639054089784622,0.05260995030403137,0.057611092925071716,0.04761234298348427,0.09691992402076721,0.3414396345615387,0.4471563696861267,0.45586419105529785,0.5487656593322754,0.30587737954885685,9.03846549987793,0.3058773875236511,31.759257480959118,-1.9333955900180764,29.549309966003037,43.0322490110675,1.4562860879180193,53.145451515460074,0.03045450896024704,0.026080628857016563,0.021998094394803047,0.04532529413700104,0.04159945994615555,0.026080628857016563,0.0346212312579155,0.030409323051571846,0.025370419025421143,0.153328076004982,0.0567200593650341,0.0616307333111763,0.030409323051571846,0.047877538949251175,0.0384693369269371,0.04101436212658882,0.031044917181134224,0.10479231923818588,0.2629137337207794,0.2701590657234192,0.2395258992910385,0.3157730996608734,0.4910736954005052,8.99908447265625,0.49107369780540466,8.328648422946955,-0.44066064236922486,18.32532378936905,24.398692344133693,1.3314194403641557,29.414764825887847,0.039083268493413925,0.03185825049877167,0.03050673007965088,0.051919132471084595,0.04564327374100685,0.03142422065138817,0.05140398442745209,0.038695793598890305,0.03384947031736374,0.2169666588306427,0.06283632665872574,0.06105344370007515,0.038695793598890305,0.059452123939991,0.04398724064230919,0.05140398442745209,0.054346147924661636,0.09430702775716782,0.41464900970458984,0.4236019253730774,0.4003371596336365,0.5404586791992188,000088.tdms,87,870.0
13.837615013122559,830.2569007873535,0.0516100637614727,0.2600133474756953,6.883997917175293,0.2600133419036865,17.377570918552166,-1.069554588855177,26.47555590513973,35.29821467061364,1.3332379043176639,42.35950627399305,0.024942239746451378,0.019335146993398666,0.035561930388212204,0.03030652366578579,0.02837948314845562,0.019335146993398666,0.022323718294501305,0.02266412042081356,0.027189744636416435,0.03293158859014511,0.02689540944993496,0.029654942452907562,0.02266412042081356,0.03045744262635708,0.0250821765512228,0.02648577280342579,0.022845346480607986,0.05079345777630806,0.09047547727823257,0.14335304498672485,0.16730645298957825,0.22225111722946167,0.5780660238341092,7.994633197784424,0.5780660510063171,3.986746874592545,-0.1467095500181248,13.829965554382223,17.502661134131444,1.2655607177984238,20.714141686241994,0.1583516150712967,0.05750925838947296,0.0702238529920578,0.23603375256061554,0.06136413291096687,0.05373561009764671,0.06793094426393509,0.0578400157392025,0.061274684965610504,0.10323518514633179,0.06380446255207062,0.09529639035463333,0.05884707719087601,0.049288202077150345,0.062486741691827774,0.05393509194254875,0.11037586629390717,0.06909466534852982,0.9938946962356567,1.2412240505218506,1.4383262395858765,1.6096971035003662,0.6836063928797385,66.45465087890625,0.6836063861846924,1267.8551475651952,-19.87361537332937,97.21186280742857,158.72822438496453,1.6328071472037988,193.672251374843,0.1735595166683197,0.06908942013978958,0.0692349448800087,0.24444030225276947,0.07852675020694733,0.06908942013978958,0.14846475422382355,0.11496108770370483,0.08037197589874268,0.1834082454442978,0.19729818403720856,0.3070625364780426,0.11496108770370483,0.1623421609401703,0.11875081807374954,0.17259825766086578,0.15064401924610138,0.2624927759170532,4.655303955078125,3.7993083000183105,2.4130661487579346,1.8260451555252075,1.6293543649763487,127.07154083251953,1.6293543577194214,1525.7655728339998,-29.29302499772428,77.9888915290469,193.571974926429,2.4820454699543113,249.0989941416084,0.43685951828956604,0.16649845242500305,0.07756610959768295,0.7069503664970398,0.14916682243347168,0.16143406927585602,0.24671752750873566,0.2713833153247833,0.13788677752017975,0.7036926746368408,0.5924854874610901,0.8518530130386353,0.20784084498882294,0.21419471502304077,0.3104879558086395,0.3799331486225128,0.21197493374347687,0.5610283017158508,31.968769073486328,19.578638076782227,8.490314483642578,6.120626449584961,000089.tdms,88,880.0
13.826407432556152,829.5844459533691,0.6335994601249695,0.25314613418889814,6.746248245239258,0.25314614176750183,13.37067553369113,-0.8185153549008681,26.649619860302487,35.2074444271198,1.3211237012639394,42.18289282231348,0.02238982357084751,0.0203543771058321,0.020718883723020554,0.028124749660491943,0.02550879307091236,0.0203543771058321,0.020698975771665573,0.023164967074990273,0.022583067417144775,0.03482084348797798,0.027251560240983963,0.03299062326550484,0.023164967074990273,0.027818679809570312,0.02305004559457302,0.024476900696754456,0.022840527817606926,0.03833940252661705,0.08489987999200821,0.12351289391517639,0.15374994277954102,0.19920344650745392,0.5818022975307798,7.601734638214111,0.5818023085594177,3.569110049620354,-0.10522844221316921,13.065838121431527,16.482551674229594,1.2614997615188364,19.494675022859276,0.15066450834274292,0.049904145300388336,0.05288496986031532,0.21583257615566254,0.053517211228609085,0.049904145300388336,0.06834305077791214,0.051796186715364456,0.05397374555468559,0.10255800932645798,0.058066051453351974,0.0927465409040451,0.0487293042242527,0.052387457340955734,0.06652463972568512,0.058165114372968674,0.11334159970283508,0.06464076787233353,1.0217177867889404,1.2553675174713135,1.5349905490875244,1.6136168241500854,0.4709503505955772,10.819111824035645,0.4709503650665283,12.483695533114064,-0.8008365739270293,22.972935067047914,30.588415033091394,1.3314979102068256,36.779893740021784,0.043146248906850815,0.03899003937840462,0.03894630819559097,0.054677415639162064,0.04589015245437622,0.03899003937840462,0.04933217912912369,0.044410742819309235,0.03285268321633339,0.08397698402404785,0.06906287372112274,0.050146784633398056,0.044410742819309235,0.051493097096681595,0.040898144245147705,0.05362198129296303,0.042481716722249985,0.100627601146698,0.31766530871391296,0.43333595991134644,0.44792062044143677,0.5630022287368774,0.6921998550311281,12.360353469848633,0.6921998262405396,5.439055232712288,-0.2331189188446235,17.856625337335256,23.135269807867957,1.2956126575325477,27.657176824259682,0.06480396538972855,0.05880890041589737,0.05173783004283905,0.10229454934597015,0.057847317308187485,0.05880890041589737,0.07102228701114655,0.06578438729047775,0.060738638043403625,0.2704334855079651,0.07648979127407074,0.07643033564090729,0.06578438729047775,0.07042226940393448,0.07431970536708832,0.06892311573028564,0.07375789433717728,0.08563844114542007,0.8453407287597656,0.9347484111785889,0.9510320425033569,1.224873661994934,000090.tdms,89,890.0
13.78334903717041,827.0009422302246,0.051417578011751175,0.2501615657873012,6.236423969268799,0.2501615583896637,14.265594109772902,-0.9080838307047009,24.929584805090688,33.04402223740256,1.3254942870390236,39.59773647796499,0.024774162098765373,0.020441235974431038,0.020055169239640236,0.02983575500547886,0.022371219471096992,0.020441235974431038,0.023822611197829247,0.022892393171787262,0.021344996988773346,0.022142834961414337,0.02509959042072296,0.026805542409420013,0.022892393171787262,0.02994692698121071,0.022628827020525932,0.026962410658597946,0.02448500692844391,0.04426751658320427,0.07488833367824554,0.12088078260421753,0.15061558783054352,0.19631092250347137,0.5851703708304727,7.948944091796875,0.5851703882217407,3.6474342707460123,-0.11245132798262725,13.583982525492102,17.15771478092968,1.2630842794983728,20.301157050677908,0.1437019407749176,0.05360632762312889,0.0805734395980835,0.23635269701480865,0.05483631044626236,0.06016693264245987,0.07000215351581573,0.048234131187200546,0.06988663971424103,0.11359437555074692,0.06266308575868607,0.0899333730340004,0.04740129038691521,0.05009935796260834,0.06621052324771881,0.058306023478507996,0.1045682355761528,0.06314820051193237,1.0403432846069336,1.3030567169189453,1.4842994213104248,1.5905559062957764,0.5132517674077035,85.40926361083984,0.513251781463623,1500.3824187200937,0.38644095352838015,166.40812372107172,244.3111811098802,1.4681445571695002,296.27246628064523,0.06182168796658516,0.04807484522461891,0.04004654660820961,0.08514144271612167,0.0687955766916275,0.04807484522461891,0.07413949072360992,0.055881839245557785,0.05363300070166588,0.11402594298124313,0.09045606106519699,0.08023597300052643,0.055881839245557785,0.06818432360887527,0.06371336430311203,0.07850093394517899,0.06713391095399857,0.14200671017169952,0.8210862278938293,1.0813361406326294,0.9750519394874573,1.1002922058105469,0.6793862256102676,28.504117965698242,0.6793861985206604,9.933944383565322,-0.39135094234588064,41.955690137953624,54.96218936784139,1.3100056079907485,65.8942250049052,0.05866555497050285,0.05355587229132652,0.0521264411509037,0.08182629197835922,0.06086131930351257,0.05232735350728035,0.07196234911680222,0.05419890582561493,0.04961366951465607,0.20775943994522095,0.07325375080108643,0.08525214344263077,0.0599309466779232,0.06725410372018814,0.07026935368776321,0.07196234911680222,0.06266118586063385,0.10617030411958694,0.7309174537658691,0.9037973284721375,0.9500807523727417,1.1975460052490234,000091.tdms,90,900.0
17.58919906616211,1055.3519439697266,1.8753130435943604,0.24568823297731404,7.448464393615723,0.24568822979927063,14.276106863200708,-0.8834939433678984,30.316732321093646,40.12929672052103,1.3236682731997484,48.082624407027986,0.022655615583062172,0.020037522539496422,0.019963562488555908,0.02279491350054741,0.021450601518154144,0.020781755447387695,0.024436281993985176,0.02472822368144989,0.02141643315553665,0.025584563612937927,0.026340261101722717,0.026726944372057915,0.02472822368144989,0.02597331628203392,0.030635755509138107,0.02673834189772606,0.020935457199811935,0.038926150649785995,0.07417133450508118,0.11442749202251434,0.12313906848430634,0.1759481579065323,0.5908803357617178,7.8924784660339355,0.5908803343772888,3.629781096498113,-0.10115210491878905,13.357152012614456,16.890792774148252,1.2645504639160081,20.002797344297328,0.11779449880123138,0.04564633220434189,0.06455256789922714,0.13975363969802856,0.11278194934129715,0.0467522069811821,0.10890496522188187,0.07666254788637161,0.062013763934373856,0.1181664913892746,0.06831030547618866,0.06832440197467804,0.07666254788637161,0.05882328376173973,0.1806485950946808,0.18451711535453796,0.09188664704561234,0.12713773548603058,1.2025574445724487,1.5569267272949219,1.5733495950698853,1.7125767469406128,0.42198335174516716,15.046388626098633,0.42198336124420166,20.052276584299424,-1.103605693587679,35.65635602417093,48.29760028744778,1.354529897971277,58.27070607179621,0.03760425001382828,0.03726400434970856,0.03413883596658707,0.046235792338848114,0.03886060416698456,0.04079394042491913,0.037739235907793045,0.049851272255182266,0.0448472797870636,0.08351004123687744,0.07300280779600143,0.07392377406358719,0.049851272255182266,0.04797295853495598,0.04455394670367241,0.060508642345666885,0.03802686184644699,0.07560733705759048,0.31833934783935547,0.38931235671043396,0.37376630306243896,0.5020629167556763,0.6209239367696536,93.45925903320312,0.6209239363670349,451.0503059965634,-3.10790741835193,150.5164376806334,197.614835459623,1.3129119882502351,235.92453793969247,0.052814945578575134,0.04987632855772972,0.053203314542770386,0.057913023978471756,0.05032513290643692,0.05115826800465584,0.05959706753492355,0.050037819892168045,0.05232594162225723,0.10391473025083542,0.07038047909736633,0.06651663780212402,0.05869363620877266,0.05109581723809242,0.06792020797729492,0.07727941125631332,0.05768192559480667,0.07508344948291779,0.5063832998275757,0.6798465251922607,0.6826925277709961,0.9768685102462769,000092.tdms,91,910.0
17.624570846557617,1057.474250793457,1.8620208501815796,0.24585904933833932,7.0442795753479,0.2458590567111969,16.16992580704854,-1.0038105725938566,28.651699395672452,38.10106566594873,1.3298012498240683,45.68487333164095,0.022380182519555092,0.017375783994793892,0.025468021631240845,0.02295856922864914,0.027624422684311867,0.02535160817205906,0.02361927554011345,0.03353450447320938,0.02335968427360058,0.02391134575009346,0.03588346764445305,0.024490898475050926,0.03353450447320938,0.028114939108490944,0.031110037118196487,0.02394707128405571,0.022255757823586464,0.03346818685531616,0.0777253657579422,0.1155414879322052,0.12692970037460327,0.18781132996082306,0.6134182479332569,8.61209487915039,0.6134182214736938,3.6128217052064784,-0.10527907079182403,14.039515303247763,17.71190974030774,1.2615755856051842,20.94473453740214,0.11608549952507019,0.050616826862096786,0.0514371357858181,0.138188436627388,0.15006549656391144,0.04923505708575249,0.09760428220033646,0.09686009585857391,0.0683525949716568,0.11871997267007828,0.0846223458647728,0.06690501421689987,0.05832713842391968,0.06265618652105331,0.18419918417930603,0.15472526848316193,0.09079909324645996,0.1319161206483841,1.267313003540039,1.7896342277526855,1.6567420959472656,1.8272819519042969,0.40414022092063434,11.622357368469238,0.4041402339935303,19.265939447753055,-1.2262754831631506,28.758229858917343,39.21026005974116,1.363444838298448,47.421422981268115,0.03903219848871231,0.03435847535729408,0.04837688431143761,0.03692687675356865,0.038083165884017944,0.05212005227804184,0.039218414574861526,0.07050567120313644,0.04187197610735893,0.11274909228086472,0.09669025242328644,0.09520065039396286,0.07050567120313644,0.05474841594696045,0.06028304249048233,0.04643195495009422,0.03885827586054802,0.06027854233980179,0.34520548582077026,0.37699055671691895,0.3804970979690552,0.5099104046821594,0.5896152533752078,10.998265266418457,0.5896152257919312,6.661764239054687,-0.34877752292683273,18.65329162273147,24.23559506494032,1.2992664005427377,28.958506771135397,0.06451567262411118,0.04410133510828018,0.04978093504905701,0.06123899295926094,0.06875994801521301,0.052626386284828186,0.05007923021912575,0.07556461542844772,0.057296719402074814,0.1407870054244995,0.09096834063529968,0.08011811226606369,0.060010600835084915,0.053719621151685715,0.09403613209724426,0.07276660203933716,0.05161726102232933,0.06357605010271072,0.5128533244132996,0.6554052829742432,0.6614852547645569,0.9800062775611877,000093.tdms,92,920.0
17.624570846557617,1057.474250793457,1.1085275411605835,0.24479470944373508,6.922433376312256,0.24479471147060394,19.30987995869267,-1.1810377039700015,28.278525267325456,37.80327960632746,1.3368193443244163,45.363059197835845,0.020416751503944397,0.02180449292063713,0.02323237434029579,0.020997805520892143,0.023297293111681938,0.029306529089808464,0.02928699366748333,0.033707424998283386,0.0259851086884737,0.02657858096063137,0.04019312933087349,0.029505934566259384,0.033707424998283386,0.028173033148050308,0.03801113739609718,0.036013901233673096,0.020422127097845078,0.02705712988972664,0.08384455740451813,0.11912783980369568,0.12499882280826569,0.18318507075309753,0.5950758586338072,7.422725200653076,0.5950758457183838,3.753104815615034,-0.12391856904591043,12.473578104301508,15.749956793833707,1.262665504808307,18.624855326046273,0.1006966233253479,0.040605343878269196,0.04370296001434326,0.069908507168293,0.16124747693538666,0.04422059655189514,0.11182690411806107,0.08030065149068832,0.07086478918790817,0.12215474247932434,0.07848980277776718,0.06986553966999054,0.06863944232463837,0.06239182502031326,0.194912388920784,0.15377864241600037,0.07315286993980408,0.14987468719482422,1.2171473503112793,1.6439132690429688,1.5876543521881104,1.6656928062438965,0.4191059080395139,103.59265899658203,0.4191059172153473,3586.935975988728,-10.13969218653351,247.17537264307705,360.2286474184372,1.457380820615207,436.4863344419258,0.038278572261333466,0.03172498568892479,0.046190664172172546,0.04141193628311157,0.04185492545366287,0.04858338460326195,0.04659965634346008,0.07915202528238297,0.04581150412559509,0.0625954419374466,0.10394404083490372,0.08481557667255402,0.07915202528238297,0.050961241126060486,0.06454713642597198,0.06094149127602577,0.04152876138687134,0.047532856464385986,0.35114556550979614,0.41008704900741577,0.42639774084091187,0.5308009386062622,0.5652239858520108,12.053854942321777,0.5652239918708801,8.341360507304419,-0.48539371519777197,21.325802237765906,27.81473442777131,1.3042761119914232,33.22376533208568,0.05942070484161377,0.04579503834247589,0.047623928636312485,0.04934781417250633,0.05928484722971916,0.05142585188150406,0.05082680284976959,0.0700632706284523,0.056450746953487396,0.109088234603405,0.09389934688806534,0.06797278672456741,0.0700632706284523,0.05624740198254585,0.08357097208499908,0.0798984169960022,0.047023188322782516,0.059999335557222366,0.44266101717948914,0.5892465114593506,0.5942211151123047,0.8914783596992493,000094.tdms,93,930.0
13.982267379760742,838.9360427856445,0.02650022879242897,0.22376857617855234,6.537121295928955,0.22376857697963715,26.926503373771276,-1.613712883459272,29.213759177306336,40.18895953912379,1.3756860010793526,48.65112762225892,0.021764695644378662,0.019171597436070442,0.016004003584384918,0.028194768354296684,0.035262174904346466,0.019171597436070442,0.019884325563907623,0.021935516968369484,0.018618876114487648,0.02322428859770298,0.021502580493688583,0.03142422437667847,0.02172238379716873,0.037494998425245285,0.023938477039337158,0.027368731796741486,0.021774500608444214,0.059926338493824005,0.0723256766796112,0.11464234441518784,0.14354047179222107,0.17985351383686066,0.47691222944211226,8.009902954101562,0.4769122302532196,5.225764758328805,-0.24258387233952666,16.79533981225744,21.724556787677596,1.2934871833806396,25.984004531272383,0.05526380613446236,0.05016119405627251,0.037242863327264786,0.05980319902300835,0.051294341683387756,0.05016119405627251,0.0715547502040863,0.06413155794143677,0.052168574184179306,0.0891750156879425,0.059044405817985535,0.06797138601541519,0.06413155794143677,0.09521614015102386,0.051412805914878845,0.07493110746145248,0.09110018610954285,0.08067095279693604,0.6676814556121826,0.8064827919006348,0.9252493977546692,1.040634274482727,0.36751227523777635,36.57163619995117,0.3675122857093811,114.57406348710256,-1.4292116620560917,99.51133244811953,148.01906103211633,1.4874593414703439,184.73073633632853,0.0344444178044796,0.030211161822080612,0.02628137543797493,0.05166052654385567,0.047199565917253494,0.030211161822080612,0.03875543549656868,0.038424935191869736,0.02964034490287304,0.06073077395558357,0.047260645776987076,0.07231726497411728,0.038424935191869736,0.06293350458145142,0.039185091853141785,0.045841991901397705,0.04594540596008301,0.1260341852903366,0.2708394527435303,0.38701000809669495,0.3386179208755493,0.4475700557231903,0.5846801746343798,97.80951690673828,0.5846801996231079,2439.615603737765,-3.0663442985487674,167.28721299281588,256.26936081621574,1.5319124291180652,314.5853699637908,0.06005868315696716,0.04474707692861557,0.041594866663217545,0.06878048926591873,0.06203153729438782,0.045063525438308716,0.06333321332931519,0.05174059793353081,0.05589430779218674,0.11115621030330658,0.07968375831842422,0.08900117874145508,0.05174059793353081,0.06776644289493561,0.07744409888982773,0.07142005860805511,0.06830938160419464,0.1061081513762474,0.6528334021568298,0.8703162670135498,0.7654119729995728,0.9822902679443359,000095.tdms,94,940.0
13.886210441589355,833.1726264953613,0.06435632705688477,0.20796443146564608,8.564043045043945,0.2079644352197647,33.749197739124966,-1.8060579834801318,41.18032581191006,57.433328513272336,1.394678827350648,69.84395738081528,0.021553752943873405,0.018718155100941658,0.014295547269284725,0.027297699823975563,0.026636779308319092,0.018718155100941658,0.018834099173545837,0.019457479938864708,0.023191750049591064,0.02001175843179226,0.024121131747961044,0.02939416654407978,0.019365783780813217,0.033200159668922424,0.023226963356137276,0.023212406784296036,0.021321777254343033,0.05948638916015625,0.06405515968799591,0.10352978110313416,0.1361343413591385,0.1597045660018921,0.3260361166208458,9.474194526672363,0.32603612542152405,11.587390350769578,-0.7059461321879796,29.058727066394614,37.94782391131106,1.3059011093158437,45.26473933761517,0.031230418011546135,0.0342605821788311,0.025832990184426308,0.03991171345114708,0.0470997579395771,0.0342605821788311,0.05429099127650261,0.040531329810619354,0.030222786590456963,0.055682022124528885,0.04966088756918907,0.03897164389491081,0.03748992830514908,0.038373954594135284,0.03724408894777298,0.05429099127650261,0.04673656448721886,0.08899553120136261,0.21752861142158508,0.3119521141052246,0.33205679059028625,0.4429773688316345,0.27568241650191155,11.464692115783691,0.2756824195384979,54.18304665202799,-3.0060978048877636,41.58659177925552,61.28627188082886,1.473702682973892,75.2613572520224,0.03122079186141491,0.02789973095059395,0.019585970789194107,0.04888448119163513,0.04500411078333855,0.02789973095059395,0.029906678944826126,0.026827802881598473,0.02384670451283455,0.032741013914346695,0.05692921578884125,0.050718750804662704,0.026827802881598473,0.05777902156114578,0.033027682453393936,0.04156746715307236,0.027961978688836098,0.11447431892156601,0.1557917296886444,0.24734646081924438,0.2232409417629242,0.30292442440986633,0.41591644895893487,11.792572975158691,0.41591644287109375,13.65422637934582,-0.8374376771324101,28.353225761270675,38.12961829821949,1.3448070642566166,46.01725362418517,0.0335310660302639,0.0371461845934391,0.027893010526895523,0.050378743559122086,0.044386960566043854,0.0371461845934391,0.05395674332976341,0.0362887904047966,0.030268797650933266,0.09934742003679276,0.08432989567518234,0.060354601591825485,0.0362887904047966,0.06116485223174095,0.04349563270807266,0.05395674332976341,0.04015810415148735,0.11457200348377228,0.3037101924419403,0.37620919942855835,0.35807156562805176,0.49973568320274353,000096.tdms,95,950.0
13.631082534790039,817.8649520874023,0.046337712556123734,0.20297388728088506,8.389184951782227,0.2029738873243332,32.01962754122077,-1.7400333197899926,41.33135086570455,57.329829524336134,1.3870785329667659,69.66056012696787,0.017503609880805016,0.02445235848426819,0.024528147652745247,0.023621536791324615,0.02315114066004753,0.02445235848426819,0.018569741398096085,0.020076628774404526,0.01949200965464115,0.020777003839612007,0.018529368564486504,0.02656467817723751,0.020076628774404526,0.022672170773148537,0.01992776431143284,0.022213824093341827,0.020377693697810173,0.047054946422576904,0.05529933422803879,0.090251624584198,0.1349392980337143,0.1563268005847931,0.3081000640443465,8.66835880279541,0.3081000745296478,12.211519317200985,-0.7498760460360743,28.13488153494096,36.75280396921685,1.3063074007819517,43.83381894981818,0.03519504889845848,0.04061182215809822,0.028424115851521492,0.035715457051992416,0.05112168937921524,0.04061182215809822,0.033692702651023865,0.041605234146118164,0.028085000813007355,0.06760399043560028,0.05114363878965378,0.03907565772533417,0.03268472105264664,0.03572647646069527,0.0421568788588047,0.0360899344086647,0.03907128795981407,0.0817401260137558,0.19299256801605225,0.2710932791233063,0.31519800424575806,0.38434234261512756,0.27327178293082405,10.71721076965332,0.273271769285202,52.04562645011878,-2.85897393773364,39.218139006932425,57.062833554876796,1.4550112524408678,69.90201900278035,0.024307888001203537,0.0432000607252121,0.049455203115940094,0.04156772047281265,0.033963389694690704,0.0432000607252121,0.02993452362716198,0.029172571375966072,0.02821626514196396,0.042302943766117096,0.03800514340400696,0.0480828620493412,0.029172571375966072,0.04477134719491005,0.032993119210004807,0.03551065921783447,0.02822369523346424,0.08857499063014984,0.14606007933616638,0.22239486873149872,0.2140638381242752,0.2933340072631836,0.4175221026446205,10.167675971984863,0.4175221025943756,12.233253300649714,-0.7658924404178307,24.352425674190517,32.55288338737177,1.3367408989516951,39.222478526797026,0.03604558855295181,0.048906706273555756,0.043341077864170074,0.04446561262011528,0.03923342004418373,0.048906706273555756,0.0477386973798275,0.034696612507104874,0.03272346779704094,0.07586444914340973,0.07195836305618286,0.06160183250904083,0.034696612507104874,0.047858793288469315,0.038700003176927567,0.039377361536026,0.03485948592424393,0.09483315050601959,0.2942984700202942,0.35724812746047974,0.34766411781311035,0.4830828905105591,000097.tdms,96,960.0
13.837615013122559,830.2569007873535,0.06134672090411186,0.21731731733984463,6.4488420486450195,0.21731731295585632,42.617398212563124,-2.4584921699589177,29.67477294301497,42.82550880557477,1.443162139363742,52.4573796995501,0.025201942771673203,0.01954595372080803,0.017107317224144936,0.03707091882824898,0.036675456911325455,0.01954595372080803,0.018740830942988396,0.020775629207491875,0.025290101766586304,0.023735571652650833,0.024981992319226265,0.04201527684926987,0.020775629207491875,0.043011803179979324,0.02208014950156212,0.0269339457154274,0.024866577237844467,0.08083702623844147,0.07558190077543259,0.13758021593093872,0.1623786836862564,0.19468055665493011,0.31522521013931626,7.479907989501953,0.315225213766098,17.66787180625226,-1.1851497511868916,23.728774694752836,31.757172531287704,1.3383401772663042,38.063970641866575,0.0344034880399704,0.04272494837641716,0.023635104298591614,0.043658241629600525,0.03978253901004791,0.04272494837641716,0.0529952235519886,0.04502575471997261,0.03136100992560387,0.05909460037946701,0.04195985943078995,0.05330979451537132,0.03270602226257324,0.050178926438093185,0.035511262714862823,0.0529952235519886,0.04070620983839035,0.09531987458467484,0.20462408661842346,0.3128395676612854,0.31829634308815,0.4208056330680847,0.2994075468365935,9.666630744934082,0.2994075417518616,63.27626895605233,-3.6524501734523986,32.285862020070596,49.44880575082434,1.5315931697931544,61.225009484834025,0.032648805528879166,0.028404757380485535,0.031773798167705536,0.05689290165901184,0.05492091178894043,0.028404757380485535,0.02752060256898403,0.030487149953842163,0.026955945417284966,0.040473535656929016,0.04137337580323219,0.07083465903997421,0.030487149953842163,0.0752943754196167,0.03411295637488365,0.045889563858509064,0.03408357873558998,0.14264048635959625,0.18829292058944702,0.3328856825828552,0.2891276478767395,0.38210630416870117,0.4262032298888483,10.234702110290527,0.4262032210826874,18.377384886029024,-1.2098273733922107,24.013666233734753,32.90246872264372,1.3701559937741554,39.84718156044154,0.041972868144512177,0.04072340577840805,0.032927561551332474,0.054858457297086716,0.06189797818660736,0.04072340577840805,0.04120460897684097,0.036542538553476334,0.03484024852514267,0.09232486039400101,0.0618608295917511,0.06265959143638611,0.036542538553476334,0.06663309037685394,0.04560994356870651,0.04223722591996193,0.04759586602449417,0.12074247747659683,0.2940767705440521,0.4326646029949188,0.4025982618331909,0.5599542856216431,000098.tdms,97,970.0
13.763011932373047,825.7807159423828,0.02204177714884281,0.21860190896437967,7.1494364738464355,0.21860191226005554,44.0994043321259,-2.405351575031228,32.70527923437031,46.975954946059325,1.4363416563247628,57.47118019755846,0.020988522097468376,0.018590299412608147,0.03937264159321785,0.03845609351992607,0.033038944005966187,0.017230156809091568,0.02086333930492401,0.019806206226348877,0.024220095947384834,0.022523293271660805,0.02364131063222885,0.03839487209916115,0.019806206226348877,0.03861682116985321,0.023940809071063995,0.029399467632174492,0.022535813972353935,0.0760684609413147,0.08058468252420425,0.1433471441268921,0.16399022936820984,0.21250617504119873,0.3132484889796987,7.927755832672119,0.31324848532676697,18.47971126751438,-1.1769821651160148,25.3082013531625,33.88929286062673,1.3390636650830956,40.63804221147233,0.033657677471637726,0.039104413241147995,0.042674895375967026,0.044952645897865295,0.04808622598648071,0.039104413241147995,0.04244361072778702,0.04550296440720558,0.029508214443922043,0.06211191415786743,0.04616589844226837,0.04559402912855148,0.035173241049051285,0.04227040708065033,0.03714721277356148,0.04244361072778702,0.043071433901786804,0.10474234074354172,0.21878910064697266,0.32380831241607666,0.3435209095478058,0.4296930432319641,0.4491394636424814,29.07910919189453,0.44913947582244873,293.26142815987083,-7.520728798515046,64.74405289632205,109.94355422635685,1.6981259174864303,139.9811290087063,0.0557689405977726,0.04283537715673447,0.0787244513630867,0.08086787909269333,0.07425124198198318,0.040650345385074615,0.07772168517112732,0.05892723426222801,0.04784269258379936,0.11168491095304489,0.11481299251317978,0.09543464332818985,0.05739361047744751,0.09307645261287689,0.07058273255825043,0.07458420097827911,0.07546501606702805,0.18500006198883057,1.0240341424942017,1.2770256996154785,0.9708718061447144,1.0177013874053955,1.1273322831150294,74.96065521240234,1.127332329750061,1568.408530209649,-31.82986859709054,66.49384244126503,169.32415321841225,2.5464636574127706,219.1465005141316,0.19477154314517975,0.1102527305483818,0.10675489157438278,0.23482587933540344,0.15959098935127258,0.1102527305483818,0.3038727045059204,0.17049214243888855,0.13352219760417938,0.47111383080482483,0.40046581625938416,0.3955146372318268,0.17049214243888855,0.20020651817321777,0.22906902432441711,0.3038727045059204,0.29916563630104065,0.3242255449295044,19.519161224365234,15.319672584533691,8.017255783081055,5.696178913116455,000099.tdms,98,980.0
13.837615013122559,830.2569007873535,0.0719987004995346,0.2255799428960767,8.1707181930542,0.22557994723320007,42.17111156332954,-2.3241954756633434,36.22094273167894,51.99515709844654,1.4354998290249201,63.66570550251218,0.02122022956609726,0.02000632882118225,0.029725736007094383,0.03448089584708214,0.029664555564522743,0.02000632882118225,0.022909091785550117,0.02347232960164547,0.02805965580046177,0.04224129766225815,0.03081996738910675,0.039352286607027054,0.02347232960164547,0.03781920671463013,0.02347598783671856,0.028962697833776474,0.02230854332447052,0.07026225328445435,0.08994513005018234,0.14061149954795837,0.16529689729213715,0.21083390712738037,0.3258491564264012,8.089214324951172,0.32584914565086365,17.782994696526067,-1.1383857531170718,24.82502767128772,33.221339603507595,1.338219640412765,39.84287116258081,0.04079553484916687,0.0379677377641201,0.04046671465039253,0.04159539192914963,0.03991378843784332,0.0379677377641201,0.05326384678483009,0.04172927141189575,0.03290623053908348,0.05586644634604454,0.044799573719501495,0.04677214473485947,0.034857120364904404,0.041787274181842804,0.04136224091053009,0.05326384678483009,0.04945443198084831,0.11882960796356201,0.21780812740325928,0.3472899794578552,0.3446749150753021,0.4553266167640686,1.2932920023042678,69.83243560791016,1.2932920455932617,374.256297528336,-16.672447637678154,53.995876788450865,179.84073297302575,3.330638257391752,262.7069696100663,0.2302994430065155,0.13372577726840973,0.09381885081529617,0.3217369318008423,0.17353515326976776,0.1251949816942215,0.3593253493309021,0.21768078207969666,0.15155160427093506,0.8257227540016174,0.6512205600738525,0.6618594527244568,0.21768078207969666,0.3139279782772064,0.2855939269065857,0.3964831829071045,0.38236162066459656,0.4452177584171295,32.22556686401367,22.090972900390625,10.565793991088867,7.636838436126709,2.388927380549902,135.36709594726562,2.388927459716797,778.6681605118789,-24.92841445659789,56.66438295671665,222.63424305163434,3.9289979248815707,316.6871138851779,0.4634273052215576,0.2555898129940033,0.1903582364320755,0.5657112002372742,0.3547491431236267,0.25476041436195374,0.7718958258628845,0.45279958844184875,0.2842015326023102,1.296653151512146,1.3124665021896362,0.9238976240158081,0.45279958844184875,0.5172463059425354,0.6027079224586487,0.7424344420433044,0.725908100605011,0.8469918966293335,126.0923843383789,90.7557373046875,46.516014099121094,30.4443359375,000100.tdms,99,990.0
13.840662956237793,830.4397773742676,0.02281206101179123,0.19900510589360823,5.749617576599121,0.1990051120519638,27.552275553631915,-1.5666687895289793,28.89180933715827,40.12742843028924,1.3888859628697825,48.84814159178191,0.02087167464196682,0.01696443185210228,0.019459975883364677,0.031012624502182007,0.025836292654275894,0.01696443185210228,0.018470710143446922,0.017775820568203926,0.020636269822716713,0.01771516352891922,0.019199637696146965,0.02748553827404976,0.017775820568203926,0.0224540326744318,0.01991146057844162,0.022621264681220055,0.02129976451396942,0.04915716499090195,0.055669743567705154,0.09069988131523132,0.1285904049873352,0.14963319897651672,0.29488529205795755,6.664556980133057,0.2948852777481079,11.821527050233652,-0.7303593635108094,22.600506568578492,29.654648683087455,1.3121231859606344,35.438614280463106,0.03491618484258652,0.029673831537365913,0.02334541827440262,0.03781567141413689,0.03572798892855644,0.029673831537365913,0.04453953728079796,0.03866228833794594,0.029710786417126656,0.06404481828212738,0.046559616923332214,0.034682903438806534,0.03189169242978096,0.03546390309929848,0.03946089744567871,0.04453953728079796,0.03773731365799904,0.08964990079402924,0.20240095257759094,0.2965494692325592,0.3062877953052521,0.386820912361145,3.339594031919848,72.18777465820312,3.3395941257476807,63.90119168595326,-7.433447525992753,21.61573351977282,71.90353285633933,3.32644426757788,120.68375528007155,0.41723117232322693,0.25393757224082947,0.187643900513649,0.5866958498954773,0.3681430518627167,0.2781442701816559,0.7773443460464478,0.46043306589126587,0.29439011216163635,1.9895743131637573,1.6547112464904785,1.2866181135177612,0.37057262659072876,0.5111029148101807,0.5421926975250244,0.7060929536819458,0.9482378363609314,0.7947460412979126,162.7960968017578,81.67780303955078,39.07371139526367,30.050724029541016,2.7783812397207877,167.41067504882812,2.77838134765625,577.5524051505835,-18.98843506382206,60.25475289548528,198.60455329895183,3.296081118172384,300.0859942881428,0.48244741559028625,0.3000243008136749,0.2079494744539261,0.8001353144645691,0.4204081594944,0.3327767848968506,0.8343481421470642,0.4870002269744873,0.3851794898509979,1.383945107460022,1.59971284866333,1.0867031812667847,0.4870002269744873,0.552463948726654,0.6189108490943909,0.8343481421470642,0.8759042024612427,0.8769003748893738,142.8658905029297,106.8603744506836,54.963218688964844,38.03504943847656,000101.tdms,100,1000.0
13.767979621887207,826.0787773132324,0.7500284314155579,0.24612107200936686,6.346447944641113,0.24612107872962952,16.078202600542024,-0.9961117144035508,25.785878034854246,34.240185177115976,1.327865784939889,41.04750481243432,0.02216958813369274,0.020383162423968315,0.018747886642813683,0.029040038585662842,0.026439039036631584,0.019307030364871025,0.02544531412422657,0.02153538540005684,0.022438695654273033,0.024572042748332024,0.02698930725455284,0.03127295896410942,0.021776217967271805,0.029170701280236244,0.02314421348273754,0.025379056110978127,0.02474001795053482,0.04873122647404671,0.08034581691026688,0.1288292407989502,0.15277640521526337,0.20009589195251465,0.589980734777307,35.01115798950195,0.5899807214736938,34.1342612746327,-0.7669150979982637,59.342883463334104,75.52208702767257,1.2726393228656478,89.3909347883104,0.15661510825157166,0.05358070507645607,0.0575052835047245,0.2299712747335434,0.09384825080633163,0.05358070507645607,0.07874447852373123,0.05138076841831207,0.10537596791982651,0.12627267837524414,0.08014094829559326,0.0994781106710434,0.05204508453607559,0.055568140000104904,0.08760390430688858,0.06884105503559113,0.0957651436328888,0.06702946126461029,0.99429851770401,1.36997652053833,1.5950870513916016,1.8098424673080444,3.570144348859286,178.1717071533203,3.5701444149017334,515.6422059643305,-3.7382190114534035,49.90602332654947,262.67876262931384,5.26346811707539,454.9419031474162,0.5752082467079163,0.563563346862793,0.3080483675003052,1.6591187715530396,0.48263150453567505,0.4055858552455902,2.004347801208496,0.664330244064331,0.6270281672477722,4.251002788543701,1.1745883226394653,0.9987562298774719,1.3624995946884155,0.692979633808136,1.527406096458435,0.7465702295303345,0.6846240758895874,1.8628942966461182,165.94479370117188,163.67245483398438,98.65725708007812,74.86972045898438,8.69689170295737,262.5044860839844,8.696891784667969,197.61887364079442,-8.864682210313768,30.183713336883336,150.77666681844434,4.995298793611357,352.3130999904063,0.9298921823501587,0.4263598620891571,0.27560925483703613,1.182205080986023,0.4834696054458618,0.4263598620891571,1.4748872518539429,0.8198591470718384,0.7414470911026001,5.697210311889648,1.7645069360733032,1.8774991035461426,0.8198591470718384,0.6801713109016418,0.6512017250061035,0.8817903399467468,0.8810431957244873,1.0300865173339844,244.62777709960938,149.996337890625,116.03276824951172,75.5751953125,000102.tdms,101,1010.0
13.631082534790039,817.8649520874023,0.03733110427856445,0.26338813491171953,6.841910362243652,0.26338812708854675,13.579254897205113,-0.8229798302551297,25.97653217954132,34.233064933047054,1.3178458424103447,40.97227921234818,0.023658402264118195,0.023707779124379158,0.0229994747787714,0.031681519001722336,0.026396745815873146,0.023707779124379158,0.02358051761984825,0.02232084795832634,0.0236512403935194,0.028187863528728485,0.02422213926911354,0.030314961448311806,0.024634134024381638,0.024747323244810104,0.023708699271082878,0.025318723171949387,0.022247595712542534,0.041658878326416016,0.07956438511610031,0.12685714662075043,0.156439408659935,0.20612674951553345,0.5843163251744484,7.459209442138672,0.5843163132667542,3.673176079567976,-0.11520268643395057,12.765704329605569,16.106743717994714,1.2617199413463445,19.04881997786494,0.11141222715377808,0.05225516855716705,0.051364775747060776,0.1735735982656479,0.07035369426012039,0.0498792864382267,0.07903016358613968,0.06668660044670105,0.06769829988479614,0.1145315021276474,0.057813841849565506,0.08826588094234467,0.06668660044670105,0.057943541556596756,0.06388219445943832,0.05643097311258316,0.08291137963533401,0.06107408180832863,1.0623151063919067,1.257967472076416,1.4127646684646606,1.6181137561798096,0.7658723704033149,99.02181243896484,0.7658723592758179,2776.4609763589174,-0.4396640857675909,129.2928381615583,225.9587390185321,1.7476508539180224,275.16454129788644,0.08563769608736038,0.07331240177154541,0.05886656790971756,0.09296988695859909,0.08351384848356247,0.07331240177154541,0.10147853940725327,0.10339473932981491,0.07594723254442215,0.25119560956954956,0.10019078850746155,0.12312248349189758,0.10339473932981491,0.09463145583868027,0.10790087282657623,0.10147853940725327,0.09859894216060638,0.12911558151245117,1.4840680360794067,1.8036463260650635,1.7488138675689697,1.8924341201782227,0.7354968815211632,47.98857116699219,0.7354968786239624,22.10445643014929,-0.04072926538206232,65.24646449586797,85.17689929344976,1.3054638278345945,101.9416666593764,0.06216255575418472,0.05813918635249138,0.053842853754758835,0.07481592893600464,0.06383273005485535,0.05813918635249138,0.06662608683109283,0.05818430706858635,0.06037849932909012,0.318112313747406,0.08797270804643631,0.07015488296747208,0.056228671222925186,0.05700716748833656,0.06514426320791245,0.06496477127075195,0.06909292191267014,0.09419691562652588,0.7232658863067627,0.8956122994422913,0.9804644584655762,1.2754237651824951,000103.tdms,102,1020.0
13.934426307678223,836.0655784606934,1.8222932815551758,0.236609409750698,6.728395462036133,0.23660941421985626,15.972076311533202,-0.988528029505341,28.43671969396933,37.83240512175058,1.3304067954706402,45.38835254487521,0.02465899847447872,0.02077214978635311,0.020272379741072655,0.022115593776106834,0.024937868118286133,0.02077214978635311,0.021471761167049408,0.02979225292801857,0.022254109382629395,0.025417976081371307,0.026808001101017,0.02339056134223938,0.02979225292801857,0.027706049382686615,0.03561680018901825,0.024619238451123238,0.022516833618283272,0.04045012965798378,0.07295046746730804,0.11461985856294632,0.13358066976070404,0.1758495569229126,0.5533707261473029,7.276540279388428,0.5533707141876221,3.7721079339777033,-0.11427167888952387,13.149485391194096,16.636025540805008,1.265146509227332,19.698029664748464,0.12837456166744232,0.04706671088933945,0.04037639871239662,0.17193074524402618,0.10384056717157364,0.04334287345409393,0.06805595010519028,0.06200540065765381,0.10446564108133316,0.10367631912231445,0.06828623265028,0.05917157605290413,0.06318606436252594,0.05904855951666832,0.14162328839302063,0.10418156534433365,0.08085677772760391,0.11621961742639542,0.9677963256835938,1.282278299331665,1.378327488899231,1.4785354137420654,0.40461117971091093,26.484586715698242,0.40461117029190063,32.42830288017921,-1.2351809489292311,65.45688316032471,93.93189256733567,1.4350193292471107,116.68912224930797,0.03839820995926857,0.03191626816987991,0.041847988963127136,0.06316281855106354,0.042699623852968216,0.04280969873070717,0.049530278891325,0.05593785271048546,0.03655274212360382,0.18315045535564423,0.08570138365030289,0.06002866476774216,0.05593785271048546,0.047752298414707184,0.05800696462392807,0.055677834898233414,0.040721964091062546,0.07367824763059616,0.4352046251296997,0.44312530755996704,0.4044504165649414,0.4725740849971771,0.6386210336776678,75.06855773925781,0.6386210322380066,678.8137039793384,-7.135249298415368,117.54789426047512,166.82947366859383,1.4192468075941482,203.9672832342585,0.07764682173728943,0.05248601734638214,0.05398004502058029,0.12534163892269135,0.07713107019662857,0.06040564924478531,0.08418639004230499,0.06419327110052109,0.06781268119812012,0.24543532729148865,0.1333061009645462,0.1331966370344162,0.06419327110052109,0.07687634974718094,0.09081942588090897,0.0848836749792099,0.08508948236703873,0.1094171404838562,1.3225665092468262,1.4349174499511719,1.2553176879882812,1.45181405544281,000104.tdms,103,1030.0
17.624570846557617,1057.474250793457,0.7022620439529419,0.25265729810772164,7.446772575378418,0.25265729427337646,11.924657434755277,-0.7279621781429868,29.47380752961053,38.6443562335489,1.3111423149087638,46.19204974671805,0.02128295600414276,0.02056174911558628,0.02275877445936203,0.020987728610634804,0.020523816347122192,0.0259421244263649,0.02508208155632019,0.03487737476825714,0.02403024025261402,0.023329416289925575,0.03624012693762779,0.028643617406487465,0.03487737476825714,0.028164472430944443,0.03497374802827835,0.029640108346939087,0.022330589592456818,0.02272600121796131,0.0753670334815979,0.11032909899950027,0.12093749642372131,0.17557105422019958,0.5986307464613742,7.311203479766846,0.5986307263374329,3.469517495713626,-0.09287600735541869,12.213210769718778,15.375793739982083,1.2589477107940001,18.168520122404782,0.10276245325803757,0.05014021322131157,0.04284141585230827,0.10333874821662903,0.1427968144416809,0.047740060836076736,0.09320060163736343,0.07676021754741669,0.07254451513290405,0.13390612602233887,0.09164977073669434,0.09233373403549194,0.06471472978591919,0.07278367131948471,0.18400409817695618,0.14247384667396545,0.09198292344808578,0.1402079313993454,1.223045825958252,1.7110782861709595,1.66817307472229,1.7579948902130127,0.9758524640426256,115.58484649658203,0.9758524894714355,1929.49033361251,-0.37468147534904106,118.44500142752445,216.7108709361374,1.8296328956417893,266.7763685300082,0.1442190557718277,0.1097007542848587,0.08797264099121094,0.14760346710681915,0.12267852574586868,0.1097007542848587,0.1527538299560547,0.13956935703754425,0.10359697043895721,0.4529019892215729,0.24450898170471191,0.23858791589736938,0.1393118053674698,0.1541384756565094,0.3307306170463562,0.16706177592277527,0.14793120324611664,0.14775972068309784,4.022596836090088,4.890885353088379,4.080020904541016,4.415030479431152,0.9016963403217786,105.53569793701172,0.9016963243484497,763.4402417213087,-1.1035276372551,117.04128454081375,170.62144399171618,1.4577885458204993,206.43466570670452,0.09536666423082352,0.07839907705783844,0.08209613710641861,0.09846969693899155,0.0940527468919754,0.08212542533874512,0.10704615712165833,0.11506865918636322,0.08590544015169144,0.44699180126190186,0.17737586796283722,0.14194951951503754,0.11506865918636322,0.09580018371343613,0.23616525530815125,0.11359792947769165,0.11273759603500366,0.11055812984704971,1.8773548603057861,2.4901342391967773,2.212134838104248,2.5976853370666504,000105.tdms,104,1040.0
17.624570846557617,1057.474250793457,0.01616734452545643,0.24429323385835422,7.367244243621826,0.2442932277917862,14.922520031923856,-0.9347539094043396,30.157381468426145,39.97573935819522,1.32557063682895,47.9105358608783,0.01991080306470394,0.017165128141641617,0.024390993639826775,0.018245987594127655,0.02138717845082283,0.02725612185895443,0.02664911560714245,0.03944256901741028,0.020811371505260468,0.024489717558026314,0.04109470918774605,0.023769091814756393,0.03944256901741028,0.02644973248243332,0.03400125727057457,0.02732599899172783,0.02024655230343342,0.02346799150109291,0.07271972298622131,0.10401003062725067,0.11149535328149796,0.167806476354599,0.5978190879638245,9.581439018249512,0.5978190898895264,3.5947679818710516,-0.09702979306605536,16.027321996164343,20.22901681425891,1.2621582581981015,23.93254509962559,0.12102667987346649,0.048298679292201996,0.04431943595409393,0.06921602785587311,0.1589958369731903,0.048298679292201996,0.09468201547861099,0.080508753657341,0.06518901139497757,0.11733381450176239,0.07748260349035263,0.09190449863672256,0.080508753657341,0.07018068432807922,0.2147083431482315,0.20540274679660797,0.08080913871526718,0.14860782027244568,1.1573816537857056,1.8770196437835693,1.6609773635864258,1.724711537361145,0.49917025561892,66.81201934814453,0.4991702437400818,661.5930480569026,1.1104315562055698,133.846154886181,186.76530225198277,1.3953729370171502,226.49045548895825,0.05135113745927811,0.0496470145881176,0.04629021883010864,0.059970974922180176,0.0552125908434391,0.05408322438597679,0.060807064175605774,0.08285786956548691,0.053865209221839905,0.09533431380987167,0.10721226036548615,0.09845956414937973,0.08285786956548691,0.0674852654337883,0.1034407913684845,0.06519731879234314,0.06361578404903412,0.06120003014802933,0.7328163385391235,0.7851845622062683,0.6913710832595825,0.8131017684936523,0.700167773781258,114.77521514892578,0.7001677751541138,2507.9874440600406,-12.127623062194878,163.9253039726206,237.5471583782125,1.4491183034065838,285.64807092635,0.08074803650379181,0.055538613349199295,0.05274831876158714,0.0837545096874237,0.07460732758045197,0.06825479865074158,0.08987681567668915,0.08470899611711502,0.063156358897686,0.1724162995815277,0.12107618153095245,0.14636749029159546,0.08470899611711502,0.07196695357561111,0.15586958825588226,0.09792043268680573,0.07719418406486511,0.08356697112321854,1.1474195718765259,1.4313368797302246,1.2400435209274292,1.5426397323608398,000106.tdms,105,1050.0
17.624570846557617,1057.474250793457,0.029708361253142357,0.2440330802559653,7.567873001098633,0.244033083319664,14.032026188161428,-0.8533108739344184,31.011668553954742,40.92408721810425,1.3196351285292396,48.99766103100919,0.019673364236950874,0.01987197995185852,0.02319464087486267,0.021461784839630127,0.02445889636874199,0.029386812821030617,0.024174515157938004,0.03865782171487808,0.020360510796308517,0.028957996517419815,0.03964398428797722,0.024066578596830368,0.03865782171487808,0.02815197966992855,0.04383021220564842,0.02861059457063675,0.02409711480140686,0.02342149242758751,0.07174764573574066,0.10879720002412796,0.11776420474052429,0.16597211360931396,0.596714699275194,9.290984153747559,0.5967146754264832,3.5522367384139284,-0.09298212896282049,15.570228393959379,19.651441828261483,1.2621164783867558,23.255944265322988,0.09962572157382965,0.03861374035477638,0.04453557729721069,0.07597701996564865,0.1705757975578308,0.04253346472978592,0.0947519987821579,0.08289085328578949,0.07300681620836258,0.14563634991645813,0.11246658861637115,0.08095665276050568,0.07109040766954422,0.06321950256824493,0.18398982286453247,0.18906913697719574,0.09253597259521484,0.13851062953472137,1.2441731691360474,1.8333868980407715,1.5828386545181274,1.740724802017212,0.5106069411279269,17.149709701538086,0.5106069445610046,10.891465012146318,-0.5555367172869458,33.58691063551644,45.44346767607792,1.3530112420647518,55.334800509332474,0.06961581110954285,0.035635560750961304,0.044922854751348495,0.05260591208934784,0.076215460896492,0.05799783021211624,0.06006840243935585,0.06505390256643295,0.042928583920001984,0.22063682973384857,0.1252535581588745,0.09201301634311676,0.06505390256643295,0.0644618421792984,0.1132027879357338,0.06006840243935585,0.05615432560443878,0.05374304950237274,0.6954039335250854,0.6812677383422852,0.6187441945075989,0.6842010617256165,0.6744679605935128,15.063114166259766,0.6744679808616638,6.648458293137002,-0.22493151836240557,22.333327965652586,29.512112692898864,1.3214381993712199,35.58347460893577,0.07371465116739273,0.04323802888393402,0.05196891352534294,0.07522530853748322,0.10524033010005951,0.05935242027044296,0.07010539621114731,0.06872005015611649,0.06658633798360825,0.2608349025249481,0.12597781419754028,0.08906785398721695,0.06572477519512177,0.07067777961492538,0.117161326110363,0.12211305648088455,0.07466363161802292,0.07732800394296646,0.7942477464675903,0.9253600835800171,0.8933328986167908,1.1883230209350586,000107.tdms,106,1060.0
13.78334903717041,827.0009422302246,0.06828048825263977,0.21306760238799868,8.204391479492188,0.21306760609149933,40.57381632663754,-2.1605678855443142,38.50604872603715,54.85154298154153,1.4244916005742188,67.01492975596808,0.021006004884839058,0.017773834988474846,0.03324762359261513,0.03407221660017967,0.031147869303822517,0.017773834988474846,0.020615000277757645,0.020538263022899628,0.020401988178491592,0.025015247985720634,0.022294368594884872,0.03468667343258858,0.019447553902864456,0.034185197204351425,0.022595668211579323,0.026942895725369453,0.019549783319234848,0.07390263676643372,0.07057681679725647,0.12178625911474228,0.14938509464263916,0.18347851932048798,0.32154222850833686,9.799103736877441,0.32154223322868347,14.920778307757882,-0.9262426384014214,30.475324445987575,40.30671033672676,1.3226015167833136,48.192647389418866,0.032171767204999924,0.04708660766482353,0.04100549966096878,0.03747028857469559,0.03861308470368385,0.04708660766482353,0.05670078471302986,0.05033311992883682,0.031758107244968414,0.06806563585996628,0.053193800151348114,0.03964197635650635,0.03551417589187622,0.039330512285232544,0.05272259563207626,0.05670078471302986,0.0482192225754261,0.09896095842123032,0.22683784365653992,0.3275773823261261,0.3370465040206909,0.4471563994884491,0.5472255400763083,34.45417785644531,0.5472255349159241,1143.0769911584484,-26.20729290273762,62.961567641087846,162.04947519207354,2.5737839965458913,213.017683018985,0.0985855981707573,0.050121501088142395,0.07741830497980118,0.13033565878868103,0.08339628577232361,0.049291010946035385,0.1291486769914627,0.08678049594163895,0.06587891280651093,0.2087152749300003,0.22598440945148468,0.21629980206489563,0.0812409371137619,0.11866380274295807,0.12811018526554108,0.15857405960559845,0.12197741121053696,0.1886923462152481,4.538089275360107,3.764893054962158,1.970164179801941,1.461296558380127,0.4151129982111333,16.88541030883789,0.41511300206184387,37.21290833595566,-1.918294275575703,40.67666004582611,57.68723899971786,1.418190159534429,70.28363746056117,0.03900403156876564,0.04069364815950394,0.06525249034166336,0.058845266699790955,0.048755940049886703,0.04069364815950394,0.04727796092629433,0.04056674987077713,0.03446599468588829,0.09608658403158188,0.07434292882680893,0.06401573866605759,0.0384342335164547,0.06460968405008316,0.044375352561473846,0.05619051307439804,0.04085233062505722,0.12918148934841156,0.35647860169410706,0.49550437927246094,0.425595760345459,0.6168647408485413,000108.tdms,107,1070.0
13.892308235168457,833.5384941101074,0.0372321791946888,0.2098063232324019,7.142114162445068,0.20980632305145264,44.487276829849584,-2.378893927740565,34.04146287113458,48.8239666297337,1.4342499561361075,59.741427734265486,0.021657347679138184,0.0175336766988039,0.014649566262960434,0.03380706161260605,0.02669520303606987,0.017057990655303,0.01944674365222454,0.021022047847509384,0.023797428235411644,0.024366768077015877,0.020762261003255844,0.032713085412979126,0.021022047847509384,0.03366933763027191,0.022640425711870193,0.02489931881427765,0.022448018193244934,0.0645868331193924,0.06708337366580963,0.11434859037399292,0.14783723652362823,0.17068511247634888,0.3049395325787061,8.832720756530762,0.30493953824043274,18.39653940563562,-1.1449147271288662,28.965482703529105,38.67435394512381,1.3351876211064073,46.33020829779724,0.029077207669615746,0.049463700503110886,0.02358262427151203,0.03915199637413025,0.047739122062921524,0.049463700503110886,0.04583122581243515,0.04512719810009003,0.029116282239556313,0.07551771402359009,0.05049833655357361,0.04525277763605118,0.032390426844358444,0.044497981667518616,0.03622647374868393,0.04583122581243515,0.041389577090740204,0.1247626543045044,0.21860836446285248,0.3150298595428467,0.3125621974468231,0.4096953570842743,0.6410779282293143,40.41762924194336,0.6410779356956482,1036.6256496989783,-26.363516563535967,63.04635904963792,188.54681932085833,2.9906059947476247,255.75266439798276,0.10766125470399857,0.05726902559399605,0.04549567028880119,0.15133845806121826,0.08643578737974167,0.06078764796257019,0.1737009584903717,0.10682874917984009,0.07648047059774399,0.28328320384025574,0.308035671710968,0.3484846353530884,0.10051240026950836,0.14088355004787445,0.1388789862394333,0.16984492540359497,0.20511972904205322,0.2286757081747055,7.192113876342773,5.366710186004639,2.6164865493774414,1.717820167541504,0.4054041088814881,14.628847122192383,0.40540412068367004,58.93219376909845,-2.828307803447505,36.08460496997291,53.30358096136614,1.4771834416843876,65.38846420394523,0.03932901471853256,0.03631605580449104,0.029745347797870636,0.06522250920534134,0.04594290629029274,0.03631605580449104,0.05097699537873268,0.04195844382047653,0.03894006833434105,0.08409859240055084,0.0711432546377182,0.07847095280885696,0.038991525769233704,0.06245655193924904,0.039802033454179764,0.058378368616104126,0.04737812653183937,0.15598037838935852,0.3743606209754944,0.55510413646698,0.48739030957221985,0.6146267652511597,000109.tdms,108,1080.0
13.94088077545166,836.4528465270996,0.059732142835855484,0.21302373032282723,8.3655366897583,0.21302373707294464,49.74968385580573,-2.6125664815976677,39.270445020753,56.87833917362928,1.4483752130532552,69.72778048422944,0.02414065971970558,0.01875901035964489,0.013788461685180664,0.036923591047525406,0.03241667523980141,0.01875901035964489,0.022857550531625748,0.020716968923807144,0.025721698999404907,0.022702518850564957,0.0191997941583395,0.03916650265455246,0.019601142033934593,0.04523416608572006,0.02240774966776371,0.03202493116259575,0.022202614694833755,0.0736832395195961,0.06711336225271225,0.12135466188192368,0.150617316365242,0.17533308267593384,0.30331267220134395,8.767699241638184,0.30331265926361084,20.808476226412257,-1.2853969584152514,28.906471918911585,38.87929683086237,1.3450031861351515,46.66443839091334,0.03287050500512123,0.04075496271252632,0.024223119020462036,0.044457342475652695,0.038526467978954315,0.04075496271252632,0.04185941442847252,0.052344273775815964,0.031513020396232605,0.057195283472537994,0.04696694016456604,0.05126000568270683,0.03271007165312767,0.04809647053480148,0.033932656049728394,0.04185941442847252,0.036078907549381256,0.10826670378446579,0.20924222469329834,0.30588191747665405,0.30826759338378906,0.39554038643836975,1.597442761919579,43.50732421875,1.5974427461624146,242.2225784628605,-14.568304747964463,27.23560759477172,123.54725751923031,4.5362401807752235,204.94057613581515,0.2254103124141693,0.13072532415390015,0.08595888316631317,0.3688015937805176,0.18748411536216736,0.13072532415390015,0.4640527367591858,0.2294003814458847,0.15893851220607758,1.025151014328003,0.7039728760719299,0.8745750188827515,0.2487591803073883,0.2877976894378662,0.3119286894798279,0.5507729053497314,0.6714740991592407,0.6460110545158386,43.723209381103516,28.32757568359375,12.097490310668945,7.969719886779785,0.47637185207458954,31.48720359802246,0.4763718545436859,217.70100621837196,-6.910088177094305,66.09795154960635,107.02838847264186,1.6192391135195365,133.23287806193915,0.0558793842792511,0.04477059841156006,0.03345772251486778,0.07072129845619202,0.058057915419340134,0.04477059841156006,0.07512800395488739,0.05411010608077049,0.039471112191677094,0.14132560789585114,0.10061075538396835,0.12275741994380951,0.04809467867016792,0.08136941492557526,0.0711851492524147,0.07557399570941925,0.08585134148597717,0.1751904934644699,1.0892221927642822,1.0347015857696533,0.6591867804527283,0.7431546449661255,000110.tdms,109,1090.0
13.892308235168457,833.5384941101074,0.050584111362695694,0.2085339424746086,8.50384521484375,0.20853394269943237,47.24823041526766,-2.3988954567313012,40.77918977568456,58.45562564448255,1.4334670690131746,71.56814593288273,0.02145310305058956,0.014739401638507843,0.031076889485120773,0.03283226117491722,0.029985329136252403,0.017039377242326736,0.0194311011582613,0.01979583501815796,0.023453818634152412,0.022483984008431435,0.020624399185180664,0.0308937169611454,0.01979583501815796,0.033011529594659805,0.022081408649683,0.02458498626947403,0.020600497722625732,0.0627276748418808,0.06127854064106941,0.11089307069778442,0.14284271001815796,0.1687564253807068,0.29630441795596557,8.64769458770752,0.2963044047355652,19.677657363304334,-1.1771453323086583,29.185169250472235,39.0161536623569,1.3368486345757817,46.770786706502896,0.033439330756664276,0.032865073531866074,0.03384801372885704,0.04286457970738411,0.040367092937231064,0.032865073531866074,0.0424504429101944,0.03838745877146721,0.028100760653614998,0.05961073562502861,0.04205756261944771,0.04637414216995239,0.028362760320305824,0.03787871450185776,0.036702726036310196,0.0424504429101944,0.037116315215826035,0.11429118365049362,0.19028109312057495,0.2892380356788635,0.2921380400657654,0.36511915922164917,0.26557453461507236,10.451667785644531,0.26557454466819763,103.46787162201016,-4.865992380053917,39.35493213155144,62.60150679263376,1.5906902490233288,77.69374582099572,0.03046511672437191,0.02406799979507923,0.05812644213438034,0.05297895893454552,0.04443805292248726,0.02406799979507923,0.027377981692552567,0.026922859251499176,0.030548587441444397,0.03212900832295418,0.02858450636267662,0.0574181005358696,0.026922859251499176,0.06062885746359825,0.0326443612575531,0.04386015236377716,0.03392627835273743,0.12904800474643707,0.15185850858688354,0.2939245402812958,0.2484024614095688,0.32970377802848816,0.36280849418433003,13.711599349975586,0.362808495759964,39.82983847103492,-1.9457004346476707,37.792939166989875,53.26527380532705,1.4093974953885415,64.57083361973993,0.03650854900479317,0.029075853526592255,0.05655210092663765,0.05483193323016167,0.04851715639233589,0.028701582923531532,0.04219258576631546,0.035511527210474014,0.03947386145591736,0.07153595983982086,0.05044219642877579,0.06061683967709541,0.035511527210474014,0.06330712139606476,0.04055039957165718,0.0455159954726696,0.04285012185573578,0.12421530485153198,0.2488226443529129,0.39016932249069214,0.3614288568496704,0.5001225471496582,000111.tdms,110,1100.0
13.886210441589355,833.1726264953613,0.057521384209394455,0.2068905172117984,11.090532302856445,0.2068905234336853,49.94588944263393,-2.479201762993443,53.60580297405715,76.92916978086227,1.4350903356133402,94.1704639393136,0.017956741154193878,0.018869662657380104,0.014426992274820805,0.03118027187883854,0.032188400626182556,0.018869662657380104,0.02141260728240013,0.01926891878247261,0.022412169724702835,0.020761823281645775,0.020557120442390442,0.03041914291679859,0.01926891878247261,0.03854447603225708,0.021714935079216957,0.028974909335374832,0.02048838883638382,0.06769780069589615,0.06134533882141113,0.10583707690238953,0.1446397602558136,0.1641380786895752,0.2939898308281422,12.021869659423828,0.2939898371696472,21.008642031553297,-1.2220451261181058,40.892127545906376,54.74657254585394,1.3388046998629324,65.64891014353168,0.030311787500977516,0.03297121822834015,0.020534178242087364,0.04373209923505783,0.04811558499932289,0.03297121822834015,0.04417136311531067,0.04979532212018967,0.027954578399658203,0.07259930670261383,0.0386759415268898,0.04112812876701355,0.030146924778819084,0.03929811716079712,0.03336891531944275,0.04417136311531067,0.038049619644880295,0.11518620699644089,0.19082647562026978,0.28012725710868835,0.29402410984039307,0.3748915195465088,0.395313073711959,30.959989547729492,0.3953130841255188,1284.5946032161603,-25.12632873283461,78.31764645934322,176.3753733362275,2.2520515019279683,226.24091535532892,0.06925475597381592,0.04115308076143265,0.033666230738162994,0.08513128012418747,0.06340432912111282,0.0419234074652195,0.09390650689601898,0.05603006109595299,0.043105144053697586,0.14391617476940155,0.16630426049232483,0.13090357184410095,0.05603006109595299,0.08197776973247528,0.07217467576265335,0.10525324195623398,0.1022678092122078,0.14747709035873413,1.8956036567687988,1.689945101737976,0.9168618321418762,0.8267462253570557,0.38229449900826096,19.113819122314453,0.38229450583457947,92.65170826335834,-3.7335565986269272,49.99763054895913,73.67355485253879,1.473540926712427,89.82940528228595,0.04131386801600456,0.03888005018234253,0.026996539905667305,0.06487453728914261,0.053313057869672775,0.03888005018234253,0.05765469744801521,0.03863971680402756,0.03572767972946167,0.07155072689056396,0.05615006759762764,0.0596335306763649,0.03821413964033127,0.06131432205438614,0.044829580932855606,0.05765469744801521,0.04529706761240959,0.12845082581043243,0.4028005003929138,0.539910614490509,0.4679022431373596,0.5657683610916138,000112.tdms,111,1110.0
13.78334903717041,827.0009422302246,0.027852509170770645,0.2050267473077294,7.365538597106934,0.2050267457962036,39.1534371885348,-2.103870699757566,35.924769298767764,51.06389927984719,1.4214120306570404,62.41102395425976,0.023311994969844818,0.0179330762475729,0.015804244205355644,0.030226266011595726,0.02995852567255497,0.0179330762475729,0.018872160464525223,0.020442252978682518,0.025721639394760132,0.019400503486394882,0.019640017300844193,0.03427807241678238,0.020442252978682518,0.03443646430969238,0.024039527401328087,0.025595208629965782,0.020305512472987175,0.062416452914476395,0.060259029269218445,0.1044713705778122,0.14914587140083313,0.16237245500087738,0.2894058894278839,7.622725009918213,0.289405882358551,17.343179554612412,-1.0774414545505233,26.33921868344595,35.11599144012709,1.3332206950465577,42.08132952981431,0.03192276135087013,0.0384792722761631,0.02270526997745037,0.03570805490016937,0.040847111493349075,0.0384792722761631,0.04679720103740692,0.03356750309467316,0.027417179197072983,0.05384590104222298,0.03875511512160301,0.0467236302793026,0.03209969773888588,0.04073164612054825,0.03756048157811165,0.04679720103740692,0.04462186247110367,0.10527485609054565,0.17508438229560852,0.270170658826828,0.28211280703544617,0.3542308807373047,0.3591965564046055,29.641117095947266,0.3591965436935425,1168.3773987752688,-22.051735673435918,82.52060485390336,163.73489683544747,1.9841698582472582,206.31488015660446,0.05630860850214958,0.03160959109663963,0.033125150948762894,0.07177115976810455,0.06142742931842804,0.03160959109663963,0.07186280190944672,0.051492027938365936,0.03491390869021416,0.11007516831159592,0.11175935715436935,0.1249300017952919,0.04601510241627693,0.0800824835896492,0.05766943842172623,0.07352686673402786,0.06585662066936493,0.13926300406455994,1.2745496034622192,1.0653181076049805,0.6042776107788086,0.5294461250305176,0.4188362459784038,29.971208572387695,0.41883623600006104,202.45831586954483,-5.428466602304545,71.5582972108223,105.50087974496837,1.4743346873409486,128.6218221534732,0.048116572201251984,0.038451939821243286,0.036118898540735245,0.05713462457060814,0.047436490654945374,0.038451939821243286,0.05763045325875282,0.04247668385505676,0.033846233040094376,0.09004538506269455,0.12002744525671005,0.07747337967157364,0.04247668385505676,0.06162749603390694,0.04568338394165039,0.05596116930246353,0.056226421147584915,0.13345685601234436,0.6239983439445496,0.6467776298522949,0.4864007830619812,0.561638593673706,000113.tdms,112,1120.0
13.788634300231934,827.318058013916,0.8223493695259094,0.2400725370055328,7.613306522369385,0.24007253348827362,17.843784012797602,-1.1008613521968744,31.712525794626504,42.48514052217471,1.3396958916900137,51.059045845315254,0.022194944322109222,0.02407834120094776,0.022243520244956017,0.031020933762192726,0.028042204678058624,0.02407834120094776,0.025482678785920143,0.023528004065155983,0.02049732767045498,0.022599931806325912,0.025681667029857635,0.025251680985093117,0.023528004065155983,0.02570314146578312,0.02248881198465824,0.023654485121369362,0.023084480315446854,0.04536383971571922,0.07109950482845306,0.1168835312128067,0.14554491639137268,0.18958619236946106,0.6495989314081065,63.38230895996094,0.6495989561080933,1156.2706847123184,-16.045247292332455,97.57144892860268,140.49087814900284,1.439876928053064,167.0789041528359,0.1633874475955963,0.07277127355337143,0.051077086478471756,0.21900074183940887,0.11245129257440567,0.07277127355337143,0.1722278594970703,0.10916316509246826,0.10955096781253815,0.2573615610599518,0.23660972714424133,0.2407841980457306,0.10916316509246826,0.12356845289468765,0.12740536034107208,0.15914388000965118,0.15534058213233948,0.19417747855186462,3.339235305786133,3.360999584197998,2.5143728256225586,2.2640557289123535,1.9957948823010943,84.88214111328125,1.9957948923110962,517.5568907424349,-17.22142242788861,42.53049342195656,162.80193745467915,3.827887342840747,238.50037060847848,0.3465276062488556,0.2362600862979889,0.15371941030025482,0.3767045736312866,0.231444850564003,0.2362600862979889,0.48407280445098877,0.4616352915763855,0.13919417560100555,1.4637525081634521,1.144566297531128,1.2860640287399292,0.4616352915763855,0.34308159351348877,0.37524330615997314,0.48407280445098877,0.5203151702880859,0.47047320008277893,91.4869155883789,30.147214889526367,17.755361557006836,11.128586769104004,10.183410572647716,278.67633056640625,10.18341064453125,187.81705108575505,-11.203382806152538,27.365716876320505,126.97774449217843,4.640029898213703,301.5718137389987,1.0588868856430054,0.7277839779853821,0.3237738013267517,1.2280927896499634,0.5672957897186279,0.7277839779853821,1.2743560075759888,0.8050931096076965,0.6364814639091492,3.1337482929229736,2.8244311809539795,4.121983528137207,0.8050931096076965,1.0393478870391846,1.0389455556869507,1.5519683361053467,1.164181113243103,1.6536563634872437,552.695556640625,216.64561462402344,93.108642578125,78.3811264038086,000114.tdms,113,1130.0
13.734349250793457,824.0609550476074,0.05083848536014557,0.25219092864266696,7.767534255981445,0.2521909177303314,21.924776123355162,-1.3153138707453453,30.800212750663125,41.53853509579985,1.3486444211300304,49.94595673582123,0.022873148322105408,0.02721785008907318,0.02447940595448017,0.026491638273000717,0.024811038747429848,0.02721785008907318,0.0234958678483963,0.02250910922884941,0.021413099020719528,0.025037270039319992,0.024854624643921852,0.031105568632483482,0.02250910922884941,0.028005292639136314,0.023973627015948296,0.02390049770474434,0.024737443774938583,0.056851305067539215,0.08211235702037811,0.13961954414844513,0.1605013757944107,0.21959902346134186,0.581181770339948,7.884847164154053,0.5811817646026611,4.062540561631721,-0.1585200162854521,13.566920998815922,17.18682882313567,1.2668186705469637,20.35185772231467,0.14212043583393097,0.04965834692120552,0.055046651512384415,0.1998145878314972,0.07876858860254288,0.055404067039489746,0.06275415420532227,0.08117011189460754,0.07942981272935867,0.12110181897878647,0.05957137793302536,0.07412825524806976,0.08117011189460754,0.049369990825653076,0.05361698195338249,0.05864797160029411,0.07564770430326462,0.06577766686677933,0.991786539554596,1.2819457054138184,1.552628755569458,1.6146483421325684,1.5842939608161626,168.16432189941406,1.5842939615249634,1370.7235438136772,-2.09941327567545,106.14464616956741,347.4427119832139,3.273294739973694,480.7567571356838,0.2781502306461334,0.21609610319137573,0.17597031593322754,0.34344711899757385,0.23058512806892395,0.2642061114311218,0.45886358618736267,0.3188576102256775,0.21774092316627502,1.1088521480560303,0.408121258020401,0.34146225452423096,0.3188576102256775,0.30257612466812134,0.39432746171951294,0.32605376839637756,0.3131369650363922,0.5243850350379944,20.773265838623047,22.505157470703125,18.7337646484375,19.13455581665039,4.3781624399635986,217.6326446533203,4.378162384033203,294.1214522044513,-7.124976422175453,49.70867290504867,210.9267513800499,4.243258551338776,349.6325519794078,0.769345760345459,0.4746091663837433,0.5015190243721008,1.0061900615692139,0.6329473853111267,0.6874217391014099,1.4560294151306152,1.16682767868042,0.5412875413894653,5.16804838180542,1.246553659439087,0.9378880858421326,1.16682767868042,0.9192646741867065,1.4938616752624512,0.7585647106170654,0.8173795938491821,2.495410680770874,269.23095703125,183.26217651367188,159.60635375976562,131.58688354492188,000115.tdms,114,1140.0
13.734349250793457,824.0609550476074,0.03951362147927284,0.26798830822895225,8.327893257141113,0.26798829436302185,21.31426779851688,-1.2699467136368028,31.075584275215054,41.87190828982567,1.3474214328198952,50.32502642025575,0.02216709777712822,0.02794443629682064,0.019688483327627182,0.03236131742596626,0.031293030828237534,0.02794443629682064,0.022073371335864067,0.022193968296051025,0.019772544503211975,0.024940842762589455,0.02636350877583027,0.031048836186528206,0.022193968296051025,0.034962140023708344,0.026372788473963737,0.024913575500249863,0.02497352473437786,0.05000076815485954,0.08969296514987946,0.14565688371658325,0.16660116612911224,0.218174546957016,0.5822774379222394,8.996899604797363,0.5822774171829224,4.280518831442023,-0.1680249862704844,15.451224826607243,19.61923742384679,1.26975289299151,23.24920447712007,0.12394523620605469,0.049638982862234116,0.05574212968349457,0.1922053098678589,0.09487692266702652,0.06608636677265167,0.06350424140691757,0.07493540644645691,0.08501750230789185,0.09726983308792114,0.055205635726451874,0.05401480197906494,0.07493540644645691,0.04870831221342087,0.07326012849807739,0.055351898074150085,0.07710997760295868,0.06124013662338257,0.9600356817245483,1.2657421827316284,1.5334649085998535,1.6297894716262817,1.257011632487659,138.25843811035156,1.2570116519927979,2164.4443923129234,-8.335588180348923,109.98978413328959,259.3351287998865,2.357811053484884,328.3758129195248,0.17161855101585388,0.1450955718755722,0.12261702865362167,0.21639198064804077,0.16977408528327942,0.14361315965652466,0.2914612591266632,0.2523525655269623,0.17645055055618286,0.655274510383606,0.29734453558921814,0.25278154015541077,0.1842804253101349,0.21450091898441315,0.24971017241477966,0.21800346672534943,0.2165171355009079,0.24453964829444885,8.399286270141602,10.164144515991211,8.60798454284668,8.271212577819824,0.9363951530543753,97.75830078125,0.9363951683044434,827.2621857100797,-5.592454053613604,104.39855488612648,155.9715500714805,1.4940010447616603,189.56715213079895,0.1069110557436943,0.08644638955593109,0.07254844158887863,0.13630205392837524,0.09811937808990479,0.08644638955593109,0.10570972412824631,0.12150321155786514,0.0906970202922821,0.3966730237007141,0.15743011236190796,0.13414518535137177,0.12150321155786514,0.11063794046640396,0.13092480599880219,0.10289307683706284,0.1134474128484726,0.15840037167072296,2.3277511596679688,2.8821845054626465,2.8552231788635254,3.2121784687042236,000116.tdms,115,1150.0
17.588003158569336,1055.2801895141602,1.9073486328125e-06,0.24490633098430106,6.817796230316162,0.24490633606910706,10.829507742503129,-0.6247848902159562,27.83838295610739,36.34176983838705,1.3054554891240235,43.41670326845381,0.019112057983875275,0.020883962512016296,0.019413873553276062,0.020114261656999588,0.021327588707208633,0.018783198669552803,0.022798022255301476,0.028651133179664612,0.02253606729209423,0.031127186492085457,0.03807564824819565,0.027412164956331253,0.028651133179664612,0.022468723356723785,0.04195075109601021,0.02877827174961567,0.020066343247890472,0.021586207672953606,0.07134619355201721,0.10404597222805023,0.10723931342363358,0.15772704780101776,0.6128698293198206,9.177923202514648,0.6128698587417603,3.3378519625593523,-0.06329516663356242,14.975322268189567,18.858287343447465,1.2592909191347457,22.298963971697802,0.11762016266584396,0.03759155794978142,0.04117206856608391,0.06257930397987366,0.1628483235836029,0.03871193528175354,0.128628209233284,0.09455715119838715,0.07313049584627151,0.1214696541428566,0.09131340682506561,0.061004042625427246,0.06732488423585892,0.06604506075382233,0.22323669493198395,0.19944024085998535,0.08100049197673798,0.171229749917984,1.333736538887024,1.9686583280563354,1.7693581581115723,1.7964015007019043,1.2489627826389773,174.792236328125,1.2489627599716187,3065.9920834744175,-7.426631032280635,139.9499158484133,373.1523535484393,2.6663278165355893,474.0986531601616,0.340599000453949,0.15933968126773834,0.1300598680973053,0.40558943152427673,0.37750279903411865,0.19884996116161346,0.3496928811073303,0.28933119773864746,0.2872921824455261,0.7494550943374634,0.5691415071487427,0.5794001817703247,0.2089352309703827,0.4106118679046631,0.3966532349586487,0.27480992674827576,0.393970787525177,0.32462525367736816,15.91143798828125,17.062660217285156,14.378131866455078,13.218414306640625,1.1414631416194927,224.38645935058594,1.1414631605148315,3698.6415376173727,-21.885325856900106,196.57792807241188,400.8614100012075,2.0391984691869642,493.3447423518856,0.21758151054382324,0.12921348214149475,0.10822531580924988,0.25033560395240784,0.17915858328342438,0.12921348214149475,0.23362478613853455,0.21570245921611786,0.1563269942998886,0.5238324403762817,0.3663160800933838,0.382969468832016,0.21570245921611786,0.22473759949207306,0.2301483452320099,0.29227375984191895,0.21281108260154724,0.251563161611557,9.187742233276367,10.684469223022461,8.600051879882812,8.084306716918945,000117.tdms,116,1160.0
17.55518341064453,1053.3110046386719,3.814697265625e-06,0.24537887890043422,6.611947059631348,0.24537888169288635,13.951826713879706,-0.8471796328551175,26.94586872863754,35.53412966618423,1.3187227334934373,42.52889071383893,0.02071285806596279,0.020178433507680893,0.02445652335882187,0.021753152832388878,0.02442198619246483,0.026498926803469658,0.02304033376276493,0.032191529870033264,0.022791074588894844,0.02524532936513424,0.035247802734375,0.02582637034356594,0.032191529870033264,0.028647134080529213,0.03764287382364273,0.026799650862812996,0.020028019323945045,0.022969486191868782,0.0733410120010376,0.1074594259262085,0.1170157790184021,0.17099198698997498,0.6493592432733746,7.2480549812316895,0.6493592262268066,3.329082700257478,-0.06496651827302173,11.161856947927237,14.050139147028599,1.2587635921671363,16.60978769858068,0.11568483710289001,0.0620964840054512,0.0463748425245285,0.07392935454845428,0.18390651047229767,0.0620964840054512,0.1338183879852295,0.09953850507736206,0.08540941774845123,0.1318666785955429,0.09387185424566269,0.09276588261127472,0.0851454883813858,0.07061073184013367,0.19509655237197876,0.17272144556045532,0.08342396467924118,0.13807779550552368,1.5132471323013306,2.1272380352020264,2.0199878215789795,2.094191074371338,0.5117725023764859,50.825775146484375,0.5117725133895874,91.25264229896024,-0.04728190477931397,99.31322005474681,140.1818778122806,1.4115127647155612,173.7881124420541,0.058997415006160736,0.035574883222579956,0.04116225987672806,0.09559602290391922,0.05601537600159645,0.05875964090228081,0.06157868728041649,0.062118932604789734,0.044956449419260025,0.178920716047287,0.15716895461082458,0.20112244784832,0.062118932604789734,0.07871052622795105,0.12172086536884308,0.12249080091714859,0.07682192325592041,0.0823831558227539,1.5856331586837769,1.0543975830078125,0.6681762933731079,0.6749781370162964,0.7109849515736151,115.73037719726562,0.7109849452972412,2377.1637948626185,-8.237209442766513,162.77472109799353,240.8385064053179,1.4795817482023421,291.16036853379876,0.09719688445329666,0.06885015219449997,0.057910770177841187,0.1132853701710701,0.0978095754981041,0.06773350387811661,0.10779134929180145,0.09972547739744186,0.07599575817584991,0.22823795676231384,0.17586354911327362,0.16400562226772308,0.09972547739744186,0.09742676466703415,0.16864414513111115,0.11436125636100769,0.1238497942686081,0.1156669482588768,2.5753469467163086,2.601665496826172,2.1294355392456055,2.1864852905273438,000118.tdms,117,1170.0
17.624570846557617,1057.474250793457,0.01458172220736742,0.2365003462717332,6.532049179077148,0.2365003526210785,12.394197923151799,-0.7346977908618839,27.619617823189067,36.27664060001167,1.3134374571089928,43.393765145935404,0.0205066055059433,0.021950434893369675,0.022372061386704445,0.018958741798996925,0.02155711129307747,0.021950434893369675,0.02507139928638935,0.030100509524345398,0.02325192093849182,0.028496187180280685,0.03968928009271622,0.0276442002505064,0.030100509524345398,0.02645333856344223,0.03878820687532425,0.031141625717282295,0.019307531416416168,0.022679727524518967,0.06988140940666199,0.10088620334863663,0.1085619330406189,0.156613290309906,0.6101322359837293,7.631659984588623,0.6101322174072266,3.324757491928224,-0.0678410539263172,12.508206474755317,15.730429997576021,1.2576087570447414,18.58405488713367,0.10049363225698471,0.041530877351760864,0.050847914069890976,0.061473362147808075,0.1699104607105255,0.04604388400912285,0.1213989108800888,0.08337658643722534,0.06406638026237488,0.1267663687467575,0.09231805056333542,0.0765044167637825,0.06363619118928909,0.06744147092103958,0.17407071590423584,0.21283717453479767,0.07556255161762238,0.15668271481990814,1.276762843132019,1.9782202243804932,1.653841257095337,1.7941827774047852,0.4689373118946624,39.4041633605957,0.46893730759620667,76.85523724197311,-1.3016351975452678,84.02863743426558,115.07236233167465,1.3694422026263862,140.17840428190655,0.04437241703271866,0.039895106106996536,0.039126209914684296,0.06279551982879639,0.05203904211521149,0.051189787685871124,0.05287591367959976,0.06578323245048523,0.05153343826532364,0.1552448272705078,0.12949900329113007,0.10953943431377411,0.06578323245048523,0.05490465834736824,0.11337708681821823,0.08970216661691666,0.05443919822573662,0.05346246063709259,0.615649938583374,0.6337267160415649,0.5150676965713501,0.6087668538093567,0.6219920493917965,32.289554595947266,0.6219920516014099,11.175196676474524,-0.1140587610048777,51.91313076673731,68.34830445738568,1.3165899156515328,82.245936681048,0.07250849902629852,0.046781472861766815,0.04467547684907913,0.07642146944999695,0.06617956608533859,0.05508942902088165,0.06388570368289948,0.0602150522172451,0.05182203650474548,0.1799927055835724,0.12993524968624115,0.16100279986858368,0.0602150522172451,0.05937008932232857,0.15617936849594116,0.07891836017370224,0.057640280574560165,0.0627630278468132,0.7164996862411499,0.8245705366134644,0.7732654809951782,1.0689104795455933,000119.tdms,118,1180.0
13.71543025970459,822.9258155822754,0.2194906622171402,0.19459835143780346,7.446926116943359,0.19459834694862366,20.980484837225305,-1.1641692151997611,38.26818707312383,51.930238427927904,1.3570080633477168,62.86673888457725,0.017304737120866776,0.015271499752998352,0.016972195357084274,0.024065982550382614,0.019257009029388428,0.015271499752998352,0.019086221233010292,0.016501760110259056,0.021913951262831688,0.018071521073579788,0.01770956628024578,0.022485606372356415,0.016048921272158623,0.024236535653471947,0.01960436813533306,0.02415553480386734,0.018990954384207726,0.037271033972501755,0.048381127417087555,0.07700420916080475,0.11874017119407654,0.13340680301189423,0.3140540344843377,7.571678638458252,0.31405404210090637,7.299566134270774,-0.4124616958463923,24.109477373505488,31.016844293506328,1.286500068541159,36.87646392477138,0.03244955465197563,0.04254410043358803,0.02356797456741333,0.034516554325819016,0.03587355092167854,0.04254410043358803,0.06175815314054489,0.04117940738797188,0.03008786030113697,0.06696351617574692,0.048489172011613846,0.03296437859535217,0.03414817526936531,0.04001006484031677,0.04983684420585632,0.06175815314054489,0.04294942319393158,0.08468382060527802,0.21093586087226868,0.3340374231338501,0.3440447449684143,0.4164770245552063,0.23839436644632028,10.724315643310547,0.2383943647146225,48.83901227849128,-2.6374596156833277,44.98560852412325,64.1802999535656,1.4266851568574275,78.075427353441,0.022925090044736862,0.018688861280679703,0.030682869255542755,0.03608877211809158,0.035438504070043564,0.020199952647089958,0.03342841565608978,0.02270505763590336,0.02474396489560604,0.03536646068096161,0.03077586553990841,0.03927424177527428,0.02270505763590336,0.039566993713378906,0.030217068269848824,0.037719376385211945,0.026649953797459602,0.07155346125364304,0.1067933440208435,0.17379824817180634,0.1714043915271759,0.22812087833881378,0.3621977779454024,10.18118667602539,0.36219778656959534,11.871497504908284,-0.7080833965499034,28.109467522907057,37.402931194596135,1.3306168522799524,44.9964171200157,0.033820584416389465,0.030152227729558945,0.027852581813931465,0.03564084321260452,0.03869025036692619,0.030152227729558945,0.055786699056625366,0.029475873336195946,0.029232412576675415,0.14293193817138672,0.055128660053014755,0.04195686802268028,0.02868901751935482,0.03738181293010712,0.03472798690199852,0.055786699056625366,0.04426077753305435,0.09491574764251709,0.20891337096691132,0.29988282918930054,0.27722474932670593,0.3910699486732483,000120.tdms,119,1190.0
13.892308235168457,833.5384941101074,0.060007911175489426,0.21036457917610976,6.884582042694092,0.21036458015441895,34.251352875017055,-1.886147863078593,32.7269071136285,46.05610150801437,1.4072854898297182,56.15945325342944,0.022242289036512375,0.0167324710637331,0.01759999245405197,0.03079146333038807,0.02795812301337719,0.0167324710637331,0.02315383031964302,0.018251562491059303,0.027213560417294502,0.020792581140995026,0.02417544461786747,0.029139701277017593,0.018251562491059303,0.030456438660621643,0.019858399406075478,0.02349957823753357,0.01874547451734543,0.0629090964794159,0.058636073023080826,0.09790875017642975,0.13677243888378143,0.15955248475074768,0.31471344733825374,7.081365585327148,0.3147134482860565,12.869375242563633,-0.8206721403237817,22.500994619769465,29.60481798193618,1.315711526632928,35.36696783780882,0.03310364857316017,0.04206778109073639,0.02538161911070347,0.03848641738295555,0.03536343201994896,0.04206778109073639,0.052345868200063705,0.05442201718688011,0.026314064860343933,0.074594646692276,0.050444915890693665,0.04106525331735611,0.032773107290267944,0.03784816712141037,0.04471878707408905,0.052345868200063705,0.04709683358669281,0.10796187818050385,0.20674970746040344,0.3195475935935974,0.3236592411994934,0.4160671830177307,0.264226245897871,9.872878074645996,0.2642262578010559,69.4518757891318,-3.752749440531646,37.36524371792373,56.73696317265025,1.5184422079771984,69.7889586553922,0.028375813737511635,0.02297627367079258,0.020568162202835083,0.04869209602475166,0.047214433550834656,0.02297627367079258,0.028846360743045807,0.02482728846371174,0.025119569152593613,0.042986370623111725,0.03586539998650551,0.05754886940121651,0.02482728846371174,0.06081681326031685,0.03025387041270733,0.036575235426425934,0.024260876700282097,0.12033840268850327,0.13326625525951385,0.24147595465183258,0.2139224410057068,0.2975122928619385,0.3685839659074298,10.677337646484375,0.3685839772224426,24.181032658413688,-1.4303660806792535,28.968535351768388,39.63027144267011,1.368045396891316,47.79794110490955,0.03233450651168823,0.03094368427991867,0.02908465452492237,0.0558781772851944,0.04975821450352669,0.03094368427991867,0.0482742115855217,0.03639690577983856,0.033889904618263245,0.07855856418609619,0.06564877182245255,0.05339428782463074,0.03180113807320595,0.05910466983914375,0.039695050567388535,0.0482742115855217,0.034439053386449814,0.12805305421352386,0.22081637382507324,0.3328390419483185,0.32020342350006104,0.44596853852272034,000121.tdms,120,1200.0
13.8319673538208,829.918041229248,0.05038377642631531,0.20378018132271628,6.5559210777282715,0.2037801742553711,31.28853999322104,-1.765213037181244,32.17153422464569,45.09376821849651,1.4016667002455685,54.974403673808204,0.020258469507098198,0.018559306859970093,0.014037244953215122,0.025800103321671486,0.02666284330189228,0.018559306859970093,0.02162560261785984,0.017927994951605797,0.02470884472131729,0.018539637327194214,0.021143915131688118,0.034333162009716034,0.017927994951605797,0.03191416338086128,0.020737487822771072,0.02789473719894886,0.021892806515097618,0.061691515147686005,0.05914919078350067,0.09934650361537933,0.13925151526927948,0.15806180238723755,0.30313800852676565,7.372312545776367,0.30313801765441895,12.738022719878867,-0.7970712581452406,24.319987393218714,31.936226119038707,1.3131678731027498,38.13432373540028,0.03287538141012192,0.04005511850118637,0.02283896878361702,0.03958327695727348,0.040843382477760315,0.04005511850118637,0.05723500996828079,0.040980540215969086,0.028940344229340553,0.05703753978013992,0.039841730147600174,0.040215425193309784,0.033365845680236816,0.042477864772081375,0.04367451369762421,0.05723500996828079,0.045734383165836334,0.11078103631734848,0.20404207706451416,0.31013864278793335,0.3067340850830078,0.39511245489120483,0.25424874021561256,9.983283042907715,0.2542487382888794,71.3142280340596,-3.7474082395730104,39.26581124626817,59.569356572817455,1.517079481669411,73.29659930545971,0.026019172742962837,0.025449858978390694,0.01877516135573387,0.049329373985528946,0.048236168920993805,0.025449858978390694,0.03022742085158825,0.0289908479899168,0.022687772288918495,0.03308814391493797,0.031054941937327385,0.06497294455766678,0.0289908479899168,0.0610005185008049,0.029665812849998474,0.046157851815223694,0.0356346070766449,0.12364901602268219,0.12843292951583862,0.24166277050971985,0.219371497631073,0.28929489850997925,0.35658765067247344,11.655305862426758,0.35658764839172363,22.281570952677033,-1.3103693880065346,32.68566884031602,44.56353908325542,1.363396885068134,53.73337375722984,0.030899064615368843,0.034643109887838364,0.026000771671533585,0.050199151039123535,0.0476481169462204,0.034643109887838364,0.04630688577890396,0.028346624225378036,0.03341596573591232,0.11268852651119232,0.0403788685798645,0.057328999042510986,0.028247827664017677,0.05310238525271416,0.03536134585738182,0.04630688577890396,0.03831295296549797,0.12505485117435455,0.20398104190826416,0.329159140586853,0.3005371391773224,0.4326840341091156,000122.tdms,121,1210.0
13.892308235168457,833.5384941101074,0.059844862669706345,0.20161483661816695,6.4704484939575195,0.2016148418188095,32.03115928087505,-1.810994497849665,32.093116769038836,45.107025298921094,1.4055046639295923,55.02679018636736,0.019375957548618317,0.01956087350845337,0.01363237015902996,0.033294204622507095,0.02753840573132038,0.01956087350845337,0.02024896629154682,0.02004549838602543,0.024191932752728462,0.01795230805873871,0.019234586507081985,0.03166765719652176,0.02004549838602543,0.03280364349484444,0.019808689132332802,0.02241325005888939,0.02256534807384014,0.060390740633010864,0.058459412306547165,0.10278168320655823,0.14148229360580444,0.15820419788360596,0.29781285018740195,7.178749084472656,0.2978128492832184,13.074261184210899,-0.8249885167066237,24.10490037604271,31.73821905022978,1.3166708244010685,37.92384260238309,0.03318813815712929,0.0392766073346138,0.02312762662768364,0.035781651735305786,0.0388839952647686,0.0392766073346138,0.04486769437789917,0.03244335576891899,0.02879396267235279,0.06496579200029373,0.04145672544836998,0.04018903896212578,0.03244335576891899,0.03877618908882141,0.040635302662849426,0.04486769437789917,0.03903316706418991,0.11000363528728485,0.1958930939435959,0.29454803466796875,0.3026648163795471,0.3812049925327301,0.2483762671625981,9.322909355163574,0.24837626516819,80.06275632033771,-4.132611237366692,37.535427445088324,58.450420830981784,1.5572067459865915,72.29562881271282,0.03455628827214241,0.027228141203522682,0.017176831141114235,0.05407256260514259,0.05083470046520233,0.027228141203522682,0.02869580313563347,0.0265042744576931,0.023618469014763832,0.03654241934418678,0.026870695874094963,0.0568060539662838,0.0265042744576931,0.06351035088300705,0.031089037656784058,0.0402408130466938,0.031035438179969788,0.12797576189041138,0.14730501174926758,0.269588440656662,0.23739387094974518,0.3052043914794922,0.3281801608813678,9.561015129089355,0.3281801640987396,30.10650428608412,-1.73964733513739,29.133434219216923,40.3814658416866,1.3860867049807084,48.76398797634518,0.031801898032426834,0.03368132561445236,0.024509433656930923,0.052566979080438614,0.04757104814052582,0.03368132561445236,0.044568419456481934,0.031866952776908875,0.027680668979883194,0.06049930304288864,0.06218456104397774,0.05461559817194939,0.03028090111911297,0.05335938557982445,0.03257554769515991,0.044568419456481934,0.03050673007965088,0.11947061121463776,0.19772332906723022,0.3191460371017456,0.2973508834838867,0.41811782121658325,000123.tdms,122,1220.0
13.724742889404297,823.4845733642578,0.04869002848863602,0.1993606940580947,6.466468334197998,0.1993606984615326,28.18305367926224,-1.6337128746082556,32.436024386600685,45.09201483236695,1.3901831585437594,54.88345547485437,0.020506827160716057,0.021617382764816284,0.027041172608733177,0.020748022943735123,0.022960299625992775,0.021617382764816284,0.01986060105264187,0.020029263570904732,0.024553311988711357,0.021370844915509224,0.017528146505355835,0.026218147948384285,0.020029263570904732,0.026163501664996147,0.019747834652662277,0.021209077909588814,0.018352331593632698,0.0482233464717865,0.050863027572631836,0.0855766236782074,0.13454753160476685,0.14634451270103455,0.2936235866033543,6.975207328796387,0.29362359642982483,12.12611797289954,-0.7820454236008426,23.75560972293056,31.189920946812556,1.31294971211393,37.267355800079365,0.03127409890294075,0.034950315952301025,0.02827000990509987,0.032570209354162216,0.03583729639649391,0.034950315952301025,0.04991094022989273,0.042309775948524475,0.02943423017859459,0.04868806526064873,0.038836028426885605,0.03656705468893051,0.03249657526612282,0.0343511737883091,0.050500959157943726,0.04991094022989273,0.04334666207432747,0.09973267465829849,0.18836289644241333,0.2777981162071228,0.2941356599330902,0.37290650606155396,0.24250808386503148,9.056489944458008,0.24250808358192444,72.33653551445323,-3.799860203268465,37.34510536769744,56.401089508419226,1.5102672479592125,69.36063054419763,0.026746027171611786,0.04088409245014191,0.04765508696436882,0.0374641939997673,0.03769434988498688,0.04088409245014191,0.02777070365846157,0.025650756433606148,0.028299899771809578,0.04070096090435982,0.02988039143383503,0.043926969170570374,0.025650756433606148,0.04593384265899658,0.026735300198197365,0.030959216877818108,0.027211977168917656,0.09539663046598434,0.1186966598033905,0.20654377341270447,0.20487064123153687,0.26739969849586487,0.33081592963650025,9.079161643981934,0.3308159410953522,24.519127225836318,-1.4856792157597543,27.44475350373271,37.50479350987054,1.3665560342806353,45.22507342812324,0.032868221402168274,0.045685067772865295,0.0455935113132,0.04295599088072777,0.039742760360240936,0.045685067772865295,0.036946605890989304,0.030091987922787666,0.03457098826766014,0.11907864362001419,0.0449141263961792,0.04304876551032066,0.029882272705435753,0.043533433228731155,0.033144477754831314,0.036946605890989304,0.03910566866397858,0.09552713483572006,0.18192920088768005,0.2785819172859192,0.27990707755088806,0.39146125316619873,000124.tdms,123,1230.0
13.720050811767578,823.2030487060547,0.050402045249938965,0.19753194526461895,6.503705024719238,0.19753193855285645,20.51333950860327,-1.2102299576613937,32.92482649328799,44.884209859493716,1.363232995886668,54.40508805118194,0.018840642645955086,0.021939344704151154,0.01853926107287407,0.022603601217269897,0.022716175764799118,0.021939344704151154,0.01773057132959366,0.018110549077391624,0.020420808345079422,0.020117811858654022,0.025270534679293633,0.024427078664302826,0.018110549077391624,0.02284403145313263,0.017838886007666588,0.018925122916698456,0.02113410085439682,0.041652385145425797,0.04706753417849541,0.07823246717453003,0.12391720712184906,0.13599935173988342,0.290105497413108,7.702753067016602,0.2901054918766022,9.660670505793387,-0.5899558272857823,26.551558435474735,34.54175825159795,1.3009314815000743,41.18802307755908,0.03013266809284687,0.038326114416122437,0.023986587300896645,0.03101038746535778,0.04133118316531181,0.038326114416122437,0.04688530042767525,0.03968094289302826,0.028595756739377975,0.0628914162516594,0.04911009222269058,0.03481665253639221,0.03260686993598938,0.03431123122572899,0.03729626536369324,0.04688530042767525,0.03725573047995567,0.09455128759145737,0.18735934793949127,0.26776063442230225,0.2735041081905365,0.34414979815483093,0.2790948764221744,9.064314842224121,0.2790948748588562,33.232516617608255,-1.9253887600451296,32.47753938883828,45.805429294212836,1.410372526865598,55.87677462327631,0.028384851291775703,0.03488394618034363,0.03095882013440132,0.04501812532544136,0.03848232328891754,0.03488394618034363,0.02723933383822441,0.025194965302944183,0.024022134020924568,0.06335102021694183,0.041836149990558624,0.04630700498819351,0.024622470140457153,0.038923148065805435,0.02957969717681408,0.030244937166571617,0.03051767870783806,0.08688365668058395,0.1264888346195221,0.20241594314575195,0.19805020093917847,0.26336222887039185,0.4268770029626997,11.509236335754395,0.4268769919872284,11.526736840910123,-0.6411092271596461,26.961481306970445,36.056635074099,1.3373388006235827,43.551805121765604,0.0398733913898468,0.04335490241646767,0.037501491606235504,0.04598790407180786,0.04380928352475166,0.04335490241646767,0.04744679853320122,0.03829856589436531,0.03410527482628822,0.11030037701129913,0.10445684939622879,0.07228697836399078,0.03829856589436531,0.04494902119040489,0.04339183121919632,0.04744679853320122,0.037139229476451874,0.0935874953866005,0.31142574548721313,0.37079891562461853,0.35524532198905945,0.49333667755126953,000125.tdms,124,1240.0
13.886210441589355,833.1726264953613,0.7492936849594116,0.23557369149115998,6.353602409362793,0.2355736941099167,12.926923787733571,-0.7998982152872361,26.97076387921363,35.571997784170165,1.3189095401033675,42.60407816537126,0.020759224891662598,0.01931939646601677,0.019467221572995186,0.02536582574248314,0.027197957038879395,0.01931939646601677,0.01984376832842827,0.020057398825883865,0.020110026001930237,0.02355373278260231,0.020488517358899117,0.028087398037314415,0.020057398825883865,0.0284902211278677,0.024033676832914352,0.02280345745384693,0.021928826346993446,0.04503406584262848,0.06949805468320847,0.11228488385677338,0.1385129988193512,0.17847618460655212,0.5965283790450149,7.915112495422363,0.5965283513069153,3.394490360191423,-0.07387559272002076,13.268626897673677,16.691892424579905,1.257996969340242,19.719084001895922,0.13104695081710815,0.0735592469573021,0.06423807889223099,0.2007712423801422,0.10374270379543304,0.06926785409450531,0.06951633840799332,0.054472800344228745,0.1030980572104454,0.10982979089021683,0.0617736391723156,0.07475605607032776,0.05328930541872978,0.0546591617166996,0.08717544376850128,0.059895094484090805,0.0878932997584343,0.0745621770620346,1.0154807567596436,1.343597650527954,1.6188509464263916,1.7391784191131592,0.5289892449899171,126.20967864990234,0.5289892554283142,10882.891595165369,-12.399167081749226,238.58647381821154,431.301090215881,1.8077348783171436,533.8609935262897,0.06819795817136765,0.0645420104265213,0.044618770480155945,0.09647476673126221,0.06080080568790436,0.05905185639858246,0.10121946781873703,0.07986152172088623,0.06871303915977478,0.12623846530914307,0.12318120151758194,0.11608631908893585,0.0859467089176178,0.09353981167078018,0.09623783826828003,0.09226839244365692,0.07194823026657104,0.09592833369970322,1.4313457012176514,1.7336363792419434,1.4252123832702637,1.4589245319366455,0.7180802500487681,85.23265838623047,0.7180802226066589,182.8193997799163,-1.6713402117219203,118.69517143862672,167.97510809391036,1.415180635050219,206.5873185768937,0.07508175820112228,0.05353342741727829,0.057880956679582596,0.12479313462972641,0.0629001334309578,0.05353342741727829,0.09656448662281036,0.06255495548248291,0.05738140270113945,0.2312137931585312,0.13831278681755066,0.08938051015138626,0.06255495548248291,0.07322370260953903,0.10145937651395798,0.09370274841785431,0.07696962356567383,0.09763898700475693,1.3552210330963135,1.377274990081787,1.1305440664291382,1.2996435165405273,000126.tdms,125,1250.0
17.58919906616211,1055.3519439697266,1.2541369199752808,0.2451202498772805,6.1980462074279785,0.24512025713920593,9.395910136546085,-0.5591904399371312,25.285737145466484,33.004880382813084,1.3052765752067694,39.45905955662374,0.02051633968949318,0.01844106987118721,0.023539962247014046,0.021941810846328735,0.021319618448615074,0.024615908041596413,0.023563764989376068,0.02954641915857792,0.025003992021083832,0.026410477235913277,0.030399661511182785,0.022786583751440048,0.02954641915857792,0.022670652717351913,0.03792956471443176,0.027414361014962196,0.020321374759078026,0.022051123902201653,0.07650934159755707,0.10625415295362473,0.11776745319366455,0.16862443089485168,0.6090782616789016,8.283021926879883,0.6090782880783081,3.33372778262323,-0.06389830269921146,13.599273604098169,17.129336206094813,1.2595772910203713,20.255115483333718,0.0857391506433487,0.0481022484600544,0.05196106806397438,0.11182120442390442,0.1593211144208908,0.0481022484600544,0.09318207204341888,0.07741434872150421,0.06736274063587189,0.10599897801876068,0.07675676792860031,0.07311804592609406,0.07741434872150421,0.05994249880313873,0.21338698267936707,0.14786149561405182,0.07572691142559052,0.1254604458808899,1.2776672840118408,1.8129010200500488,1.7933733463287354,1.8156872987747192,0.5233211103255143,61.52144241333008,0.5233210921287537,436.36611987188445,-2.133223949968466,117.55964206195071,167.20272038514221,1.422279937676494,205.83264279557392,0.06375688314437866,0.046215616166591644,0.04490850120782852,0.08878913521766663,0.057487502694129944,0.04800522327423096,0.07160169631242752,0.07232070714235306,0.049668483436107635,0.1620803326368332,0.11869580298662186,0.10465583950281143,0.07232070714235306,0.05905679985880852,0.1120755597949028,0.12270532548427582,0.07764152437448502,0.06449078768491745,1.0835930109024048,1.1709322929382324,0.8038257360458374,0.8893306255340576,0.8288802535630246,93.94209289550781,0.828880250453949,672.2413029719871,-0.01254687946941462,113.33614534993244,163.57254992761588,1.4432513954182524,199.74537141235754,0.1091039776802063,0.07359349727630615,0.06382504105567932,0.11736161261796951,0.11829600483179092,0.07359349727630615,0.10430508852005005,0.09632754325866699,0.0871148556470871,0.3959827125072479,0.1541861891746521,0.18576030433177948,0.09369520097970963,0.11010196059942245,0.19112898409366608,0.16689465939998627,0.12238821387290955,0.11456894129514694,2.2377684116363525,2.7586257457733154,2.20212984085083,2.294501543045044,000127.tdms,126,1260.0
17.58919906616211,1055.3519439697266,1.7213720083236694,0.27125414684747146,6.523709774017334,0.27125415205955505,8.725891858498736,-0.5238535737720936,24.050175268603994,31.313113358442546,1.3019910669557517,37.400988511767366,0.025759762153029442,0.020865339785814285,0.0220286063849926,0.02524486556649208,0.021942324936389923,0.022510815411806107,0.02499162219464779,0.028945209458470345,0.021055007353425026,0.03349105268716812,0.03856516256928444,0.027153505012392998,0.028945209458470345,0.02760540507733822,0.030740102753043175,0.025667907670140266,0.023216040804982185,0.033609043806791306,0.09549582004547119,0.13205751776695251,0.1462678164243698,0.19878578186035156,0.6170801479799154,7.615547180175781,0.6170801520347595,3.3957101810757346,-0.07432161919126512,12.341261025988556,15.548431377321293,1.2598737960876925,18.38338411158457,0.1243043765425682,0.04412056878209114,0.051064420491456985,0.1514691859483719,0.1274203062057495,0.06042817607522011,0.09231735020875931,0.08169515430927277,0.06834346801042557,0.11647918820381165,0.0851692333817482,0.0710960403084755,0.07438409328460693,0.06446851044893265,0.14315767586231232,0.13606037199497223,0.07955281436443329,0.12962143123149872,1.2993545532226562,1.7733722925186157,1.7851808071136475,1.9107002019882202,1.774346274223676,149.45692443847656,1.7743462324142456,1058.865820381125,-6.441020149689475,84.2321065564657,221.18992145660468,2.625957375390205,288.2517768758619,0.2908046245574951,0.2007831484079361,0.16997666656970978,0.3623085916042328,0.2265593558549881,0.2007831484079361,0.38408273458480835,0.30108997225761414,0.22379998862743378,0.6864015460014343,0.7677845358848572,0.622475266456604,0.2886839509010315,0.28802138566970825,0.35036158561706543,0.41420286893844604,0.381425678730011,0.3210960626602173,19.226966857910156,21.446571350097656,18.01496124267578,17.887752532958984,2.292287904169502,135.74856567382812,2.292287826538086,731.3914450314329,-9.184366253590373,59.21968415350949,150.94501616929776,2.5488993790986374,197.35627639703512,0.5409733653068542,0.2665446996688843,0.188772052526474,0.6223203539848328,0.39668405055999756,0.2711867392063141,0.4571024775505066,0.3810940682888031,0.3448149561882019,1.5305967330932617,1.1080983877182007,0.9466379880905151,0.3567849397659302,0.7694829702377319,0.8238620162010193,0.4571024775505066,0.6007758975028992,0.5077118873596191,40.026023864746094,41.87910461425781,37.01601791381836,29.04891586303711,000128.tdms,127,1270.0
17.486339569091797,1049.1803741455078,1.5550806522369385,0.2568966608822762,7.319863319396973,0.2568966746330261,14.324274161439373,-0.8928793238888633,28.493415579081137,37.65835814681347,1.3216512440320038,45.087682823319646,0.022448012605309486,0.0286448672413826,0.019177956506609917,0.022679297253489494,0.027217429131269455,0.021243909373879433,0.032572902739048004,0.02489262819290161,0.03317278251051903,0.033164430409669876,0.03922716900706291,0.029359957203269005,0.022028520703315735,0.02776978351175785,0.025190405547618866,0.036269836127758026,0.029757488518953323,0.033196624368429184,0.08823353052139282,0.13565361499786377,0.13759545981884003,0.19955532252788544,0.6408267285073173,9.49428653717041,0.6408267021179199,3.564482549539742,-0.09235050192612786,14.815684357120258,18.704445754913614,1.262475988557657,22.12938472416689,0.10293480008840561,0.05616709962487221,0.04984733462333679,0.13345764577388763,0.12312128394842148,0.07830556482076645,0.14969271421432495,0.1181151270866394,0.11287571489810944,0.1407271772623062,0.08555607497692108,0.08012144267559052,0.1181151270866394,0.09901107847690582,0.09974484145641327,0.18394899368286133,0.10378461331129074,0.1123705506324768,1.536402702331543,1.9209595918655396,2.0067970752716064,1.9755313396453857,2.0013928331802027,174.89561462402344,2.0013928413391113,1356.9888581764753,-10.694758545980529,87.3869495905585,314.98721420463585,3.60451092160182,427.07462885542617,0.3604768216609955,0.2204476296901703,0.22210478782653809,0.5944281220436096,0.3878776431083679,0.1930898278951645,0.594698429107666,0.32384735345840454,0.26670271158218384,1.266454815864563,0.724699854850769,0.6224222183227539,0.568520724773407,0.3930929899215698,0.5723280906677246,0.45793724060058594,0.3874332904815674,0.6475430130958557,40.83861541748047,37.40102005004883,29.651514053344727,21.703582763671875,2.662028053256247,203.12205505371094,2.6620280742645264,1529.113865330873,-33.010152884370825,76.30349905788856,243.4184205479271,3.1901344440738533,317.7893879900845,0.20663362741470337,0.12125371396541595,0.0879233255982399,0.31517183780670166,0.15895703434944153,0.13779789209365845,0.3901250958442688,0.16800664365291595,0.1513361632823944,1.4830783605575562,1.0524886846542358,0.7389916181564331,0.16800664365291595,0.2291489988565445,0.26232966780662537,0.4048878848552704,0.4194982945919037,0.43125230073928833,55.888179779052734,23.709716796875,6.960441589355469,6.705129146575928,000129.tdms,128,1280.0
17.55518341064453,1053.3110046386719,3.814697265625e-06,0.24067391139977273,7.619996070861816,0.24067391455173492,15.373375662809954,-0.9247956153574954,31.661080449241464,41.951665398223895,1.3250231768142005,50.28441202845362,0.020946962758898735,0.021180203184485435,0.021501049399375916,0.022513382136821747,0.02148178219795227,0.029046718031167984,0.023296518251299858,0.03812926635146141,0.02250359207391739,0.02772967703640461,0.036793727427721024,0.02920893020927906,0.03812926635146141,0.028069401159882545,0.03708237409591675,0.026183616369962692,0.02065207064151764,0.025097869336605072,0.07448963820934296,0.10282005369663239,0.1139112040400505,0.16476958990097046,0.5873253471412131,8.030030250549316,0.5873253345489502,3.609002769088451,-0.09280979954565002,13.672201088604853,17.263597761780858,1.2626787486448885,20.42504686519057,0.10037931799888611,0.04033610224723816,0.03525781258940697,0.05786185339093208,0.15225739777088165,0.037717100232839584,0.0790620744228363,0.08532093465328217,0.058140188455581665,0.11704561859369278,0.08676299452781677,0.0796085074543953,0.07921233028173447,0.06383132934570312,0.19451957941055298,0.2563982605934143,0.09437286108732224,0.14324937760829926,1.1678667068481445,1.780968189239502,1.6969501972198486,1.6715229749679565,0.526825515984537,41.254180908203125,0.526825487613678,44.317210757905656,-0.6491145396553942,78.30710483167636,115.01607911217657,1.4687821668213545,145.51864259656327,0.06990648806095123,0.037036750465631485,0.040584079921245575,0.06904283910989761,0.09171038120985031,0.05104575306177139,0.06567651778459549,0.07425415515899658,0.05921759456396103,0.37638309597969055,0.26044872403144836,0.09506822377443314,0.07425415515899658,0.08306735754013062,0.2678600549697876,0.09578002989292145,0.10017147660255432,0.065224289894104,1.0434646606445312,1.0991359949111938,0.774754524230957,0.696357011795044,0.865999972383089,54.117191314697266,0.8659999966621399,21.628399265025674,-0.24875595220951888,62.49098503522545,90.89529263245572,1.4545344833533844,114.31106943313952,0.16543205082416534,0.05629432946443558,0.05488058552145958,0.1913120299577713,0.20626118779182434,0.06604339182376862,0.12027490884065628,0.08302071690559387,0.08872757107019424,0.5652318596839905,0.20623742043972015,0.24700967967510223,0.08168838173151016,0.13573534786701202,0.5406359434127808,0.17649529874324799,0.15614913403987885,0.11414225399494171,2.7209010124206543,3.2942121028900146,2.1799252033233643,1.9448660612106323,000130.tdms,129,1290.0
17.58919906616211,1055.3519439697266,3.814697265625e-06,0.2672167516612909,6.840048789978027,0.2672167420387268,8.384466131784544,-0.4510468640686185,25.597380207091557,33.19583840611808,1.296845151244088,39.60441672661691,0.022956961765885353,0.02066841907799244,0.019929977133870125,0.0225911196321249,0.02335365302860737,0.022929567843675613,0.022197214886546135,0.029425591230392456,0.020726708695292473,0.08638111501932144,0.0603344701230526,0.03517378494143486,0.02816944196820259,0.024937519803643227,0.045952875167131424,0.026793222874403,0.02315935306251049,0.025577373802661896,0.09773687273263931,0.12645485997200012,0.1365327537059784,0.18845736980438232,0.646600234606966,8.471704483032227,0.6466002464294434,3.276489821036044,-0.05300435018719771,13.10191990292383,16.49875375637516,1.2592622973289043,19.514373737758515,0.11045213788747787,0.04943118989467621,0.05393484607338905,0.07041919231414795,0.17812074720859528,0.04943118989467621,0.11543504893779755,0.0897497832775116,0.0744853988289833,0.1312333196401596,0.09958242624998093,0.09373723715543747,0.0897497832775116,0.07365535944700241,0.18215279281139374,0.17836478352546692,0.08491713553667068,0.1281043142080307,1.4714887142181396,2.3157873153686523,2.033210039138794,2.0242083072662354,1.2900153597575261,130.41067504882812,1.2900153398513794,1317.806019988031,-3.605180602456274,101.09234286430541,193.02887561659006,1.9094312204801658,241.39584137843352,0.2096514254808426,0.1399635672569275,0.11489059776067734,0.2237241566181183,0.18487298488616943,0.14007781445980072,0.2350659817457199,0.19794704020023346,0.14817415177822113,1.0833144187927246,0.4558512568473816,0.308291494846344,0.19794704020023346,0.22505757212638855,0.5212125182151794,0.2536975145339966,0.24584895372390747,0.23183554410934448,8.162335395812988,9.89919662475586,8.069000244140625,8.47176456451416,1.5073521360945228,143.80043029785156,1.5073521137237549,879.7689223956752,-7.0458793522093925,95.3993608092344,170.0112898273659,1.7821009321784607,211.25866159822957,0.20498664677143097,0.15004199743270874,0.15026378631591797,0.2467363178730011,0.2443637102842331,0.15446554124355316,0.25604933500289917,0.2175653725862503,0.17831650376319885,1.065701961517334,0.4503442347049713,0.34268131852149963,0.20498673617839813,0.25045955181121826,0.5440853238105774,0.27876171469688416,0.2406330704689026,0.2842027544975281,10.027589797973633,12.992795944213867,9.984245300292969,10.719392776489258,000131.tdms,130,1300.0
13.8319673538208,829.918041229248,0.24813562631607056,0.18957245401634504,7.2976393699646,0.18957243859767914,21.088470773101346,-1.1938644146493316,38.4952518963298,51.9175512421231,1.3486741529043744,62.64793499587386,0.017771368846297264,0.015217512845993042,0.013784263283014297,0.019775820896029472,0.021640101447701454,0.015217512845993042,0.017399540171027184,0.018085140734910965,0.01873355731368065,0.019745847210288048,0.022361120209097862,0.022767456248402596,0.018085140734910965,0.021766439080238342,0.01978222467005253,0.017399540171027184,0.016949806362390518,0.03175528720021248,0.04414353519678116,0.06357227265834808,0.0938137099146843,0.10776051878929138,0.33641128619544186,8.577340126037598,0.3364112973213196,6.079427527774549,-0.3122370958952296,25.496588485603,32.611090394525746,1.2790374058451015,38.72018191906323,0.04171304777264595,0.03365727886557579,0.025569399818778038,0.03850715979933739,0.04009513556957245,0.03365727886557579,0.04924334958195686,0.05003916099667549,0.03131011128425598,0.07007606327533722,0.06101703271269798,0.04593982920050621,0.0385078527033329,0.03528604656457901,0.05610021576285362,0.04608674719929695,0.04245827719569206,0.11646511405706406,0.2696990370750427,0.3798409700393677,0.3885905146598816,0.4673089385032654,0.3582526177978173,27.178958892822266,0.358252614736557,1068.195980903075,-20.47647997558699,75.8653462461534,142.8556703106062,1.8830161250051556,178.2560792239462,0.06445489078760147,0.039689503610134125,0.04412468895316124,0.0815216526389122,0.06083899736404419,0.04403211176395416,0.08827804028987885,0.055953498929739,0.04722321778535843,0.13516275584697723,0.10645797848701477,0.11592844128608704,0.05584609881043434,0.07214930653572083,0.07000038772821426,0.08670974522829056,0.08022826164960861,0.11372389644384384,1.3967516422271729,1.3260924816131592,0.8970123529434204,0.8764238953590393,0.39714712740615543,12.897594451904297,0.39714711904525757,11.85408305253301,-0.6627509011471097,32.47560806026969,43.1805679417415,1.3296307758612267,51.99254730068703,0.03769579902291298,0.03225807473063469,0.030667481943964958,0.04315439239144325,0.03879113867878914,0.03225807473063469,0.05209796503186226,0.03760664537549019,0.031173957511782646,0.1581335812807083,0.05628636106848717,0.05306902527809143,0.03766975924372673,0.03928915038704872,0.03663593530654907,0.05209796503186226,0.04150756821036339,0.0727555900812149,0.2481473982334137,0.31944435834884644,0.3224804997444153,0.4399513304233551,000132.tdms,131,1310.0
13.734349250793457,824.0609550476074,0.052155330777168274,0.18412194464363396,6.527685165405273,0.18412195146083832,19.840709965447722,-1.1684494690385732,35.45305356208103,47.84685704099884,1.3495835262036118,57.79049545237151,0.016535289585590363,0.01837824657559395,0.018660293892025948,0.018536841496825218,0.019451836124062538,0.01837824657559395,0.01676466502249241,0.015519004315137863,0.020995264872908592,0.016387522220611572,0.01738496497273445,0.01852208748459816,0.015519004315137863,0.020194774493575096,0.01499320100992918,0.016566721722483635,0.01651976816356182,0.03361593186855316,0.03738580271601677,0.06086462363600731,0.09029315412044525,0.10676577687263489,0.2942362388036052,6.022579669952393,0.2942362427711487,7.303946401210979,-0.43229305278452446,20.468517727254877,26.360380636536092,1.2878500039812801,31.351784474555778,0.03528708219528198,0.039929792284965515,0.02279435470700264,0.034137871116399765,0.047500770539045334,0.039929792284965515,0.05236770957708359,0.03865223750472069,0.03080029785633087,0.06230240687727928,0.04844712093472481,0.03535110875964165,0.037231191992759705,0.036385130137205124,0.04784048721194267,0.05236770957708359,0.03774046525359154,0.09682092815637589,0.20977751910686493,0.30568772554397583,0.2994580864906311,0.3550903797149658,0.234424140864813,7.36931848526001,0.2344241440296173,40.37660596911519,-2.39614402528651,31.435834458319402,44.31780462483741,1.4097861688258393,53.760067566545004,0.021482063457369804,0.038889411836862564,0.03491079434752464,0.031797416508197784,0.027387741953134537,0.038889411836862564,0.023340892046689987,0.024262426421046257,0.023845700547099113,0.029284590855240822,0.02038002200424671,0.03565378114581108,0.02158023789525032,0.0369718112051487,0.023263536393642426,0.026436515152454376,0.022738240659236908,0.06944536417722702,0.08155457675457001,0.13935524225234985,0.1408711075782776,0.19381394982337952,0.3641490415931607,9.512553215026855,0.3641490340232849,10.37298433154593,-0.6370742021126157,26.12269188848942,34.50126925432052,1.3207394322758519,41.42339578808541,0.02878943644464016,0.038507893681526184,0.030734455212950706,0.035608839243650436,0.03237340599298477,0.038507893681526184,0.04962042719125748,0.035548966377973557,0.030063571408391,0.14689122140407562,0.05588320642709732,0.042578477412462234,0.035548966377973557,0.03201073780655861,0.032934900373220444,0.04962042719125748,0.03618382662534714,0.08546233922243118,0.21458567678928375,0.27831292152404785,0.26371222734451294,0.3854486048221588,000133.tdms,132,1320.0
13.908173561096191,834.4904136657715,0.045171480625867844,0.18091937402580768,5.983734130859375,0.18091937899589539,15.08336542692782,-0.9092283375960895,33.07403733336934,44.26583070911581,1.3383860658721198,53.39618724878036,0.015598880127072334,0.013522662222385406,0.013403031043708324,0.016208991408348083,0.020926354452967644,0.013522662222385406,0.017690595239400864,0.017375925555825233,0.02048422582447529,0.01685512438416481,0.018129004165530205,0.01871836744248867,0.017375925555825233,0.02044833078980446,0.015825001522898674,0.019348766654729843,0.016866542398929596,0.03270317241549492,0.03794572502374649,0.05752914398908615,0.08962121605873108,0.10178640484809875,0.28529713690635156,6.517714500427246,0.28529712557792664,6.514186711237223,-0.36190694872237095,22.845355446264705,29.308425122256804,1.2829051923133388,34.821691104948094,0.035758960992097855,0.03773699700832367,0.021711360663175583,0.034029871225357056,0.04633193835616112,0.03773699700832367,0.041195470839738846,0.03181072324514389,0.02896496094763279,0.060143958777189255,0.04613186791539192,0.035973578691482544,0.03181072324514389,0.0352620929479599,0.039440255612134933,0.041195470839738846,0.038421064615249634,0.09593314677476883,0.20211489498615265,0.26895782351493835,0.27871233224868774,0.34268397092819214,0.25195277014419054,8.174827575683594,0.25195276737213135,24.537105011434466,-1.5469832338188403,32.4458729745468,44.701080038557095,1.3777123541605516,54.16875454309104,0.024751773104071617,0.019532091915607452,0.028861023485660553,0.026045672595500946,0.03016561083495617,0.019319646060466766,0.025380635634064674,0.023879775777459145,0.020351972430944443,0.046603236347436905,0.03408132120966911,0.045312605798244476,0.023879775777459145,0.03690009191632271,0.025951625779271126,0.03217426687479019,0.025159155949950218,0.06692741811275482,0.10744044184684753,0.1480564922094345,0.14724481105804443,0.197093665599823,0.4082395911469525,8.52908706665039,0.40823960304260254,7.211073429309007,-0.3516265359462023,20.89235647793946,27.647294278648033,1.3233210101426907,33.32360378269506,0.03434976935386658,0.03340250626206398,0.029278740286827087,0.040931232273578644,0.03780973330140114,0.03340250626206398,0.04215245693922043,0.033891282975673676,0.031116077676415443,0.10055942088365555,0.06644222885370255,0.06139924377202988,0.033891282975673676,0.04094608873128891,0.036913275718688965,0.04271971434354782,0.04204673692584038,0.08646760135889053,0.3242148160934448,0.3375992178916931,0.3000352084636688,0.43146058917045593,000134.tdms,133,1330.0
13.868475914001465,832.1085548400879,0.044616904109716415,0.1936128765599541,6.826464653015137,0.19361287355422974,24.511797600594768,-1.3799661687026943,35.258319458423294,48.283543432881096,1.3694227114204118,58.54107720027345,0.017951061949133873,0.01614704541862011,0.01292141992598772,0.020947223529219627,0.022056469693779945,0.01614704541862011,0.018120327964425087,0.016033364459872246,0.023164264857769012,0.018586687743663788,0.0176496971398592,0.024509569630026817,0.016033364459872246,0.026608692482113838,0.01824972778558731,0.021761707961559296,0.01758902333676815,0.04682301729917526,0.04299650713801384,0.07066260278224945,0.1095317155122757,0.12414439767599106,0.29436680683145894,7.237274646759033,0.2943668067455292,9.906686598825502,-0.6019362103122692,24.585906015221234,31.988254415823555,1.301080968747684,38.14738537207699,0.03257855772972107,0.04627850651741028,0.026364216580986977,0.04019195958971977,0.04040179401636124,0.04627850651741028,0.05003511533141136,0.04033106565475464,0.02659755013883114,0.06140083447098732,0.043309301137924194,0.035128798335790634,0.032230399549007416,0.038917750120162964,0.03997156396508217,0.05003511533141136,0.049429237842559814,0.1448400765657425,0.20743870735168457,0.3083951771259308,0.2891579866409302,0.36579984426498413,0.2578921195110848,9.378585815429688,0.2578921318054199,44.17519236122618,-2.552569325241634,36.36631407431034,51.7673406081718,1.4234970446108797,62.924333790757665,0.024145614355802536,0.022894125431776047,0.019833603873848915,0.044746629893779755,0.038362931460142136,0.022894125431776047,0.023054126650094986,0.023665379732847214,0.022247709333896637,0.04037481173872948,0.0289998147636652,0.0552193857729435,0.02164473570883274,0.04923776909708977,0.025043195113539696,0.03699307516217232,0.02570926770567894,0.1024862602353096,0.10426883399486542,0.17837992310523987,0.168257936835289,0.23593589663505554,0.40045092989194053,9.034337043762207,0.4004509150981903,10.77485711589562,-0.6531351290465022,22.56040970163329,29.96308834188331,1.3281269594901945,36.01567358714947,0.034450825303792953,0.036897867918014526,0.027027025818824768,0.04855236038565636,0.045559901744127274,0.036897867918014526,0.05521290749311447,0.038165003061294556,0.03146775811910629,0.06616271287202835,0.07653801143169403,0.05567348375916481,0.03109613060951233,0.05243673175573349,0.03600817173719406,0.05521290749311447,0.04384986311197281,0.11322080343961716,0.26448124647140503,0.35466304421424866,0.3244766592979431,0.4318220317363739,000135.tdms,134,1340.0
13.729508399963379,823.7705039978027,0.05532756820321083,0.18763965134658311,4.805184841156006,0.18763965368270874,16.075792314904568,-1.023240850078253,25.6085790325868,34.56667761110291,1.3498084984378467,41.79764816569853,0.018657248467206955,0.020256275311112404,0.0159781314432621,0.021746182814240456,0.019153859466314316,0.020256275311112404,0.014600208960473537,0.01501038670539856,0.01974167861044407,0.018814070150256157,0.016596917062997818,0.020387282595038414,0.014103725552558899,0.019694944843649864,0.016646577045321465,0.018264098092913628,0.01910330541431904,0.029876112937927246,0.03935787081718445,0.06304706633090973,0.10100137442350388,0.11784940958023071,0.2866924398548441,6.611730575561523,0.28669244050979614,7.239222139302833,-0.4345051529023749,23.06210299409752,29.801647176291763,1.2922345886634514,35.49850689626994,0.03768116235733032,0.04161170870065689,0.022767411544919014,0.033119458705186844,0.04554476588964462,0.04161170870065689,0.05667708069086075,0.03824460506439209,0.027503764256834984,0.05063023790717125,0.053312692791223526,0.035381048917770386,0.03515138477087021,0.030378857627511024,0.04848423972725868,0.05667708069086075,0.05162861943244934,0.07154186069965363,0.20183619856834412,0.2948344647884369,0.27947911620140076,0.33783191442489624,0.24965180796014982,7.489913463592529,0.24965180456638336,30.66224220825148,-1.9738048954743965,30.001438903210715,41.69786230253457,1.3898620808507993,50.47911315285338,0.02387654222548008,0.030041439458727837,0.03183932974934578,0.03288911655545235,0.033560317009687424,0.030041439458727837,0.023634351789951324,0.020602472126483917,0.024605154991149902,0.030380703508853912,0.0251915343105793,0.031160149723291397,0.020153377205133438,0.03586309030652046,0.024232352152466774,0.03060274012386799,0.02728130668401718,0.0667698085308075,0.0872243344783783,0.14804857969284058,0.15336015820503235,0.20955659449100494,0.3994503610993951,8.732633590698242,0.3994503617286682,8.016911750337675,-0.4575326234063005,21.861623974162097,28.879075005639933,1.3209940414203285,34.728732301300965,0.03253712132573128,0.037072788923978806,0.03824388235807419,0.041382502764463425,0.03742511570453644,0.037072788923978806,0.057297203689813614,0.03301618993282318,0.03316311910748482,0.10894681513309479,0.08698491752147675,0.04866314306855202,0.036280855536460876,0.03935399278998375,0.04444735497236252,0.057297203689813614,0.03984459117054939,0.0801466628909111,0.25370287895202637,0.31211036443710327,0.29676979780197144,0.4192342758178711,000136.tdms,135,1350.0
13.788634300231934,827.318058013916,0.050611529499292374,0.1898180308404441,6.007061958312988,0.18981802463531494,20.485585183566204,-1.1945144419821572,31.64642437663028,42.98198172743536,1.3581939373591911,52.050131878179656,0.01832185499370098,0.014300523325800896,0.02278735116124153,0.017433524131774902,0.021119706332683563,0.014300523325800896,0.016240453347563744,0.017758086323738098,0.02158624306321144,0.018732748925685883,0.015811510384082794,0.02364233136177063,0.016053812578320503,0.02325586788356304,0.017450273036956787,0.01796216517686844,0.018310172483325005,0.037897948175668716,0.04354466497898102,0.06978784501552582,0.107782743871212,0.12473519146442413,0.284999569214947,6.85089635848999,0.2849995791912079,9.15647063345246,-0.5537041055529638,24.03826917128789,31.16225223445237,1.296360067041499,37.13255213303923,0.031440336257219315,0.032755929976701736,0.024805322289466858,0.03717142343521118,0.033003438264131546,0.032755929976701736,0.05130080133676529,0.03840946778655052,0.025182824581861496,0.06117516756057739,0.04076528549194336,0.034983910620212555,0.029978109523653984,0.031061209738254547,0.037914447486400604,0.05130080133676529,0.037709854543209076,0.09318887442350388,0.18188703060150146,0.2617250680923462,0.27290111780166626,0.3497621715068817,0.2589475038728913,9.345178604125977,0.258947491645813,35.43168873879993,-2.0951519345558665,36.089085487818465,50.240141479570546,1.3921145631836152,60.818175921760464,0.021912600845098495,0.020164914429187775,0.03407001122832298,0.031065430492162704,0.03426443412899971,0.019939975813031197,0.027538618072867393,0.024796145036816597,0.025103958323597908,0.03224050626158714,0.03083539754152298,0.03815288096666336,0.021365545690059662,0.0426659993827343,0.02501727268099785,0.0278029665350914,0.024669788777828217,0.07771662622690201,0.10199710726737976,0.16196182370185852,0.16289623081684113,0.2261139303445816,0.408368455907385,8.530340194702148,0.40836846828460693,8.941186827662293,-0.511322608892847,20.888832306471702,27.558519463353992,1.3192943989892587,33.102927422091,0.033482182770967484,0.03485114499926567,0.03160705044865608,0.04018024727702141,0.03864476829767227,0.03485114499926567,0.03966114670038223,0.03744612634181976,0.03299718350172043,0.09976635873317719,0.09831514209508896,0.05362545698881149,0.03744612634181976,0.04229392483830452,0.03921525180339813,0.03966114670038223,0.03880421817302704,0.07202397286891937,0.2723599672317505,0.31910544633865356,0.31391122937202454,0.4556118845939636,000137.tdms,136,1360.0
