shaft_hz,rpm_est,shaft_std,CH1_rms,CH1_peak,CH1_std,CH1_kurt,CH1_skew,CH1_crest,CH1_impulse,CH1_shape,CH1_margin,CH1_BPFI_h1,CH1_BPFI_h2,CH1_BPFI_h3,CH1_BPFO_h1,CH1_BPFO_h2,CH1_BPFO_h3,CH1_BSF_h1,CH1_BSF_h2,CH1_BSF_h3,CH1_FTF_h1,CH1_FTF_h2,CH1_FTF_h3,CH1_BPFI_sb_p,CH1_BPFI_sb_m,CH1_BPFO_sb_p,CH1_BPFO_sb_m,CH1_BSF_sb_p,CH1_BSF_sb_m,CH1_E_low,CH1_E_mid,CH1_E_high,CH1_E_vhigh,CH2_rms,CH2_peak,CH2_std,CH2_kurt,CH2_skew,CH2_crest,CH2_impulse,CH2_shape,CH2_margin,CH2_BPFI_h1,CH2_BPFI_h2,CH2_BPFI_h3,CH2_BPFO_h1,CH2_BPFO_h2,CH2_BPFO_h3,CH2_BSF_h1,CH2_BSF_h2,CH2_BSF_h3,CH2_FTF_h1,CH2_FTF_h2,CH2_FTF_h3,CH2_BPFI_sb_p,CH2_BPFI_sb_m,CH2_BPFO_sb_p,CH2_BPFO_sb_m,CH2_BSF_sb_p,CH2_BSF_sb_m,CH2_E_low,CH2_E_mid,CH2_E_high,CH2_E_vhigh,CH3_rms,CH3_peak,CH3_std,CH3_kurt,CH3_skew,CH3_crest,CH3_impulse,CH3_shape,CH3_margin,CH3_BPFI_h1,CH3_BPFI_h2,CH3_BPFI_h3,CH3_BPFO_h1,CH3_BPFO_h2,CH3_BPFO_h3,CH3_BSF_h1,CH3_BSF_h2,CH3_BSF_h3,CH3_FTF_h1,CH3_FTF_h2,CH3_FTF_h3,CH3_BPFI_sb_p,CH3_BPFI_sb_m,CH3_BPFO_sb_p,CH3_BPFO_sb_m,CH3_BSF_sb_p,CH3_BSF_sb_m,CH3_E_low,CH3_E_mid,CH3_E_high,CH3_E_vhigh,CH4_rms,CH4_peak,CH4_std,CH4_kurt,CH4_skew,CH4_crest,CH4_impulse,CH4_shape,CH4_margin,CH4_BPFI_h1,CH4_BPFI_h2,CH4_BPFI_h3,CH4_BPFO_h1,CH4_BPFO_h2,CH4_BPFO_h3,CH4_BSF_h1,CH4_BSF_h2,CH4_BSF_h3,CH4_FTF_h1,CH4_FTF_h2,CH4_FTF_h3,CH4_BPFI_sb_p,CH4_BPFI_sb_m,CH4_BPFO_sb_p,CH4_BPFO_sb_m,CH4_BSF_sb_p,CH4_BSF_sb_m,CH4_E_low,CH4_E_mid,CH4_E_high,CH4_E_vhigh,file,idx,t_min
13.218019485473633,793.081169128418,9.5367431640625e-07,0.14936175708645055,0.9664573669433594,0.1493617594242096,4.113483869484542,-0.009444079112655419,6.4705811299740805,8.47108412302312,1.3091689838771952,10.220547945536998,0.010564189404249191,0.009598969481885433,0.009963170625269413,0.01164752896875143,0.011223303154110909,0.009598969481885433,0.010965954512357712,0.012582492083311081,0.010827088728547096,0.01266863476485014,0.012681220658123493,0.011418907903134823,0.012582492083311081,0.011764219030737877,0.011607380583882332,0.010696758516132832,0.012206013314425945,0.011143414303660393,0.017638403922319412,0.027269158512353897,0.08318357169628143,0.06991925090551376,0.1957537720677322,1.1473537683486938,0.1957537680864334,3.333055416823425,-0.002609706306776774,5.861208988359628,7.437007602886228,1.2688521459746853,8.828758606559342,0.01764058507978916,0.0162110086530447,0.022825488820672035,0.02302982285618782,0.021352143958210945,0.0162110086530447,0.03574990853667259,0.01800069399178028,0.02730877883732319,0.0279874037951231,0.020795537158846855,0.021507853642106056,0.025463005527853966,0.017732221633195877,0.023315029218792915,0.03574990853667259,0.017060179263353348,0.02051549218595028,0.0452275387942791,0.06855090707540512,0.11035266518592834,0.12375989556312561,0.12514140654229478,0.9103212356567383,0.12514141201972961,4.096687513668763,-0.01064338526309962,7.274340770247549,9.509202226708958,1.3072252905173365,11.463755873302555,0.009274613112211227,0.009565922431647778,0.008668547496199608,0.010842109099030495,0.00982982013374567,0.009565922431647778,0.011366655118763447,0.01023586094379425,0.009172588586807251,0.011168093420565128,0.010348682291805744,0.009489540942013264,0.010519043542444706,0.0103599289432168,0.010008610785007477,0.011366655118763447,0.01140277273952961,0.00998464971780777,0.013522082008421421,0.020730553194880486,0.05795490741729736,0.0505768358707428,0.17066520033946228,1.0205987691879272,0.1706652045249939,3.831246617197768,-0.00656847355754915,5.980122292991783,7.733592492689125,1.293216445046996,9.26874203358944,0.014304319396615028,0.014042533934116364,0.011737706139683723,0.01456566620618105,0.014808310195803642,0.01248992420732975,0.017782213166356087,0.013318045996129513,0.013616739772260189,0.019299007952213287,0.0183982215821743,0.01591642200946808,0.013318045996129513,0.01584872044622898,0.016731636598706245,0.017782213166356087,0.015481545589864254,0.018474481999874115,0.029900886118412018,0.0435870885848999,0.0937957614660263,0.09415097534656525,000001.tdms,0,0.0
13.218019485473633,793.081169128418,9.5367431640625e-07,0.1493763408540854,0.9967077970504761,0.14937634766101837,4.13336577990612,-0.012391388571713634,6.672460922202435,8.735721798149077,1.3092203761105885,10.537880614194021,0.013875245116651058,0.009939607232809067,0.00915073323994875,0.011818158440291882,0.012028862722218037,0.010361246764659882,0.011592376977205276,0.014379406347870827,0.011457393877208233,0.01252657175064087,0.011080670170485973,0.012373249046504498,0.010876335203647614,0.013392823748290539,0.012571746483445168,0.012646511197090149,0.011023357510566711,0.011760661378502846,0.01841212436556816,0.028195226565003395,0.08658871054649353,0.06941442936658859,0.1985009294795608,1.2066208124160767,0.19850093126296997,3.3295381760517127,-0.004580534863778226,6.078665805644602,7.710109976369297,1.2683885284842848,9.15100186433836,0.025094157084822655,0.015609845519065857,0.0208874698728323,0.019950715824961662,0.02093678154051304,0.014765937812626362,0.039242662489414215,0.02087172493338585,0.025730546563863754,0.02371455729007721,0.02338341251015663,0.026892071589827538,0.021332556381821632,0.019810669124126434,0.025183357298374176,0.039242662489414215,0.022168751806020737,0.022130290046334267,0.04915498197078705,0.07660650461912155,0.11303559690713882,0.12666110694408417,0.12614589961144965,0.8333664536476135,0.12614589929580688,4.091687227402185,-0.015798658243867166,6.6063697370625665,8.624901453977929,1.3055432555630582,10.387937781416259,0.01265658624470234,0.010171993635594845,0.008643614128232002,0.010264973156154156,0.009841161780059338,0.009462001733481884,0.011992289684712887,0.011348988860845566,0.009717467240989208,0.011316983960568905,0.011380006559193134,0.010525296442210674,0.010680743493139744,0.011390333995223045,0.011393462307751179,0.011992289684712887,0.009571258910000324,0.011624554172158241,0.014196167699992657,0.021439701318740845,0.059171006083488464,0.051152050495147705,0.17217829343895302,1.0434401035308838,0.17217829823493958,3.8142907340880337,-0.006638781094531213,6.060230257194659,7.827092367721798,1.2915503265621853,9.374714735431308,0.015680188313126564,0.014075182378292084,0.012161004357039928,0.015459048561751842,0.015526092611253262,0.013982784934341908,0.015610737726092339,0.0146138034760952,0.014749471098184586,0.01603393815457821,0.01734844781458378,0.018181486055254936,0.01339482981711626,0.014127936214208603,0.015915725380182266,0.015610737726092339,0.016389792785048485,0.017466336488723755,0.030352311208844185,0.044013723731040955,0.0965581089258194,0.09314984083175659,000002.tdms,1,10.0
13.217212677001953,793.0327606201172,1.9073486328125e-06,0.14717319658963604,0.9910523891448975,0.1471731960773468,4.142584785583485,-0.009691987140677389,6.733919029483712,8.823206533336332,1.310263235228239,10.648653295349078,0.011116988956928253,0.009699010290205479,0.00990898348391056,0.013792688958346844,0.010851424187421799,0.011059204116463661,0.01218788605183363,0.011972937732934952,0.010562489740550518,0.011865152046084404,0.012343292124569416,0.013457006774842739,0.011030588299036026,0.011230346746742725,0.011014440096914768,0.011158469133079052,0.011006892658770084,0.01150251179933548,0.017352871596813202,0.02653646282851696,0.0833606868982315,0.06874077767133713,0.2016233914092969,1.1466403007507324,0.20162339508533478,3.30236649967546,0.0022252437544231533,5.6870400439949185,7.209381992164934,1.2676861665107304,8.555437198575403,0.02065952681005001,0.01819353550672531,0.017693111672997475,0.022326406091451645,0.020753439515829086,0.01819353550672531,0.050913386046886444,0.01800842024385929,0.02526175230741501,0.028746185824275017,0.020758753642439842,0.02619309350848198,0.03078402951359749,0.018169404938817024,0.022430798038840294,0.050913386046886444,0.024745434522628784,0.021802129223942757,0.05386732891201973,0.0823700875043869,0.1174340471625328,0.13481080532073975,0.12519992546117029,0.8576621413230896,0.12519992887973785,4.08350137547419,-0.011925542498073708,6.850340670443022,8.943899792799286,1.305613869889608,10.771116414188455,0.010312795639038086,0.00924547016620636,0.008152936585247517,0.011876648291945457,0.00915837474167347,0.00924547016620636,0.014728660695254803,0.010165931656956673,0.009011024609208107,0.00962642952799797,0.011998037807643414,0.011452450416982174,0.010036611929535866,0.010089881718158722,0.009873217903077602,0.014728660695254803,0.01014537550508976,0.010705032385885715,0.013843439519405365,0.02076038531959057,0.05693231523036957,0.05157579854130745,0.1711024456340157,1.1883825063705444,0.17110244929790497,3.8024149066326154,-0.007636331587152656,6.9454443036569335,8.965388077835906,1.290830029853587,10.73126085018051,0.013959551230072975,0.01382566150277853,0.012796043418347836,0.016039563342928886,0.013216471299529076,0.013986170291900635,0.021422123536467552,0.015671852976083755,0.014209328219294548,0.019568847492337227,0.01618579961359501,0.01675133965909481,0.015671852976083755,0.014383472502231598,0.01567188836634159,0.021422123536467552,0.01483785081654787,0.015428049489855766,0.029449794441461563,0.04418623447418213,0.09324708580970764,0.0931292176246643,000003.tdms,2,20.0
17.554378509521484,1053.262710571289,1.9073486328125e-06,0.14920296435717517,0.9468408226966858,0.14920295774936676,4.2000768797901955,-0.008314399573774776,6.34599203022572,8.345293078236237,1.3150494104763957,10.09120945174165,0.008360575884580612,0.007069765590131283,0.007274725940078497,0.008986636996269226,0.009164625778794289,0.007584528997540474,0.011516024358570576,0.008337288163602352,0.007548751309514046,0.009429410099983215,0.009533231146633625,0.00901380367577076,0.00899038277566433,0.008189710788428783,0.102179616689682,0.00861865933984518,0.008379272185266018,0.008189870975911617,0.009738821536302567,0.04034661501646042,0.01817934215068817,0.04058707505464554,0.3685700583676705,1.9970965385437012,0.3685700595378876,3.2130745246160193,-0.021190120161071302,5.418499124395718,6.850336099851445,1.2642497382733098,8.120360050651637,0.10783997923135757,0.02527429722249508,0.026133185252547264,0.035046856850385666,0.07247788459062576,0.031644150614738464,0.061884958297014236,0.05649149417877197,0.04995037242770195,0.15437819063663483,0.09961114078760147,0.05090905725955963,0.06899049878120422,0.04407694563269615,0.12484269589185715,0.21327626705169678,0.0872156172990799,0.06477784365415573,0.37244537472724915,0.737433671951294,0.5735070705413818,0.5648414492607117,0.14754886405773207,1.2046502828598022,0.1475488692522049,4.18288125803273,-0.028007955064291646,8.164415839815979,10.662839569018896,1.3060137771301015,12.840836640775533,0.0170249342918396,0.010469638742506504,0.010378153063356876,0.010398403741419315,0.010113264434039593,0.010469638742506504,0.009965913370251656,0.011137143708765507,0.01577674224972725,0.013945192098617554,0.028302468359470367,0.01184214185923338,0.009418295696377754,0.011390953324735165,0.0657881647348404,0.04388630762696266,0.02333061397075653,0.011687355116009712,0.016717392951250076,0.04909402132034302,0.03868177905678749,0.05658671259880066,0.25013986787640335,1.9494452476501465,0.25013986229896545,3.5713144547056674,-0.06261369211208391,7.793420793735236,9.942979875402147,1.2758171460977494,11.832666654079166,0.03856745734810829,0.01688188686966896,0.015303723514080048,0.02050214819610119,0.029764916747808456,0.023537801578640938,0.024855731055140495,0.026172369718551636,0.027807679027318954,0.060398269444704056,0.055925991386175156,0.03199908137321472,0.02921356074512005,0.0183333158493042,0.05715455487370491,0.09014566242694855,0.035500671714544296,0.024800213053822517,0.08000071346759796,0.14437612891197205,0.126010000705719,0.19144797325134277,000004.tdms,3,30.0
17.55518341064453,1053.3110046386719,3.814697265625e-06,0.14740914578410785,0.8658140897750854,0.14740914106369019,4.280852777521668,-0.007814242348472868,5.8735439050921405,7.7590757555423355,1.3210211553565658,9.406377232550767,0.007104368414729834,0.007366005796939135,0.006040228996425867,0.008356369100511074,0.008182074874639511,0.006809528451412916,0.0075752269476652145,0.007805222645401955,0.0087670823559165,0.008553287014365196,0.007292395457625389,0.008779450319707394,0.008989237248897552,0.008633504621684551,0.10336868464946747,0.00766360480338335,0.007990854792296886,0.008491311222314835,0.00923092383891344,0.041043996810913086,0.01592053845524788,0.039435043931007385,0.42073579907492387,2.37247371673584,0.42073580622673035,3.2112468705900548,-0.015826968141150536,5.6388681969830525,7.128304452810212,1.2641374481184093,8.4487515993418,0.09185304492712021,0.031675051897764206,0.04216873273253441,0.03549927845597267,0.09638357162475586,0.031675051897764206,0.06353528052568436,0.0448983833193779,0.054291125386953354,0.13531847298145294,0.09005475044250488,0.0448702797293663,0.0497228167951107,0.05204050987958908,0.14448779821395874,0.2291342169046402,0.08861047029495239,0.05709226801991463,0.5207372307777405,0.9802334308624268,0.853468656539917,0.8123009204864502,0.15611477603337517,1.2459156513214111,0.15611477196216583,4.12894903454765,-0.03819656006000797,7.980766990659818,10.381694728922328,1.300839222730397,12.470953929934542,0.01779940538108349,0.012157862074673176,0.009846522472798824,0.010894915089011192,0.012705513276159763,0.012157862074673176,0.011139106005430222,0.010764943435788155,0.01818062737584114,0.017585257068276405,0.0285776536911726,0.01395060122013092,0.012124612927436829,0.012057223357260227,0.059824079275131226,0.05462171882390976,0.02252868376672268,0.01169268786907196,0.019391588866710663,0.05620235577225685,0.04414883255958557,0.06511040031909943,0.2686526310654674,2.163701295852661,0.26865261793136597,3.5446029482700547,-0.0567303487134467,8.05389951801884,10.266146622173574,1.2746802464080056,12.21014412680847,0.04156229645013809,0.016391029581427574,0.017186380922794342,0.017927121371030807,0.03172347694635391,0.025976022705435753,0.024613715708255768,0.021731827408075333,0.03163308650255203,0.055526167154312134,0.044927019625902176,0.026422247290611267,0.02501985989511013,0.020524241030216217,0.054273080080747604,0.11353826522827148,0.03494837135076523,0.02694186195731163,0.09621566534042358,0.18644247949123383,0.1538448929786682,0.23398923873901367,000005.tdms,4,40.0
13.01148796081543,780.6892776489258,0.21258234977722168,0.14739284458994387,0.8739041686058044,0.14739283919334412,4.209110560521306,-0.010730959030843068,5.929081367803577,7.815877728572085,1.318227435874686,9.467661560543892,0.010628431104123592,0.009762625209987164,0.009300132282078266,0.01174965314567089,0.012510431930422783,0.010069661773741245,0.011818468570709229,0.03888636454939842,0.011162026785314083,0.011830977164208889,0.013139423914253712,0.011558057740330696,0.03888636454939842,0.011306061409413815,0.012278762646019459,0.012028335593640804,0.011022104881703854,0.013246243819594383,0.01717078685760498,0.025853941217064857,0.08935048431158066,0.06486400961875916,0.4392165840174228,2.346014976501465,0.43921658396720886,3.2173536686355577,-0.00801232904536605,5.341362466423634,6.755976572520593,1.2648414360548215,8.012134155116312,0.03175431117415428,0.02767224796116352,0.030303319916129112,0.10811561346054077,0.058927323669195175,0.02767224796116352,0.03206649795174599,0.05861404538154602,0.036664608865976334,0.09183871746063232,0.0355461947619915,0.05044405907392502,0.05861404538154602,0.02664557658135891,0.16430199146270752,0.03715404123067856,0.08091133087873459,0.03344155102968216,0.3248206675052643,1.0010088682174683,0.6794335842132568,1.0765571594238281,0.1616628137775409,1.351942777633667,0.16166281700134277,3.8698586061424924,-0.03332855028274625,8.362731948325685,10.798244141962565,1.2912340379538887,12.927455249112635,0.014925031922757626,0.012359092943370342,0.012035376392304897,0.0180679801851511,0.021654512733221054,0.012055485509335995,0.014130557887256145,0.02532043308019638,0.01301928237080574,0.015254017896950245,0.014691674150526524,0.016480708494782448,0.02354409359395504,0.013566045090556145,0.03319389745593071,0.01603616215288639,0.02525661326944828,0.014341495931148529,0.0251355841755867,0.04942429065704346,0.0671464055776596,0.08277665078639984,0.2807766454294688,2.205476760864258,0.28077664971351624,3.4474520856484387,-0.05858701577351058,7.854915274348466,9.985450945465907,1.2712359836744591,11.863037282582292,0.02187819592654705,0.022463249042630196,0.021459607407450676,0.046449411660432816,0.025576021522283554,0.022463249042630196,0.022384176030755043,0.03069651871919632,0.02138487435877323,0.0424221009016037,0.030001875013113022,0.028757872059941292,0.026353787630796432,0.01955055445432663,0.05674842745065689,0.02748691290616989,0.03446592763066292,0.02546698972582817,0.09305475652217865,0.1993110626935959,0.1743358075618744,0.28032857179641724,000006.tdms,5,50.0
17.55518341064453,1053.3110046386719,1.9289096593856812,0.14763871270438184,0.8996239304542542,0.1476387083530426,4.26091022191218,-0.0033619712287040527,6.093414890819173,8.042418669287228,1.3198541069974703,9.74734909756516,0.008274916559457779,0.008190394379198551,0.006867957301437855,0.008229880593717098,0.007734076585620642,0.008190394379198551,0.008198309689760208,0.008770652115345001,0.008066090755164623,0.008882126770913601,0.008500826545059681,0.009455861523747444,0.008770652115345001,0.008104272186756134,0.0964127853512764,0.008379152044653893,0.008018205873668194,0.008210699073970318,0.008776666596531868,0.03805901110172272,0.021946340799331665,0.04124531149864197,0.44876045400827247,2.3382365703582764,0.448760449886322,3.258506526011553,-0.017199935817788985,5.210433650009573,6.60224047113107,1.267119190956196,7.835756466786813,0.12841001152992249,0.03198852017521858,0.04842105507850647,0.06895405054092407,0.0846804603934288,0.031769245862960815,0.07828129827976227,0.05218179151415825,0.06231190264225006,0.13514581322669983,0.09915939718484879,0.04098054766654968,0.07499589025974274,0.05345522612333298,0.15711066126823425,0.2807784974575043,0.08077765256166458,0.08892332017421722,0.4960465431213379,1.136045217514038,0.9904192090034485,0.9230880737304688,0.16825087828428187,1.27524733543396,0.16825087368488312,3.762029855810775,-0.03135446503502,7.5794393969181115,9.751804183593322,1.2866128578795046,11.656826931432414,0.013879076577723026,0.015390635468065739,0.011263201013207436,0.013790611177682877,0.012536557391285896,0.012006589211523533,0.013028742745518684,0.012322098016738892,0.016826344653964043,0.023557761684060097,0.03147885575890541,0.013760737143456936,0.015972699970006943,0.012903004884719849,0.049021534621715546,0.051456861197948456,0.027408860623836517,0.014347701333463192,0.025113696232438087,0.05998124182224274,0.04990953207015991,0.07454384863376617,0.29093554374209224,2.130706548690796,0.29093554615974426,3.410067674637013,-0.056106200838061615,7.3236378109221985,9.30645852136119,1.2707425956376335,11.055275717565669,0.046034470200538635,0.03042205609381199,0.019975075498223305,0.026586031541228294,0.02678663283586502,0.026133086532354355,0.030489476397633553,0.023169230669736862,0.030226849019527435,0.08594968914985657,0.03967777267098427,0.03007497824728489,0.03440209478139877,0.02328779734671116,0.06067069619894028,0.12118449062108994,0.034680165350437164,0.029274163767695427,0.11017020046710968,0.23014646768569946,0.2021997570991516,0.29792463779449463,000007.tdms,6,60.0
13.269044876098633,796.142692565918,0.28066790103912354,0.14970876888055543,1.0494575500488281,0.14970876276493073,4.261330507620525,-0.025339739836136414,7.009993856045492,9.251630627079685,1.3197772804181533,11.21165575032859,0.010925671085715294,0.011660887859761715,0.01015600934624672,0.011696822009980679,0.011086804792284966,0.011660887859761715,0.01198422908782959,0.017423756420612335,0.011701468378305435,0.012124625965952873,0.013606122694909573,0.012051982805132866,0.011826826259493828,0.012232830747961998,0.013311862014234066,0.01144353672862053,0.01190484594553709,0.01151052862405777,0.018659383058547974,0.027399767190217972,0.09661564975976944,0.07652931660413742,0.4493697866209032,2.560764789581299,0.44936978816986084,3.2602407042667294,0.0011784825856922011,5.6985691201834365,7.2137661396721,1.2658907854819335,8.555955507027214,0.09171366691589355,0.03357560187578201,0.033357951790094376,0.31779614090919495,0.05881163105368614,0.029795126989483833,0.05420733243227005,0.03820004314184189,0.03940287604928017,0.11699877679347992,0.037241898477077484,0.038284674286842346,0.04048966243863106,0.03550510108470917,0.10124383121728897,0.03673630952835083,0.08210587501525879,0.037447698414325714,0.4010263979434967,1.1262259483337402,0.7836509943008423,1.0565836429595947,0.16826824722421793,1.3538907766342163,0.16826824843883514,3.8108351014063473,-0.02503473075443163,8.046026502137108,10.364131632511988,1.2881055797863912,12.391357865483156,0.016394518315792084,0.014086910523474216,0.012270482257008553,0.060102351009845734,0.020219165831804276,0.014086910523474216,0.02267339453101158,0.01610860601067543,0.014917601831257343,0.021597307175397873,0.016601674258708954,0.015646861866116524,0.015448713675141335,0.013907728716731071,0.02219259738922119,0.013824480585753918,0.0244443379342556,0.014719901606440544,0.0311456099152565,0.06073043867945671,0.07665692269802094,0.09697189182043076,0.2922528739458305,2.077824592590332,0.29225286841392517,3.434562012682405,-0.05322543150752636,7.109680615067142,9.034605720162151,1.270747057331327,10.729698667791528,0.03244787082076073,0.02269883267581463,0.02229907736182213,0.12867073714733124,0.025890080258250237,0.02269883267581463,0.024939274415373802,0.024835655465722084,0.029761742800474167,0.05581005662679672,0.02984003536403179,0.025894399732351303,0.024835655465722084,0.024854963645339012,0.05261220037937164,0.02404513955116272,0.028215672820806503,0.028609776869416237,0.12441898882389069,0.24069757759571075,0.23301905393600464,0.3105326294898987,000008.tdms,7,70.0
17.55518341064453,1053.3110046386719,1.9976576566696167,0.14688158223438538,0.9225398302078247,0.1468815803527832,4.301230133899995,-0.01017399954443286,6.280840771007542,8.305402980525487,1.3223393624088287,10.076091802772016,0.0102402837947011,0.007946365512907505,0.008382650092244148,0.009794115088880062,0.0091317780315876,0.008586627431213856,0.009431756101548672,0.009704629890620708,0.008680098690092564,0.010502130724489689,0.011917775496840477,0.009842932224273682,0.009704629890620708,0.009148404002189636,0.0994957759976387,0.009141592308878899,0.008750900626182556,0.009670436382293701,0.012013765051960945,0.03664785623550415,0.044994428753852844,0.0523151233792305,0.44801614085565444,2.3735287189483643,0.44801613688468933,3.182849422106086,-0.0036931659560994865,5.29786430108349,6.689154222169962,1.262613355499108,7.923211463037139,0.11766915768384933,0.03160491958260536,0.03733568638563156,0.12315500527620316,0.07536174356937408,0.03370984271168709,0.07723446190357208,0.08485322445631027,0.0494164302945137,0.12430078536272049,0.09696314483880997,0.045306187123060226,0.08485322445631027,0.0477856807410717,0.19370611011981964,0.13218307495117188,0.08799296617507935,0.07023864984512329,0.6026217937469482,1.1366629600524902,0.9241716861724854,0.9098536372184753,0.17002319735146496,1.312039852142334,0.17002320289611816,3.759786622380466,-0.022181283826367904,7.716828483293013,9.923035354717548,1.2858955432534218,11.854311180815149,0.017823107540607452,0.012423650361597538,0.013435923494398594,0.02398485504090786,0.013392288237810135,0.01433547679334879,0.017211629077792168,0.01578742451965809,0.01711099222302437,0.02106533758342266,0.027498574927449226,0.016426363959908485,0.01578742451965809,0.014874652959406376,0.05015026032924652,0.028167029842734337,0.02240847982466221,0.01610206440091133,0.027788272127509117,0.05927877128124237,0.06371250748634338,0.08491818606853485,0.2947309520235296,2.383870840072632,0.2947309613227844,3.386875782409131,-0.03786861925834066,8.088294845538712,10.264888621510247,1.2691041582357852,12.185907343185686,0.061776645481586456,0.02253328636288643,0.023046180605888367,0.04791220277547836,0.03297160193324089,0.022839168086647987,0.025914130732417107,0.03157203271985054,0.031026773154735565,0.06668070703744888,0.04456917569041252,0.030950548127293587,0.03157203271985054,0.0235202107578516,0.07112865895032883,0.06712023913860321,0.045107923448085785,0.028741082176566124,0.12911301851272583,0.22888004779815674,0.2249937653541565,0.3404673933982849,000009.tdms,8,80.0
13.237979888916016,794.2787933349609,1.041640043258667,0.1547292012541245,0.9613165855407715,0.1547292023897171,3.9376695508532515,-0.019517674250965733,6.212896969344023,8.087723140605174,1.301763602472729,9.729568614936248,0.01098962128162384,0.010453732684254646,0.010655076242983341,0.012033054605126381,0.011481359601020813,0.009999198839068413,0.014381490647792816,0.016263727098703384,0.01146211102604866,0.012401837855577469,0.011209705844521523,0.011259102262556553,0.012010489590466022,0.011080139316618443,0.01172933541238308,0.014381490647792816,0.012039517983794212,0.011978257447481155,0.017794044688344002,0.0278154369443655,0.08695390075445175,0.0648263618350029,0.27180797857952266,1.6557947397232056,0.2718079686164856,3.154213581428445,-0.010961713722435804,6.091781221347669,7.679662532618444,1.260659609000123,9.08956871580377,0.038125403225421906,0.02730761095881462,0.022752104327082634,0.0307108536362648,0.03775554150342941,0.02730761095881462,0.07596979290246964,0.039337821304798126,0.033121444284915924,0.04843641445040703,0.05094268545508385,0.03201945126056671,0.039337821304798126,0.03570706024765968,0.04451317712664604,0.07596979290246964,0.05401396378874779,0.04186316952109337,0.1480627954006195,0.22288894653320312,0.26328137516975403,0.3132885694503784,0.16017293843106203,1.2400349378585815,0.1601729393005371,3.6096947546456115,-0.00800269603027953,7.741850464910394,9.917829782568278,1.281067081768166,11.82970348545155,0.0169830322265625,0.013526758179068565,0.0122759360820055,0.015243930742144585,0.015624255873262882,0.013526758179068565,0.026916852220892906,0.01677112653851509,0.014256468042731285,0.017726080492138863,0.019045906141400337,0.02177785336971283,0.013797025196254253,0.01730954833328724,0.015727505087852478,0.026916852220892906,0.018311506137251854,0.017013752833008766,0.036448001861572266,0.05165744572877884,0.07783239334821701,0.08121494948863983,0.223519300612595,1.3314577341079712,0.22351929545402527,3.3625246325139555,-0.01695847908330111,5.9567908921460955,7.572979518720095,1.271318677428296,9.002134079064636,0.024905402213335037,0.02178661897778511,0.017007431015372276,0.02267644926905632,0.02456013858318329,0.02178661897778511,0.03700343519449234,0.025590864941477776,0.021251874044537544,0.05750420317053795,0.057250283658504486,0.0377294197678566,0.025590864941477776,0.027069097384810448,0.023653745651245117,0.037331774830818176,0.02887086383998394,0.031049754470586777,0.09279760718345642,0.11726114153862,0.15129446983337402,0.18371519446372986,000010.tdms,9,90.0
11.111836433410645,666.7101860046387,2.469440460205078,0.1534153103370463,0.9574980735778809,0.15341530740261078,3.9595784251410264,-0.02263496744191764,6.241215896081702,8.130581038246243,1.3027238880409029,9.786754830739921,0.010939574800431728,0.010721995495259762,0.009864455088973045,0.01186299603432417,0.011125519871711731,0.010721995495259762,0.01126647274941206,0.01423946488648653,0.010346545837819576,0.010870514437556267,0.01229841448366642,0.011007184162735939,0.011422053910791874,0.010437235236167908,0.023751111701130867,0.010534627363085747,0.01125755999237299,0.010376264341175556,0.015693454071879387,0.025228355079889297,0.07308496534824371,0.05150074511766434,0.2654042167877647,1.4778090715408325,0.26540422439575195,3.1780366775146205,-0.020570392955349823,5.568144656580906,7.027002430688532,1.262000695758402,8.323456196132232,0.02953859232366085,0.031371649354696274,0.021566903218626976,0.029579978436231613,0.03250136971473694,0.031371649354696274,0.08788292109966278,0.02950317971408367,0.03624463453888893,0.04626786336302757,0.03872530162334442,0.04456542804837227,0.02950317971408367,0.030168207362294197,0.031778622418642044,0.08788292109966278,0.05657834932208061,0.04124894738197327,0.1285882592201233,0.21548819541931152,0.23442119359970093,0.2878900170326233,0.15359334264567348,1.0967519283294678,0.15359334647655487,3.6408019447519218,-0.01056050860776749,7.14062152328815,9.164746412231553,1.2834662056155755,10.944052765888342,0.015427064150571823,0.012756742537021637,0.01108487881720066,0.015333727933466434,0.013241234235465527,0.012756742537021637,0.02165193110704422,0.013766680844128132,0.012800807133316994,0.015048742294311523,0.023749766871333122,0.03177495673298836,0.012508808635175228,0.014141117222607136,0.018704453483223915,0.02165193110704422,0.017103109508752823,0.01603694260120392,0.03015735372900963,0.04510576277971268,0.061355505138635635,0.06649334728717804,0.21772817817084963,1.4117518663406372,0.21772818267345428,3.402151876636435,-0.012592557390155952,6.4840108349818015,8.255983865370938,1.2732834776939588,9.821354887574556,0.020752988755702972,0.02535969950258732,0.014413604512810707,0.023760005831718445,0.022687897086143494,0.02535969950258732,0.047076478600502014,0.021348703652620316,0.02054515853524208,0.05941861495375633,0.04792876914143562,0.05284987762570381,0.021732956171035767,0.022731002420186996,0.026755645871162415,0.047076478600502014,0.03447712957859039,0.026862356811761856,0.08979276567697525,0.12034416943788528,0.13595962524414062,0.16113445162773132,000011.tdms,10,100.0
14.17037582397461,850.2225494384766,1.9811062812805176,0.15314393315723276,1.007452130317688,0.15314392745494843,3.952999773342752,-0.018607295967892318,6.578465823281015,8.561901300451213,1.3015042610924379,10.297597094113268,0.011276856996119022,0.010295587591826916,0.009026475250720978,0.01036152895539999,0.018844900652766228,0.010295587591826916,0.011692775413393974,0.020700553432106972,0.026528984308242798,0.011354547925293446,0.011128963902592659,0.011141756549477577,0.020700553432106972,0.010959640145301819,0.03765702620148659,0.01028507575392723,0.010398956015706062,0.010525272227823734,0.014770546928048134,0.024129880592226982,0.06051761656999588,0.05743791162967682,0.2592740103584568,1.73829185962677,0.2592740058898926,3.162020298694318,-0.008839717987447804,6.704458565760259,8.458393771687566,1.2616072854689075,10.017233981423427,0.03258823603391647,0.025520265102386475,0.02575218863785267,0.03192605823278427,0.027071084827184677,0.025795679539442062,0.0358082577586174,0.04102296382188797,0.03364357724785805,0.043365735560655594,0.04227330908179283,0.03491180017590523,0.04102296382188797,0.027935422956943512,0.03708967939019203,0.05635726451873779,0.04327462986111641,0.03659605607390404,0.13134120404720306,0.20352676510810852,0.22259396314620972,0.265392541885376,0.14893785646606444,1.05368173122406,0.14893785119056702,3.6718973811631854,-0.005654627617065466,7.074640096382359,9.085244417971138,1.2841988135363818,10.850496008074453,0.013675070367753506,0.011023100465536118,0.01033041812479496,0.012488105334341526,0.013542953878641129,0.011023100465536118,0.01916428655385971,0.01508540939539671,0.0194086991250515,0.01599029265344143,0.018082065507769585,0.017569618299603462,0.01508540939539671,0.011736638844013214,0.026423025876283646,0.01916428655385971,0.01517340075224638,0.016391033306717873,0.02346149832010269,0.03446071967482567,0.05226565897464752,0.06008874997496605,0.20980331359367974,1.2781461477279663,0.20980331301689148,3.4170507307833318,-0.013581108670350745,6.092116115016736,7.75948131978676,1.2736922890652163,9.231731592927298,0.02194921486079693,0.021742692217230797,0.01549315545707941,0.023084837943315506,0.01929125189781189,0.021742692217230797,0.02639877051115036,0.02209586463868618,0.026447897776961327,0.05783287435770035,0.046240758150815964,0.029368896037340164,0.019012073054909706,0.020136963576078415,0.031312812119722366,0.02639877051115036,0.0289528239518404,0.029177740216255188,0.08568128198385239,0.09933754801750183,0.12085986137390137,0.14316293597221375,000012.tdms,11,110.0
16.113691329956055,966.8214797973633,2.722433567047119,0.15198179185424576,0.9150519371032715,0.15198178589344025,3.9338227618895862,-0.024626115030078524,6.020799767782897,7.830439024415125,1.3005645971346778,9.414643003429667,0.00938788428902626,0.009044041857123375,0.009715529158711433,0.009800511412322521,0.018110617995262146,0.009044041857123375,0.011675994843244553,0.02063247375190258,0.023985249921679497,0.010298564098775387,0.010495299473404884,0.0103831822052598,0.02063247375190258,0.02423173002898693,0.05384360998868942,0.009291416965425014,0.009588108398020267,0.010572594590485096,0.013238446786999702,0.024535398930311203,0.060321155935525894,0.0478244349360466,0.25427095190251475,1.3546524047851562,0.2542709410190582,3.1464044798333277,-0.010445214090450542,5.327594027746111,6.715032967185568,1.2604250496966687,7.947057956768486,0.038336336612701416,0.026290716603398323,0.02100406028330326,0.03116156905889511,0.029678847640752792,0.025312215089797974,0.03392899036407471,0.030453937128186226,0.0248822383582592,0.03639904409646988,0.03725457191467285,0.030318599194288254,0.030453937128186226,0.03311042860150337,0.04474465548992157,0.03422008827328682,0.04479531571269035,0.053378358483314514,0.11103516072034836,0.2013167142868042,0.2072720229625702,0.2290748804807663,0.14690886979484527,0.9511611461639404,0.14690886437892914,3.652721576911528,-0.012745023879485841,6.474497744705369,8.312912645603955,1.2839471065384154,9.926797482195987,0.010367010720074177,0.010511275380849838,0.010146244429051876,0.0116248345002532,0.011237811297178268,0.012204424478113651,0.01384466327726841,0.015704110264778137,0.019927410408854485,0.014675548300147057,0.01700412482023239,0.014107947237789631,0.015704110264778137,0.02021280862390995,0.03476063907146454,0.013384480029344559,0.013598530553281307,0.0165843665599823,0.020500916987657547,0.033923063427209854,0.04879447817802429,0.05112249776721001,0.20908312380780086,1.2486921548843384,0.20908312499523163,3.3565427310253373,-0.012902814438598437,5.972228327869233,7.587253085620525,1.2704224736711465,9.013929608448462,0.01940629631280899,0.019252212718129158,0.015226868912577629,0.02403402514755726,0.021137481555342674,0.020053798332810402,0.025181805714964867,0.019605526700615883,0.01992136426270008,0.04199552163481712,0.04016046226024628,0.03400928154587746,0.019605526700615883,0.021879538893699646,0.03970473259687424,0.024110762402415276,0.02752142958343029,0.03115377388894558,0.08328250795602798,0.10397154837846756,0.11352372169494629,0.1281171441078186,000013.tdms,12,120.0
14.342131614685059,860.5278968811035,2.1717681884765625,0.15448095109590182,0.983154833316803,0.1544809490442276,3.9673009803977672,-0.024813316061062223,6.36424637693006,8.28621827780765,1.3019952068236393,9.966744038668592,0.010374711826443672,0.010083549655973911,0.009106593206524849,0.012902275659143925,0.01198743749409914,0.010372962802648544,0.011778107844293118,0.016132984310388565,0.013086751103401184,0.011659921146929264,0.011571909300982952,0.010612205602228642,0.010837594978511333,0.011670825071632862,0.049771569669246674,0.010803376324474812,0.011560647748410702,0.011673268862068653,0.016094500198960304,0.03011425770819187,0.07686127722263336,0.06653647124767303,0.2541941404476545,1.3852964639663696,0.25419414043426514,3.199633999481268,-0.02343666202300119,5.449757659742908,6.882307943613233,1.2628649516752832,8.153286598778877,0.04479769244790077,0.02756524085998535,0.021913327276706696,0.02664005383849144,0.030787166208028793,0.036532219499349594,0.03714706376194954,0.03126766160130501,0.02481851913034916,0.039394158869981766,0.037809256464242935,0.03292039781808853,0.03126766160130501,0.026624277234077454,0.055227309465408325,0.03788159787654877,0.04010533541440964,0.05756593868136406,0.1261841207742691,0.18967103958129883,0.2214675098657608,0.24836863577365875,0.1474693371736219,1.0955798625946045,0.14746934175491333,3.67431075110741,-0.017692446090911886,7.429204494929897,9.545063686773696,1.2848029278623005,11.399728565244361,0.01191735826432705,0.013216933235526085,0.009826269932091236,0.014668644405901432,0.012654885649681091,0.014588678255677223,0.013194551691412926,0.013970797881484032,0.011704898439347744,0.013597740791738033,0.015588628128170967,0.015606184490025043,0.01290981750935316,0.015606670640408993,0.03431687504053116,0.018734389916062355,0.013887833803892136,0.025325126945972443,0.024617554619908333,0.03975071758031845,0.060573890805244446,0.06581395864486694,0.2087536723847497,1.3279844522476196,0.20875367522239685,3.420321841924029,-0.016086194246502324,6.36149025345067,8.101518233648768,1.2735252135699262,9.637473326159439,0.022739609703421593,0.021272674202919006,0.013993373140692711,0.020743353292346,0.020192956551909447,0.021272674202919006,0.02583562582731247,0.020244400948286057,0.01822061464190483,0.046843089163303375,0.047392696142196655,0.03134184703230858,0.020244400948286057,0.02051948942244053,0.041986994445323944,0.03061317279934883,0.027101170271635056,0.03260543942451477,0.08671686053276062,0.1120101809501648,0.13610577583312988,0.1540101319551468,000014.tdms,13,130.0
13.230813980102539,793.8488388061523,2.7239773273468018,0.15428331774291235,1.0160998106002808,0.1542833149433136,3.9945796084461542,-0.02199513123433301,6.585934406035027,8.584029111724565,1.3033881879932756,10.332621044353195,0.010686622932553291,0.010321862064301968,0.008421549573540688,0.010218570940196514,0.010596059262752533,0.010321862064301968,0.011147362180054188,0.012326139956712723,0.010130000300705433,0.011395894922316074,0.010065213777124882,0.010140545666217804,0.010197491385042667,0.010655897669494152,0.06640977412462234,0.011147362180054188,0.010329043492674828,0.011918735690414906,0.01393544115126133,0.032175831496715546,0.05957905948162079,0.056444503366947174,0.24824912919153952,1.5855114459991455,0.2482491284608841,3.2267657130904963,-0.007365646335903635,6.386775458840887,8.073008454582501,1.2640194581144149,9.569226261586659,0.040296874940395355,0.025453608483076096,0.020305301994085312,0.02504141256213188,0.02629099413752556,0.02942075952887535,0.031880609691143036,0.024717513471841812,0.025870339944958687,0.038026414811611176,0.03454162925481796,0.03045092709362507,0.024717513471841812,0.027965184301137924,0.06495070457458496,0.045363470911979675,0.04789469763636589,0.031185822561383247,0.10678461194038391,0.18267592787742615,0.18873658776283264,0.22469422221183777,0.1478952428980425,1.079483151435852,0.14789524674415588,3.7211649673011626,-0.01317046029174296,7.298971422495562,9.393862372305653,1.2870118032458107,11.231584724175528,0.013721518218517303,0.011193634942173958,0.008877638727426529,0.012981003150343895,0.013351015746593475,0.01178192999213934,0.01622362621128559,0.01391759142279625,0.012139913626015186,0.013884956017136574,0.019772693514823914,0.018305394798517227,0.0119745759293437,0.015403950586915016,0.04769410938024521,0.017641952261328697,0.013436686247587204,0.01657707989215851,0.02371172420680523,0.039292436093091965,0.04974763095378876,0.05733036249876022,0.2072080900568109,1.500023365020752,0.20720809698104858,3.471330555967343,-0.01251637875889021,7.239212352227588,9.239937917519962,1.2763733770949166,11.00538829713246,0.021353524178266525,0.02002509869635105,0.014025560580193996,0.023334311321377754,0.01948188804090023,0.02002509869635105,0.02911166287958622,0.02260303497314453,0.021240530535578728,0.04209368675947189,0.03492896631360054,0.03813325986266136,0.02260303497314453,0.020716592669487,0.05372156202793121,0.03569316118955612,0.027825791388750076,0.03604756295681,0.07719714939594269,0.11215873062610626,0.11675770580768585,0.13688689470291138,000015.tdms,14,140.0
13.892308235168457,833.5384941101074,0.08427159488201141,0.14732475813699028,0.9016507267951965,0.14732475578784943,4.323299393541826,-0.010103907653198222,6.120157522721296,8.107727395208718,1.3247579600865664,9.849548797236647,0.05136550962924957,0.011753910221159458,0.0091212447732687,0.012145583517849445,0.011000258848071098,0.010936956852674484,0.011323457583785057,0.012193441390991211,0.01103186421096325,0.012128632515668869,0.016229787841439247,0.012601337395608425,0.012193441390991211,0.011974061839282513,0.010360371321439743,0.011114605702459812,0.011225387454032898,0.012302032671868801,0.018257755786180496,0.026182033121585846,0.11279093474149704,0.0870230421423912,0.4485926037557501,2.360412359237671,0.4485926032066345,3.116304703563724,0.01068285746425429,5.261817380571146,6.625106703368025,1.259090961201109,7.8378006948610786,0.1060444787144661,0.05119432508945465,0.038847554475069046,0.3072100877761841,0.11004730314016342,0.03058651089668274,0.10121514648199081,0.036266766488552094,0.07133042812347412,0.1278424859046936,0.05658002197742462,0.03540950268507004,0.036266766488552094,0.02861493080854416,0.0819418728351593,0.05715859308838844,0.10887457430362701,0.04555169865489006,0.4945950508117676,0.7717103958129883,0.8954777717590332,0.9921987056732178,0.16702351081161715,1.1826242208480835,0.16702350974082947,3.657969750747573,-0.010036639244782979,7.080585332575989,9.094940279499756,1.2844898906388753,10.864216914709756,0.03310775384306908,0.014043808914721012,0.012665435671806335,0.0668829083442688,0.01566634513437748,0.012445400469005108,0.02255532704293728,0.01564685069024563,0.013589705340564251,0.023488858714699745,0.013727276585996151,0.012587404809892178,0.01564685069024563,0.014890484511852264,0.025751344859600067,0.015182838775217533,0.01767517440021038,0.016361232846975327,0.02645302750170231,0.05030793696641922,0.08297492563724518,0.08770997822284698,0.2940324039645381,1.9296329021453857,0.29403239488601685,3.3123202253147217,-0.0406003285501228,6.562653898439404,8.316412342526919,1.2672331150214333,9.868142097773887,0.048296038061380386,0.040274396538734436,0.02380155585706234,0.1314007192850113,0.05169795826077461,0.025844186544418335,0.04227322340011597,0.03280753642320633,0.043508920818567276,0.06929847598075867,0.027444643899798393,0.0338326096534729,0.033611394464969635,0.026369068771600723,0.04676414281129837,0.0273183174431324,0.04516071826219559,0.02992570772767067,0.13730372488498688,0.20853635668754578,0.27117782831192017,0.35433411598205566,000016.tdms,15,150.0
12.959242820739746,777.5545692443848,0.1354687660932541,0.14800217439288174,0.9220028519630432,0.14800217747688293,4.327024547519912,-0.012567575356646814,6.229657474595776,8.250505101148239,1.3243914508612031,10.020470734223325,0.010544301010668278,0.010279657319188118,0.010686079040169716,0.01239235419780016,0.010944840498268604,0.010279657319188118,0.01248240377753973,0.013504455797374249,0.011934049427509308,0.012200845405459404,0.011832790449261665,0.013534391298890114,0.011263647116720676,0.013119816780090332,0.01144013274461031,0.01248240377753973,0.011727254837751389,0.012149281799793243,0.017703227698802948,0.027144188061356544,0.09429003298282623,0.06870713829994202,0.4634722182580261,2.370854139328003,0.4634722173213959,3.2163891033193823,0.019539581969352123,5.1154180249226755,6.468370443163263,1.2644852115015641,7.668992533913878,0.08596894890069962,0.03104875050485134,0.047419898211956024,0.10527500510215759,0.07596266269683838,0.03104875050485134,0.033268991857767105,0.0779498741030693,0.02875130996108055,0.10390403866767883,0.04219742491841316,0.055003464221954346,0.0779498741030693,0.02889447845518589,0.15334297716617584,0.05024302378296852,0.09452497959136963,0.03365689143538475,0.37035316228866577,1.125718116760254,0.8380776643753052,1.055191993713379,0.17250327673854393,1.2674098014831543,0.1725032776594162,3.783153295916967,-0.02726919068076809,7.34716363332689,9.459123369011813,1.2874523885795914,11.307865502470424,0.015608690679073334,0.013809812255203724,0.011826821602880955,0.02190910279750824,0.02732817828655243,0.013809812255203724,0.016318734735250473,0.015462023206055164,0.0150873102247715,0.021198388189077377,0.01593540981411934,0.016959618777036667,0.015462023206055164,0.014330711215734482,0.04150621220469475,0.014122463762760162,0.03539091348648071,0.015718869864940643,0.031803198158741,0.07052157074213028,0.07690218091011047,0.09903523325920105,0.3044640993641897,2.013058662414551,0.30446410179138184,3.373361482416875,-0.05337901277017399,6.61180962424932,8.395204642857253,1.2697287308556489,9.970612791590534,0.024687668308615685,0.025008423253893852,0.025024065747857094,0.06426944583654404,0.034122440963983536,0.025008423253893852,0.022661076858639717,0.03849954903125763,0.022502338513731956,0.05193398520350456,0.02989199571311474,0.02542213723063469,0.03849954903125763,0.02464403584599495,0.08230593055486679,0.024608280509710312,0.03824755921959877,0.02934146672487259,0.11724096536636353,0.27251964807510376,0.21969959139823914,0.3232806921005249,000017.tdms,16,160.0
10.414138793945312,624.8483276367188,0.3052952289581299,0.1479169098981908,0.9199462532997131,0.14791689813137054,4.292044834503035,-0.014358104836703587,6.219344724906027,8.223939716509983,1.3223161088942927,9.979738251697691,0.00947907567024231,0.008598529733717442,0.006989088375121355,0.009363342076539993,0.0172363743185997,0.00800224021077156,0.009561868384480476,0.009976018220186234,0.008743139915168285,0.009230109862983227,0.010632099583745003,0.009309878572821617,0.009976018220186234,0.009945199824869633,0.011712418869137764,0.011560138314962387,0.009325765073299408,0.009288371540606022,0.011112909764051437,0.017727430909872055,0.07874305546283722,0.031134070828557014,0.4494121466922833,2.333409309387207,0.44941213726997375,3.238941360279012,0.013897306626376914,5.192136720294109,6.569937419796537,1.2653629466491363,7.7897514455483625,0.04465014114975929,0.03571917489171028,0.07085201889276505,0.035464949905872345,0.032741472125053406,0.03571917489171028,0.03182638809084892,0.027910573408007622,0.030582603067159653,0.04565945267677307,0.027925638481974602,0.09118092060089111,0.027053454890847206,0.07837866246700287,0.09385335445404053,0.03607938811182976,0.03278766945004463,0.11831452697515488,0.23534542322158813,0.6048098206520081,0.8337588906288147,0.6508327722549438,0.17154638346726636,1.283440113067627,0.17154638469219208,3.697488653444046,-0.010681663850897331,7.481592366606357,9.606577204772739,1.2840284172191905,11.46932610584535,0.018506964668631554,0.01176538597792387,0.01381306629627943,0.014232317917048931,0.014534262008965015,0.01176538597792387,0.015040582977235317,0.01341619435697794,0.016022928059101105,0.016958074644207954,0.013116794638335705,0.03605270013213158,0.01341619435697794,0.016116857528686523,0.01965945027768612,0.01273837685585022,0.01338614895939827,0.022840609773993492,0.028126949444413185,0.03891747444868088,0.0657823458313942,0.07182219624519348,0.3006830550582634,2.0564846992492676,0.30068305134773254,3.4259850018489284,-0.05311458002430717,6.8393767611905565,8.692469224852507,1.2709446384321392,10.32710407811332,0.034194495528936386,0.027601230889558792,0.0720890611410141,0.020187629386782646,0.021243367344141006,0.027601230889558792,0.021291781216859818,0.01862318441271782,0.0417945571243763,0.023168271407485008,0.019507866352796555,0.047900401055812836,0.01862318441271782,0.03356382995843887,0.05329291149973869,0.02285763993859291,0.02144797332584858,0.03926558420062065,0.08986597508192062,0.14620943367481232,0.21967923641204834,0.23459529876708984,000018.tdms,17,170.0
17.520896911621094,1051.2538146972656,3.814697265625e-06,0.19673608768648665,1.1904301643371582,0.19673608243465424,3.4621695228470513,-0.009400368469951676,6.050898837808526,7.726915394643901,1.27698637867864,9.20560731416158,0.014207734726369381,0.012352931313216686,0.011640535667538643,0.01293395459651947,0.01226250734180212,0.010953059419989586,0.0146885821595788,0.013488912023603916,0.014011794701218605,0.01730581559240818,0.01944885030388832,0.016651494428515434,0.012698792852461338,0.014410039409995079,0.07164081931114197,0.03652732074260712,0.018594074994325638,0.013766911812126637,0.02645255997776985,0.05659224092960358,0.04529191553592682,0.07601461559534073,0.4572072464595609,2.618906021118164,0.45720723271369934,3.2770603836713263,0.000232090567722756,5.728050115998766,7.26045767801922,1.267526912472423,8.617880767371538,0.13372072577476501,0.04116542264819145,0.034576088190078735,0.048073187470436096,0.048772163689136505,0.029505154117941856,0.10393299907445908,0.09032867848873138,0.06981455534696579,0.17051488161087036,0.12196123600006104,0.04830513894557953,0.09032867848873138,0.04651946574449539,0.16171146929264069,0.28427332639694214,0.1269671618938446,0.10691609233617783,0.7682619094848633,1.2806044816970825,1.01715886592865,0.9452970623970032,0.17496523596969676,1.2935458421707153,0.17496523261070251,3.7220298492062955,-0.01583420803548855,7.393159189604682,9.50239852162227,1.2852960795140638,11.3520254146292,0.021767880767583847,0.022351859137415886,0.012270325794816017,0.01342780701816082,0.013248269446194172,0.01332139689475298,0.01761043071746826,0.01632833108305931,0.02368583157658577,0.031494900584220886,0.046592969447374344,0.018359757959842682,0.01632833108305931,0.014780119061470032,0.05119899660348892,0.050126925110816956,0.036150749772787094,0.013863612897694111,0.030658524483442307,0.06863696873188019,0.05967514589428902,0.08697877079248428,0.3034713634291621,2.18723726272583,0.3034713566303253,3.4209633255708574,-0.09042298469641313,7.207392611976671,9.160071369460018,1.270927208022294,10.880904241501073,0.05668039619922638,0.03305715322494507,0.031556129455566406,0.03149809688329697,0.02967510186135769,0.027138303965330124,0.04051034897565842,0.04023393616080284,0.046807412058115005,0.11848410964012146,0.06731422990560532,0.037886664271354675,0.04023393616080284,0.030840780586004257,0.06502734869718552,0.14217329025268555,0.0501183420419693,0.03804723918437958,0.14789901673793793,0.29941505193710327,0.22368474304676056,0.34963658452033997,000019.tdms,18,180.0
17.55518341064453,1053.3110046386719,3.814697265625e-06,0.19353075813010434,1.1579694747924805,0.19353075325489044,3.4847938043525346,-9.357631336022237e-05,5.983387271257501,7.647930340172904,1.2781941053542358,9.117159040995437,0.015293053351342678,0.011333130300045013,0.011576468124985695,0.015310270711779594,0.012391976080834866,0.011815477162599564,0.013659180141985416,0.012229392305016518,0.014485293999314308,0.016000213101506233,0.02050216868519783,0.013870565220713615,0.012184565886855125,0.013057360425591469,0.07211840897798538,0.028360562399029732,0.013330765999853611,0.01275971531867981,0.02447567507624626,0.05156718194484711,0.04311155527830124,0.07161872088909149,0.4542078201506376,2.6108288764953613,0.45420780777931213,3.143455435322788,0.0067805314564669495,5.748093187011801,7.247007094887985,1.2607671551433925,8.579262610962285,0.1062418594956398,0.0455482192337513,0.03790085017681122,0.04019024223089218,0.06737983226776123,0.03250882402062416,0.07241223007440567,0.08637803047895432,0.06531314551830292,0.13254989683628082,0.10685126483440399,0.054396554827690125,0.08637803047895432,0.047966066747903824,0.16131870448589325,0.2863198518753052,0.08484911173582077,0.08669876307249069,0.5813234448432922,1.1191290616989136,0.9839217662811279,0.9691840410232544,0.17653264409381003,1.2485772371292114,0.17653264105319977,3.709863208533985,-0.023691311539071464,7.072783866907433,9.082030995961837,1.2840815111649868,10.844040877815472,0.021737204864621162,0.020950406789779663,0.01119871437549591,0.013734030537307262,0.012978817336261272,0.011877663433551788,0.015326647087931633,0.015303890220820904,0.022536151111125946,0.024051373824477196,0.026876332238316536,0.01565934531390667,0.015303890220820904,0.01343626994639635,0.051759105175733566,0.06469123065471649,0.03290148079395294,0.015631841495633125,0.027854034677147865,0.06953540444374084,0.06006063520908356,0.08656144142150879,0.3029994173547915,1.8607070446014404,0.3029994070529938,3.3036531389032704,-0.0314166582327432,6.140959150501204,7.7819298597668976,1.2672173302328127,9.233512518874349,0.05335758998990059,0.026942314580082893,0.01895713619887829,0.03197432681918144,0.03093704767525196,0.024190740659832954,0.04335165396332741,0.03455707058310509,0.04091925919055939,0.10764268785715103,0.05529273301362991,0.03873545676469803,0.03455707058310509,0.028282061219215393,0.08188983052968979,0.117762990295887,0.05220279470086098,0.03155077248811722,0.1322067677974701,0.24710707366466522,0.22946025431156158,0.3353307843208313,000020.tdms,19,190.0
17.55518341064453,1053.3110046386719,3.814697265625e-06,0.19419962448941727,1.1941843032836914,0.19419962167739868,3.4908132692777314,-0.006507386628363065,6.149261649827585,7.8593321068095605,1.2780936239767784,9.367287712525236,0.015140006318688393,0.01258440688252449,0.010779612697660923,0.01283883024007082,0.01455902960151434,0.01258440688252449,0.014300944283604622,0.013383430428802967,0.013786302879452705,0.015579656697809696,0.021189507097005844,0.0157114677131176,0.013383430428802967,0.01274605467915535,0.0778530016541481,0.02890319749712944,0.01782076805830002,0.013624202460050583,0.024175718426704407,0.05349801108241081,0.043661683797836304,0.07051825523376465,0.4616942094196822,2.717212200164795,0.46169421076774597,3.248539724227353,0.004461282263113909,5.885307081455805,7.446727902089318,1.2653083006583363,8.829146482456343,0.12744958698749542,0.0358559750020504,0.034581348299980164,0.043952375650405884,0.09390249848365784,0.02965385653078556,0.09384331852197647,0.0714598223567009,0.06278441101312637,0.1222066581249237,0.13774746656417847,0.055052563548088074,0.07772169262170792,0.04518020898103714,0.15717659890651703,0.28411948680877686,0.10329464823007584,0.07409234344959259,0.6084554195404053,1.2272816896438599,1.0281331539154053,1.0035901069641113,0.17676115296300193,1.3165197372436523,0.17676115036010742,3.675783923247795,-0.018043128580898474,7.448015104988676,9.55665769124723,1.2831147032510966,11.406872839685597,0.02230331115424633,0.014881301671266556,0.01127964723855257,0.013008534908294678,0.014154492877423763,0.012994524091482162,0.014640952460467815,0.016501715406775475,0.02057429775595665,0.026495693251490593,0.05086658522486687,0.016013439744710922,0.016501715406775475,0.014357790350914001,0.052529335021972656,0.0562136210501194,0.029752379283308983,0.013713597320020199,0.033174559473991394,0.07093357294797897,0.060737062245607376,0.08616629242897034,0.3049601166671235,2.0001657009124756,0.30496010184288025,3.376590852690674,-0.034081815858462254,6.558777989633767,8.32830389964404,1.2697950613371927,9.891826783180504,0.05681721493601799,0.028510427102446556,0.017089469358325005,0.027348436415195465,0.03208208456635475,0.024425867944955826,0.027337539941072464,0.03738334774971008,0.03648815676569939,0.0892883688211441,0.06442759931087494,0.04190799221396446,0.041047707200050354,0.02546834386885166,0.07027474045753479,0.11125552654266357,0.040265802294015884,0.028723295778036118,0.13750553131103516,0.2792099416255951,0.22896061837673187,0.3461814820766449,000021.tdms,20,200.0
13.556824684143066,813.409481048584,0.6302295327186584,0.1824842060616488,1.2546757459640503,0.1824842095375061,3.5437090239012794,-0.009333637084346444,6.875530617373988,8.803453384959433,1.280403488090609,10.501317959612134,0.01358495932072401,0.013233286328613758,0.013382241129875183,0.015787404030561447,0.013489272445440292,0.013233286328613758,0.019370954483747482,0.01563282310962677,0.0135261295363307,0.016106702387332916,0.017844272777438164,0.014680925756692886,0.016332430765032768,0.014008783735334873,0.015465318225324154,0.019370954483747482,0.015468892641365528,0.015578916296362877,0.02868901751935482,0.04456115514039993,0.09103186428546906,0.08986566960811615,0.3205633692968537,2.0156328678131104,0.3205633759498596,3.4034747836998207,-0.017245062013295974,6.287782887465719,8.003603155411756,1.2728816020932294,9.519772722902061,0.03213847801089287,0.03265543282032013,0.02637343667447567,0.03032262995839119,0.04750416800379753,0.03265543282032013,0.12543149292469025,0.04712722823023796,0.04619443416595459,0.10169491171836853,0.06230985373258591,0.03637111559510231,0.0427560918033123,0.0548773892223835,0.05052046850323677,0.12543149292469025,0.05087444931268692,0.06257327646017075,0.24598363041877747,0.41756874322891235,0.3805147111415863,0.43015050888061523,0.16714641632227395,1.2676072120666504,0.16714641451835632,3.6489551353134124,-0.009588831837119378,7.58381328153985,9.718451955870377,1.2814729998069123,11.590809827969043,0.016726672649383545,0.014117328450083733,0.013360071927309036,0.015320243313908577,0.016319088637828827,0.014117328450083733,0.03728622943162918,0.018766649067401886,0.01386381033807993,0.017279500141739845,0.0186214167624712,0.0158663522452116,0.018149875104427338,0.014942814595997334,0.014946452341973782,0.03728622943162918,0.017786428332328796,0.026635076850652695,0.035829246044158936,0.059922393411397934,0.08181925117969513,0.09035293757915497,0.24815373859640708,1.7839959859848022,0.24815373122692108,3.4463931402648793,-0.03888126092468996,7.189075595134443,9.149205280775625,1.2726539260440932,10.879035109650777,0.024017969146370888,0.02198341302573681,0.022681917995214462,0.023074720054864883,0.029151111841201782,0.02198341302573681,0.056644000113010406,0.026070116087794304,0.02823074907064438,0.07951703667640686,0.05132041499018669,0.03040844202041626,0.023990584537386894,0.025531159713864326,0.027768805623054504,0.056644000113010406,0.027593834325671196,0.03784235194325447,0.10373346507549286,0.157525435090065,0.16443803906440735,0.21502983570098877,000022.tdms,21,210.0
13.218019485473633,793.081169128418,9.5367431640625e-07,0.17421793360155352,1.0580459833145142,0.17421793937683105,3.614222791074189,-0.014279079943237948,6.073117511164646,7.800490808168008,1.2844294209403668,9.321877185431207,0.014908239245414734,0.01337165292352438,0.012154504656791687,0.015924472361803055,0.014827527105808258,0.01296777743846178,0.01955016516149044,0.013548871502280235,0.012755612842738628,0.014815552160143852,0.015444595366716385,0.016276609152555466,0.013548871502280235,0.013528884388506413,0.01510910876095295,0.01955016516149044,0.015454244799911976,0.013160754926502705,0.02409210428595543,0.03999168425798416,0.08156047016382217,0.08407888561487198,0.26877396388002767,1.5037221908569336,0.26877397298812866,3.1309750546438195,0.003837891103486399,5.594746489388936,7.048514943393237,1.2598452774869309,8.340818195559695,0.03204052150249481,0.026050152257084846,0.020435266196727753,0.02843439020216465,0.04185663163661957,0.02541608177125454,0.05267950892448425,0.035881444811820984,0.04063432663679123,0.051250115036964417,0.04547763615846634,0.02799534797668457,0.035881444811820984,0.04380756616592407,0.04186056926846504,0.05267950892448425,0.04865114763379097,0.05078522488474846,0.13629542291164398,0.2124875783920288,0.26507461071014404,0.3111379146575928,0.15451637782784206,1.252444863319397,0.15451638400554657,3.7129190452327325,-0.0008146433234484538,8.105580009873368,10.4099522183438,1.2842945484053565,12.42875773136897,0.022036032751202583,0.012776386924088001,0.012457074597477913,0.015128141269087791,0.017805039882659912,0.013217194005846977,0.03809890151023865,0.0144694484770298,0.01484348252415657,0.015539390966296196,0.03241574764251709,0.014671914279460907,0.013613670133054256,0.01411246694624424,0.016165608540177345,0.03809890151023865,0.01707158423960209,0.019229667261242867,0.031578876078128815,0.049282580614089966,0.07366316020488739,0.08369888365268707,0.21698831577091643,1.3821098804473877,0.21698831021785736,3.426152598717102,-0.016096203144416073,6.369512918412338,8.1135400905532,1.2738085618916648,9.65303592220532,0.020955398678779602,0.02219591662287712,0.01685188151896,0.021901395171880722,0.022259654477238655,0.02219591662287712,0.044321458786726,0.024637728929519653,0.0238044336438179,0.10742941498756409,0.06486854702234268,0.028381817042827606,0.024637728929519653,0.027694443240761757,0.025791915133595467,0.044321458786726,0.03490157797932625,0.04622858017683029,0.09106320887804031,0.12384512275457382,0.14353419840335846,0.17965921759605408,000023.tdms,22,220.0
13.241263389587402,794.4758033752441,1.806350827217102,0.15348633202780151,1.0256270170211792,0.15348632633686066,3.9731777592219495,-0.018851715153394608,6.682204229334269,8.712692593896655,1.303865056331072,10.492491937883546,0.01159167755395174,0.01000936608761549,0.009818458929657936,0.012933501973748207,0.020770296454429626,0.009995540603995323,0.012060612440109253,0.020067278295755386,0.023378519341349602,0.01347299013286829,0.01241219975054264,0.012733555398881435,0.020067278295755386,0.010701805353164673,0.012093296274542809,0.011541401967406273,0.012191434390842915,0.010581868700683117,0.016736213117837906,0.026693038642406464,0.07865218818187714,0.06136785075068474,0.26229518779444466,1.4463759660720825,0.2622951865196228,3.137140385785912,-0.0030605437645407473,5.514306145813005,6.949304082645936,1.2602318222615405,8.224539852987647,0.0281814057379961,0.030045054852962494,0.025315579026937485,0.0270792618393898,0.0333927720785141,0.030045054852962494,0.055103182792663574,0.03202984854578972,0.031836554408073425,0.043988533318042755,0.046093232929706573,0.02689375728368759,0.03202984854578972,0.03255510330200195,0.028996925801038742,0.055103182792663574,0.03734967112541199,0.037514615803956985,0.13705860078334808,0.1980758160352707,0.24283039569854736,0.2809790372848511,0.15181931681697378,1.0781925916671753,0.15181931853294373,3.710009387539148,-0.0013353701516944,7.101814276815602,9.126649173863974,1.2851151576377597,10.901052947009486,0.01816440187394619,0.012375532649457455,0.01028867345303297,0.01428303960710764,0.013801341876387596,0.013949110172688961,0.030848348513245583,0.016026105731725693,0.017790114507079124,0.020424334332346916,0.020521465688943863,0.017076104879379272,0.0147639075294137,0.013983984477818012,0.013551014475524426,0.030848348513245583,0.017820773646235466,0.02286837436258793,0.027069665491580963,0.04252255707979202,0.06561257690191269,0.07291710376739502,0.21403671756766898,1.2724155187606812,0.2140367180109024,3.4373984214338824,-0.011124321435926485,5.944846908607629,7.575978385263182,1.2743773728292003,9.014776836467126,0.021336397156119347,0.02778751216828823,0.015847692266106606,0.02134411595761776,0.023478450253605843,0.02778751216828823,0.05145452916622162,0.021738486364483833,0.02669725939631462,0.08312207460403442,0.05129746347665787,0.03425765037536621,0.019847245886921883,0.02252614125609398,0.027901828289031982,0.05145452916622162,0.03180000185966492,0.04021529108285904,0.09067439287900925,0.116948202252388,0.1346191018819809,0.16762885451316833,000024.tdms,23,230.0
13.219115257263184,793.146915435791,1.644285798072815,0.1532532612156451,0.9940760731697083,0.15325325727462769,4.024455521933566,-0.025618422232469514,6.486492132594347,8.464631202621332,1.3049628411768082,10.195221996550444,0.010289069265127182,0.009682368487119675,0.009079700335860252,0.010374408215284348,0.010201018303632736,0.009682368487119675,0.010549879632890224,0.013155440799891949,0.008717355318367481,0.012178279459476471,0.011060934513807297,0.0127009442076087,0.010690998286008835,0.00932101160287857,0.009110904298722744,0.010185401886701584,0.011974615976214409,0.009484567679464817,0.014674522913992405,0.02185252495110035,0.06643923372030258,0.04897930473089218,0.2576850807433514,1.459591269493103,0.2576850950717926,3.174064237843551,-0.0027328655427333627,5.66424437644034,7.148045001557659,1.2619591469762477,8.46583295581711,0.029921624809503555,0.023299794644117355,0.01980183832347393,0.027201121672987938,0.042099304497241974,0.028261572122573853,0.06329408288002014,0.03338760510087013,0.03183658793568611,0.04929955303668976,0.04207457974553108,0.032659564167261124,0.03270868957042694,0.05183024704456329,0.03016013279557228,0.06329408288002014,0.05656042322516441,0.033499088138341904,0.12059401720762253,0.19336414337158203,0.22860249876976013,0.2562117576599121,0.1506662629520425,1.2324671745300293,0.1506662666797638,3.707046811147784,-0.0044395396915223,8.180113785143307,10.512754183774945,1.2851598962924171,12.558178946371402,0.015904802829027176,0.011577037163078785,0.009678443893790245,0.012799751944839954,0.012895130552351475,0.011418373323976994,0.03590871021151543,0.01212821714580059,0.011953390203416348,0.01885218173265457,0.016815021634101868,0.018175523728132248,0.01212821714580059,0.013398445211350918,0.01202467642724514,0.03590871021151543,0.021282481029629707,0.01337094884365797,0.02424938790500164,0.03843921422958374,0.05529844015836716,0.06227480620145798,0.21161582281838937,1.3232978582382202,0.21161581575870514,3.469660758429612,-0.010839223561833247,6.253302993197662,7.979456575788066,1.2760386925866398,9.502465108912084,0.01759451813995838,0.018616534769535065,0.015491873025894165,0.0221860408782959,0.020110709592700005,0.018616534769535065,0.042273689061403275,0.021619588136672974,0.021927116438746452,0.06651505082845688,0.04401592165231705,0.042142342776060104,0.01830255426466465,0.02069506049156189,0.02197616919875145,0.042273689061403275,0.032236579805612564,0.025601310655474663,0.08682383596897125,0.10812845081090927,0.12131954729557037,0.14226336777210236,000025.tdms,24,240.0
13.730883598327637,823.8530158996582,2.1481943130493164,0.15280538088942872,0.9158838987350464,0.1528053879737854,4.006387347209409,-0.022535602450004653,5.993793499967045,7.817443205694744,1.3042563454576348,9.41184675749093,0.010706989094614983,0.00991230458021164,0.0076570273377001286,0.010402452200651169,0.021875731647014618,0.01002321857959032,0.009928376413881779,0.025832640007138252,0.028524132445454597,0.011926699429750443,0.010248116217553616,0.010188308544456959,0.025832640007138252,0.053714457899332047,0.011174418963491917,0.010940472595393658,0.00939145777374506,0.010959017090499401,0.01344137080013752,0.020346105098724365,0.06724150478839874,0.04594786837697029,0.25329447182862563,1.451576828956604,0.2532944679260254,3.14524859124789,-0.0040893942402012145,5.7307876420560575,7.224479270842349,1.2606433394643102,8.551994173269817,0.025648174807429314,0.022843267768621445,0.02187529020011425,0.04534689709544182,0.0353650338947773,0.02390843629837036,0.0310437623411417,0.02722831256687641,0.03401849791407585,0.03540821000933647,0.03548451140522957,0.02922104299068451,0.02722831256687641,0.043523285537958145,0.033078376203775406,0.04086137190461159,0.06663035601377487,0.036179546266794205,0.11205052584409714,0.18940845131874084,0.22160616517066956,0.2340860664844513,0.14989027167304156,1.137983798980713,0.14989027380943298,3.683038306587134,-0.011384474827966342,7.592112458525782,9.755630206113121,1.2849691386167172,11.654925819769884,0.011684700846672058,0.010551991872489452,0.009575936011970043,0.013172646053135395,0.012019815854728222,0.010545391589403152,0.012758973985910416,0.016363633796572685,0.02110329456627369,0.018506763502955437,0.01741073466837406,0.01792503520846367,0.016363633796572685,0.033341266214847565,0.011920717544853687,0.014560750685632229,0.019440513104200363,0.01655498519539833,0.023293711245059967,0.03384363651275635,0.05180956795811653,0.053750451654195786,0.2103875904168957,1.4446498155593872,0.21038758754730225,3.4457016778260097,-0.012434389153942089,6.866611346689823,8.754830838695112,1.2749856365346117,10.420443466251852,0.01993953064084053,0.01603989116847515,0.013347281143069267,0.030808553099632263,0.023458458483219147,0.01603989116847515,0.025410087779164314,0.018272249028086662,0.02584311179816723,0.0682295560836792,0.039053987711668015,0.027367668226361275,0.018272249028086662,0.04259380325675011,0.02161283604800701,0.026668615639209747,0.037728264927864075,0.025393329560756683,0.07909159362316132,0.11111143231391907,0.1198723167181015,0.12987442314624786,000026.tdms,25,250.0
13.221378326416016,793.2826995849609,2.268170118331909,0.1517950041867197,0.9429565668106079,0.15179499983787537,3.986892667037656,-0.01973604475794482,6.212039532280639,8.096093667938938,1.3032907511080507,9.74338147219233,0.010486586019396782,0.009154186584055424,0.008498589508235455,0.0106541458517313,0.014574037864804268,0.009154186584055424,0.011457424610853195,0.016774363815784454,0.018368558958172798,0.011714892461895943,0.010469358414411545,0.011518821120262146,0.016774363815784454,0.01035439595580101,0.011710233986377716,0.011457424610853195,0.010834104381501675,0.012140180915594101,0.014510290697216988,0.024602729827165604,0.06989732384681702,0.05343550071120262,0.2456112551908095,1.377209186553955,0.2456112504005432,3.1993871719021896,-0.007955637081393295,5.607272294928155,7.08034774263074,1.262708028114668,8.386240528432655,0.026690823957324028,0.02550668641924858,0.024317674338817596,0.027401424944400787,0.027889840304851532,0.02550668641924858,0.04798036813735962,0.02931242808699608,0.029023662209510803,0.03299565985798836,0.0380827970802784,0.03125087171792984,0.025882450863718987,0.03521382063627243,0.03427115082740784,0.04798036813735962,0.042622946202754974,0.041883617639541626,0.11305584013462067,0.17150576412677765,0.19613176584243774,0.23567156493663788,0.15057313669224484,1.0890681743621826,0.15057313442230225,3.658729369581462,-0.014772922688893641,7.23281853779881,9.293512335855244,1.284908820439393,11.106015741204429,0.013053999282419682,0.013150539249181747,0.012026208452880383,0.013307994231581688,0.014970080927014351,0.013150539249181747,0.018320761620998383,0.014957897365093231,0.016278330236673355,0.022255608811974525,0.030412709340453148,0.023338135331869125,0.014017274603247643,0.014902055263519287,0.013892559334635735,0.018320761620998383,0.016208693385124207,0.014654628001153469,0.033969439566135406,0.04165145009756088,0.061690449714660645,0.0653129369020462,0.21147742752878554,1.2161730527877808,0.21147742867469788,3.4326636952728524,-0.00952890785625869,5.750840962079699,7.33103738374925,1.2747765817363343,8.725406745829677,0.023542331531643867,0.020829403772950172,0.01545481476932764,0.02143605798482895,0.02107931487262249,0.020829403772950172,0.03368620201945305,0.02034110762178898,0.018903600051999092,0.052987199276685715,0.058454785495996475,0.03359852731227875,0.020251788198947906,0.02260526455938816,0.023815378546714783,0.03368620201945305,0.027918128296732903,0.03081897273659706,0.10857506096363068,0.10741317272186279,0.13923534750938416,0.15207675099372864,000027.tdms,26,260.0
13.255772590637207,795.3463554382324,1.2791733741760254,0.15223317534991923,0.8966167569160461,0.15223316848278046,4.018992598087864,-0.01791206780639228,5.889759277865065,7.685313939956238,1.3048604497027982,9.25516081317787,0.011697523295879364,0.010473758913576603,0.00958806648850441,0.013876724988222122,0.013393517583608627,0.010229731909930706,0.012251966632902622,0.015430759638547897,0.015557786449790001,0.011410058476030827,0.012912887148559093,0.013041571713984013,0.01410053763538599,0.012250096537172794,0.011720548383891582,0.013047891668975353,0.012140853330492973,0.010595878586173058,0.0169026181101799,0.027466563507914543,0.08642056584358215,0.06464095413684845,0.2554112360897109,1.5342153310775757,0.2554112374782562,3.2981798031416316,-0.003865511762611948,6.006843530324157,7.609602252028629,1.2668221194065261,9.027177170552832,0.03076956607401371,0.029520943760871887,0.0210172887891531,0.030464906245470047,0.032497428357601166,0.029520943760871887,0.03907635807991028,0.028449587523937225,0.02890445664525032,0.036881886422634125,0.03998231887817383,0.03299172967672348,0.028449587523937225,0.02629050612449646,0.03243179991841316,0.051523104310035706,0.03175722807645798,0.04008155316114426,0.11903650313615799,0.19086816906929016,0.21511238813400269,0.2649323046207428,0.15342318977004724,1.2225590944290161,0.15342319011688232,3.7212617675668564,-0.018220830988227563,7.968541758657243,10.248406644806112,1.2861081682444546,12.24696205089668,0.014341440983116627,0.013139891438186169,0.011243545450270176,0.016825271770358086,0.014273827895522118,0.01373870950192213,0.017251666635274887,0.015208462253212929,0.014258963987231255,0.024190975353121758,0.025665579363703728,0.025586428120732307,0.014948772266507149,0.014380631037056446,0.017004158347845078,0.022932838648557663,0.018649261444807053,0.019959939643740654,0.039076581597328186,0.04915870726108551,0.07250244915485382,0.07560518383979797,0.21729569141693472,1.7704678773880005,0.21729569137096405,3.513498656307954,-0.010587521273073117,8.147735768910975,10.406758616002156,1.2772577451162388,12.397779731698295,0.020909538492560387,0.021352961659431458,0.016402922570705414,0.02407941035926342,0.022860344499349594,0.022104276344180107,0.026996120810508728,0.024915700778365135,0.02428264543414116,0.06284278631210327,0.05638376623392105,0.03889242559671402,0.023841816931962967,0.020273368805646896,0.027872275561094284,0.03498058393597603,0.02885287255048752,0.031898193061351776,0.11258213222026825,0.12952569127082825,0.14534595608711243,0.17969952523708344,000028.tdms,27,270.0
13.837615013122559,830.2569007873535,0.07703986018896103,0.1452955964214017,0.8807218074798584,0.14529559016227722,4.335121475596506,-0.007989725528687685,6.061586374066669,8.025600235509348,1.3240098779826572,9.742052552049625,0.011673176661133766,0.011062992736697197,0.010272417217493057,0.010844029486179352,0.010600275360047817,0.010863970033824444,0.011134996078908443,0.010725832544267178,0.011196614243090153,0.011624396778643131,0.015711085870862007,0.011289619840681553,0.010725832544267178,0.011796933598816395,0.011441906914114952,0.01105393934994936,0.012089898809790611,0.011920880526304245,0.017511457204818726,0.02601613476872444,0.11024436354637146,0.0837666392326355,0.48143992701491556,2.7286593914031982,0.4814399182796478,3.2291587269114976,-0.008265990721910203,5.667704812772334,7.1633931619230635,1.2638966563290581,8.488351169210507,0.15259096026420593,0.03304433822631836,0.03568481281399727,0.4137856662273407,0.03496566414833069,0.032306354492902756,0.11414467543363571,0.1014123260974884,0.049579113721847534,0.10335154831409454,0.0421593114733696,0.03796117752790451,0.1014123260974884,0.037885457277297974,0.10609576106071472,0.05013127624988556,0.11967460066080093,0.04516064003109932,0.5246514081954956,1.0890109539031982,1.101694941520691,1.1084671020507812,0.1768115473047711,1.2359265089035034,0.17681154608726501,3.635086103553699,-0.018617700052255482,6.990078010986068,8.9588315510173,1.281649723642141,10.686580907116628,0.01824389398097992,0.016317469999194145,0.012541985139250755,0.08498726785182953,0.0160883329808712,0.014700183644890785,0.03404523804783821,0.015746386721730232,0.013366651721298695,0.03717957064509392,0.01619826629757881,0.014514895156025887,0.015070764347910881,0.014495021663606167,0.027637241408228874,0.015439081005752087,0.0163269080221653,0.016694169491529465,0.03499002009630203,0.06556147336959839,0.08713280409574509,0.09900464117527008,0.3141444331851184,2.0880138874053955,0.31414443254470825,3.3462935494799164,-0.043234535974443086,6.6466684328446295,8.430204148916266,1.2683352921981579,10.006862677262887,0.05942826345562935,0.023967143148183823,0.026008348912000656,0.18007488548755646,0.031026186421513557,0.028201086446642876,0.038704611361026764,0.04412897303700447,0.05315239354968071,0.09173434972763062,0.026711110025644302,0.032315365970134735,0.04412897303700447,0.026390565559267998,0.04121333360671997,0.028203774243593216,0.0450400747358799,0.027993077412247658,0.15818393230438232,0.27021321654319763,0.30841588973999023,0.4036555290222168,000029.tdms,28,280.0
17.55518341064453,1053.3110046386719,3.814697265625e-06,0.14543049953745274,0.8646734952926636,0.14543050527572632,4.32950197947799,-0.00836250423575416,5.9456131832235375,7.868329756506866,1.3233840672159045,9.548996955096198,0.008115902543067932,0.00717709818854928,0.007245548069477081,0.007607134059071541,0.0073157078586518764,0.007127315271645784,0.008329924196004868,0.007733115926384926,0.00741608627140522,0.007993875071406364,0.007652837783098221,0.00836170930415392,0.007931333035230637,0.008016254752874374,0.1084585189819336,0.00873828586190939,0.008524222299456596,0.007514342665672302,0.00840853899717331,0.039583057165145874,0.016084613278508186,0.03843255341053009,0.46805716811291287,2.7039175033569336,0.46805715560913086,3.264939157480328,0.002135156342696392,5.776895831461014,7.32232665039311,1.267519246325279,8.693011896899188,0.14662791788578033,0.03493437543511391,0.0376683846116066,0.03774299472570419,0.11481134593486786,0.03285680711269379,0.06879899650812149,0.06015562638640404,0.07493016868829727,0.15546093881130219,0.11001477390527725,0.0519971139729023,0.07595399022102356,0.05055375397205353,0.15565846860408783,0.2864358425140381,0.11031652241945267,0.08653950691223145,0.6316436529159546,1.4035964012145996,1.0888416767120361,1.0465412139892578,0.1776740946568581,1.3343228101730347,0.1776740998029709,3.6427563360497177,-0.01778880399155277,7.509945739416946,9.626053296012286,1.281774014090231,11.483276572347862,0.022213883697986603,0.013844659551978111,0.011139367707073689,0.014141899533569813,0.013822569511830807,0.013795566745102406,0.01531047374010086,0.013987761922180653,0.02455342747271061,0.035210806876420975,0.03057890199124813,0.01470070332288742,0.015623140148818493,0.01452599372714758,0.05137118697166443,0.0464504137635231,0.032549530267715454,0.014727490022778511,0.03001672402024269,0.07459509372711182,0.06058889999985695,0.09093303233385086,0.3104916049548773,2.200716018676758,0.3104915916919708,3.4064574946765434,-0.05259327212272718,7.087843869390866,9.002142775899921,1.2700819800469971,10.690830135697592,0.05125856027007103,0.024616632610559464,0.01917463168501854,0.024965740740299225,0.036935772746801376,0.02471327967941761,0.03415500000119209,0.03437149152159691,0.040331196039915085,0.10218553990125656,0.05686905235052109,0.03978138044476509,0.048277828842401505,0.04050076752901077,0.08476756513118744,0.11764159798622131,0.04633677005767822,0.03542264923453331,0.13408781588077545,0.2916956841945648,0.23914536833763123,0.3571573793888092,000030.tdms,29,290.0
17.55518341064453,1053.3110046386719,0.08103178441524506,0.14591315474832653,0.9600580930709839,0.14591315388679504,4.350365764633522,-0.008915503911035192,6.579654142403461,8.712925016618595,1.324222341789515,10.576353713921252,0.007748797070235014,0.006876452825963497,0.006596856284886599,0.00935573410242796,0.009163029491901398,0.006876452825963497,0.008531607687473297,0.009794141165912151,0.006835383363068104,0.007632325403392315,0.00901799276471138,0.008319633081555367,0.009794141165912151,0.008415951393544674,0.1061091497540474,0.008546847850084305,0.007325384300202131,0.009419246576726437,0.008615637198090553,0.04122720658779144,0.015363034792244434,0.0397878959774971,0.4783866864310247,2.7319118976593018,0.47838670015335083,3.220741486308418,-0.0005424651051768117,5.7106771052525875,7.216967745811013,1.2637674329674433,8.553409854795136,0.11808183789253235,0.03233661875128746,0.03554819896817207,0.041555192321538925,0.14633391797542572,0.03233661875128746,0.07934947311878204,0.047504980117082596,0.07381092756986618,0.1576477587223053,0.11760750412940979,0.05912671610713005,0.06815565377473831,0.04334088787436485,0.22200074791908264,0.1876506209373474,0.10402993857860565,0.06228542700409889,0.7531797885894775,1.2083996534347534,1.1901521682739258,1.1425970792770386,0.1772933035366671,1.22831392288208,0.1772933006286621,3.6268083844410524,-0.008014835580444614,6.928146175741178,8.877081701360163,1.2813069291815986,10.5893425755732,0.024239346385002136,0.01245047152042389,0.013233999721705914,0.013554384000599384,0.01800665259361267,0.012625266797840595,0.014515597373247147,0.01274958811700344,0.020629068836569786,0.031881097704172134,0.046584438532590866,0.014825699850916862,0.015127813443541527,0.013882026076316833,0.052897460758686066,0.038395803421735764,0.03221713379025459,0.014109453186392784,0.03269851952791214,0.07194995880126953,0.06406120955944061,0.0914788618683815,0.31272683255784506,2.1792728900909424,0.31272682547569275,3.3126474763061364,-0.03167839641924404,6.968614980257066,8.825707332495591,1.2664937519865702,10.46832886151232,0.0633116066455841,0.028545156121253967,0.019156886264681816,0.022936057299375534,0.0516040213406086,0.028545156121253967,0.027753042057156563,0.02928512915968895,0.03770279139280319,0.11175069957971573,0.06531543284654617,0.03921198844909668,0.0434410534799099,0.030172260478138924,0.07993751019239426,0.1088990643620491,0.04688776284456253,0.027012113481760025,0.1592881679534912,0.2669946253299713,0.24339428544044495,0.3642154932022095,000031.tdms,30,300.0
17.55518341064453,1053.3110046386719,3.814697265625e-06,0.1456625007367672,0.8725104331970215,0.14566250145435333,4.293480819633088,-0.007093470336382854,5.989945447756465,7.915301283851535,1.3214312806164557,9.597533008168924,0.0075691803358495235,0.007987281307578087,0.006275599356740713,0.009443585760891438,0.007962231524288654,0.007987281307578087,0.008324779570102692,0.007756674196571112,0.007328989449888468,0.008792860433459282,0.008514687418937683,0.008574127219617367,0.008011581376194954,0.008362042717635632,0.10171287506818771,0.008324779570102692,0.008812944404780865,0.009754343889653683,0.008470501750707626,0.0394463986158371,0.015798121690750122,0.03867986798286438,0.47098700482771627,2.545056104660034,0.4709869921207428,3.230391006596948,-0.009247264999129022,5.4036652361374555,6.835500069077058,1.264974747762702,8.105363733719754,0.10210388153791428,0.03130797669291496,0.03192397952079773,0.04311460256576538,0.15020745992660522,0.03130797669291496,0.07268939167261124,0.0724869966506958,0.06797777861356735,0.13427357375621796,0.11399000883102417,0.05150536075234413,0.09374253451824188,0.04738093912601471,0.18269257247447968,0.1834413856267929,0.09255418181419373,0.059097275137901306,0.6860103607177734,1.1957656145095825,1.2102553844451904,1.0707648992538452,0.17731658332554845,1.1805106401443481,0.1773165762424469,3.6081690032689764,-0.005435331398244535,6.657643735312464,8.520252217453182,1.2797699240440508,10.155627964446431,0.018748238682746887,0.01424652710556984,0.01147470623254776,0.013944225385785103,0.01451188512146473,0.012334148399531841,0.013547285459935665,0.013576324097812176,0.027041126042604446,0.02942657098174095,0.03834737464785576,0.014854739420115948,0.01584145613014698,0.015045147389173508,0.05203605443239212,0.03574676066637039,0.028503555804491043,0.014449149370193481,0.03089902549982071,0.0687701404094696,0.06082611903548241,0.09169070422649384,0.3083103061252304,2.0349557399749756,0.30831030011177063,3.317815776129238,-0.03413990126347284,6.600349386790888,8.362448029227144,1.2669705100706787,9.919324529742871,0.04503919929265976,0.02945012040436268,0.016900373622775078,0.02734515257179737,0.06981009989976883,0.02945012040436268,0.028590219095349312,0.02953997626900673,0.04713362082839012,0.11241917312145233,0.05665900558233261,0.034451697021722794,0.03336112201213837,0.030989857390522957,0.08762916177511215,0.09062456339597702,0.04151506721973419,0.02942674420773983,0.1415310949087143,0.26520848274230957,0.25469493865966797,0.3724985122680664,000032.tdms,31,310.0
17.58919906616211,1055.3519439697266,3.814697265625e-06,0.14600519643110907,0.9085463881492615,0.14600518345832825,4.29779920534298,-0.008369820184362945,6.222698988511337,8.22709621287045,1.32211058707158,9.979672232619045,0.00839930772781372,0.00810908805578947,0.006071938667446375,0.009274201467633247,0.010620545595884323,0.007847615517675877,0.008307299576699734,0.010012523271143436,0.007838566787540913,0.009029734879732132,0.008733013644814491,0.008556701242923737,0.00795905850827694,0.007675457745790482,0.10430258512496948,0.008393574506044388,0.00789162702858448,0.008010889403522015,0.00897009577602148,0.040747273713350296,0.015942391008138657,0.03979409486055374,0.4577524087156031,2.612295389175415,0.45775240659713745,3.293845471992425,-0.013250029659142995,5.706786768212088,7.239061990156161,1.2685005212528957,8.594964001955487,0.11637820303440094,0.029417386278510094,0.040830377489328384,0.040233660489320755,0.11959425359964371,0.0322948582470417,0.07287606596946716,0.05744678154587746,0.07974366098642349,0.14405415952205658,0.12282094359397888,0.05165660381317139,0.07413747906684875,0.050048768520355225,0.1689552664756775,0.2124272882938385,0.12252240628004074,0.06519477069377899,0.5729422569274902,1.2925913333892822,1.066437840461731,1.0137016773223877,0.17625066809493795,1.2234280109405518,0.1762506663799286,3.615392879582629,-0.0006875452771601119,6.941409210894728,8.889987267513558,1.2807179345601012,10.601842494522161,0.02358362078666687,0.011484791524708271,0.014112505130469799,0.01434172224253416,0.01984139159321785,0.012855418026447296,0.015558316372334957,0.014383709989488125,0.027602186426520348,0.03203142061829567,0.0510593056678772,0.016008229926228523,0.014383709989488125,0.013840808533132076,0.047606755048036575,0.04262324795126915,0.03737081587314606,0.014220728538930416,0.031906481832265854,0.0732271820306778,0.06308966875076294,0.0875118151307106,0.30399652527874993,2.0096347332000732,0.3039965331554413,3.3585153043343308,-0.044612977339271755,6.610716130249635,8.393488314777507,1.2696791314892764,9.968568648516865,0.05785929411649704,0.01982814446091652,0.01799900270998478,0.0333997905254364,0.06177987903356552,0.027021067216992378,0.028518369421362877,0.027286620810627937,0.04499809816479683,0.10237529128789902,0.0704747810959816,0.03058093599975109,0.03581976145505905,0.030920598655939102,0.08483846485614777,0.10404072701931,0.05780921131372452,0.022831475362181664,0.13134007155895233,0.2937145233154297,0.2302517294883728,0.3352307677268982,000033.tdms,32,320.0
17.58919906616211,1055.3519439697266,3.814697265625e-06,0.1467353895357643,0.904861569404602,0.14673538506031036,4.295743375035685,-0.00810368845945304,6.166621237503563,8.154155435677772,1.3223052173346752,9.89278986632237,0.007536871824413538,0.00721684331074357,0.006736659444868565,0.008366734720766544,0.009099064394831657,0.00721684331074357,0.008188926614820957,0.00794585794210434,0.007905710488557816,0.008307624608278275,0.00933275930583477,0.008507792837917805,0.008585509844124317,0.008382720872759819,0.10482054203748703,0.007830788381397724,0.009142697788774967,0.010356055572628975,0.008715372532606125,0.0400630459189415,0.01596076600253582,0.03881929814815521,0.4664543203760823,2.370744466781616,0.46645432710647583,3.220260743373703,0.0005324029062493028,5.0824793837694235,6.431887823209523,1.2655019996243073,7.628920111118993,0.119427390396595,0.0352267362177372,0.03731362149119377,0.04765324294567108,0.13502438366413116,0.0352267362177372,0.06214197725057602,0.06311370432376862,0.06446921080350876,0.12887774407863617,0.14527088403701782,0.05532589182257652,0.07526084035634995,0.0483509860932827,0.17799162864685059,0.2406313121318817,0.0881303995847702,0.06577333062887192,0.6887202262878418,1.1479978561401367,1.198019027709961,1.1244909763336182,0.17813204199272684,1.1885557174682617,0.1781320422887802,3.603808938615486,-0.006164596270004022,6.672329717731472,8.544449493530921,1.280579625857571,10.188684386390426,0.01867772452533245,0.01298004575073719,0.012693041004240513,0.01562649756669998,0.018288027495145798,0.012812899425625801,0.012463805265724659,0.015199531801044941,0.02100006863474846,0.038742367178201675,0.05341443419456482,0.016495173797011375,0.015665441751480103,0.014602296985685825,0.048775848001241684,0.055112697184085846,0.027521997690200806,0.012188621796667576,0.034562282264232635,0.0695248544216156,0.06591363251209259,0.0909978449344635,0.30907997022185685,2.0085065364837646,0.30907997488975525,3.346071262897228,-0.052861306605302576,6.4983393619523895,8.240393855691767,1.2680768726759735,9.778565419408148,0.05162401497364044,0.02416849695146084,0.01854703389108181,0.03333573043346405,0.07190369069576263,0.025667890906333923,0.02390294335782528,0.024262815713882446,0.04483237490057945,0.10001818835735321,0.08218461275100708,0.03826441615819931,0.034849848598241806,0.031921375542879105,0.07435652613639832,0.14414380490779877,0.036659032106399536,0.02975107543170452,0.1558782458305359,0.2691602408885956,0.24664823710918427,0.37307193875312805,000034.tdms,33,330.0
13.270264625549316,796.215877532959,0.0,0.1531332964985113,0.983001172542572,0.1531333029270172,3.9798398683831793,-0.018777769030510098,6.419251691301039,8.359506958568936,1.3022556772306042,10.053138321058363,0.010948402807116508,0.011122692376375198,0.011069677770137787,0.012021681293845177,0.011306257918477058,0.011122692376375198,0.012652639299631119,0.011033919639885426,0.012817002832889557,0.011743192560970783,0.013836266472935677,0.01217217743396759,0.011801832355558872,0.013057587668299675,0.0123361861333251,0.012652639299631119,0.01125422865152359,0.012584369629621506,0.019283974543213844,0.02836345136165619,0.08569682389497757,0.07285258173942566,0.26072432781875,1.7394269704818726,0.26072433590888977,3.1658408237006976,-0.010387759695002757,6.671517710043097,8.415253448563604,1.2613701730710454,9.96295310895881,0.03287927433848381,0.02564186044037342,0.0203290656208992,0.027468562126159668,0.04458862543106079,0.02564186044037342,0.07921577244997025,0.032794564962387085,0.031492799520492554,0.05029847472906113,0.05561961606144905,0.029216650873422623,0.032794564962387085,0.037456855177879333,0.04032650589942932,0.07921577244997025,0.038434870541095734,0.0437200628221035,0.1293431669473648,0.20845308899879456,0.24148812890052795,0.29068899154663086,0.15357395621826367,1.1892789602279663,0.15357396006584167,3.7206980130358347,-0.009443576106630963,7.744014607123419,9.945980192571117,1.2843441931814275,11.873977937082525,0.016693687066435814,0.013395758345723152,0.013069710694253445,0.015116821974515915,0.012547271326184273,0.013395758345723152,0.03450943902134895,0.013330933637917042,0.013610211201012135,0.023406097665429115,0.031475141644477844,0.015772933140397072,0.013330933637917042,0.014160128310322762,0.015332390554249287,0.03450943902134895,0.0161777101457119,0.01849917322397232,0.028769031167030334,0.04629797488451004,0.07317987084388733,0.08121906965970993,0.21430569811718245,1.3502109050750732,0.21430569887161255,3.4336494922990357,-0.015831413519491997,6.30039666204665,8.027342059501173,1.2741010590424533,9.549547340291939,0.02300195023417473,0.020931052044034004,0.014281111769378185,0.022028258070349693,0.025812340900301933,0.020931052044034004,0.05097251757979393,0.019312968477606773,0.019335422664880753,0.08917136490345001,0.05660775303840637,0.0418662503361702,0.019312968477606773,0.021171551197767258,0.02051696926355362,0.05097251757979393,0.030993204563856125,0.029536433517932892,0.08290541172027588,0.11404083669185638,0.1453288495540619,0.1764926165342331,000035.tdms,34,340.0
13.270264625549316,796.215877532959,0.0,0.15289793330382268,0.913950502872467,0.1528979390859604,4.009508336232305,-0.02272754219456402,5.9775203177950145,7.787245569282432,1.3027551819606342,9.365548928488138,0.011904848739504814,0.011876339092850685,0.011119114235043526,0.011117451824247837,0.011243370361626148,0.011876339092850685,0.012952794320881367,0.011466783471405506,0.012197880074381828,0.011529441922903061,0.011727600358426571,0.012332597747445107,0.011466783471405506,0.011550444178283215,0.012702299281954765,0.012952794320881367,0.012105977162718773,0.013687503524124622,0.01853829063475132,0.028991783037781715,0.08709580451250076,0.07085274159908295,0.2635853095475521,1.4451035261154175,0.26358529925346375,3.1623524288930027,-0.0138026609515002,5.482488870855352,6.916913945740966,1.2616375716713166,8.190903548355378,0.03209758177399635,0.029120657593011856,0.02357635274529457,0.029391778632998466,0.03660670295357704,0.029120657593011856,0.0653655081987381,0.03245514631271362,0.03440719097852707,0.04634837433695793,0.05296517163515091,0.03325869143009186,0.030763812363147736,0.03173874318599701,0.035057470202445984,0.0653655081987381,0.03992590308189392,0.04946630075573921,0.1461428552865982,0.20924389362335205,0.24875479936599731,0.2922549545764923,0.15345457600633028,1.1793588399887085,0.15345457196235657,3.6233355657456747,-0.013041071098917577,7.6853937541755535,9.856126125845648,1.2824490769247463,11.76264413813624,0.016935007646679878,0.013790114782750607,0.011692715808749199,0.01510617695748806,0.01390400342643261,0.012935243546962738,0.031234094873070717,0.013730346225202084,0.013597682118415833,0.02386912889778614,0.017337806522846222,0.01610850729048252,0.013730346225202084,0.01518856082111597,0.014590180478990078,0.031234094873070717,0.017074134200811386,0.017632048577070236,0.03284516558051109,0.04894796758890152,0.07212291657924652,0.08169808238744736,0.22118140191701915,1.415400743484497,0.22118140757083893,3.4092192219194413,0.0008961602305462686,6.399275577498665,8.149623152818192,1.2735227689637487,9.695532083419176,0.024565011262893677,0.01971319690346718,0.018408168107271194,0.02392209693789482,0.022347820922732353,0.01971319690346718,0.041775163263082504,0.023148110136389732,0.019602645188570023,0.10118235647678375,0.0638260468840599,0.036580029875040054,0.023148110136389732,0.024404017254710197,0.025766875594854355,0.041775163263082504,0.029260683804750443,0.03670462593436241,0.12472571432590485,0.14555403590202332,0.15753783285617828,0.1903228461742401,000036.tdms,35,350.0
13.232905387878418,793.9743232727051,0.0,0.15288338697178266,0.9166926145553589,0.152883380651474,4.032405599136164,-0.021941780574495837,5.996025027392615,7.8224341948032565,1.304603326214744,9.415450468163236,0.011531639844179153,0.010605734772980213,0.009325248189270496,0.012273583561182022,0.010984688065946102,0.010605734772980213,0.011877437122166157,0.01446713786572218,0.010748608037829399,0.011874754913151264,0.012216636911034584,0.012190205976366997,0.011443781666457653,0.0125399986281991,0.012022844515740871,0.012582940049469471,0.012532126158475876,0.011861024424433708,0.018365932628512383,0.028341924771666527,0.0857304185628891,0.07014469057321548,0.252696987022127,1.4342288970947266,0.2526969909667969,3.198526360770083,-0.006636532058069377,5.675686576227918,7.167369991200283,1.2628199064444718,8.490110049223913,0.029050836339592934,0.025155164301395416,0.01901044324040413,0.02428058721125126,0.04686262458562851,0.025155164301395416,0.081972636282444,0.037576738744974136,0.03631138801574707,0.04891824349761009,0.05729835852980614,0.02815072238445282,0.037576738744974136,0.03767673671245575,0.04629125818610191,0.081972636282444,0.042306121438741684,0.058991603553295135,0.12190593034029007,0.19005325436592102,0.22168144583702087,0.2529420852661133,0.15012342694647104,1.06346595287323,0.15012343227863312,3.707417538407929,-0.014555032258113314,7.08394402195752,9.10779939638234,1.285696127489382,10.881394836152406,0.0206252783536911,0.012726954184472561,0.012005189433693886,0.013974164612591267,0.015068474225699902,0.012149632908403873,0.022890981286764145,0.01477555837482214,0.013093937188386917,0.035790592432022095,0.04611761122941971,0.0165107361972332,0.013844078406691551,0.013870049268007278,0.014525688253343105,0.02331971749663353,0.01422527339309454,0.01813318021595478,0.03120177984237671,0.04173614829778671,0.07290714234113693,0.07764521986246109,0.2107888687091614,1.431622862815857,0.21078887581825256,3.4405465896623664,-0.006098579702858559,6.79173844227589,8.656513551207812,1.274565212541819,10.302430127687007,0.025791233405470848,0.02159835211932659,0.015802953392267227,0.022237516939640045,0.0228621456772089,0.02159835211932659,0.038750793784856796,0.02217104472219944,0.020464923232793808,0.11271941661834717,0.08134933561086655,0.040012504905462265,0.02061188779771328,0.021724652498960495,0.025346064940094948,0.04643329977989197,0.03202925622463226,0.04303392395377159,0.09002135694026947,0.11244659870862961,0.1434401273727417,0.1676809936761856,000037.tdms,36,360.0
13.223440170288086,793.4064102172852,1.991074800491333,0.15243867826495186,1.0342954397201538,0.152438685297966,4.007866867336104,-0.01838332930192174,6.784993490447727,8.840746273989113,1.302985225621157,10.634178411410778,0.011629795655608177,0.010369334369897842,0.009425817057490349,0.012213279493153095,0.0111619234085083,0.010369334369897842,0.011265981942415237,0.014303558506071568,0.011425740085542202,0.012850259430706501,0.012037277221679688,0.012873855419456959,0.011663203127682209,0.011021750047802925,0.04308429732918739,0.011265981942415237,0.013422252610325813,0.012761802412569523,0.017170673236250877,0.02933759056031704,0.07874321192502975,0.06685730069875717,0.24792338473703648,1.3679777383804321,0.24792338907718658,3.1813177718254613,-0.012309532611384394,5.517743878139601,6.963962537709623,1.262103260229186,8.247155428660378,0.02736753411591053,0.024551881477236748,0.01869376376271248,0.024986525997519493,0.03977947682142258,0.02712668664753437,0.06748011708259583,0.028991013765335083,0.025059623643755913,0.03298424929380417,0.03868672624230385,0.02970302104949951,0.028991013765335083,0.031157001852989197,0.038229770958423615,0.06748011708259583,0.042646363377571106,0.03913452848792076,0.11740763485431671,0.18742045760154724,0.20369237661361694,0.23847919702529907,0.1495008341329805,1.0850486755371094,0.14950083196163177,3.675057820857697,-0.012883190543304049,7.257810177647318,9.319876224566414,1.2841168336518183,11.127937592188688,0.013662696816027164,0.01288163848221302,0.010558598674833775,0.014640038833022118,0.013280997052788734,0.013531689532101154,0.023278148844838142,0.012774334289133549,0.012043116614222527,0.022847291082143784,0.03522483631968498,0.019955076277256012,0.012774334289133549,0.01482563465833664,0.03077881969511509,0.023278148844838142,0.014155449345707893,0.016095399856567383,0.029806021600961685,0.04268287867307663,0.06410656869411469,0.07253018021583557,0.2122306919380735,1.293178915977478,0.21223069727420807,3.4266393501542183,-0.02421749288485632,6.093270036337689,7.766166043049789,1.2745481484877013,9.243161966833368,0.022013477981090546,0.019750181585550308,0.017155898734927177,0.021036146208643913,0.01940876431763172,0.019750181585550308,0.04092840477824211,0.023645056411623955,0.022787082940340042,0.09094906598329544,0.0609593540430069,0.03761084005236626,0.023645056411623955,0.02258521318435669,0.035538580268621445,0.04092840477824211,0.0317106731235981,0.04073377698659897,0.10366173088550568,0.12765079736709595,0.13199466466903687,0.16328749060630798,000038.tdms,37,370.0
13.24045467376709,794.4272804260254,1.282951831817627,0.15230701076890968,1.0081440210342407,0.15230700373649597,4.011851816071967,-0.021251719449109342,6.619157029901032,8.628260136392148,1.3035285456162016,10.381564417351187,0.010115442797541618,0.010579393245279789,0.008902297355234623,0.011023268103599548,0.013844490982592106,0.010616547428071499,0.010977097786962986,0.013635003939270973,0.016793834045529366,0.01206299476325512,0.011855307035148144,0.010574005544185638,0.01346423290669918,0.010916515253484249,0.010544969700276852,0.00985556561499834,0.011523361317813396,0.010967542417347431,0.015573430806398392,0.023830872029066086,0.07250167429447174,0.05213499441742897,0.24368425057145968,1.3595244884490967,0.24368424713611603,3.2019506634011643,-0.0025475463771143405,5.579041260405215,7.047755738748645,1.2632557118311676,8.350533427029466,0.02634374611079693,0.026388011872768402,0.01829887554049492,0.02743903361260891,0.029396723955869675,0.026388011872768402,0.05617082118988037,0.025655018165707588,0.027670184150338173,0.04587267339229584,0.033878326416015625,0.02968597039580345,0.025423983111977577,0.031413137912750244,0.03696081414818764,0.05617082118988037,0.032067716121673584,0.039342381060123444,0.09793049097061157,0.15741226077079773,0.1965709626674652,0.2277425229549408,0.14905120695868979,1.0929101705551147,0.14905120432376862,3.6830450495145484,-0.0144728089173382,7.332447639005163,9.423529915875703,1.2851820264964415,11.259779720999544,0.013491135090589523,0.012840066105127335,0.011701645329594612,0.013594613410532475,0.01360096875578165,0.012840066105127335,0.0280459001660347,0.013040954247117043,0.015537290833890438,0.026401126757264137,0.025432122871279716,0.020760539919137955,0.013040954247117043,0.011495798826217651,0.013356606476008892,0.0280459001660347,0.014872669242322445,0.014370571821928024,0.027982989326119423,0.038559429347515106,0.059345945715904236,0.06627654284238815,0.20935500782559013,1.2111271619796753,0.20935501158237457,3.442623019881384,-0.010958570373141168,5.785040322458603,7.374909704789899,1.2748242525050564,8.776792510783245,0.019221628084778786,0.019614113494753838,0.015667760744690895,0.02056296169757843,0.022066712379455566,0.019614113494753838,0.050505124032497406,0.023476703092455864,0.02255072630941868,0.06859047710895538,0.049264319241046906,0.039467692375183105,0.023476703092455864,0.02412392385303974,0.023503519594669342,0.050505124032497406,0.031391534954309464,0.04142975062131882,0.08219722658395767,0.1056777834892273,0.12593427300453186,0.14338281750679016,000039.tdms,38,380.0
13.206465721130371,792.3879432678223,1.6286131143569946,0.15240876326679798,0.9715770483016968,0.15240877866744995,4.032585239964279,-0.021528276775445433,6.374810919506709,8.315692994163392,1.304461120363217,10.00977737492714,0.011821725405752659,0.011475482024252415,0.009270216338336468,0.012834536843001842,0.011835005134344101,0.010422627441585064,0.011878281831741333,0.02255680039525032,0.012774788774549961,0.010392198339104652,0.011037828400731087,0.012394452467560768,0.012423364445567131,0.022789241746068,0.01847345381975174,0.011585420928895473,0.011243795044720173,0.01106498297303915,0.01609727367758751,0.026189327239990234,0.0790746808052063,0.061628177762031555,0.24055602088185274,1.4442269802093506,0.2405560165643692,3.194921787678176,-0.00987924996650819,6.003703315822104,7.583890704822157,1.26320211140941,8.98648392513881,0.02723049186170101,0.024338223040103912,0.018083281815052032,0.026895131915807724,0.029398633167147636,0.024338223040103912,0.04704740270972252,0.0300171859562397,0.02423536404967308,0.03453564643859863,0.0369558148086071,0.024089723825454712,0.029135696589946747,0.030143093317747116,0.026403946802020073,0.04704740270972252,0.03506183996796608,0.03741836920380592,0.09821697324514389,0.15501806139945984,0.18936903774738312,0.2252928912639618,0.14965585703667766,1.0493645668029785,0.14965586364269257,3.722308336469034,-0.011051012341410739,7.011850973168396,9.020679759152772,1.2864905135136753,10.782914799115002,0.016145039349794388,0.013163705356419086,0.01043475791811943,0.014856587164103985,0.012760988436639309,0.013267887756228447,0.020180637016892433,0.02061801217496395,0.012921181507408619,0.025687329471111298,0.016600899398326874,0.021449878811836243,0.013401847332715988,0.01818845048546791,0.014811748638749123,0.020190773531794548,0.016595756635069847,0.013939684256911278,0.030602704733610153,0.04167400300502777,0.0646771639585495,0.07118697464466095,0.21036140928890668,1.3550082445144653,0.21036140620708466,3.4415307324849156,-0.012817015964301064,6.441334696771881,8.212557266048448,1.274977571055922,9.775121096479442,0.022142115980386734,0.02202632650732994,0.014145536348223686,0.02713899128139019,0.021940328180789948,0.02202632650732994,0.03373943269252777,0.02443731017410755,0.01885194703936577,0.06669396162033081,0.04211096465587616,0.036590807139873505,0.019351840019226074,0.022854844108223915,0.02085508592426777,0.03373943269252777,0.02830246090888977,0.03297201544046402,0.08781474083662033,0.11244247108697891,0.13474510610103607,0.1567181944847107,000040.tdms,39,390.0
13.114753723144531,786.8852233886719,9.5367431640625e-07,0.14696893021939336,0.8783974647521973,0.14696893095970154,4.362410136151165,-0.007763340341091303,5.976756199020682,7.9167910570786635,1.3245966195468815,9.61047960787611,0.010847995989024639,0.010771924629807472,0.009423847310245037,0.012644286267459393,0.011849788948893547,0.010330665856599808,0.011470548808574677,0.012334699742496014,0.011484229005873203,0.011552521027624607,0.011390543542802334,0.012389197014272213,0.011755883693695068,0.011252345517277718,0.01156304869800806,0.012041534297168255,0.011763019487261772,0.010695841163396835,0.017620911821722984,0.027455683797597885,0.09834521263837814,0.0736415758728981,0.47253495228378295,2.5205862522125244,0.4725349545478821,3.268438468223819,0.007918294742891659,5.334179493030973,6.7616590811682835,1.2676099651318993,8.02709186749649,0.038402192294597626,0.030048100277781487,0.04464340582489967,0.12227852642536163,0.06507088243961334,0.030048100277781487,0.04117976129055023,0.03664363548159599,0.0402701161801815,0.11120684444904327,0.04533176124095917,0.03837762773036957,0.04410252720117569,0.03437170758843422,0.13196991384029388,0.044833868741989136,0.11450475454330444,0.05077018588781357,0.4311600625514984,1.221427083015442,0.8333708047866821,1.2069299221038818,0.17645520182341376,1.264225959777832,0.17645519971847534,3.6510124114982787,-0.00799623074625436,7.164571782037895,9.190787716174926,1.2828104729464642,10.970177892165319,0.018877068534493446,0.013626538217067719,0.013755173422396183,0.026878265663981438,0.019146466627717018,0.013507101684808731,0.01744196191430092,0.016795236617326736,0.014286288991570473,0.02216084860265255,0.014559750445187092,0.026705488562583923,0.016795236617326736,0.015012048184871674,0.020293403416872025,0.014974972233176231,0.036894045770168304,0.013425296172499657,0.03817027807235718,0.06971783936023712,0.08331465721130371,0.10982270538806915,0.31517080779299417,1.9244656562805176,0.3151707947254181,3.3711264264972782,-0.026581834310514432,6.106103765627039,7.751472629524566,1.2694629713238361,9.20344279519495,0.026505019515752792,0.02582511305809021,0.023543598130345345,0.06334637105464935,0.033913400024175644,0.02696375735104084,0.028039205819368362,0.026102233678102493,0.02638404443860054,0.057406261563301086,0.03010583110153675,0.0289025716483593,0.026102233678102493,0.027214109897613525,0.05567970126867294,0.028039205819368362,0.041673820465803146,0.03423003479838371,0.14199939370155334,0.2863718867301941,0.25869113206863403,0.3550533056259155,000041.tdms,40,400.0
17.55518341064453,1053.3110046386719,1.6610482931137085,0.14786020755059767,0.9167492985725403,0.14786021411418915,4.369537687020539,-0.009265088462293566,6.200108289844171,8.218291113327103,1.3255076732754383,9.982317362289933,0.008298773318529129,0.0079231271520257,0.007341648917645216,0.010026822797954082,0.008300765417516232,0.0079231271520257,0.007853119634091854,0.008053231053054333,0.007733047474175692,0.008759182877838612,0.009313169866800308,0.009578324854373932,0.008505294099450111,0.009100105613470078,0.10853647440671921,0.008157555013895035,0.008859162218868732,0.008366239257156849,0.010430285707116127,0.03921773284673691,0.03192083537578583,0.04699014127254486,0.4838315006472816,2.7823486328125,0.4838314950466156,3.2720566067108154,-0.0015475608241825194,5.750656228646142,7.285468795004935,1.2668934649081132,8.644510555317167,0.17212267220020294,0.03495105355978012,0.03357870131731033,0.05352155119180679,0.1207461953163147,0.03233690187335014,0.07235743850469589,0.07373783737421036,0.05074793100357056,0.10665003210306168,0.16031211614608765,0.05768687278032303,0.08216516673564911,0.04415092244744301,0.1827753186225891,0.15560154616832733,0.08024496585130692,0.08209509402513504,0.7429042458534241,1.4174365997314453,1.2231560945510864,1.1078362464904785,0.17963865901763448,1.3260270357131958,0.17963865399360657,3.643789208694741,-0.009073339178082418,7.381635127787413,9.464607234644133,1.2821830218911232,11.292289934693924,0.0219129528850317,0.01659470424056053,0.01208994910120964,0.013748492114245892,0.015024329535663128,0.01659470424056053,0.012614297680556774,0.017451263964176178,0.02122349664568901,0.02733430825173855,0.06193173676729202,0.015934709459543228,0.01532977819442749,0.014216870069503784,0.05418609827756882,0.04106801003217697,0.026740077883005142,0.015599295496940613,0.03638435900211334,0.07584357261657715,0.06694929301738739,0.09897218644618988,0.3191787146036542,2.4539413452148438,0.3191787004470825,3.3673497869054576,-0.048565215625590116,7.688298852453456,9.753677976537803,1.268639287275527,11.57807814274333,0.06235644593834877,0.024279719218611717,0.019508447498083115,0.033172156661748886,0.03564367815852165,0.022825824096798897,0.038111571222543716,0.029637785628437996,0.028747322037816048,0.06728599965572357,0.08483466506004333,0.04329324886202812,0.04223594069480896,0.029208526015281677,0.08235898613929749,0.08068633824586868,0.03609009459614754,0.0313991978764534,0.164648175239563,0.29951590299606323,0.2651820182800293,0.37715834379196167,000042.tdms,41,410.0
17.55518341064453,1053.3110046386719,3.814697265625e-06,0.14745921961307917,0.9100916385650635,0.1474592238664627,4.3064339387623205,-0.00905861414952317,6.171819171110961,8.158452551068626,1.3218878137675671,9.893344667561394,0.007972205989062786,0.007325144950300455,0.006665912456810474,0.007996855303645134,0.00888940878212452,0.007325144950300455,0.008735607378184795,0.011019186116755009,0.01016343291848898,0.008235109969973564,0.00889695342630148,0.008301959373056889,0.011019186116755009,0.007669242564588785,0.11196821928024292,0.008527526631951332,0.008276877924799919,0.00789419375360012,0.008973490446805954,0.0407320037484169,0.016001874580979347,0.03898333013057709,0.4843717698020285,2.7090542316436768,0.48437178134918213,3.2418243075766946,0.012006295678704914,5.592923453715967,7.080351646673996,1.2659482478648576,8.398791515738193,0.1074482873082161,0.030057214200496674,0.03267865628004074,0.04395052045583725,0.1261107474565506,0.03131701797246933,0.07139058411121368,0.061606306582689285,0.06889832019805908,0.1444040983915329,0.12111460417509079,0.047399863600730896,0.08285246044397354,0.0453781895339489,0.16127164661884308,0.31408506631851196,0.09308914840221405,0.0694456398487091,0.779342532157898,1.3654704093933105,1.1637732982635498,1.159149169921875,0.17869406240033744,1.3192921876907349,0.17869406938552856,3.6205309610424905,-0.006481802399058787,7.382966003285868,9.460250018191514,1.2813617202058263,11.285406880111665,0.02032010443508625,0.01240022573620081,0.012479638680815697,0.014707459136843681,0.015345962718129158,0.01240022573620081,0.012914874590933323,0.015245112590491772,0.022023295983672142,0.036653436720371246,0.041247159242630005,0.013267471455037594,0.015245112590491772,0.014865405857563019,0.052933868020772934,0.050890255719423294,0.03170310705900192,0.01504520047456026,0.03033219650387764,0.07657638937234879,0.06321657449007034,0.09158524125814438,0.3176078116229775,2.2511417865753174,0.3176078200340271,3.3665401988466535,-0.052175365014507515,7.087803587298346,8.993755694339072,1.2689058865085192,10.677078360565284,0.047947876155376434,0.02292087860405445,0.019864397123456,0.0268099308013916,0.04647963494062424,0.03381786495447159,0.030737046152353287,0.03452165797352791,0.04749435931444168,0.1006152480840683,0.05630503594875336,0.029323752969503403,0.035920631140470505,0.03837823495268822,0.08461938053369522,0.12876592576503754,0.040540218353271484,0.028499040752649307,0.1518745720386505,0.31352606415748596,0.22964930534362793,0.38553327322006226,000043.tdms,42,420.0
17.58919906616211,1055.3519439697266,3.814697265625e-06,0.14730373112163975,0.9365489482879639,0.1473037302494049,4.331619461267312,-0.010714027483623796,6.357944507967589,8.407869325716174,1.3224194258348243,10.199304317158553,0.0080027524381876,0.007304429076611996,0.006487531121820211,0.007766229100525379,0.008258307352662086,0.00745568098500371,0.00787681620568037,0.009676814079284668,0.007039058022201061,0.008925746195018291,0.008596799336373806,0.007686980068683624,0.008389914408326149,0.007065076380968094,0.10721885412931442,0.008224873803555965,0.00862148404121399,0.008659780025482178,0.008780273608863354,0.040728818625211716,0.015944208949804306,0.03982840105891228,0.47747783619436646,2.5152485370635986,0.4774778485298157,3.2489389432836346,-0.0007512340506745671,5.267780714411462,6.672726782537511,1.266705495975266,7.919381995355551,0.1247953325510025,0.03511402755975723,0.03650360181927681,0.04330071061849594,0.13226772844791412,0.03511402755975723,0.06141071021556854,0.07537131756544113,0.05544842779636383,0.1539444774389267,0.1353643834590912,0.051810238510370255,0.07539577037096024,0.04427153989672661,0.15115080773830414,0.2756200134754181,0.12258011847734451,0.06442397087812424,0.7555125951766968,1.336261510848999,1.0854721069335938,1.094319224357605,0.17810802169661824,1.2819371223449707,0.17810802161693573,3.5951146184224476,-0.010746179550644724,7.197526030178297,9.21514238430104,1.2803208137995108,10.988205861511952,0.019279947504401207,0.013677618466317654,0.013890890404582024,0.012694003991782665,0.016591085121035576,0.013677618466317654,0.014138790778815746,0.013969477266073227,0.022188490256667137,0.034978289157152176,0.06042701005935669,0.014560220763087273,0.016622396185994148,0.013290239498019218,0.05235011503100395,0.06006694585084915,0.042430512607097626,0.014184621162712574,0.03554772585630417,0.07388824969530106,0.05955560877919197,0.09042233228683472,0.31538739230861795,2.184152841567993,0.31538739800453186,3.3441957267185223,-0.04126327018997795,6.925301691929146,8.780140983257557,1.2678351606674507,10.418159519510347,0.052839115262031555,0.022121116518974304,0.019317183643579483,0.02862408384680748,0.06113031134009361,0.02380874939262867,0.028833845630288124,0.03161022439599037,0.039925362914800644,0.1215895265340805,0.07512833923101425,0.03786622732877731,0.03968421369791031,0.03073715977370739,0.08238109946250916,0.12563753128051758,0.05320506542921066,0.023049112409353256,0.15000589191913605,0.3124188780784607,0.2344156801700592,0.3699554204940796,000044.tdms,43,430.0
17.58919906616211,1055.3519439697266,3.814697265625e-06,0.1474932894049028,0.9026129841804504,0.14749328792095184,4.288037413653076,-0.0073156235474151855,6.119688480894689,8.084827693996829,1.3211175240761337,9.802202227443589,0.007408934645354748,0.007699557580053806,0.007137680426239967,0.007478496991097927,0.007574171293526888,0.007699557580053806,0.008033757098019123,0.007659911643713713,0.007319031748920679,0.007817497476935387,0.008478138595819473,0.00821754988282919,0.008949785493314266,0.007386133540421724,0.0991096943616867,0.007931055501103401,0.0077645620331168175,0.008398080244660378,0.008790092542767525,0.04005787521600723,0.01619843579828739,0.04112282395362854,0.4718207391273935,2.518071413040161,0.47182074189186096,3.2397421912289364,0.006842682772149284,5.3369239717974155,6.754187650483947,1.2655581541307235,8.010141214157091,0.12970060110092163,0.0314846895635128,0.04818439856171608,0.043579038232564926,0.16220881044864655,0.0314846895635128,0.0545957088470459,0.06769242882728577,0.06692148745059967,0.13624915480613708,0.11253495514392853,0.05372375622391701,0.07742524147033691,0.039215151220560074,0.17223690450191498,0.23628658056259155,0.0905483067035675,0.06005483493208885,0.7234513759613037,1.2350000143051147,1.13226318359375,1.0421391725540161,0.17730028989540106,1.2285326719284058,0.17730028927326202,3.5842090521880983,-0.01041382088356966,6.9291069555113705,8.868657214129968,1.2799134536487262,10.574558684214145,0.020004726946353912,0.011675037443637848,0.011371538043022156,0.014024928212165833,0.02222316339612007,0.011462386697530746,0.013655363582074642,0.01330337394028902,0.028397010639309883,0.03804052993655205,0.04054175317287445,0.014784206636250019,0.012672794982790947,0.0126420296728611,0.04683667793869972,0.05132671073079109,0.028166649863123894,0.01421186700463295,0.030767429620027542,0.06644261628389359,0.05913383513689041,0.09063315391540527,0.31458896759284444,2.1331822872161865,0.3145889639854431,3.3568296075306225,-0.04192589134944172,6.780855360373125,8.601271329546194,1.268464061305814,10.20866993550362,0.06740547716617584,0.021840548142790794,0.019117483869194984,0.02428104728460312,0.06975238770246506,0.02752302959561348,0.028412705287337303,0.024307016283273697,0.04468913376331329,0.11910168826580048,0.06935203075408936,0.03738193213939667,0.032299160957336426,0.03246024250984192,0.08804650604724884,0.10787166655063629,0.04401043429970741,0.024426046758890152,0.14714139699935913,0.3025761842727661,0.24559500813484192,0.3938526511192322,000045.tdms,44,440.0
17.58919906616211,1055.3519439697266,3.814697265625e-06,0.14644281433530718,0.9030407667160034,0.14644281566143036,4.3105472828644,-0.012209013573950152,6.166507867353117,8.147661306667446,1.3212763985598726,9.876604526423112,0.007837409153580666,0.0075033907778561115,0.006532841827720404,0.009386744350194931,0.007113729603588581,0.0075033907778561115,0.008047266863286495,0.008942704647779465,0.007428743410855532,0.008385537192225456,0.008412065915763378,0.008733903057873249,0.008337276056408882,0.007762312423437834,0.11355330795049667,0.008365544490516186,0.007892508059740067,0.009611106477677822,0.008923403918743134,0.03996211290359497,0.015900691971182823,0.037755098193883896,0.4714537527637527,2.3392322063446045,0.4714537560939789,3.134283801110711,-0.0022792944353289975,4.961742679173885,6.260209958785868,1.26169581205049,7.4164463623273855,0.12147395312786102,0.03875594586133957,0.03493067994713783,0.04253792762756348,0.14188946783542633,0.03435615077614784,0.07223623245954514,0.0532822459936142,0.0798223689198494,0.1394062042236328,0.10024955868721008,0.04693621024489403,0.0718742311000824,0.05312849208712578,0.17504185438156128,0.21028512716293335,0.1285131275653839,0.05982862785458565,0.6418182849884033,1.1302926540374756,1.1307287216186523,1.1314527988433838,0.17672738714385355,1.3371498584747314,0.17672738432884216,3.602344902182999,-0.007037062219709886,7.566172284244267,9.68563174211314,1.2801230765366547,11.546303387288278,0.020937491208314896,0.012277167290449142,0.011762271635234356,0.014630312100052834,0.019465234130620956,0.012277167290449142,0.012415274977684021,0.014145719818770885,0.024462012574076653,0.035433631390333176,0.04330265149474144,0.01517810020595789,0.014145719818770885,0.014103880152106285,0.05165591835975647,0.03866935521364212,0.03701178357005119,0.015740487724542618,0.029895784333348274,0.0700630471110344,0.06020694971084595,0.09087824821472168,0.31380312538237765,1.9086635112762451,0.31380313634872437,3.3129987163847465,-0.037358256777220204,6.082359788324245,7.704383396654222,1.266676695358211,9.137972967344941,0.05372687801718712,0.025793660432100296,0.019662290811538696,0.030215159058570862,0.06343138962984085,0.029934532940387726,0.02371518313884735,0.026525013148784637,0.037396591156721115,0.09690771996974945,0.06704267114400864,0.03186410665512085,0.03240565210580826,0.03561631962656975,0.08042672276496887,0.12148527801036835,0.057961102575063705,0.024199897423386574,0.149415522813797,0.26274773478507996,0.2633729577064514,0.37085622549057007,000046.tdms,45,450.0
13.217212677001953,793.0327606201172,1.9073486328125e-06,0.15327138180712585,0.9535800218582153,0.1532713770866394,3.975959171329977,-0.02383575816152752,6.221513831317737,8.103594951898192,1.302511763472496,9.749184029744683,0.011844919063150883,0.0111817242577672,0.01005074568092823,0.01199940126389265,0.01188703253865242,0.011342719197273254,0.011992931365966797,0.015161153860390186,0.012016525492072105,0.015007316134870052,0.012681019492447376,0.013555046170949936,0.011738205328583717,0.013035541400313377,0.012736246921122074,0.011992931365966797,0.012147638946771622,0.011959711089730263,0.018334589898586273,0.028376353904604912,0.0837785005569458,0.07069791853427887,0.26537298420694344,1.5370464324951172,0.26537299156188965,3.1847472728471113,-0.001558256680444818,5.792023016542242,7.3111302941216705,1.2622757667296556,8.659580048149962,0.039307571947574615,0.02691299468278885,0.019923225045204163,0.02931472472846508,0.03695368394255638,0.021027006208896637,0.10478448122739792,0.0325702540576458,0.03753562271595001,0.057137757539749146,0.07627780735492706,0.03470393270254135,0.0325702540576458,0.046741411089897156,0.04647240787744522,0.10478448122739792,0.052983496338129044,0.06263967603445053,0.14589469134807587,0.2283717691898346,0.26619115471839905,0.28444206714630127,0.1541828506798585,1.2261780500411987,0.15418285131454468,3.7302885680195534,-0.012610045925170094,7.952752492475345,10.216127226250498,1.284602687675329,12.197428370706454,0.02149532549083233,0.012814476154744625,0.012178498320281506,0.015142055228352547,0.015055770054459572,0.014217643067240715,0.0341234989464283,0.016620313748717308,0.013201394118368626,0.023288965225219727,0.04965101182460785,0.01654442586004734,0.014212713576853275,0.014271106570959091,0.01348430011421442,0.0341234989464283,0.01671416684985161,0.017652379348874092,0.03352750837802887,0.04623103886842728,0.07411897927522659,0.07995543628931046,0.21484312577590425,1.29853093624115,0.21484312415122986,3.450022250463369,-0.020743506023640033,6.044088827843645,7.706336395453857,1.2750203736173833,9.17349413774252,0.025949804112315178,0.018753662705421448,0.015607639215886593,0.022450141608715057,0.02560414746403694,0.018753662705421448,0.031603921204805374,0.020712092518806458,0.018673745915293694,0.08662586659193039,0.08511803299188614,0.039436422288417816,0.019769633188843727,0.022330570966005325,0.03601738438010216,0.031603921204805374,0.04071224108338356,0.03873300552368164,0.08873741328716278,0.10581817477941513,0.14543861150741577,0.17777344584465027,000047.tdms,46,460.0
13.269044876098633,796.142692565918,9.5367431640625e-07,0.1489622602967727,0.910536527633667,0.14896225929260254,4.094063967848927,-0.01472375159323167,6.112531629284051,7.986621754470716,1.3065980249833362,9.618452459041666,0.011269851587712765,0.01124441996216774,0.00970741081982851,0.01164314802736044,0.009955992922186852,0.01124441996216774,0.012149009853601456,0.01120047178119421,0.011185990646481514,0.012352055869996548,0.011912595480680466,0.01202147826552391,0.011290122754871845,0.010697485879063606,0.011596291325986385,0.011905896477401257,0.012797391042113304,0.011572050862014294,0.018241602927446365,0.028054652735590935,0.08671893179416656,0.07042966783046722,0.25512525932078284,1.4183717966079712,0.2551252543926239,3.20869797439205,-0.0038392539167242277,5.5595114352223955,7.025190150374803,1.2636344456217088,8.326429511191748,0.0357925109565258,0.03069441206753254,0.018363626673817635,0.028468765318393707,0.03846272453665733,0.03069441206753254,0.07436693459749222,0.037183862179517746,0.029346387833356857,0.054644517600536346,0.050985611975193024,0.029215987771749496,0.037183862179517746,0.03049338422715664,0.03887111693620682,0.07436693459749222,0.04055246710777283,0.037474751472473145,0.1433182954788208,0.19098114967346191,0.2339753806591034,0.2714286744594574,0.14896091609551942,1.195360779762268,0.1489609181880951,3.678690967242917,-0.00941276868163771,8.024660502193456,10.305492546309923,1.284227855308399,12.306653298613329,0.0184562299400568,0.012568838894367218,0.011571799404919147,0.013142519630491734,0.012805110774934292,0.012568838894367218,0.028136109933257103,0.014422018080949783,0.014518738724291325,0.02596975304186344,0.017565784975886345,0.02146589197218418,0.014422018080949783,0.013613241724669933,0.014036946929991245,0.028136109933257103,0.016146555542945862,0.01661018654704094,0.027504468336701393,0.04473598301410675,0.06830175220966339,0.0772487074136734,0.21138432649162658,1.3742045164108276,0.21138431131839752,3.4351445725306173,-0.005402539433451666,6.500976393182411,8.28707636942405,1.2747433413409603,9.863092185758953,0.019334247335791588,0.021105768159031868,0.015239918604493141,0.023744910955429077,0.024037808179855347,0.021105768159031868,0.0494263619184494,0.021469302475452423,0.020859839394688606,0.10943441838026047,0.06252864003181458,0.03898350149393082,0.021469302475452423,0.021034052595496178,0.02251170389354229,0.0494263619184494,0.0342557430267334,0.0394614152610302,0.09014753997325897,0.12347378581762314,0.13762055337429047,0.1766119748353958,000048.tdms,47,470.0
13.270264625549316,796.215877532959,0.0,0.14905556823599825,0.9846654534339905,0.1490555703639984,4.087646183324917,-0.011503107565498804,6.606029315691039,8.626413374588301,1.3058394025134468,10.3857596672666,0.011508441530168056,0.010576741769909859,0.009848207235336304,0.011923421174287796,0.011368653737008572,0.010576741769909859,0.012231177650392056,0.01269308477640152,0.011797470971941948,0.012385785579681396,0.012454493902623653,0.012294606305658817,0.010959248058497906,0.01208990067243576,0.011949031613767147,0.012808137573301792,0.01177817489951849,0.01306891068816185,0.017704764381051064,0.028041638433933258,0.08784472197294235,0.07066698372364044,0.2524299397622115,1.4765866994857788,0.25242993235588074,3.2017583049360647,-0.01904454054517518,5.849491153373964,7.386182988681761,1.262705215721446,8.749450846778466,0.03500834107398987,0.025599289685487747,0.0197411198168993,0.028441090136766434,0.04027419909834862,0.025599289685487747,0.07262209802865982,0.035463374108076096,0.02744925580918789,0.041158147156238556,0.0525517575442791,0.026254896074533463,0.035463374108076096,0.027824247255921364,0.04481116309762001,0.07262209802865982,0.04165494814515114,0.04764192923903465,0.11589860916137695,0.19137036800384521,0.22676627337932587,0.25269806385040283,0.14702035757169557,0.974963903427124,0.1470203548669815,3.6681510113044387,-0.009779104256022856,6.631489132052176,8.516585603707957,1.2842644290170797,10.170300956630033,0.014979856088757515,0.011680739931762218,0.01105937547981739,0.01479403767734766,0.012667786329984665,0.012327638454735279,0.028009528294205666,0.014515403658151627,0.015761883929371834,0.028319910168647766,0.03759296238422394,0.01912226527929306,0.014515403658151627,0.013721785508096218,0.014647376723587513,0.028009528294205666,0.016084888949990273,0.015836240723729134,0.030593276023864746,0.04110679402947426,0.06778302788734436,0.07500530779361725,0.2081467697139165,1.289389729499817,0.20814676582813263,3.440954892386131,-0.011122607480949986,6.194618015316764,7.8948404220813435,1.274467675417697,9.395125838711214,0.022190842777490616,0.021083930507302284,0.015550698153674603,0.020668968558311462,0.02107466198503971,0.021083930507302284,0.044165994971990585,0.022173015400767326,0.019821228459477425,0.08600400388240814,0.07236252725124359,0.04242253303527832,0.020248688757419586,0.021077051758766174,0.0236655343323946,0.044165994971990585,0.026560386642813683,0.03380938619375229,0.09397529065608978,0.11245089769363403,0.13507433235645294,0.17186710238456726,000049.tdms,48,480.0
13.270264625549316,796.215877532959,0.0,0.14901661838513575,1.0090326070785522,0.1490166187286377,4.096243087592045,-0.01436669486236888,6.771275700745617,8.846633750646285,1.3064943950919234,10.653082792222431,0.011696903966367245,0.011577455326914787,0.010032081976532936,0.011183859780430794,0.012044521979987621,0.010977749712765217,0.01090947724878788,0.013829507865011692,0.012414867989718914,0.012515703216195107,0.012513270601630211,0.012327107600867748,0.010942744091153145,0.012529931031167507,0.012620199471712112,0.010454263538122177,0.012715369462966919,0.011829403229057789,0.018406763672828674,0.027363304048776627,0.08880454301834106,0.07141636312007904,0.24940280814234175,1.4605082273483276,0.24940280616283417,3.1950858506699307,-0.021325108067419316,5.856021583023922,7.394369499660961,1.2626950558202468,8.75979608343098,0.029370194301009178,0.02560109831392765,0.022273674607276917,0.029217690229415894,0.0341019332408905,0.02560109831392765,0.05513415113091469,0.029145382344722748,0.037517156451940536,0.0431382916867733,0.036376047879457474,0.02858341485261917,0.029103076085448265,0.025972366333007812,0.033556655049324036,0.05513415113091469,0.04569268599152565,0.05126437172293663,0.11395880579948425,0.1857646405696869,0.21725338697433472,0.25550153851509094,0.14783074573830327,1.059083104133606,0.14783073961734772,3.6733754452949596,-0.007529014504119175,7.1641599238661975,9.207027350846202,1.2851510084489506,11.000277297152998,0.014741827733814716,0.012370677664875984,0.011923612095415592,0.015015045180916786,0.012461256235837936,0.01206956710666418,0.030119778588414192,0.016606643795967102,0.014245300553739071,0.03218114376068115,0.028067421168088913,0.016743382439017296,0.01524115540087223,0.013043778948485851,0.013543088920414448,0.030119778588414192,0.01471438817679882,0.016477545723319054,0.030425114557147026,0.04334251582622528,0.07229197025299072,0.07739575207233429,0.21006386474068442,1.199362874031067,0.2100638598203659,3.4113117835589186,-0.012700901363101503,5.709515415760027,7.266317505903756,1.2726679896242112,8.638997084740204,0.020539747551083565,0.02226768247783184,0.015230858698487282,0.02447630651295185,0.024806521832942963,0.02226768247783184,0.03322817385196686,0.023212837055325508,0.019928351044654846,0.0732453241944313,0.04883325472474098,0.034019313752651215,0.023212837055325508,0.019913414493203163,0.026472261175513268,0.034308526664972305,0.029421187937259674,0.028983905911445618,0.09659409523010254,0.12288452684879303,0.144441157579422,0.17224544286727905,000050.tdms,49,490.0
13.236348152160645,794.1808891296387,0.7300787568092346,0.14874820440675185,0.9523342251777649,0.14874820411205292,4.099941032168737,-0.01698187936065584,6.402324175783714,8.368743385609443,1.3071414623557418,10.082136596825976,0.011952404864132404,0.009684900753200054,0.008496472612023354,0.01108984462916851,0.010154983960092068,0.009684900753200054,0.011396772228181362,0.012366731651127338,0.010678274556994438,0.012935242615640163,0.011406492441892624,0.013716957531869411,0.011432955972850323,0.048367902636528015,0.011051973327994347,0.011396772228181362,0.011300105601549149,0.011580864898860455,0.016100745648145676,0.024636395275592804,0.0776948630809784,0.05917752906680107,0.24976732930594386,1.5949018001556396,0.24976733326911926,3.20794534155634,-0.017004086561287313,6.385550122137951,8.06376877805841,1.2628150470704587,9.551753729669336,0.02719080075621605,0.03029472380876541,0.019175773486495018,0.036396294832229614,0.04355158284306526,0.02465933747589588,0.07926137000322342,0.05357758700847626,0.02951100468635559,0.043196115642786026,0.05165115371346474,0.024954942986369133,0.05357758700847626,0.05406031757593155,0.03484698757529259,0.07926137000322342,0.04483003914356232,0.04683841019868851,0.11118927597999573,0.1844046264886856,0.2192317098379135,0.24158424139022827,0.14710077930201224,1.0191107988357544,0.1471007764339447,3.661777857969966,-0.00754996144009668,6.927976885448177,8.903624134756956,1.2851694343060691,10.638412380370967,0.0161640215665102,0.012316806241869926,0.009583699516952038,0.014157485216856003,0.014168154448270798,0.012316806241869926,0.03204567730426788,0.014595692977309227,0.01222327258437872,0.034853387624025345,0.02928948774933815,0.023362070322036743,0.014595692977309227,0.0315183587372303,0.014432165771722794,0.03204567730426788,0.013730817474424839,0.014170273207128048,0.029396548867225647,0.03895685076713562,0.06206023320555687,0.06605510413646698,0.20943354528274125,1.2838038206100464,0.20943354070186615,3.4235862119157385,-0.008563805026824174,6.12988630296486,7.808840402651727,1.273896450391715,9.289778319397705,0.021427318453788757,0.019937673583626747,0.013746820390224457,0.02242729254066944,0.02549249678850174,0.01949654333293438,0.049976326525211334,0.022061752155423164,0.02098061330616474,0.06007598713040352,0.06642090529203415,0.045004669576883316,0.021757947281003,0.04295104369521141,0.025981266051530838,0.049976326525211334,0.03100353106856346,0.03243033215403557,0.09590814262628555,0.11355225741863251,0.12976974248886108,0.1490088552236557,000051.tdms,50,500.0
12.894953727722168,773.6972236633301,1.0994455814361572,0.1489849660868689,0.9736344814300537,0.14898496866226196,4.096492577546003,-0.018020826190174064,6.535118992223384,8.543743442015831,1.3073585120917701,10.296154497831196,0.010647674091160297,0.010294640436768532,0.009721503593027592,0.01095170620828867,0.010953078977763653,0.012274537235498428,0.010478873737156391,0.01663762889802456,0.011295639909803867,0.01203111745417118,0.011095688678324223,0.01112748309969902,0.014166003093123436,0.011524956673383713,0.014702028594911098,0.010579362511634827,0.011293793097138405,0.01128610409796238,0.015468280762434006,0.02606877312064171,0.08200796693563461,0.06508884578943253,0.2460367500051874,1.3870880603790283,0.24603675305843353,3.2086774699370535,-0.021827653823570596,5.637727129584435,7.123614654644837,1.2635614478861679,8.441922881929868,0.027848754078149796,0.024915223941206932,0.02027040347456932,0.027437828481197357,0.02853028103709221,0.02593936212360859,0.05436063930392265,0.029239829629659653,0.028836000710725784,0.03808615356683731,0.03346165642142296,0.0257565900683403,0.029239829629659653,0.023535873740911484,0.037986092269420624,0.05436063930392265,0.03273570165038109,0.058917563408613205,0.10493595153093338,0.16716474294662476,0.2033841609954834,0.23782747983932495,0.14758266073459045,0.9982295632362366,0.14758266508579254,3.6589727802281455,-0.016397277956122322,6.763867504946476,8.692187171358961,1.2850912832048067,10.385638928801402,0.015312093310058117,0.013244734145700932,0.012971576303243637,0.015179725363850594,0.013645652681589127,0.014108502306044102,0.02922939695417881,0.01419082935899496,0.013780794106423855,0.025389904156327248,0.028127867728471756,0.01945548690855503,0.013587472029030323,0.015238194726407528,0.012400270439684391,0.02922939695417881,0.015505769290030003,0.02104908414185047,0.03514411300420761,0.044113874435424805,0.06448869407176971,0.07067397236824036,0.21062872504157912,1.3550373315811157,0.2106287181377411,3.4161238185490346,-0.0013732145272102225,6.4332978861910926,8.194531206843774,1.2737683458484212,9.749212655746776,0.023813994601368904,0.025506416335701942,0.014741106890141964,0.027523020282387733,0.021228235214948654,0.025506416335701942,0.04226389527320862,0.02347242273390293,0.020988967269659042,0.06337413936853409,0.040171656757593155,0.028948457911610603,0.023019464686512947,0.02315586991608143,0.023760896176099777,0.04226389527320862,0.03055550530552864,0.037518538534641266,0.08762917667627335,0.12320318818092346,0.14589115977287292,0.1703627109527588,000052.tdms,51,510.0
12.959242820739746,777.5545692443848,0.15247967839241028,0.14560501001338216,0.9275213479995728,0.14560501277446747,4.413204857017117,-0.006373759206975586,6.370119736362964,8.468607431311419,1.3294267269372542,10.305658845316454,0.011023242957890034,0.009840279817581177,0.009767157025635242,0.01119154691696167,0.011970424093306065,0.011014249175786972,0.01194602157920599,0.06086806580424309,0.011780323460698128,0.012455218471586704,0.0121639184653759,0.011742055416107178,0.06086806580424309,0.012093184515833855,0.01089673861861229,0.012000812217593193,0.012694226577877998,0.011080288328230381,0.01756875403225422,0.02613098733127117,0.09753518551588058,0.07413345575332642,0.4798682732683229,2.6633875370025635,0.4798682630062103,3.273960768211023,0.012489832307443568,5.550247193594533,7.031686173500668,1.2669140541372363,8.343857636169837,0.0580219142138958,0.03710903972387314,0.04364830255508423,0.2239430695772171,0.07101042568683624,0.03710903972387314,0.06672067940235138,0.060946736484766006,0.03694484010338783,0.09370985627174377,0.03988215699791908,0.040470562875270844,0.060946736484766006,0.05782381072640419,0.12265806645154953,0.04866195097565651,0.08813060820102692,0.03927729278802872,0.4062032401561737,1.235029697418213,0.9158958196640015,1.2195937633514404,0.1762377163397529,1.2494295835494995,0.17623771727085114,3.6218697363104058,-0.006117438903019966,7.089456272463472,9.089317543992205,1.2820895135916837,10.846544572880354,0.017550086602568626,0.015532203949987888,0.01564757153391838,0.040448855608701706,0.02334037981927395,0.015532203949987888,0.015728894621133804,0.036783888936042786,0.015594004653394222,0.02566632069647312,0.017445415258407593,0.015429734252393246,0.036783888936042786,0.01778266578912735,0.02414187230169773,0.018048640340566635,0.03277895227074623,0.01475949864834547,0.03813377767801285,0.06874191015958786,0.08181412518024445,0.10925687104463577,0.31788461776536175,2.172074317932129,0.317884624004364,3.4062367830319986,-0.0452584001220858,6.832901614432281,8.67911595404432,1.2701947787031664,10.308964342272661,0.02567490004003048,0.025559494271874428,0.02871539816260338,0.08270001411437988,0.03712911903858185,0.025345679372549057,0.023646030575037003,0.03476418927311897,0.021769141778349876,0.061046890914440155,0.03503641486167908,0.028872361406683922,0.03476418927311897,0.029536301270127296,0.05019032582640648,0.02933274768292904,0.04090896621346474,0.027146678417921066,0.13859403133392334,0.2907140851020813,0.24741826951503754,0.3672066330909729,000053.tdms,52,520.0
17.55518341064453,1053.3110046386719,3.814697265625e-06,0.14810719255251378,1.0078951120376587,0.14810718595981598,4.270541606265409,-0.008086411751687415,6.805173298253515,8.981057954235157,1.319739786279956,10.882739921455057,0.0076823849231004715,0.007729180157184601,0.00658494234085083,0.009723878465592861,0.009014198556542397,0.007729180157184601,0.00882293563336134,0.008161203004419804,0.007659276947379112,0.00880812294781208,0.010950778611004353,0.009608905762434006,0.008617394603788853,0.008524809032678604,0.1049518957734108,0.00851660966873169,0.010145749896764755,0.008159652352333069,0.009849444031715393,0.040031548589468,0.017018038779497147,0.0413331538438797,0.49009500475382756,2.628554105758667,0.49009501934051514,3.322142317472584,0.007400633106775048,5.363356247793176,6.802094189800179,1.2682532868479495,8.073323186671775,0.12713970243930817,0.02993732877075672,0.03439301252365112,0.038501203060150146,0.14162756502628326,0.03641859069466591,0.0701984167098999,0.06213639676570892,0.0696919783949852,0.12624067068099976,0.14594414830207825,0.05629678815603256,0.0911758691072464,0.047898683696985245,0.21882057189941406,0.2926773428916931,0.10008402168750763,0.06953446567058563,0.865018367767334,1.56985342502594,1.0967912673950195,1.106668472290039,0.1777367120107075,1.1807048320770264,0.17773671448230743,3.6236909884379624,-0.0038800933118189923,6.642999179628665,8.51232957240981,1.2813985584272851,10.1553686047811,0.022212296724319458,0.013986391015350819,0.011275527998805046,0.013370855711400509,0.017553100362420082,0.0119097288697958,0.014857295900583267,0.017508987337350845,0.019070832058787346,0.036468956619501114,0.05734254792332649,0.01562154944986105,0.017508987337350845,0.01469773706048727,0.05191266909241676,0.061968445777893066,0.03434763476252556,0.01335674338042736,0.034468695521354675,0.07169385999441147,0.06311015784740448,0.09193716943264008,0.321304680349031,2.376783609390259,0.32130467891693115,3.366380593178184,-0.03954682066379421,7.397289098958582,9.386215666716685,1.268872358664218,11.142397190234055,0.054429035633802414,0.021984029561281204,0.01787186786532402,0.030438892543315887,0.0416618250310421,0.0260575320571661,0.040947023779153824,0.026646770536899567,0.04915722832083702,0.11657331138849258,0.0852334052324295,0.036971691995859146,0.03621261194348335,0.03303385153412819,0.09462278336286545,0.08148584514856339,0.04448069632053375,0.026805974543094635,0.1707848310470581,0.32345104217529297,0.24635066092014313,0.37387770414352417,000054.tdms,53,530.0
17.55518341064453,1053.3110046386719,3.814697265625e-06,0.14588086738652287,0.895577073097229,0.14588086307048798,4.3790786440057,-0.00826065202262939,6.13909890406894,8.13071887290119,1.3244156837923267,9.868255924174527,0.00852635595947504,0.006645461544394493,0.006310881581157446,0.008810332976281643,0.008927264250814915,0.007133645471185446,0.0084660230204463,0.009988544508814812,0.008160887286067009,0.008651749230921268,0.008011448197066784,0.008511954918503761,0.009988544508814812,0.008300879038870335,0.1088448166847229,0.0084660230204463,0.00808386504650116,0.008078053593635559,0.008865898475050926,0.04074438661336899,0.01607966423034668,0.039425186812877655,0.48805120007934377,2.8031585216522217,0.4880512058734894,3.2088792622658873,0.009250095844671168,5.743574692975869,7.257464857675719,1.2635797818649885,8.599484196316785,0.12533794343471527,0.029626617208123207,0.047690168023109436,0.04108751192688942,0.12556685507297516,0.03403744101524353,0.07640080899000168,0.0710761547088623,0.07200238853693008,0.13765278458595276,0.13136787712574005,0.04407515376806259,0.09107327461242676,0.051575917750597,0.2110624760389328,0.21483011543750763,0.11158183217048645,0.0807659849524498,0.6985431909561157,1.2319787740707397,1.2572739124298096,1.2123616933822632,0.1802739441968879,1.2904353141784668,0.18027395009994507,3.5677490286659412,-0.004231250359419391,7.1581909406115045,9.155461101448736,1.2790188439240782,10.911169391551358,0.0217690821737051,0.01249068882316351,0.011476440355181694,0.014025597833096981,0.017022928223013878,0.01268010213971138,0.01425266359001398,0.012916430830955505,0.024222783744335175,0.03474021330475807,0.03790461644530296,0.017430225387215614,0.01680341549217701,0.01412926148623228,0.04910415783524513,0.0508609302341938,0.03384766727685928,0.014194998890161514,0.03172000125050545,0.07462093234062195,0.06532160937786102,0.0917154923081398,0.3204716310413443,2.3782384395599365,0.3204716444015503,3.333423862791168,-0.04031553672148285,7.421057620083439,9.399136980241192,1.2665495218369578,11.14609434389275,0.054603904485702515,0.02644825354218483,0.021483898162841797,0.02768026292324066,0.0575004480779171,0.030563093721866608,0.036489300429821014,0.02735324762761593,0.04296361282467842,0.1342782974243164,0.05538967624306679,0.039551734924316406,0.036519940942525864,0.0365334078669548,0.08369511365890503,0.12392649799585342,0.04693082720041275,0.02704036794602871,0.1467164158821106,0.26883822679519653,0.2560557723045349,0.38493210077285767,000055.tdms,54,540.0
17.586835861206055,1055.2101516723633,0.0,0.15138820994428556,0.9360626339912415,0.15138821303844452,4.222673280171765,-0.003886087670691606,6.183193752906746,8.138543393759937,1.3162361910354132,9.8460989037219,0.009374880231916904,0.0077117737382650375,0.006740876939147711,0.010182621888816357,0.009920863434672356,0.008335455320775509,0.008908704854547977,0.01026536151766777,0.007459456101059914,0.01150756236165762,0.01011947263032198,0.008867477998137474,0.00838150829076767,0.007755587808787823,0.09974244236946106,0.011799183674156666,0.010788122192025185,0.00899813324213028,0.010098165832459927,0.03982781991362572,0.018522555008530617,0.04330538958311081,0.49911984820612604,2.978506088256836,0.4991198480129242,3.2686789755051167,-0.014115584356611624,5.967516817777953,7.558934105073805,1.266679983633197,8.967270107001886,0.1436671018600464,0.03263087570667267,0.04158882796764374,0.04214860498905182,0.1660083681344986,0.03263087570667267,0.07620998471975327,0.051347311586141586,0.0659785121679306,0.13440923392772675,0.11421529203653336,0.04781688377261162,0.07230351865291595,0.05925639346241951,0.20123741030693054,0.29741132259368896,0.10747260600328445,0.07463204115629196,0.7160358428955078,1.5339573621749878,1.3177114725112915,1.2562471628189087,0.17922299926296634,1.2496163845062256,0.17922300100326538,3.6391546560708523,-0.002149169420729988,6.972410849305765,8.936217761519453,1.281653929273147,10.65718635198872,0.021499309688806534,0.01271958276629448,0.012629850767552853,0.013244306668639183,0.02210741862654686,0.013513557612895966,0.013441581279039383,0.01440531387925148,0.026609675958752632,0.04244564473628998,0.05143062397837639,0.01296438928693533,0.01642301306128502,0.015536386519670486,0.05049719288945198,0.0708792582154274,0.03594183176755905,0.01411398220807314,0.03504003584384918,0.0795893669128418,0.06589066982269287,0.09360229969024658,0.32426906103419184,2.3022985458374023,0.32426905632019043,3.355021753554426,-0.057443876111616665,7.0999636489977735,9.007298432625566,1.2686400773188509,10.691750844544941,0.0557897575199604,0.021552860736846924,0.02055349573493004,0.03189872205257416,0.06302626430988312,0.031124455854296684,0.034627385437488556,0.027612261474132538,0.04077061265707016,0.10100654512643814,0.07885056734085083,0.029097329825162888,0.031066104769706726,0.040391705930233,0.07287247478961945,0.1320272833108902,0.04017912223935127,0.029384437948465347,0.1523754745721817,0.3294869065284729,0.27132970094680786,0.3956763446331024,000056.tdms,55,550.0
17.58919906616211,1055.3519439697266,3.814697265625e-06,0.15236266947910623,0.9431694746017456,0.1523626744747162,4.10174500742149,-0.012106517677570629,6.190292397909739,8.114588001377152,1.3108569805389458,9.797105516973346,0.011334767565131187,0.00831917766481638,0.00716386130079627,0.008794242516160011,0.00861747283488512,0.008078980259597301,0.00843312032520771,0.00888102501630783,0.008871996775269508,0.010250108316540718,0.00946316309273243,0.010266982950270176,0.009332734160125256,0.008809438906610012,0.10366993397474289,0.011210018768906593,0.013395573012530804,0.008843726478517056,0.011144591495394707,0.03999429941177368,0.020508278161287308,0.044499967247247696,0.510426031403042,2.7782578468322754,0.5104260444641113,3.266386722369936,0.02554175426541493,5.443017549860247,6.895546406814679,1.2668609541763698,8.18243699866809,0.1516018956899643,0.03442656993865967,0.037123020738363266,0.050280384719371796,0.13758747279644012,0.03442656993865967,0.09597907215356827,0.051587335765361786,0.07863382250070572,0.14294958114624023,0.12337420135736465,0.060480281710624695,0.06830400973558426,0.052132975310087204,0.16378197073936462,0.23563319444656372,0.1191229522228241,0.06143353879451752,0.9044950604438782,1.5030896663665771,1.304347276687622,1.2322587966918945,0.18005333851921232,1.2690497636795044,0.18005333840847015,3.612453620500888,-0.0003168265688479564,7.0481879098514595,9.02271515170521,1.280146793347251,10.75659612537486,0.017726030200719833,0.013245734386146069,0.012732943519949913,0.012375064194202423,0.019348017871379852,0.01323570404201746,0.015087909065186977,0.013562261126935482,0.021258050575852394,0.041241779923439026,0.044936273247003555,0.015532318502664566,0.014484821818768978,0.016378143802285194,0.05047193169593811,0.0402320958673954,0.041975829750299454,0.015100391581654549,0.03404202312231064,0.07414333522319794,0.0643240362405777,0.09742844104766846,0.32825053175253405,2.1573486328125,0.328250527381897,3.3299791323631522,-0.034284868538980606,6.572262415827284,8.330774592800964,1.2675657278593806,9.884373874409953,0.06793654710054398,0.02815922349691391,0.022522982209920883,0.024857047945261,0.061467111110687256,0.029753072187304497,0.036002520471811295,0.02954677864909172,0.05379017814993858,0.08889460563659668,0.0633770003914833,0.03334876149892807,0.033438172191381454,0.03442603349685669,0.08520105481147766,0.11092361807823181,0.05779894068837166,0.029073765501379967,0.17157334089279175,0.32721975445747375,0.2751641869544983,0.43959903717041016,000057.tdms,56,560.0
17.58919906616211,1055.3519439697266,3.814697265625e-06,0.1553209280168103,0.9718393683433533,0.1553209275007248,4.050213015802913,-0.003303969644547105,6.256976318337292,8.179344754820454,1.307236009644033,9.859404122220127,0.015209972858428955,0.009162133559584618,0.008001737296581268,0.009927400387823582,0.010046497918665409,0.009162133559584618,0.009990396909415722,0.009557832032442093,0.009284378960728645,0.013391856104135513,0.01477696280926466,0.010526832193136215,0.010106070898473263,0.01058006752282381,0.09354189038276672,0.012980968691408634,0.011266438290476799,0.00961480662226677,0.012385440059006214,0.041390106081962585,0.022930685430765152,0.048323169350624084,0.511214670485512,2.910627841949463,0.5112146735191345,3.174020179316624,0.007931479718798262,5.693553041396826,7.187044248636816,1.2623126888220901,8.51465556490122,0.1529245674610138,0.03344487398862839,0.03139775991439819,0.04615817964076996,0.15753816068172455,0.03464670851826668,0.07244078069925308,0.06676505506038666,0.07356937974691391,0.12979131937026978,0.13724666833877563,0.05064106732606888,0.06676505506038666,0.05432518571615219,0.2084047645330429,0.25739672780036926,0.10383033007383347,0.06939022243022919,0.8288525342941284,1.4256224632263184,1.302037000656128,1.2111157178878784,0.18079969109302058,1.4506150484085083,0.1807996928691864,3.6198199334770833,-0.006194535852710494,8.02332702914948,10.2795566034309,1.2812087262658411,12.261462542645958,0.019298110157251358,0.012297999113798141,0.011590654030442238,0.014513695612549782,0.02455851249396801,0.012917310930788517,0.0131607037037611,0.013621809892356396,0.02619871310889721,0.04504377394914627,0.06660009175539017,0.01486622542142868,0.018299434334039688,0.015266647562384605,0.05172467604279518,0.05321156606078148,0.03571641072630882,0.01452670618891716,0.03909826651215553,0.07517740875482559,0.06771598756313324,0.09703122079372406,0.3302169936555688,2.4423346519470215,0.33021700382232666,3.321946134783584,-0.036729280940258784,7.396150709598206,9.371409882781835,1.2670658361004292,11.118949872333829,0.06556497514247894,0.03433987498283386,0.019786441698670387,0.02726157009601593,0.07962232083082199,0.03433987498283386,0.02903279848396778,0.031066549941897392,0.03804527595639229,0.12782636284828186,0.09374967217445374,0.04031480476260185,0.048812493681907654,0.03379557654261589,0.07351542264223099,0.13883653283119202,0.04495014250278473,0.02810855582356453,0.1812070906162262,0.30540627241134644,0.2781693637371063,0.42905861139297485,000058.tdms,57,570.0
13.270264625549316,796.215877532959,0.0,0.15531915915199948,0.9523681998252869,0.15531915426254272,3.9605362118719545,-0.019829144171484528,6.131685266807773,7.975771815698677,1.300747097844922,9.587776020888564,0.011788349598646164,0.011483630165457726,0.010101701132953167,0.013418188318610191,0.012292415834963322,0.01153613068163395,0.012709897942841053,0.011281264945864677,0.012558277696371078,0.011726781725883484,0.01405549980700016,0.012819910421967506,0.011281264945864677,0.01115170493721962,0.012754113413393497,0.012665659189224243,0.013290811330080032,0.012856021523475647,0.01993449404835701,0.03167368471622467,0.08815954625606537,0.07569687068462372,0.2724617031729273,1.5090373754501343,0.2724617123603821,3.160942852754117,-0.007879600597052878,5.53853021498721,6.9838118936218425,1.260950400653898,8.266288012414298,0.0417865589261055,0.02406732365489006,0.022077731788158417,0.02833012118935585,0.06150637939572334,0.024439582601189613,0.06607956439256668,0.04021294042468071,0.030394652858376503,0.060193367302417755,0.07789906859397888,0.033090103417634964,0.03658386692404747,0.04318045824766159,0.05881880596280098,0.06607956439256668,0.053878672420978546,0.052547939121723175,0.1737176477909088,0.24107035994529724,0.2858090400695801,0.2963046431541443,0.15460927941086616,1.1750249862670898,0.15460927784442902,3.7244661931441794,-0.013072684018421479,7.5999641854905855,9.764247944705257,1.2847755208302951,11.662659451045986,0.019976135343313217,0.013284453190863132,0.011313281953334808,0.014592020772397518,0.01492207869887352,0.013284453190863132,0.035648446530103683,0.014339177869260311,0.013873842544853687,0.02151317521929741,0.04281352832913399,0.0190582312643528,0.014339177869260311,0.014935098588466644,0.015319288708269596,0.035648446530103683,0.018204957246780396,0.02051825076341629,0.033611856400966644,0.04615835100412369,0.07185886800289154,0.08239132165908813,0.21764459775965464,1.3758763074874878,0.217644602060318,3.437943481028745,-0.010675609088887662,6.321665328017334,8.0570979053473,1.2745214254918886,9.589123607825918,0.02596275322139263,0.023482976481318474,0.016138840466737747,0.020970569923520088,0.02540035918354988,0.023482976481318474,0.04808437079191208,0.024224191904067993,0.02142174355685711,0.07770278304815292,0.06562066078186035,0.03745483607053757,0.02049625851213932,0.024834970012307167,0.027530396357178688,0.04808437079191208,0.02706972509622574,0.02795085683465004,0.08642010390758514,0.108896404504776,0.14493781328201294,0.18158438801765442,000059.tdms,58,580.0
13.270264625549316,796.215877532959,0.0,0.15445164873211664,0.9791668057441711,0.1544516533613205,3.991374671858167,-0.02011187549254832,6.339633236563589,8.254838998612234,1.3021004040111925,9.926247544507987,0.011961874552071095,0.010490670800209045,0.009915697388350964,0.012311098165810108,0.011017285287380219,0.010490670800209045,0.012810636311769485,0.012241767719388008,0.011635134927928448,0.012684573419392109,0.012129225768148899,0.012523646466434002,0.011979236267507076,0.011747797019779682,0.012907006777822971,0.012810636311769485,0.013562146574258804,0.011929333209991455,0.019690196961164474,0.03147995471954346,0.0880143791437149,0.07498234510421753,0.26913087935167146,1.461643934249878,0.2691308856010437,3.160949493938279,-0.0008042752269910641,5.430978183443446,6.852636129486942,1.2617683036137903,8.117017514024203,0.030417701229453087,0.026742732152342796,0.021510275080800056,0.027621440589427948,0.039496246725320816,0.026742732152342796,0.0820520743727684,0.03480474278330803,0.030451124534010887,0.06427255272865295,0.05372374504804611,0.033509012311697006,0.028901681303977966,0.05200892314314842,0.050109557807445526,0.0820520743727684,0.05636347830295563,0.05112363025546074,0.1488131880760193,0.24807342886924744,0.27275025844573975,0.309694766998291,0.15265006667804792,1.1801888942718506,0.15265007317066193,3.728465671808893,-0.004832218561852252,7.7313355962101875,9.937965274712727,1.285413775025392,11.871656801643995,0.0168483667075634,0.013203690759837627,0.010151910595595837,0.014738555066287518,0.013649489730596542,0.013203690759837627,0.02737101912498474,0.013292056508362293,0.012470671907067299,0.02771044336259365,0.0334569588303566,0.019925372675061226,0.012994560413062572,0.013164475560188293,0.014938951469957829,0.02737101912498474,0.015079490840435028,0.019968079403042793,0.03198239207267761,0.046692997217178345,0.07213179022073746,0.08094343543052673,0.21529559391569966,1.436510682106018,0.21529559791088104,3.4207143299913763,-0.010286954597911277,6.672271624232556,8.498564539479263,1.2737138141399884,10.110414967348076,0.021871894598007202,0.021154478192329407,0.016877545043826103,0.024249307811260223,0.02750362828373909,0.021154478192329407,0.0499727688729763,0.02158963866531849,0.022561058402061462,0.07853768765926361,0.0517701655626297,0.03276238217949867,0.02158963866531849,0.021193070337176323,0.02699647843837738,0.0499727688729763,0.031490933150053024,0.0351794958114624,0.09055957198143005,0.11857449263334274,0.1426955759525299,0.17746204137802124,000060.tdms,59,590.0
13.269044876098633,796.142692565918,9.5367431640625e-07,0.15189536450669955,0.9515383839607239,0.15189535915851593,4.039343827044552,-0.01582953495618809,6.264433329160318,8.172779496385314,1.3046318903805445,9.837703834527657,0.012923394329845905,0.010771105997264385,0.010527009144425392,0.012672198936343193,0.011319578625261784,0.010771105997264385,0.011770236305892467,0.01392142754048109,0.012969735078513622,0.013262001797556877,0.011746504344046116,0.013666712678968906,0.013531042262911797,0.013434256426990032,0.012951420620083809,0.012887530960142612,0.012922086752951145,0.01358072180300951,0.019430367276072502,0.028858106583356857,0.0895765870809555,0.07417894899845123,0.2652070881174306,1.391884684562683,0.26520708203315735,3.152337070128771,0.0019275047376150368,5.2482936803950455,6.61536527541949,1.2604792487377616,7.8296930978004085,0.0382283553481102,0.02296355739235878,0.02061309665441513,0.03188193216919899,0.04875120148062706,0.024562392383813858,0.08051487803459167,0.038880929350852966,0.03626551106572151,0.04307037591934204,0.046114232391119,0.029889605939388275,0.038880929350852966,0.05055387690663338,0.04641270637512207,0.08051487803459167,0.04266137257218361,0.0710059404373169,0.1458168625831604,0.22047695517539978,0.2619207501411438,0.2949810326099396,0.1519503956037225,1.1034178733825684,0.1519503891468048,3.669206279331376,-0.008113604001564505,7.261697931081508,9.318527541892973,1.2832436202018025,11.122908231846006,0.013941843062639236,0.01317775622010231,0.012476167641580105,0.015156661160290241,0.013254573568701744,0.012094324454665184,0.02633746527135372,0.01513973344117403,0.014740664511919022,0.03295999765396118,0.025677841156721115,0.018670491874217987,0.01513973344117403,0.012767553329467773,0.01398663129657507,0.02633746527135372,0.01648429036140442,0.021709026768803596,0.029512625187635422,0.04602731764316559,0.0708918645977974,0.08039580285549164,0.21336908557909817,1.5794901847839355,0.21336908638477325,3.437358398894995,-0.0076449812057985235,7.402619646126767,9.43102105385848,1.2740112966351071,11.220901808975013,0.022692833095788956,0.018846629187464714,0.01690358854830265,0.022295622155070305,0.025373348966240883,0.018846629187464714,0.050282590091228485,0.022914836183190346,0.020944692194461823,0.08181494474411011,0.04917022958397865,0.03315361589193344,0.02174723707139492,0.023674586787819862,0.021896999329328537,0.050282590091228485,0.03468932583928108,0.032017190009355545,0.08751005679368973,0.1128486916422844,0.1422784924507141,0.18468795716762543,000061.tdms,60,600.0
13.270264625549316,796.215877532959,1.3301358222961426,0.1486466277289956,0.963654100894928,0.14864662289619446,4.10975286436125,-0.016044202724875684,6.482852087649169,8.481459861098633,1.3082914350702401,10.224810515686066,0.010437076911330223,0.010952746495604515,0.009188949130475521,0.011356925591826439,0.012167375534772873,0.010952746495604515,0.011326062493026257,0.018759217113256454,0.012221083976328373,0.012575504370033741,0.012454858049750328,0.011416174471378326,0.014052818529307842,0.01302205491811037,0.010481329634785652,0.011693425476551056,0.010282160714268684,0.010894643142819405,0.016737621277570724,0.025435209274291992,0.08232015371322632,0.0658402144908905,0.2591678366578444,1.5577337741851807,0.2591678500175476,3.188388774983178,-0.01823937650640314,6.010521190720569,7.588866499128213,1.2625970790760035,8.990833129677984,0.030935300514101982,0.02288472093641758,0.022153031080961227,0.028831174597144127,0.03699705749750137,0.024207014590501785,0.04908262938261032,0.039945337921381,0.03154780715703964,0.05235138535499573,0.040825001895427704,0.03170960023999214,0.039945337921381,0.02877553179860115,0.04154728353023529,0.04908262938261032,0.03244723379611969,0.03788817301392555,0.1342225968837738,0.2035476565361023,0.2356843501329422,0.27961188554763794,0.15232411893882175,1.0768425464630127,0.1523241251707077,3.7055491794485627,-0.013698762491118507,7.069415887417719,9.08703877802138,1.2854016403525879,10.855211052829965,0.01763555407524109,0.013307232409715652,0.01264890655875206,0.014881514012813568,0.01583179086446762,0.013125578872859478,0.020382050424814224,0.01569514162838459,0.012523554265499115,0.0246928371489048,0.022253889590501785,0.019541699439287186,0.014401298947632313,0.013306912034749985,0.014497107826173306,0.020382050424814224,0.015639230608940125,0.01958135887980461,0.03366660699248314,0.04807363077998161,0.0667828917503357,0.0775848925113678,0.21188648765220408,1.336083173751831,0.2118864804506302,3.4246185928452255,-0.019656597164170727,6.305655393867835,8.03507497522393,1.2742648421665943,9.562321189618643,0.02286529541015625,0.01897117868065834,0.016993924975395203,0.021813949570059776,0.023891789838671684,0.01897117868065834,0.03379743546247482,0.02363412082195282,0.020298674702644348,0.06864608079195023,0.050204187631607056,0.043133363127708435,0.021667782217264175,0.023286255076527596,0.022487519308924675,0.03855039179325104,0.023455873131752014,0.030658578500151634,0.0906008705496788,0.10564571619033813,0.1318817138671875,0.16427437961101532,000062.tdms,61,610.0
13.270264625549316,796.215877532959,1.9590740203857422,0.14805289686532339,0.9575705528259277,0.1480529010295868,4.066568522849158,-0.014090217374514966,6.467759652801551,8.447885424793292,1.3061532707286112,10.173783541485506,0.012720693834125996,0.009258417412638664,0.009394469670951366,0.01180948968976736,0.009954148903489113,0.009258417412638664,0.009860104881227016,0.016776192933321,0.010715415701270103,0.011288223788142204,0.011875172145664692,0.011341499164700508,0.011184546165168285,0.02771545574069023,0.017430152744054794,0.010955926962196827,0.011720708571374416,0.011676238849759102,0.01521984487771988,0.023595720529556274,0.0774557814002037,0.06109791621565819,0.2523706067559257,1.522774338722229,0.25237059593200684,3.2057462483243815,-0.01016681971033468,6.03388151376497,7.61940201301354,1.2627695780289279,9.025879683474,0.03387375548481941,0.0243020448833704,0.019471928477287292,0.03365315496921539,0.03310074657201767,0.0243020448833704,0.04104631394147873,0.031735099852085114,0.02980874851346016,0.043483834713697433,0.028082164004445076,0.029749281704425812,0.02690035104751587,0.028627414256334305,0.027414819225668907,0.04104631394147873,0.03917260840535164,0.0508505180478096,0.11732548475265503,0.18763123452663422,0.21388812363147736,0.249477818608284,0.1495244547118057,1.2030394077301025,0.14952445030212402,3.6531035094301987,-0.004647776791239693,8.045770239047839,10.328807578888114,1.283756218734685,12.33218877571289,0.01409320067614317,0.011380968615412712,0.010847595520317554,0.013281898573040962,0.012518737465143204,0.013441569171845913,0.01908566802740097,0.015163389965891838,0.011877663433551788,0.025557251647114754,0.015121462754905224,0.01705472357571125,0.012768232263624668,0.024084193632006645,0.015283472836017609,0.01908566802740097,0.015609207563102245,0.021018976345658302,0.02692146599292755,0.03713936731219292,0.059694286435842514,0.06622922420501709,0.20883522772278615,1.275080680847168,0.20883522927761078,3.410150558925021,-0.002721193580865278,6.105678121220748,7.772657363009405,1.2730211466593604,9.244578545354724,0.02112121321260929,0.024355905130505562,0.0140764145180583,0.023404425010085106,0.018752368167042732,0.024355905130505562,0.027596352621912956,0.021656204015016556,0.0220918171107769,0.04653727635741234,0.029444241896271706,0.024494169279932976,0.020357534289360046,0.022973451763391495,0.021077150478959084,0.027596352621912956,0.02681787498295307,0.030495839193463326,0.08094504475593567,0.09850305318832397,0.1163509339094162,0.1456516981124878,000063.tdms,62,620.0
13.228137969970703,793.6882781982422,0.8523411750793457,0.14797723460821458,0.8852309584617615,0.14797723293304443,4.125044786517987,-0.015518563997061748,5.982210444772159,7.82857913953006,1.3086432200611462,9.43652662405107,0.07835997641086578,0.05048009008169174,0.013226373121142387,0.012979861348867416,0.016069522127509117,0.03967272862792015,0.011636760085821152,0.011860815808176994,0.011728198267519474,0.011803267523646355,0.010347019881010056,0.01139354519546032,0.010830524377524853,0.043504636734724045,0.010506010614335537,0.034343160688877106,0.012415495701134205,0.01234006229788065,0.015471257269382477,0.028002150356769562,0.08581315726041794,0.06239413097500801,0.24548559884973076,1.4948259592056274,0.2454856038093567,3.2129040968245093,-0.00843129606490432,6.089261309868756,7.695007422996669,1.2637012983045266,9.119361156147193,0.04427221789956093,0.041921280324459076,0.0209808349609375,0.03144263103604317,0.047870147973299026,0.040905699133872986,0.04860684275627136,0.04027683660387993,0.029049182310700417,0.03895873576402664,0.04974410682916641,0.025526002049446106,0.04027683660387993,0.05786307528614998,0.03784670680761337,0.04860684275627136,0.037070974707603455,0.03773805871605873,0.11104671657085419,0.16658581793308258,0.21173518896102905,0.23393365740776062,0.14755530211679727,1.1116254329681396,0.14755530655384064,3.6853784347316543,-0.007034460317467391,7.5336190365306805,9.6867149418777,1.2857983520146974,11.577666458326313,0.053976431488990784,0.0334799624979496,0.013058798387646675,0.012399661354720592,0.014589832164347172,0.0280139297246933,0.021562650799751282,0.013844345696270466,0.012012113817036152,0.023641273379325867,0.02433924749493599,0.016343537718057632,0.013844345696270466,0.02881348691880703,0.013605393469333649,0.022173935547471046,0.013271710835397243,0.01792844571173191,0.027241652831435204,0.03740425780415535,0.06317824125289917,0.06526170670986176,0.2066559088234167,1.284496784210205,0.20665590465068817,3.429015566261685,-0.016350569458533425,6.215630569304368,7.918771000661512,1.2740092758678472,9.420788360563158,0.05334489792585373,0.04418250173330307,0.01742706634104252,0.025345996022224426,0.022481665015220642,0.03534175083041191,0.033352840691804886,0.022361235693097115,0.017734620720148087,0.049263037741184235,0.060047924518585205,0.03712846711277962,0.022361235693097115,0.030308689922094345,0.020491447299718857,0.033352840691804886,0.027488837018609047,0.035601530224084854,0.08477805554866791,0.09830505400896072,0.12419458478689194,0.149713397026062,000064.tdms,63,630.0
17.29096031188965,1037.457618713379,0.10063508152961731,0.14427268896963774,0.9097131490707397,0.14427268505096436,4.395352062945898,-0.009500828148211252,6.305511844048247,8.36204633108119,1.3261486994071858,10.157566722559574,0.007991325110197067,0.007935998030006886,0.005838691722601652,0.0075986431911587715,0.01941177435219288,0.007935998030006886,0.008895174600183964,0.008532123640179634,0.03835548087954521,0.008689990267157555,0.009052637033164501,0.008087958209216595,0.008532123640179634,0.007764235604554415,0.07935512810945511,0.008895174600183964,0.008658496662974358,0.008927944116294384,0.008599961176514626,0.03152026981115341,0.021709337830543518,0.034573618322610855,0.5081157072561812,3.0851995944976807,0.5081157088279724,3.2270643409244086,0.0011761144438409334,6.0718445630380575,7.684422549963126,1.2655828834521767,9.115343782058238,0.1046752780675888,0.07091256976127625,0.05355917289853096,0.051685407757759094,0.10986219346523285,0.07091256976127625,0.2603609561920166,0.17773984372615814,0.1568940430879593,0.15858152508735657,0.12148820608854294,0.06525377929210663,0.17773984372615814,0.13422343134880066,0.18718136847019196,0.23723694682121277,0.09218685328960419,0.09845522791147232,0.7757781744003296,1.4882322549819946,1.3748886585235596,1.2727670669555664,0.1753039024577194,1.169265627861023,0.17530390620231628,3.598649712001325,-0.0032998366517052544,6.669934961333971,8.539251587695256,1.2802600980665972,10.180715358384951,0.019154272973537445,0.018373072147369385,0.011717334389686584,0.017216602340340614,0.013978003524243832,0.018373072147369385,0.05482977256178856,0.033282723277807236,0.023893028497695923,0.03515779599547386,0.042369574308395386,0.012629148550331593,0.033282723277807236,0.01979728788137436,0.03556946665048599,0.050955817103385925,0.020147208124399185,0.016000036150217056,0.03178369626402855,0.06138354912400246,0.055796630680561066,0.08448506146669388,0.3272863638201615,2.034623622894287,0.32728636264801025,3.2956481485463422,-0.03917230657441167,6.216646483971081,7.870952181445018,1.2661090190248676,9.332398470591782,0.04462878033518791,0.039612140506505966,0.021490074694156647,0.029776347801089287,0.057006966322660446,0.039612140506505966,0.11031388491392136,0.09044554084539413,0.06407730281352997,0.08720437437295914,0.0652829110622406,0.03337157145142555,0.09044554084539413,0.04726111516356468,0.084904745221138,0.10831254720687866,0.03583711013197899,0.05109257251024246,0.16783055663108826,0.30562347173690796,0.28614965081214905,0.4036550521850586,000065.tdms,64,640.0
17.486339569091797,1049.1803741455078,1.536397933959961,0.14377738909397172,0.8999572992324829,0.14377738535404205,4.473243676379007,-0.009651389492852158,6.2593798990485086,8.331285910455293,1.3310081900799366,10.139749439222557,0.009706047363579273,0.007020930293947458,0.006168317049741745,0.008457731455564499,0.016006721183657646,0.007078735623508692,0.008573360741138458,0.009057975374162197,0.03123413771390915,0.008276620879769325,0.008989783935248852,0.009138246066868305,0.009057975374162197,0.008355534635484219,0.07575342059135437,0.009136111475527287,0.00946809258311987,0.008970564231276512,0.009139598347246647,0.03273222595453262,0.030124448239803314,0.0403275340795517,0.5206146130664828,2.777521848678589,0.5206146240234375,3.2469253956946953,0.006492275409091289,5.335082379494978,6.752643907684036,1.2657056493892873,8.008314145403123,0.09441457688808441,0.06924354285001755,0.04579094052314758,0.06214877963066101,0.07445912808179855,0.06924354285001755,0.22133225202560425,0.14632214605808258,0.10725277662277222,0.14578364789485931,0.1261502504348755,0.06054477021098137,0.14632214605808258,0.1469637006521225,0.20435161888599396,0.22133225202560425,0.07948323339223862,0.0943874791264534,0.8955485820770264,1.4969682693481445,1.4455337524414062,1.3176896572113037,0.18184077607794488,1.2682570219039917,0.18184077739715576,3.5804621765893603,0.0016441856185237854,6.974546904487261,8.926214745472487,1.2798271870147677,10.64084616157639,0.019486503675580025,0.016002990305423737,0.01457965187728405,0.016395967453718185,0.013992584310472012,0.016002990305423737,0.03753703087568283,0.02685730904340744,0.02571258507668972,0.04843483492732048,0.04114213585853577,0.017180917784571648,0.02685730904340744,0.016631942242383957,0.03652787208557129,0.03753703087568283,0.028029751032590866,0.01804906129837036,0.03561489284038544,0.06823975592851639,0.06662797927856445,0.09481261670589447,0.33390721327661027,2.270517110824585,0.33390721678733826,3.3245729031010187,-0.05424415505885024,6.799844449432957,8.61483287186832,1.2669161678524448,10.219164225156177,0.04009929299354553,0.039810821413993835,0.037055935710668564,0.028908371925354004,0.0320720449090004,0.039810821413993835,0.10345041751861572,0.059270892292261124,0.05682609602808952,0.0718972384929657,0.0530163012444973,0.03198894485831261,0.059270892292261124,0.06024554744362831,0.08835789561271667,0.1111278161406517,0.0420408733189106,0.047227028757333755,0.1801827996969223,0.3037991523742676,0.2868509888648987,0.4350893497467041,000066.tdms,65,650.0
17.591678619384766,1055.500717163086,3.814697265625e-06,0.14232674084613384,0.8404685258865356,0.1423267424106598,4.444174985168895,-0.006516492622623235,5.905204608002278,7.852064106593273,1.329685358565351,9.551677081475912,0.008053021505475044,0.00741658266633749,0.005759711842983961,0.007958431728184223,0.0070674484595656395,0.00741658266633749,0.008479291573166847,0.00875778216868639,0.007432177197188139,0.008593371137976646,0.008290990255773067,0.008278222754597664,0.00875778216868639,0.007420472800731659,0.107684426009655,0.009216398932039738,0.007779157254844904,0.009546536952257156,0.008592688478529453,0.04217299073934555,0.015078329481184483,0.03912373632192612,0.5298114541554093,2.854663372039795,0.529811441898346,3.156772322705355,-0.003314186107545849,5.388074096266024,6.796751209589953,1.2614435303145057,8.048463281860343,0.15262195467948914,0.03679130971431732,0.03713999688625336,0.04678346961736679,0.19280888140201569,0.03679130971431732,0.08717888593673706,0.07390362024307251,0.0725671574473381,0.15726375579833984,0.13735760748386383,0.059757497161626816,0.07658640295267105,0.06164199858903885,0.21303118765354156,0.2531213164329529,0.09996075183153152,0.0665476992726326,0.8659307360649109,1.6516602039337158,1.4516234397888184,1.3578795194625854,0.1836614686783677,1.3889424800872803,0.18366147577762604,3.5557904813826204,-0.008783162421083783,7.562514282838657,9.664814587852844,1.2779895979548577,11.513137619418519,0.020860088989138603,0.01298603042960167,0.01336529478430748,0.014354212209582329,0.019165771082043648,0.01298603042960167,0.013033179566264153,0.01272435113787651,0.02604188397526741,0.04779549315571785,0.06013552471995354,0.014226851984858513,0.01917356066405773,0.016416989266872406,0.0443151630461216,0.0578603558242321,0.03155093267560005,0.013183406554162502,0.03918672353029251,0.07656088471412659,0.06492997705936432,0.1018446534872055,0.33853262620250196,2.3023781776428223,0.33853262662887573,3.308128900217116,-0.0339044203039316,6.801052540990822,8.610957981574744,1.266121373077974,10.211656885428903,0.057052940130233765,0.026469023898243904,0.021916139870882034,0.03340587019920349,0.07920826971530914,0.026469023898243904,0.028185365721583366,0.029108477756381035,0.051385119557380676,0.12500804662704468,0.07885347306728363,0.035469431430101395,0.04776681587100029,0.036152325570583344,0.09711293876171112,0.09305761009454727,0.04953927546739578,0.030253758653998375,0.17973573505878448,0.3265680968761444,0.293903648853302,0.4582771062850952,000067.tdms,66,660.0
16.625791549682617,997.547492980957,0.3502381145954132,0.14187198336372833,0.8962379097938538,0.14187198877334595,4.473161760988997,-0.008329022842285967,6.317229720374729,8.405902796048414,1.3306311734932108,10.227779887317627,0.009182839654386044,0.006931570824235678,0.0070963152684271336,0.00816014502197504,0.018029440194368362,0.007050751708447933,0.008572353050112724,0.00935413595288992,0.03899029269814491,0.00907665304839611,0.0076460083946585655,0.009062634781002998,0.007936582900583744,0.04148951172828674,0.05557069554924965,0.008572353050112724,0.010109885595738888,0.008885306306183338,0.009975657798349857,0.020026981830596924,0.04260135069489479,0.036696285009384155,0.5509088787708796,2.8653011322021484,0.5509088635444641,3.2144736422289393,0.00830403402345242,5.201043661875367,6.579151716312313,1.2649675995875094,7.802496049362435,0.10332785546779633,0.09225205332040787,0.051359523087739944,0.07375721633434296,0.08274246007204056,0.07991975545883179,0.290023535490036,0.2135070413351059,0.16221307218074799,0.1313716173171997,0.10425254702568054,0.064187191426754,0.2135070413351059,0.16525046527385712,0.18780416250228882,0.2719108760356903,0.22712524235248566,0.14312605559825897,0.94630366563797,1.6722450256347656,1.6348947286605835,1.5548487901687622,0.18630028402710733,1.2406189441680908,0.18630027770996094,3.4866489112035084,0.0032651269228589526,6.659243439411915,8.495885711591734,1.2758034435728656,10.115152287232661,0.017261633649468422,0.020032446831464767,0.01890747807919979,0.02399446815252304,0.016867883503437042,0.020032446831464767,0.03799210116267204,0.04353783279657364,0.031191036105155945,0.0417054258286953,0.032552603632211685,0.015698112547397614,0.04353783279657364,0.02777905948460102,0.02742854692041874,0.03799210116267204,0.035259295254945755,0.02356337569653988,0.03654952719807625,0.06508898735046387,0.07080424576997757,0.09653700143098831,0.34976496510872657,2.172016143798828,0.34976497292518616,3.2867016142342997,-0.05378807205540956,6.2099305547187775,7.8617477469178185,1.2659960812192763,9.323659247047102,0.051081158220767975,0.057169102132320404,0.04751705005764961,0.03738400712609291,0.03886435925960541,0.057169102132320404,0.11975932121276855,0.09009401500225067,0.08452697098255157,0.12077322602272034,0.05103014409542084,0.03469550237059593,0.09009401500225067,0.07060438394546509,0.07785791903734207,0.11975932121276855,0.10150987654924393,0.06586877256631851,0.19973069429397583,0.3460758924484253,0.36215704679489136,0.490267276763916,000068.tdms,67,670.0
17.624570846557617,1057.474250793457,0.2141660898923874,0.14128023718538604,0.8994560241699219,0.14128023386001587,4.49322299468836,-0.007362292265026206,6.366467399043701,8.472252855490837,1.3307619947544918,10.306535512666283,0.007972239516675472,0.006941051688045263,0.006127945147454739,0.008010256104171276,0.008331578224897385,0.0074369399808347225,0.008182419463992119,0.008603448048233986,0.0072013214230537415,0.007655832916498184,0.008758656680583954,0.007876930758357048,0.008519835770130157,0.008071336895227432,0.11656002700328827,0.00793776661157608,0.00738712539896369,0.008320924825966358,0.008567830547690392,0.04130374640226364,0.014996656216681004,0.03752618283033371,0.5832678695684983,3.2286627292633057,0.583267867565155,3.320697558352074,0.024086614846438426,5.535471603556478,7.039722507324114,1.2717475603706776,8.372950211647183,0.16253487765789032,0.15674778819084167,0.06455022096633911,0.060424502938985825,0.13869279623031616,0.15674778819084167,0.07291567325592041,0.07052019983530045,0.09905820339918137,0.13441531360149384,0.16766676306724548,0.08868011087179184,0.08194280415773392,0.10922770947217941,0.14805398881435394,0.3380947411060333,0.09432809054851532,0.08566207438707352,1.3439016342163086,2.099172353744507,2.082181453704834,1.8718202114105225,0.19397031233010692,1.2941151857376099,0.19397030770778656,3.4886108255665453,0.01849470523466329,6.671717801511964,8.512650823661842,1.2759308887034582,10.13402848705077,0.022197429090738297,0.015373981557786465,0.016215099021792412,0.017311517149209976,0.019179347902536392,0.015431487001478672,0.01656097173690796,0.01759769767522812,0.02528531849384308,0.0488567128777504,0.06668580323457718,0.027856966480612755,0.017948752269148827,0.020418088883161545,0.0453999899327755,0.06984618306159973,0.027224162593483925,0.01731061190366745,0.07908377051353455,0.095382459461689,0.07832016050815582,0.11974160373210907,0.37752321844507264,2.4112355709075928,0.3775232136249542,3.3813215577432487,-0.10035548239027445,6.38698615899412,8.124010701394386,1.2719630979557075,9.660540516810624,0.061060622334480286,0.0914895310997963,0.037288848310709,0.0368630550801754,0.07075434923171997,0.0914895310997963,0.041454825550317764,0.04158000275492668,0.04488065466284752,0.09012562781572342,0.08779360353946686,0.05721932649612427,0.03875315934419632,0.05932987481355667,0.0709112212061882,0.13369517028331757,0.04535461962223053,0.04276130720973015,0.4073913097381592,0.5104374289512634,0.49379006028175354,0.6610209941864014,000069.tdms,68,680.0
17.58919906616211,1055.3519439697266,3.814697265625e-06,0.14255226240354735,0.9191275835037231,0.14255225658416748,4.487348953979119,-0.006882031411444696,6.44765342904057,8.580274035791106,1.330759187078062,10.44088475818903,0.007809862028807402,0.007042394019663334,0.006450525019317865,0.008489416912198067,0.008637819439172745,0.006917067803442478,0.007848042994737625,0.008687697350978851,0.007225609850138426,0.008011157624423504,0.008523148484528065,0.007821166887879372,0.008687697350978851,0.007900675758719444,0.11167369037866592,0.008159271441400051,0.008136087097227573,0.009220737963914871,0.008666682988405228,0.04252387955784798,0.015407834202051163,0.03966029733419418,0.6078163166465667,3.242621421813965,0.6078163385391235,3.1765311158585883,0.0022388536501920806,5.3348706393801635,6.739013629671343,1.26320094435398,7.988010832149682,0.16421179473400116,0.05021011084318161,0.05209149792790413,0.0692269504070282,0.18462133407592773,0.057142771780490875,0.09045080840587616,0.080128975212574,0.07852727919816971,0.17016422748565674,0.12077460438013077,0.09164907783269882,0.10157318413257599,0.0981256440281868,0.16885735094547272,0.22210869193077087,0.13327322900295258,0.096531443297863,1.3328263759613037,1.988996148109436,2.0639963150024414,1.6947298049926758,0.2011904476444007,1.2075532674789429,0.20119044184684753,3.4172813044572865,-0.003495360315493039,6.002040760967263,7.6402710380205585,1.2729455434070205,9.086550911346947,0.023766644299030304,0.022349296137690544,0.016681233420968056,0.016898443922400475,0.022345660254359245,0.022349296137690544,0.019465750083327293,0.016797080636024475,0.026458486914634705,0.04472588002681732,0.03793247416615486,0.02322174422442913,0.018287064507603645,0.01672245003283024,0.041571471840143204,0.05487789586186409,0.0327104851603508,0.01985003985464573,0.08286301791667938,0.09981326758861542,0.08371159434318542,0.12838511168956757,0.3964926995967889,2.350907564163208,0.39649268984794617,3.2656914528262226,-0.04904624846603517,5.929258134018484,7.5103613426368465,1.2666612201528133,8.912659409548864,0.07758091390132904,0.043599557131528854,0.032002367079257965,0.04208943620324135,0.08193450421094894,0.043599557131528854,0.04998253658413887,0.03782651573419571,0.05006158724427223,0.11726990342140198,0.06428808718919754,0.040133487433195114,0.03782651573419571,0.04267377406358719,0.09667030721902847,0.0931769460439682,0.08293771743774414,0.04856804385781288,0.3922535181045532,0.505125105381012,0.4910077452659607,0.7320848703384399,000070.tdms,69,690.0
13.269044876098633,796.142692565918,9.5367431640625e-07,0.1484008040996318,0.895203709602356,0.14840079843997955,4.12034846626848,-0.015273604921815892,6.032337324812225,7.887204091686817,1.3074872420090218,9.502108518752124,0.011780761182308197,0.011060685850679874,0.010109520517289639,0.011824612505733967,0.01072849053889513,0.011424069292843342,0.011631234548985958,0.011967177502810955,0.009914802387356758,0.01210382767021656,0.012282623909413815,0.012210916727781296,0.011842687614262104,0.012221730314195156,0.011410831473767757,0.01209332700818777,0.011750958859920502,0.011049444787204266,0.01860995590686798,0.027531806379556656,0.08828791975975037,0.07034900039434433,0.3023376203009264,1.9591662883758545,0.3023376166820526,3.1477442125671593,-0.01602798569646995,6.480061219063089,8.161228513661449,1.2594369463135149,9.653034846311204,0.05835280567407608,0.028826840221881866,0.029189247637987137,0.035182517021894455,0.05216545984148979,0.02796262502670288,0.130979984998703,0.042238716036081314,0.03989190235733986,0.07867427170276642,0.07459989935159683,0.04744114726781845,0.033206868916749954,0.0478702113032341,0.06130700930953026,0.130979984998703,0.05497191846370697,0.0720815435051918,0.2285003960132599,0.33906739950180054,0.363516241312027,0.39553117752075195,0.1621088579468352,1.2056617736816406,0.16210885345935822,3.6428946744739816,-0.00499189555919854,7.437359000314754,9.524773883922686,1.280666145538973,11.356982188327434,0.029257480055093765,0.015024915337562561,0.014145661145448685,0.016136396676301956,0.014717292040586472,0.015024915337562561,0.035091377794742584,0.01725676842033863,0.015928663313388824,0.03543059155344963,0.04309668391942978,0.023079004138708115,0.01725676842033863,0.01571388728916645,0.0170627199113369,0.035091377794742584,0.01939491182565689,0.023381808772683144,0.04090126231312752,0.055172666907310486,0.07693144679069519,0.09428343176841736,0.2393285841300173,1.5231633186340332,0.23932857811450958,3.354377681365383,-0.0005488124387012135,6.3643184292878345,8.087176322899813,1.27070579713353,9.610677715982446,0.03670662268996239,0.0222066231071949,0.01782742328941822,0.026738042011857033,0.02522139996290207,0.0222066231071949,0.06928079575300217,0.03153852000832558,0.023141834884881973,0.07739215344190598,0.0654468685388565,0.05161561071872711,0.03153852000832558,0.023838695138692856,0.025031762197613716,0.06928079575300217,0.029755350202322006,0.034622181206941605,0.11832807213068008,0.14773544669151306,0.17828065156936646,0.23102733492851257,000071.tdms,70,700.0
13.269044876098633,796.142692565918,9.5367431640625e-07,0.14810578399668922,0.9405154585838318,0.14810578525066376,4.089349098068138,-0.012814519440226263,6.350295263315687,8.298548794183265,1.3067973141535996,9.99552027185533,0.010624228976666927,0.010318312793970108,0.008780625648796558,0.012718341313302517,0.011047398671507835,0.009859009645879269,0.01255043689161539,0.012217466719448566,0.010767227038741112,0.011651639826595783,0.012509282678365707,0.01172618381679058,0.011086163111031055,0.009898596443235874,0.011255252175033092,0.011117871850728989,0.01218234933912754,0.013934636488556862,0.01725013554096222,0.026609256863594055,0.08560504019260406,0.07037325203418732,0.28628798824092616,1.8363875150680542,0.28628799319267273,3.1354426141455485,-0.004866349639096105,6.414476298330194,8.081354753182628,1.259861971161442,9.56286027339147,0.038393665105104446,0.03317223861813545,0.02208401821553707,0.029179774224758148,0.047765735536813736,0.03317223861813545,0.07270815223455429,0.036280516535043716,0.03350738063454628,0.0649169385433197,0.06850620359182358,0.03158828243613243,0.03422119840979576,0.047798290848731995,0.06546798348426819,0.07270815223455429,0.05126059800386429,0.05965186282992363,0.19473811984062195,0.2798439562320709,0.32303449511528015,0.35121163725852966,0.15416258388238008,1.2488003969192505,0.15416258573532104,3.644998447129728,-0.01320772956313905,8.100541424967524,10.385065880989982,1.2820212052716733,12.39199119946568,0.01883368194103241,0.014319316484034061,0.01246088370680809,0.015663649886846542,0.015177823603153229,0.01234202366322279,0.024512574076652527,0.012873471714556217,0.01638435386121273,0.02998867630958557,0.027178747579455376,0.02031993493437767,0.013091766275465488,0.014011211693286896,0.014529517851769924,0.024512574076652527,0.015125988982617855,0.0178674329072237,0.03577297553420067,0.047719597816467285,0.07249145209789276,0.08359381556510925,0.22729064412911182,1.5294772386550903,0.22729064524173737,3.33732716822631,0.004033231730030998,6.729169361613825,8.5416172733244,1.269341996658545,10.142687310879218,0.023384755477309227,0.02177504263818264,0.017986679449677467,0.02396503835916519,0.025503134354948997,0.02109716646373272,0.031142914667725563,0.022793613374233246,0.024366598576307297,0.07790464907884598,0.06751462817192078,0.039318472146987915,0.025413163006305695,0.02495649643242359,0.030559152364730835,0.04461796581745148,0.026686329394578934,0.031743310391902924,0.11891689896583557,0.1413804590702057,0.15715807676315308,0.21371950209140778,000072.tdms,71,710.0
13.218019485473633,793.081169128418,9.5367431640625e-07,0.14708557733597133,0.8891585469245911,0.14708557724952698,4.105009181297362,-0.014613397257453462,6.04517834466927,7.9055867342883035,1.3077507864196545,9.526952065017749,0.010685663670301437,0.010186068713665009,0.009350412525236607,0.01328811701387167,0.011475205421447754,0.010186068713665009,0.011889309622347355,0.011808265931904316,0.010980094783008099,0.012975381687283516,0.012922956608235836,0.012282049283385277,0.010466992855072021,0.01188606396317482,0.01120572630316019,0.012345144525170326,0.011936054565012455,0.012065601535141468,0.017986908555030823,0.027548642829060555,0.08348049223423004,0.06806480884552002,0.27419005784562694,1.4968568086624146,0.2741900682449341,3.153840149346519,-0.012095725470090123,5.459194328282928,6.880405606306344,1.260333520398866,8.1417589764919,0.0288150105625391,0.027036208659410477,0.02234703116118908,0.030186481773853302,0.037100836634635925,0.02674821764230728,0.07625319808721542,0.04667015001177788,0.04291466623544693,0.059203386306762695,0.05563158914446831,0.03407922387123108,0.04667015001177788,0.05527125298976898,0.04697176069021225,0.07625319808721542,0.05151624605059624,0.05645028501749039,0.1664607971906662,0.24201321601867676,0.28357309103012085,0.3113088011741638,0.1500116440604678,1.1484856605529785,0.15001164376735687,3.6292180612832716,-0.010079221641606625,7.65597675931102,9.819391566072037,1.2825785493836461,11.718564754338015,0.0160757414996624,0.012351508252322674,0.011372126638889313,0.015200437046587467,0.013805543072521687,0.013379329815506935,0.03485400229692459,0.0140549186617136,0.013577227480709553,0.033038172870874405,0.047442302107810974,0.024114467203617096,0.0140549186617136,0.014518276788294315,0.015359570272266865,0.03485400229692459,0.022055357694625854,0.019572664052248,0.036206960678100586,0.047092583030462265,0.07029427587985992,0.0821329653263092,0.21818873232676786,1.4424184560775757,0.21818873286247253,3.395886527871306,-0.004793520168806886,6.610875092840973,8.410488641082141,1.2722201710012642,9.999308934641498,0.02494463138282299,0.02169976569712162,0.017409127205610275,0.02630435675382614,0.024808889254927635,0.02030838094651699,0.051157545298337936,0.023968631401658058,0.02614555135369301,0.10219807922840118,0.07206996530294418,0.04897759109735489,0.023968631401658058,0.023132793605327606,0.025355136021971703,0.051157545298337936,0.03711646422743797,0.03193212300539017,0.10922297090291977,0.11997166275978088,0.15010854601860046,0.19527742266654968,000073.tdms,72,720.0
13.217212677001953,793.0327606201172,2.0898756980895996,0.147505115687026,0.9253436923027039,0.14750511944293976,4.138494684671829,-0.014189009445172958,6.273298983515143,8.214189043998175,1.3093890575888805,9.90549381780436,0.031387120485305786,0.019750159233808517,0.010111508890986443,0.010651325806975365,0.011072752997279167,0.014617855660617352,0.011108077131211758,0.018105322495102882,0.01102775800973177,0.010723092593252659,0.012148757465183735,0.010979138314723969,0.012134728021919727,0.011918791569769382,0.038698792457580566,0.014975416474044323,0.011895406059920788,0.011013468727469444,0.015851549804210663,0.02730846032500267,0.0764232948422432,0.05688045918941498,0.27459013370916735,1.5940197706222534,0.2745901346206665,3.162921970768271,-0.00918453296452078,5.805087564837863,7.323148561748609,1.2615052710153472,8.672000453774086,0.043287493288517,0.02581840753555298,0.020488034933805466,0.032186109572649,0.02959919162094593,0.03416091576218605,0.048573415726423264,0.03793234005570412,0.03429724648594856,0.03957550972700119,0.05168338865041733,0.03136018291115761,0.03793234005570412,0.04138294979929924,0.040044981986284256,0.048573415726423264,0.08289914578199387,0.0375741682946682,0.17248088121414185,0.23492787778377533,0.26701653003692627,0.30471450090408325,0.15029990568752907,0.9974240660667419,0.15029990673065186,3.6259525355016997,-0.0069342874097644905,6.636225495313147,8.512723493024911,1.2827658582483439,10.159618195134366,0.021128186956048012,0.015153930522501469,0.012417319230735302,0.01355821918696165,0.012611002661287785,0.013340519741177559,0.016497964039444923,0.018007079139351845,0.011845218949019909,0.029990004375576973,0.028541017323732376,0.01835649646818638,0.010822062380611897,0.014382367953658104,0.02876564860343933,0.016873979941010475,0.02313319593667984,0.01666060835123062,0.03392460197210312,0.04301741346716881,0.060088712722063065,0.0684855729341507,0.2203867340826227,1.3283038139343262,0.22038672864437103,3.424473547955231,-0.0063517915070084,6.027149589849391,7.682299901037806,1.274615767621884,9.143094202386369,0.03420533612370491,0.022566212341189384,0.016397451981902122,0.02510306052863598,0.021228903904557228,0.022566212341189384,0.032315757125616074,0.02154482528567314,0.024729352444410324,0.06747038662433624,0.05463654547929764,0.03308800607919693,0.02154482528567314,0.020826436579227448,0.03408823162317276,0.032120633870363235,0.037480078637599945,0.029193097725510597,0.11533107608556747,0.1283952295780182,0.13802801072597504,0.17607957124710083,000074.tdms,73,730.0
14.054718971252441,843.2831382751465,3.092228412628174,0.14661719975979864,0.9832943081855774,0.14661720395088196,4.121293409520616,-0.015421812661309351,6.706541318457164,8.775647212613581,1.3085205616286897,10.578718480524305,0.011581934057176113,0.009892568923532963,0.008539835922420025,0.010009832680225372,0.014729417860507965,0.009301896207034588,0.010722396895289421,0.01609932631254196,0.024183612316846848,0.011222496628761292,0.010599496774375439,0.01061601284891367,0.01609932631254196,0.011064784601330757,0.043296318501234055,0.010722396895289421,0.009815111756324768,0.009416605345904827,0.013142240233719349,0.028731457889080048,0.04677566885948181,0.05602337047457695,0.267882542881792,1.5330137014389038,0.2678825557231903,3.200584593044757,-0.02431632411293021,5.722708486141905,7.225896880593059,1.2626707961957646,8.559309504971736,0.04453834891319275,0.027635030448436737,0.019466876983642578,0.03514286130666733,0.03021159954369068,0.03710957244038582,0.034543078392744064,0.028140831738710403,0.03091718629002571,0.03680415078997612,0.03400435671210289,0.03625689819455147,0.027277790009975433,0.03285285830497742,0.051151324063539505,0.034543078392744064,0.0538066104054451,0.0308638084679842,0.1373809576034546,0.2565656900405884,0.24663910269737244,0.273757666349411,0.1455209969301426,1.0141804218292236,0.14552100002765656,3.663724961924677,-0.008069895199200414,6.969306445282816,8.957775897585702,1.2853181256864927,10.706702061425732,0.010505836457014084,0.010412796400487423,0.009744284674525261,0.012566933408379555,0.012958371080458164,0.010412796400487423,0.011440015397965908,0.013634225353598595,0.01827029138803482,0.02005179226398468,0.0252907183021307,0.016276801005005836,0.013634225353598595,0.012742966413497925,0.030563659965991974,0.013975916430354118,0.013579616323113441,0.013823822140693665,0.031897399574518204,0.036129556596279144,0.04497608542442322,0.05768092721700668,0.2135675238252018,1.3604727983474731,0.21356752514839172,3.396849153875714,-0.005192102633907457,6.370223215496831,8.10958860306099,1.2730462228282375,9.645742113610007,0.025751778855919838,0.019924120977520943,0.014872600324451923,0.02752028964459896,0.0199347622692585,0.02070762775838375,0.03132086619734764,0.02031560428440571,0.024350816383957863,0.03721127286553383,0.04470587521791458,0.033029958605766296,0.02031560428440571,0.02444715052843094,0.04042233154177666,0.03132086619734764,0.026109853759407997,0.026578117161989212,0.10817398130893707,0.13367104530334473,0.1186448335647583,0.14191830158233643,000075.tdms,74,740.0
13.321285247802734,799.2771148681641,1.810011625289917,0.14646182204518796,0.8799136281013489,0.14646181464195251,4.133335197276736,-0.016954972649852223,6.0078020047427,7.869988072404152,1.3099612913660266,9.494715638672286,0.011143525131046772,0.010031308978796005,0.010451220907270908,0.010549396276473999,0.015095938928425312,0.010293945670127869,0.012438100762665272,0.01413797028362751,0.019370628520846367,0.010923556983470917,0.012561420910060406,0.012958532199263573,0.01413797028362751,0.01036904938519001,0.013284740969538689,0.012438100762665272,0.012380201369524002,0.011223320849239826,0.0170659851282835,0.026018312200903893,0.09065559506416321,0.06666358560323715,0.26894471023702676,1.7486023902893066,0.26894471049308777,3.208464631132707,-0.03309251992003267,6.501716983941516,8.204373546234912,1.2618779879989792,9.71280770252843,0.03207693621516228,0.032927222549915314,0.021004676818847656,0.03031655214726925,0.031172944232821465,0.032927222549915314,0.042410727590322495,0.03063828870654106,0.03532298281788826,0.04489728808403015,0.04042848199605942,0.028911525383591652,0.028403958305716515,0.03087257780134678,0.030454447492957115,0.042410727590322495,0.03721965104341507,0.06198940798640251,0.12981639802455902,0.2229941189289093,0.2682257294654846,0.2993755340576172,0.14710644560544542,1.1558705568313599,0.14710643887519836,3.6967629393970873,-0.007932120825380275,7.85737533168005,10.110219134888494,1.2867170916635777,12.088257645943742,0.015267584472894669,0.012601296417415142,0.01447850838303566,0.017530683428049088,0.013358856551349163,0.012601296417415142,0.017640482634305954,0.014146924950182438,0.014814412221312523,0.026132158935070038,0.027368994429707527,0.024931136518716812,0.014044148847460747,0.013610130175948143,0.013241378590464592,0.017640482634305954,0.015290811657905579,0.02100665494799614,0.036780331283807755,0.04196710139513016,0.06903575360774994,0.0731155127286911,0.21708437611999998,1.5416820049285889,0.2170843780040741,3.4058323714451624,-0.009348536469839519,7.101763989115354,9.043843360313499,1.2734643638080214,10.759296541250126,0.022131402045488358,0.024133166298270226,0.01629512943327427,0.023535730317234993,0.02094467356801033,0.024133166298270226,0.027847345918416977,0.024459416046738625,0.02872803620994091,0.04284994676709175,0.05322379246354103,0.033588707447052,0.022708766162395477,0.023771071806550026,0.0239273589104414,0.03420202434062958,0.03360801190137863,0.04405992478132248,0.12512901425361633,0.1432025134563446,0.14766879379749298,0.18654665350914001,000076.tdms,75,750.0
15.798468589782715,947.9081153869629,2.341505289077759,0.14250407190110126,0.8968697786331177,0.14250406622886658,4.300852792889724,-0.010398725789701052,6.293643168705741,8.306972536905478,1.3198988748219371,10.062397130860768,0.009547263383865356,0.008703983388841152,0.0069763013161718845,0.009032456204295158,0.013899785466492176,0.008703983388841152,0.008825271390378475,0.008181079290807247,0.027976103127002716,0.009939930401742458,0.009673974476754665,0.009332423098385334,0.008450796827673912,0.03931724280118942,0.07465028762817383,0.008413807488977909,0.008559389971196651,0.008615363389253616,0.01064089871942997,0.027155205607414246,0.04524962231516838,0.04069800674915314,0.5261713063350966,3.3832621574401855,0.5261713266372681,3.5639222015703726,0.021802730932037936,6.429963239549074,8.249812328270375,1.2830263597041849,9.856157628025342,0.08615119010210037,0.06118492782115936,0.03877672925591469,0.06669364869594574,0.1026143804192543,0.06118492782115936,0.11921919137239456,0.09671542793512344,0.07000677287578583,0.11488458514213562,0.11684847623109818,0.06111689656972885,0.09671542793512344,0.08749242126941681,0.17383916676044464,0.12300971150398254,0.09872815012931824,0.09419651329517365,0.8446431159973145,1.272977590560913,1.4967412948608398,1.4936294555664062,0.1811878447179025,1.5978261232376099,0.18118783831596375,3.66326963913305,-0.026390860566734082,8.818616534267624,11.30911325672095,1.2824135410328463,13.495568079641368,0.01790245622396469,0.01679239794611931,0.013765513896942139,0.017930209636688232,0.018558882176876068,0.01679239794611931,0.022620856761932373,0.017559880390763283,0.01587802916765213,0.033700164407491684,0.03294108435511589,0.02140331268310547,0.017559880390763283,0.02014211378991604,0.03733345866203308,0.028306102380156517,0.018802715465426445,0.02539503201842308,0.05082293227314949,0.07461082935333252,0.07807179540395737,0.10192820429801941,0.3557897522672268,2.654583692550659,0.35578975081443787,3.4312690072693686,-0.06085375283419043,7.461102169566853,9.516244529308166,1.2754475562771472,11.334002691702622,0.046228110790252686,0.0370296947658062,0.03331688418984413,0.04191000387072563,0.039634931832551956,0.0370296947658062,0.05395948141813278,0.03928940370678902,0.035239771008491516,0.0749678760766983,0.1026572659611702,0.0752018615603447,0.03954547643661499,0.05143139883875847,0.05607142671942711,0.061048801988363266,0.03736729919910431,0.04481302946805954,0.48616185784339905,0.3301502764225006,0.3906782567501068,0.4963819682598114,000077.tdms,76,760.0
15.676229476928711,940.5737686157227,2.3361644744873047,0.14091782414567047,0.9144628047943115,0.1409178227186203,4.439433686450414,-0.006634640003062958,6.489333839337508,8.630134713137267,1.3298953215848595,10.500133236160686,0.013227149844169617,0.009143604896962643,0.009062531404197216,0.01025580707937479,0.010406858287751675,0.009829179383814335,0.009930949658155441,0.012320170179009438,0.01268730778247118,0.010211554355919361,0.009791828691959381,0.009638938121497631,0.012320170179009438,0.013689893297851086,0.07946944981813431,0.009930949658155441,0.009876403957605362,0.010055369697511196,0.011677518486976624,0.03012639284133911,0.06315632164478302,0.049735963344573975,0.6148022541938636,3.139943838119507,0.6148022413253784,3.2632864932647134,0.027504852570178387,5.10724190859814,6.474807874166336,1.2677699607817425,7.687251703619148,0.13171347975730896,0.06065308675169945,0.07096203416585922,0.17965608835220337,0.10379887372255325,0.06572668999433517,0.090619757771492,0.12731823325157166,0.07091926783323288,0.12988674640655518,0.11302772909402847,0.12594547867774963,0.12731823325157166,0.0974026694893837,0.22916004061698914,0.133647620677948,0.14417877793312073,0.08025314658880234,1.1874110698699951,1.7653495073318481,2.0659213066101074,2.1173205375671387,0.20210061912901872,1.4161345958709717,0.20210061967372894,3.4170103034913404,-0.0022744608504152906,7.007076979645112,8.91772884414034,1.2726745931356953,10.60504650283174,0.02703944966197014,0.016276635229587555,0.01760030910372734,0.028972232714295387,0.019402800127863884,0.016276635229587555,0.02340863272547722,0.019461335614323616,0.022451357915997505,0.030439499765634537,0.045968517661094666,0.04751483350992203,0.019461335614323616,0.023616541177034378,0.056444041430950165,0.02340863272547722,0.02331692725419998,0.020589176565408707,0.09110520035028458,0.09413379430770874,0.09974119067192078,0.13316309452056885,0.4153217385256934,2.6333417892456055,0.4153217375278473,3.342699012673333,-0.02078394206942114,6.34048629044419,8.067506070468102,1.272379704160345,9.598378313993244,0.062199220061302185,0.03928127884864807,0.05448484420776367,0.06124527379870415,0.04722515121102333,0.03928127884864807,0.041508305817842484,0.06541624665260315,0.04466967284679413,0.08254238218069077,0.0623796284198761,0.15006758272647858,0.06541624665260315,0.05771956965327263,0.0936812087893486,0.05206688120961189,0.05252513289451599,0.049512799829244614,0.8209477663040161,0.4735782742500305,0.6281671524047852,0.6737294793128967,000078.tdms,77,770.0
16.495901107788086,989.7540664672852,1.1024765968322754,0.14129779065219433,0.866652250289917,0.14129778742790222,4.469427998238903,-0.011096328773004685,6.133515933190977,8.159801213039874,1.3303627645089882,9.927650341702055,0.008716549724340439,0.00868543516844511,0.007644265424460173,0.010172607377171516,0.009254911914467812,0.00868543516844511,0.008334655314683914,0.00858918484300375,0.01863427832722664,0.008776567876338959,0.010016858577728271,0.009369879961013794,0.00858918484300375,0.04621322453022003,0.061844080686569214,0.008793162181973457,0.008939225226640701,0.008630882948637009,0.011064628139138222,0.023444507271051407,0.051199428737163544,0.04721935838460922,0.6721700641422623,3.937103509902954,0.6721700429916382,3.4282022397299174,0.020702382335412068,5.8573026677809334,7.474198010648873,1.2760477705483688,8.901613699109562,0.1332482248544693,0.10978680849075317,0.08309727162122726,0.19437266886234283,0.09562771022319794,0.09477969259023666,0.1477057784795761,0.1525401771068573,0.08576532453298569,0.11922283470630646,0.0912925973534584,0.21659810841083527,0.1525401771068573,0.10654563456773758,0.18423129618167877,0.1477057784795761,0.14054101705551147,0.09824927896261215,1.7376208305358887,1.7724674940109253,3.0091285705566406,2.6873106956481934,0.2346501880629351,1.6808985471725464,0.23465019464492798,3.421453829733872,0.005727729184503632,7.163422970373736,9.14964131257624,1.27727224127586,10.910258610849958,0.0292862206697464,0.021483225747942924,0.019192731007933617,0.03745810315012932,0.02018629014492035,0.02333921194076538,0.029180727899074554,0.027617596089839935,0.02074645459651947,0.04001787677407265,0.041117873042821884,0.15941010415554047,0.027617596089839935,0.03408118709921837,0.07885019481182098,0.028589624911546707,0.030878188088536263,0.023102978244423866,0.39451682567596436,0.13593386113643646,0.17526212334632874,0.15295320749282837,0.49681748891080296,3.403160572052002,0.4968174993991852,3.7610732008915613,-0.019114548694398232,6.849921043465913,8.893413650270853,1.298323527211195,10.694700813798578,0.11737196892499924,0.072865791618824,0.061237577348947525,0.06424180418252945,0.04279905930161476,0.04881278797984123,0.06946996599435806,0.08863434940576553,0.05336082726716995,0.1259109228849411,0.0904785692691803,0.41766607761383057,0.08863434940576553,0.10220042616128922,0.144566610455513,0.08150424808263779,0.07091280817985535,0.04727378487586975,2.560727119445801,0.7500661015510559,1.5079200267791748,0.8223148584365845,000079.tdms,78,780.0
17.588003158569336,1055.2801895141602,1.9073486328125e-06,0.1408753749056298,0.8680307269096375,0.14087536931037903,4.422208685173764,-0.0062003854333134,6.161692400045911,8.183938198172568,1.3281964867495804,9.948345355160088,0.007108033634722233,0.006826958153396845,0.006411683280020952,0.007389712147414684,0.00790878850966692,0.006826958153396845,0.007470229174941778,0.008212503045797348,0.006849485915154219,0.008014182560145855,0.008116336539387703,0.008561985567212105,0.008212503045797348,0.007322962395846844,0.11264204233884811,0.007832384668290615,0.007627993356436491,0.008741362951695919,0.008393807336688042,0.040537029504776,0.014709502458572388,0.0370255671441555,0.6525257564810527,3.2608680725097656,0.652525782585144,3.1556713950798563,0.013204858887835272,4.997301700541304,6.308221919376072,1.2623256103774503,7.474187781920067,0.14386236667633057,0.06914573162794113,0.05281861498951912,0.07732395082712173,0.1545032411813736,0.06914573162794113,0.08668757230043411,0.08626270294189453,0.09845536947250366,0.1973574310541153,0.1410590261220932,0.07408853620290756,0.1087988018989563,0.07983826100826263,0.20831972360610962,0.23627202212810516,0.10790618509054184,0.0847872868180275,1.5087149143218994,2.22883939743042,2.202812671661377,2.3358635902404785,0.2204867120586092,1.3350610733032227,0.22048671543598175,3.3906738218639014,0.006529862613975902,6.055063640063444,7.715751281423941,1.2742642753368478,9.186952671959341,0.026825597509741783,0.02777097374200821,0.020506935194134712,0.02151278778910637,0.020181315019726753,0.02777097374200821,0.027282467111945152,0.019295597448945045,0.02288968861103058,0.04480958729982376,0.04411695525050163,0.03623396158218384,0.022980161011219025,0.01685558445751667,0.03497062996029854,0.04720991477370262,0.047616299241781235,0.023526646196842194,0.26091089844703674,0.1180432066321373,0.09630563855171204,0.16342568397521973,0.4435605336404092,2.884337902069092,0.44356054067611694,3.2961695039426733,0.004155605025446571,6.502692830664237,8.254964651976458,1.2694686442898195,9.809256066339417,0.058689914643764496,0.0850507840514183,0.04112735763192177,0.05347766354680061,0.05424829572439194,0.0850507840514183,0.06730501353740692,0.044668614864349365,0.05198812112212181,0.12051308155059814,0.09530787914991379,0.057297926396131516,0.05415236949920654,0.048597779124975204,0.09004846215248108,0.0707232728600502,0.105301134288311,0.08307558298110962,1.000826120376587,0.6831643581390381,0.534136176109314,0.8498535752296448,000080.tdms,79,790.0
17.58919906616211,1055.3519439697266,3.814697265625e-06,0.14214352776669753,0.8712157011032104,0.14214353263378143,4.451566758919672,-0.006426047439749821,6.129126769198741,8.147588414668984,1.3293228744449865,9.907208297115792,0.007430820260196924,0.0071184756234288216,0.00608987407758832,0.008088085800409317,0.008161826059222221,0.007038244977593422,0.007903657853603363,0.008589413948357105,0.007299169432371855,0.007763556204736233,0.008474255912005901,0.007847921922802925,0.008002697490155697,0.008220885880291462,0.1178036630153656,0.007903657853603363,0.00782912690192461,0.009841806255280972,0.00849035382270813,0.043005384504795074,0.015340946614742279,0.03893226385116577,0.6812229352352013,3.5086352825164795,0.6812229156494141,3.230502080403186,0.0521451114335451,5.15049494231294,6.520024177145774,1.2659024521277984,7.735654747976628,0.18152549862861633,0.1265638917684555,0.07022517174482346,0.08751190453767776,0.1633628010749817,0.1265638917684555,0.09383691847324371,0.08793394267559052,0.09757481515407562,0.1586070954799652,0.12243413925170898,0.09175821393728256,0.08793394267559052,0.11056821048259735,0.19040992856025696,0.23078127205371857,0.11591970175504684,0.0928037017583847,1.7686145305633545,2.281261444091797,2.415450096130371,2.72438907623291,0.22618346736366773,1.424180507659912,0.2261834740638733,3.426676485708733,0.049953381360987814,6.296572089285607,8.030845123513087,1.2754312997033037,9.565300460671963,0.03753933310508728,0.03313005343079567,0.020584333688020706,0.019464479759335518,0.02129759080708027,0.03313005343079567,0.022321179509162903,0.022239811718463898,0.024858921766281128,0.05099854990839958,0.04696405306458473,0.028178779408335686,0.022239811718463898,0.019687118008732796,0.04050292447209358,0.046158768236637115,0.03654111176729202,0.02593008428812027,0.28436464071273804,0.13079802691936493,0.11822742223739624,0.1651545614004135,0.45665916555339703,2.6809492111206055,0.4566591680049896,3.2803276955719403,0.0012031004855695034,5.870788135549034,7.4580726099345265,1.2703699124780372,8.869474475671923,0.08375072479248047,0.0875183716416359,0.03443794697523117,0.046539220958948135,0.07096739113330841,0.0875183716416359,0.05919806659221649,0.0568937286734581,0.04709238186478615,0.1254684031009674,0.09384405612945557,0.06158324331045151,0.0568937286734581,0.06369759887456894,0.0944429337978363,0.0825292095541954,0.0846797302365303,0.07191728055477142,1.1260802745819092,0.7227535247802734,0.6608866453170776,0.8655015230178833,000081.tdms,80,800.0
17.58919906616211,1055.3519439697266,3.814697265625e-06,0.14278701608068733,0.9018492102622986,0.14278700947761536,4.380230448585109,-0.0044530969539064436,6.316044938936701,8.36942121394346,1.3251047601558772,10.15932142704649,0.008099153637886047,0.0073408931493759155,0.005869070068001747,0.008901333436369896,0.007883867248892784,0.0073408931493759155,0.007728411816060543,0.0084285419434309,0.007647999096661806,0.008354401215910912,0.008831425569951534,0.008340639062225819,0.0084285419434309,0.007567538879811764,0.11535006761550903,0.007649373263120651,0.008020929992198944,0.008286504074931145,0.00870897900313139,0.042107176035642624,0.015269193798303604,0.0382654033601284,0.8307949785494037,3.9768664836883545,0.8307949900627136,3.1080633131623006,0.1032256562647997,4.7868205590651245,6.033132303516684,1.260363163622529,7.1440055923053505,0.1494029313325882,0.35622119903564453,0.10450738668441772,0.11868302524089813,0.1535874605178833,0.35622119903564453,0.10746888816356659,0.11087130010128021,0.13191312551498413,0.1440727412700653,0.14850232005119324,0.14183713495731354,0.11087130010128021,0.1366090327501297,0.19325964152812958,0.22191248834133148,0.1449904590845108,0.11168378591537476,3.172154426574707,2.8141143321990967,3.0700173377990723,4.917621612548828,0.23941221899018988,1.6138601303100586,0.23941221833229065,3.3646720326420123,-0.0006181497137528589,6.740926328309867,8.583730635364907,1.27337552990541,10.216559473233714,0.030578449368476868,0.02761404775083065,0.02126283198595047,0.030610915273427963,0.02772502787411213,0.02372928336262703,0.028545642271637917,0.02465246617794037,0.027943694964051247,0.043967749923467636,0.04493313655257225,0.026188505813479424,0.029843805357813835,0.03936883807182312,0.04025645554065704,0.03581390902400017,0.03212101757526398,0.024145836010575294,0.2554396390914917,0.18615122139453888,0.1695673167705536,0.21843524277210236,0.5420796916535383,3.1979715824127197,0.5420796871185303,3.5497476334393476,-0.037033496616906685,5.899449161538877,7.597058569697762,1.287757273886917,9.100055293589797,0.07533624768257141,0.16024039685726166,0.060639675706624985,0.07167080789804459,0.08575110137462616,0.16024039685726166,0.07657448947429657,0.05575735867023468,0.06354168802499771,0.13417692482471466,0.09199950098991394,0.06400637328624725,0.0586998350918293,0.13279196619987488,0.10036852210760117,0.09264524281024933,0.10075925290584564,0.055378176271915436,2.5373973846435547,1.0310022830963135,1.4564008712768555,1.5408689975738525,000082.tdms,81,810.0
17.55518341064453,1053.3110046386719,0.042909178882837296,0.14286449492749984,0.8712335824966431,0.14286449551582336,4.416979319961695,-0.007434751287123338,6.09832123046928,8.099630693941718,1.3281738347060525,9.846660791482151,0.006905317772179842,0.006725786253809929,0.006152069196105003,0.008044485002756119,0.0073488978669047356,0.006884153466671705,0.007998387329280376,0.008993761613965034,0.006712290924042463,0.008975875563919544,0.008553978987038136,0.008993632160127163,0.008603577502071857,0.008132933638989925,0.11797186732292175,0.008189335465431213,0.008931619115173817,0.008761991746723652,0.008815323933959007,0.04285748302936554,0.015060456469655037,0.03697519749403,0.8044031251793526,4.7337565422058105,0.8044031262397766,3.3811739678174626,0.16532562496084235,5.884806254513687,7.485797258543781,1.2720550065351979,8.899136974247796,0.15913870930671692,0.2243279367685318,0.12888427078723907,0.09888727217912674,0.126734659075737,0.2243279367685318,0.10756310820579529,0.12302543222904205,0.09927564114332199,0.15988588333129883,0.12541982531547546,0.11810287088155746,0.12302543222904205,0.17746810615062714,0.1463347226381302,0.22239455580711365,0.09718675166368484,0.1593325436115265,2.1757326126098633,2.6697399616241455,4.175711154937744,4.47390079498291,0.27814340155515194,1.6916919946670532,0.27814340591430664,3.2377974522414874,-0.016257028247716288,6.082085662318379,7.728475644968713,1.270694967821739,9.199984107683907,0.026425257325172424,0.03542114421725273,0.022374682128429413,0.037597380578517914,0.023347681388258934,0.03542114421725273,0.03587080165743828,0.02816569246351719,0.027219397947192192,0.05942479521036148,0.05436113849282265,0.04568125307559967,0.03498687967658043,0.03640160709619522,0.03881430998444557,0.039605483412742615,0.07687341421842575,0.03897688537836075,0.77152419090271,0.1917669177055359,0.17065611481666565,0.24942529201507568,0.5724319112258949,3.344395160675049,0.5724319219589233,3.610570608052039,-0.08588792724903067,5.842433126260973,7.517423089609705,1.2866939042605163,8.997410073030425,0.0688563734292984,0.16356965899467468,0.051694683730602264,0.09683175384998322,0.05414578318595886,0.16356965899467468,0.1093498170375824,0.05806022137403488,0.08452076464891434,0.16402481496334076,0.14421862363815308,0.08999190479516983,0.05806022137403488,0.12222202867269516,0.11428805440664291,0.08435487747192383,0.1328749656677246,0.10937470942735672,2.901684284210205,1.1507010459899902,1.1716992855072021,1.8268102407455444,000083.tdms,82,820.0
13.270264625549316,796.215877532959,0.0,0.1503478521977951,0.9859284162521362,0.15034785866737366,4.021115280714336,-0.02245008367833572,6.557648824640777,8.553497450286205,1.3043543012162988,10.295378666354301,0.011412440799176693,0.011649751104414463,0.009991796687245369,0.010931074619293213,0.010641966015100479,0.010782720521092415,0.01241716556251049,0.014554746448993683,0.011469079181551933,0.013166578486561775,0.012621982023119926,0.012335819192230701,0.01251889206469059,0.011176979169249535,0.01235361397266388,0.012693419121205807,0.01164762768894434,0.012009482830762863,0.018169257789850235,0.027125272899866104,0.08677179366350174,0.07338817417621613,0.31339499342232596,1.9969708919525146,0.3133949935436249,3.1771135834705317,-0.025008125692647636,6.372057415931432,8.03754785498876,1.2613740477123236,9.516829883011058,0.04101206734776497,0.03216820955276489,0.022668147459626198,0.036746952682733536,0.04070766642689705,0.03216820955276489,0.06571897864341736,0.05786321684718132,0.05215231329202652,0.07637985795736313,0.05412504822015762,0.03864976018667221,0.05786321684718132,0.036070965230464935,0.05751778930425644,0.07642117887735367,0.06967837363481522,0.07321196049451828,0.22893774509429932,0.3622306287288666,0.3858722448348999,0.41611403226852417,0.15688485277056538,1.0238027572631836,0.15688484907150269,3.550031893947788,-0.011726358685060041,6.525822851492446,8.350394991287574,1.2795926554117003,9.957053687230264,0.016325196251273155,0.015780141577124596,0.012054928578436375,0.014710597693920135,0.014056224375963211,0.013555864803493023,0.020884934812784195,0.0168110653758049,0.014293262735009193,0.04064115509390831,0.04575984179973602,0.02269878424704075,0.015140385366976261,0.01608831062912941,0.016109023243188858,0.020884934812784195,0.01536026131361723,0.01793569140136242,0.04371822252869606,0.05027095600962639,0.07432812452316284,0.0916840136051178,0.23619162345389824,1.410605549812317,0.23619164526462555,3.3144633990560126,-0.025267875328736745,5.972292874677878,7.581033956278741,1.2693674130453008,9.004590383924716,0.028589099645614624,0.034462545067071915,0.018272647634148598,0.02937101386487484,0.026025794446468353,0.034462545067071915,0.04298413172364235,0.02392483502626419,0.028771135956048965,0.08443980664014816,0.062373071908950806,0.03809412941336632,0.02392483502626419,0.023651110008358955,0.029317788779735565,0.04298413172364235,0.033143509179353714,0.051645681262016296,0.1546333134174347,0.16881151497364044,0.17651748657226562,0.24402588605880737,000084.tdms,83,830.0
13.237649917602539,794.2589950561523,1.29142427444458,0.1485705782997316,0.951089084148407,0.14857058227062225,4.039962151684655,-0.014662529695408428,6.401597779539134,8.35625325585058,1.3053386894376495,10.06141730764904,0.01034463383257389,0.00984681025147438,0.00907362811267376,0.011246051639318466,0.009732346050441265,0.009237525053322315,0.01077236793935299,0.013839750550687313,0.010005837306380272,0.01194930262863636,0.011080535128712654,0.011437756940722466,0.010726653970777988,0.012155483476817608,0.011521829292178154,0.01077236793935299,0.012836482375860214,0.010121649131178856,0.01556045189499855,0.02419484779238701,0.0764724463224411,0.053011029958724976,0.302807067019261,1.6951320171356201,0.3028070628643036,3.1943251900137137,-0.019323423749390892,5.598059628601058,7.069799538877955,1.262901792392069,8.376330794730626,0.04054349660873413,0.039724621921777725,0.023667989298701286,0.039953455328941345,0.05306209251284599,0.039724621921777725,0.09546305239200592,0.03536452725529671,0.034909993410110474,0.058425839990377426,0.056021951138973236,0.057444557547569275,0.03536452725529671,0.05116765573620796,0.04513866454362869,0.09546305239200592,0.0625920295715332,0.05888377130031586,0.2287367880344391,0.31537729501724243,0.3669537305831909,0.3829079866409302,0.15501033036162706,1.1072055101394653,0.15501032769680023,3.5625953756869597,-0.011596460453798354,7.142785306994965,9.14283225211537,1.2800093883770731,10.902243842242086,0.015974119305610657,0.014065239578485489,0.011335637420415878,0.014518871903419495,0.0156989935785532,0.015320420265197754,0.028831353411078453,0.015125010162591934,0.014276738278567791,0.04344538599252701,0.03266867622733116,0.031047916039824486,0.015125010162591934,0.014092942699790001,0.017162475734949112,0.028831353411078453,0.01994761824607849,0.015342804603278637,0.041328661143779755,0.04846256226301193,0.06641280651092529,0.07858419418334961,0.23019517404968665,1.4465558528900146,0.23019517958164215,3.340106815263096,-0.007873727578203675,6.284040744389288,7.984730783830456,1.270636380096617,9.489572536572568,0.027710897848010063,0.025158150121569633,0.017390921711921692,0.027128208428621292,0.023668669164180756,0.02433798462152481,0.047035831958055496,0.02004319429397583,0.025976553559303284,0.0726243332028389,0.07271452993154526,0.06278786808252335,0.02004319429397583,0.021832110360264778,0.024947166442871094,0.047035831958055496,0.03350811079144478,0.03433298319578171,0.14032453298568726,0.1359381079673767,0.145046204328537,0.1985436975955963,000085.tdms,84,840.0
13.0223970413208,781.343822479248,2.0411415100097656,0.1476007834205829,0.9248192310333252,0.14760078489780426,4.006025900054146,-0.017577871171555605,6.2656796908596855,8.174949133427495,1.3047186477395316,9.843898556444097,0.012807149440050125,0.011062621138989925,0.01056221779435873,0.01059612724930048,0.012375954538583755,0.011062621138989925,0.010563329793512821,0.01784518174827099,0.01162843406200409,0.01189946848899126,0.011501027271151543,0.012099836952984333,0.013149629347026348,0.016623683273792267,0.02275727316737175,0.010704437270760536,0.011239658109843731,0.011693653650581837,0.016434647142887115,0.025981176644563675,0.06990067660808563,0.06810510903596878,0.3059852789177035,1.969181776046753,0.3059852719306946,3.1542054667566597,-0.027431431541280537,6.435544164124234,8.107441914567703,1.2597912014594936,9.591332632102464,0.03328121453523636,0.030899157747626305,0.02572677470743656,0.03599150851368904,0.03938758745789528,0.030899157747626305,0.038979727774858475,0.038163844496011734,0.03401234745979309,0.05536246672272682,0.04996491223573685,0.04128104820847511,0.038163844496011734,0.037813812494277954,0.0456744059920311,0.038979727774858475,0.0465008020401001,0.056117426604032516,0.19970719516277313,0.3028010129928589,0.3487502336502075,0.36864912509918213,0.15305040985356,1.083481788635254,0.15305040776729584,3.5434170797748132,-0.007855706693969771,7.079247874422153,9.058503097448519,1.2795855235098579,10.800685639561763,0.014164409600198269,0.01265515387058258,0.01120584923774004,0.014979157596826553,0.014047934673726559,0.014957440085709095,0.0164051353931427,0.015626098960638046,0.014068999327719212,0.02379324659705162,0.02578352764248848,0.022606628015637398,0.015626098960638046,0.014478756114840508,0.013783120550215244,0.01438215747475624,0.016627948731184006,0.01552222203463316,0.04006591811776161,0.045294977724552155,0.05983661860227585,0.07855921983718872,0.2310833494800512,1.425186276435852,0.23108334839344025,3.302298488568918,-0.006591258112137091,6.167412233043145,7.8276613131923645,1.2691970339284444,9.297651483271968,0.02460416406393051,0.022875048220157623,0.01702396385371685,0.04509149491786957,0.027257714420557022,0.022875048220157623,0.032763268798589706,0.028836844488978386,0.021831102669239044,0.05455645173788071,0.053499843925237656,0.0427568182349205,0.028836844488978386,0.0253792405128479,0.027885910123586655,0.032763268798589706,0.03322508558630943,0.035432446748018265,0.141730397939682,0.1684674620628357,0.1569572240114212,0.20094069838523865,000086.tdms,85,850.0
16.34490203857422,980.6941223144531,2.5095789432525635,0.1508589919691394,1.2376301288604736,0.15085899829864502,4.017209390806028,-0.023457045718093955,8.203887038524362,10.707225989428903,1.3051405923983588,12.89727090358499,0.01140014547854662,0.009810245595872402,0.009373079054057598,0.010556071996688843,0.013762899674475193,0.009810245595872402,0.010403200052678585,0.01603512279689312,0.022207139059901237,0.011294090189039707,0.009088524617254734,0.011367682367563248,0.01603512279689312,0.03603920340538025,0.010615916922688484,0.009636959061026573,0.01013114396482706,0.010996010154485703,0.013084634207189083,0.019980784505605698,0.05641593039035797,0.050014927983284,0.3056749457716104,1.5913766622543335,0.3056749403476715,3.149289129036145,-0.021539044914324984,5.206107612899862,6.560645909411583,1.2601825389001569,7.762426958335053,0.031174087896943092,0.03509650006890297,0.02568112500011921,0.04822469502687454,0.04947925731539726,0.03509650006890297,0.04474279657006264,0.034676991403102875,0.04120515286922455,0.05133463442325592,0.055846232920885086,0.051516611129045486,0.034676991403102875,0.04823829606175423,0.04360374063253403,0.04474279657006264,0.06221725419163704,0.04130915179848671,0.17784936726093292,0.30359259247779846,0.31934982538223267,0.35399115085601807,0.15603125877349786,1.3804045915603638,0.1560312658548355,3.6891621290127325,-0.045388559265756925,8.84697465374052,11.348594340610775,1.282765553737917,13.5461655560635,0.012989227660000324,0.013481481932103634,0.009978138841688633,0.013790887780487537,0.012794531881809235,0.013481481932103634,0.015435676090419292,0.012007353827357292,0.018468409776687622,0.029629100114107132,0.030738066881895065,0.030617158859968185,0.012007353827357292,0.02191265858709812,0.012871287763118744,0.014644746668636799,0.020458029583096504,0.014867509715259075,0.041443098336458206,0.03978469967842102,0.04964255541563034,0.06355291604995728,0.23337122227799137,1.8617298603057861,0.23337122797966003,3.334152236521179,-0.012275060600947805,7.97754685489069,10.127139113006836,1.2694552971253716,12.029431242927563,0.02349870093166828,0.02528427354991436,0.01660631038248539,0.03329704329371452,0.02704228088259697,0.02528427354991436,0.0425407700240612,0.025385815650224686,0.029876084998250008,0.06908775866031647,0.035691697150468826,0.058480434119701385,0.025385815650224686,0.03533349931240082,0.024511555209755898,0.0425407700240612,0.0433691181242466,0.03014397621154785,0.13927868008613586,0.14884398877620697,0.1468246579170227,0.17925821244716644,000087.tdms,86,860.0
14.825374603271484,889.5224761962891,2.417574405670166,0.15082740521987842,2.927192211151123,0.15082740783691406,4.169527728003617,-0.026391112314343875,19.407561953902338,25.363519073942317,1.3068884764705027,30.57045973047109,0.016868028789758682,0.014665772207081318,0.009178752079606056,0.012345407158136368,0.02319275215268135,0.014665772207081318,0.0111875981092453,0.014159303158521652,0.018401365727186203,0.011359864845871925,0.013082562945783138,0.010694215074181557,0.014159303158521652,0.01003873161971569,0.043410155922174454,0.012408933602273464,0.010754584334790707,0.009748097509145737,0.014887051656842232,0.028295014053583145,0.06534810364246368,0.06253431737422943,0.30486191134805196,3.2637548446655273,0.3048619031906128,3.2173108061916196,-0.027476477752446122,10.705682550613526,13.518632314379863,1.2627529585776043,16.015171945323452,0.048815883696079254,0.028821611776947975,0.023762209340929985,0.04477839916944504,0.0391717329621315,0.030885739251971245,0.03875448927283287,0.033100057393312454,0.042588576674461365,0.04395870864391327,0.0446341335773468,0.04291962459683418,0.031213540583848953,0.03535360097885132,0.04871971160173416,0.039117660373449326,0.04279935359954834,0.051407407969236374,0.1816086322069168,0.33011549711227417,0.3386802673339844,0.35211190581321716,0.1555750155416417,2.363445997238159,0.15557502210140228,3.9159830688809096,-0.07145028376144474,15.191680932890872,19.534401466802745,1.285861752435152,23.332670489827077,0.014787958934903145,0.01479325257241726,0.011897830292582512,0.013248367235064507,0.015581784769892693,0.015659678727388382,0.015375635586678982,0.013730967417359352,0.012496767565608025,0.02518608421087265,0.026814404875040054,0.019944116473197937,0.013730967417359352,0.014531945809721947,0.027999013662338257,0.015375635586678982,0.016500232741236687,0.014843367040157318,0.03574545308947563,0.044517192989587784,0.058120325207710266,0.07021302729845047,0.23326556361885803,2.183856964111328,0.23326556384563446,3.3783295501366193,-0.016462638725733957,9.362106134446917,11.899039331999528,1.270978897389149,14.142589068741836,0.025426378473639488,0.0216743815690279,0.01526038907468319,0.02723260596394539,0.023706482723355293,0.022621402516961098,0.038090698421001434,0.02159695327281952,0.021349526941776276,0.059380996972322464,0.062141429632902145,0.03304407745599747,0.02159695327281952,0.024958163499832153,0.02790115214884281,0.038090698421001434,0.03388888016343117,0.031899094581604004,0.1515074074268341,0.16127534210681915,0.15723998844623566,0.19012662768363953,000088.tdms,87,870.0
14.326443672180176,859.5866203308105,2.107069253921509,0.14919694072064438,1.7530893087387085,0.14919693768024445,4.1137477067443236,-0.02175837953553514,11.750169274725172,15.381512937280513,1.3090460722439485,18.559213228032835,0.01192595437169075,0.01005717646330595,0.008858061395585537,0.020201917737722397,0.009802596643567085,0.00990885216742754,0.010854199528694153,0.011918501928448677,0.009271684102714062,0.010423354804515839,0.011060831137001514,0.010826054029166698,0.011023967526853085,0.036719027906656265,0.037890952080488205,0.010854199528694153,0.010321070440113544,0.012424805201590061,0.014304222539067268,0.02522771805524826,0.0697682648897171,0.04874048009514809,0.2980981900098136,1.8239601850509644,0.2980981767177582,3.1755570400001583,-0.02381200212004364,6.11865568519862,7.718807252698454,1.2615201197496195,9.138632632842718,0.03260617330670357,0.03651105985045433,0.02229730784893036,0.04094062000513077,0.06700387597084045,0.037316322326660156,0.03816281631588936,0.04300377517938614,0.030166037380695343,0.055245816707611084,0.05178314074873924,0.038664303719997406,0.04300377517938614,0.08067699521780014,0.057678867131471634,0.0476653017103672,0.040512990206480026,0.05150863528251648,0.17635297775268555,0.284853458404541,0.3070058822631836,0.3295108675956726,0.15479237632879725,2.0975911617279053,0.15479238331317902,4.1071431489303425,-0.07709667162877579,13.550997868734662,17.49671828457112,1.2911756354814403,20.93926198583857,0.014824706129729748,0.013490570709109306,0.011235673911869526,0.01584339328110218,0.013116803020238876,0.013490570709109306,0.014531861059367657,0.013967162929475307,0.012051788158714771,0.03023150935769081,0.03820805624127388,0.022578468546271324,0.013967162929475307,0.024293554946780205,0.02186400070786476,0.014387531206011772,0.012910084798932076,0.017140990123152733,0.040876757353544235,0.04233190417289734,0.05842868983745575,0.06461649388074875,0.23255049728815275,2.3013381958007812,0.2325505018234253,3.3723033817036137,-0.013735071444596644,9.8960794435507,12.570073105579041,1.270207376292941,14.93464325502943,0.02220272831618786,0.02556121163070202,0.017423612996935844,0.02873351238667965,0.04115123301744461,0.021116944029927254,0.02862897887825966,0.02932693436741829,0.023796698078513145,0.06419472396373749,0.07494340091943741,0.07163906842470169,0.02932693436741829,0.035759974271059036,0.029376650229096413,0.027993515133857727,0.024534158408641815,0.033330563455820084,0.1516255885362625,0.15094628930091858,0.15298503637313843,0.18520277738571167,000089.tdms,88,880.0
13.155610084533691,789.3366050720215,0.7725147008895874,0.14640335385481926,2.3871347904205322,0.14640335738658905,4.514155497934395,-0.014751599493730743,16.305191975231196,21.69520065276052,1.3305700837939933,26.414308806522648,0.010861469432711601,0.011657760478556156,0.00951130036264658,0.014080130495131016,0.010685077868402004,0.011657760478556156,0.01234614010900259,0.01570163480937481,0.011517624370753765,0.012964736670255661,0.013497326523065567,0.012254379689693451,0.011440470814704895,0.011520713567733765,0.010347889736294746,0.01234614010900259,0.012776095420122147,0.012898980639874935,0.016874240711331367,0.02674233168363571,0.09978023171424866,0.07082794606685638,0.746919305037949,4.0359601974487305,0.7469193339347839,3.2652601064704685,0.11249940828006647,5.403475543109271,6.849736125203204,1.2676537666462215,8.131760172450694,0.13687805831432343,0.060701340436935425,0.07105295360088348,0.1919611096382141,0.08222460746765137,0.0682339295744896,0.0925595760345459,0.11983603984117508,0.08791689574718475,0.12012559175491333,0.08095824718475342,0.1922791302204132,0.11983603984117508,0.10373236238956451,0.10090373456478119,0.0857895165681839,0.10313759744167328,0.09812100231647491,1.4503865242004395,1.911784052848816,2.620577812194824,2.8656153678894043,0.2623827326054499,2.9991536140441895,0.26238274574279785,3.426766029266119,-0.02382764799738699,11.43045346110514,14.58374456052648,1.2758675419265884,17.38049396018573,0.04870970547199249,0.025246432051062584,0.02260548062622547,0.03979036584496498,0.0246990118175745,0.025246432051062584,0.028775285929441452,0.040731944143772125,0.030130533501505852,0.04539221525192261,0.042141735553741455,0.2667890191078186,0.040731944143772125,0.022004833444952965,0.039427340030670166,0.027208078652620316,0.02747436612844467,0.024019872769713402,0.5754832029342651,0.13606688380241394,0.17437756061553955,0.2040797770023346,0.5171929995886907,2.897599697113037,0.5171930193901062,3.4686678144076666,0.006232318900969276,5.602550110727365,7.169243735586734,1.2796393774077228,8.55631528680968,0.09192062169313431,0.04151860997080803,0.05277371034026146,0.0707361251115799,0.05009803920984268,0.05407179892063141,0.06108808517456055,0.08761856704950333,0.06021017208695412,0.09648719429969788,0.11999065428972244,0.5011477470397949,0.08761856704950333,0.05602692440152168,0.06676637381315231,0.06108808517456055,0.05385423079133034,0.05936741456389427,2.025982141494751,0.5736280679702759,0.8997156620025635,0.9420581459999084,000090.tdms,89,890.0
17.520492553710938,1051.2295532226562,0.042125701904296875,20.91923468683337,330.2498779296875,20.919235229492188,69.44062133703385,-3.594354233917549,15.786900566565553,91.87031213272924,5.819401455362157,514.7441288840395,1.3631274700164795,0.917400598526001,0.7345536947250366,1.7638130187988281,2.0742430686950684,0.917400598526001,3.4980998039245605,2.333629846572876,0.9359132051467896,4.781357288360596,5.0849928855896,2.769364595413208,2.333629846572876,1.937328815460205,2.097266912460327,3.4980998039245605,3.2069337368011475,3.9223248958587646,831.143798828125,680.10888671875,374.32000732421875,281.1351623535156,19.789430297855265,345.94683837890625,19.789430618286133,76.77275090029084,-3.981728502731868,17.481394520811406,92.25285974694341,5.27720255023805,319.94442608862886,2.2045559883117676,1.0393682718276978,0.8395141363143921,1.6098724603652954,1.456316590309143,1.1015470027923584,3.0374813079833984,1.782395362854004,1.104851245880127,5.600030422210693,6.080849647521973,4.04958963394165,1.6340019702911377,2.3872551918029785,2.240731716156006,3.0374813079833984,2.720898151397705,3.2088825702667236,1230.302734375,752.9608154296875,550.6492309570312,373.2065734863281,0.26792987619369185,2.982654333114624,0.26792988181114197,3.468841086087094,0.04656397411209655,11.132220025206909,14.240238506734752,1.2791912551575781,16.99556172712283,0.03819175064563751,0.025466840714216232,0.022076794877648354,0.025801273062825203,0.022808203473687172,0.025466840714216232,0.027403689920902252,0.022032348439097404,0.019150350242853165,0.07746109366416931,0.06351695209741592,0.042517174035310745,0.022032348439097404,0.028041403740644455,0.03632207214832306,0.03759755939245224,0.0510682612657547,0.030608396977186203,0.6223254799842834,0.21125809848308563,0.16214129328727722,0.21914488077163696,0.5622091866127723,3.707542657852173,0.5622091889381409,3.584155340864733,-0.07967538148726563,6.594596364014563,8.482487193713313,1.2862784506418932,10.150400757752216,0.10342159122228622,0.0626717284321785,0.03694011643528938,0.0658482164144516,0.052855465561151505,0.0626717284321785,0.07329153269529343,0.04740104451775551,0.049598343670368195,0.31658366322517395,0.16984082758426666,0.1086963340640068,0.07770109176635742,0.11254584044218063,0.12730956077575684,0.09193426370620728,0.10014991462230682,0.06929890811443329,2.3851418495178223,1.2498136758804321,1.3570996522903442,1.5147881507873535,000091.tdms,90,900.0
17.520896911621094,1051.2538146972656,3.814697265625e-06,0.2369210867221788,2.5872318744659424,0.23692108690738678,3.2478193151266344,-0.021011633399798415,10.92022626715288,13.821140033834396,1.2656459395358153,16.395417153867164,0.02035091444849968,0.019281046465039253,0.017470454797148705,0.017236514016985893,0.026375966146588326,0.018085472285747528,0.01882210001349449,0.01933238096535206,0.020491426810622215,0.024186983704566956,0.026368120685219765,0.020520318299531937,0.019480714574456215,0.01714157499372959,0.05268406867980957,0.031302791088819504,0.02068347856402397,0.0193755105137825,0.06937988102436066,0.08841337263584137,0.09019865095615387,0.13913756608963013,0.8225033160551527,4.221461296081543,0.8225033283233643,3.2164612765749276,-0.0629630086449843,5.132455047510683,6.497662151030227,1.265994946060305,7.709593403528009,0.16589902341365814,0.1803826093673706,0.08765696734189987,0.10591050237417221,0.1390344351530075,0.1803826093673706,0.12728770077228546,0.10828572511672974,0.10966970771551132,0.2158699631690979,0.141511470079422,0.1430787593126297,0.10969783365726471,0.14660590887069702,0.17344290018081665,0.2545152008533478,0.1628572940826416,0.12810570001602173,2.6411566734313965,3.3984782695770264,3.8834800720214844,3.7529215812683105,0.24072459067288968,2.399747371673584,0.2407245635986328,3.3847015207228193,-0.024685196621165355,9.968850149316477,12.665137831129734,1.2704712821867556,15.047928295858918,0.03854695335030556,0.02920275367796421,0.020899618044495583,0.026523850858211517,0.02119200862944126,0.028970930725336075,0.03625769540667534,0.023572897538542747,0.029536757618188858,0.06718794256448746,0.04970655217766762,0.032716695219278336,0.024777229875326157,0.028070444241166115,0.04119548574090004,0.0668381080031395,0.03668436035513878,0.02972012758255005,0.19180244207382202,0.1611596941947937,0.15495574474334717,0.21231143176555634,0.5416470365146195,3.5102288722991943,0.5416470170021057,3.552944164133881,-0.12900528104043446,6.480657394318542,8.296816266428538,1.2802430003015104,9.897860114948973,0.0835317000746727,0.05292966216802597,0.04738417640328407,0.052714329212903976,0.0569164976477623,0.053456854075193405,0.05722754821181297,0.08017250895500183,0.06223054975271225,0.2522132396697998,0.09960560500621796,0.09113306552171707,0.08454355597496033,0.0949399545788765,0.1254182755947113,0.09648551791906357,0.08758917450904846,0.05883199721574783,1.7063851356506348,1.0630954504013062,1.2095898389816284,1.429079294204712,000092.tdms,91,910.0
17.58919906616211,1055.3519439697266,3.814697265625e-06,0.24268526791733105,1.5951844453811646,0.24268527328968048,3.2215491286828555,-0.0062925240026670696,6.573058426952197,8.308023992693665,1.26395103360521,9.844999961960035,0.023282848298549652,0.018543150275945663,0.01649453677237034,0.02008223347365856,0.024156054481863976,0.018543150275945663,0.017899570986628532,0.019140277057886124,0.022641582414507866,0.024702873080968857,0.03040929324924946,0.021517468616366386,0.019140277057886124,0.02012708969414234,0.05265001580119133,0.033478204160928726,0.02210964635014534,0.0186383668333292,0.06623736023902893,0.0901339054107666,0.10428941249847412,0.1425471305847168,0.8537635006821537,4.5747599601745605,0.8537635207176208,3.1689503288312464,0.028351491061129958,5.358345673619621,6.771136783309027,1.2636618082787947,8.02750472178055,0.16854310035705566,0.08773966878652573,0.06343764066696167,0.11732575297355652,0.20317253470420837,0.08773966878652573,0.13142815232276917,0.14920902252197266,0.1174066960811615,0.21618637442588806,0.18490009009838104,0.1580006629228592,0.14920902252197266,0.1852962076663971,0.23370668292045593,0.2314864844083786,0.14595738053321838,0.12093321979045868,2.606691837310791,3.6927378177642822,4.702387809753418,3.5794732570648193,0.2383734102721232,1.9480948448181152,0.23837341368198395,3.317227669133092,0.0033269260123368377,8.17245028543327,10.359318363636595,1.267590257734726,12.295750540134975,0.02568766474723816,0.026902440935373306,0.02550700679421425,0.028518596664071083,0.028576837852597237,0.026902440935373306,0.030217153951525688,0.02698315866291523,0.026520781219005585,0.052627116441726685,0.049766656011343,0.03668392449617386,0.02698315866291523,0.04662114381790161,0.0397217720746994,0.05466165393590927,0.039750855416059494,0.02826978825032711,0.12847267091274261,0.1795533448457718,0.170064777135849,0.20578604936599731,0.5358539961108193,3.45068359375,0.5358539819717407,3.6324734382469033,-0.1478654042057928,6.439596641612743,8.241919769755873,1.2798813696647546,9.821851218932721,0.1007641926407814,0.10701408982276917,0.05702141299843788,0.06296511739492416,0.0990474745631218,0.10701408982276917,0.05652281269431114,0.07318656146526337,0.09407501667737961,0.20667602121829987,0.08249067515134811,0.10316868126392365,0.05578271672129631,0.08968772739171982,0.15121790766716003,0.10323454439640045,0.11570539325475693,0.06361934542655945,1.1076488494873047,1.0478672981262207,1.3597073554992676,1.5825061798095703,000093.tdms,92,920.0
17.588003158569336,1055.2801895141602,1.9073486328125e-06,0.2542840347915772,1.8944731950759888,0.2542840242385864,3.259464664100331,-0.047826449659822606,7.450224693142004,9.424978219703148,1.2650595932199094,11.175099203768752,0.0222932081669569,0.022136975079774857,0.017270611599087715,0.02191580832004547,0.0239732526242733,0.022136975079774857,0.021156365051865578,0.020570183172822,0.021357256919145584,0.03288579359650612,0.025585012510418892,0.026383912190794945,0.02315196767449379,0.022384919226169586,0.047783464193344116,0.04097707197070122,0.025735078379511833,0.021243523806333542,0.07716342061758041,0.10055119544267654,0.11459444463253021,0.1620374619960785,0.8643816670610954,4.792677402496338,0.8643816709518433,3.155454060738461,-0.012203180335345752,5.544631017906106,7.001481314298114,1.2627497288254501,8.29691206220713,0.20087586343288422,0.236378014087677,0.06100853905081749,0.1461445391178131,0.1733456403017044,0.236378014087677,0.15531669557094574,0.17568135261535645,0.104762963950634,0.22621920704841614,0.14844845235347748,0.19002391397953033,0.17568135261535645,0.14512468874454498,0.22023583948612213,0.3316110372543335,0.14971311390399933,0.11378537118434906,3.285917282104492,3.717090129852295,4.252035140991211,3.605581283569336,0.2379363878828852,2.273054599761963,0.23793639242649078,3.2982183227396633,-0.031873706454093036,9.55320293792467,12.098375386912252,1.2664208502138752,14.351238397778207,0.031292498111724854,0.038906749337911606,0.02251848764717579,0.02310509979724884,0.024702606722712517,0.038906749337911606,0.024377064779400826,0.02970522828400135,0.03074781596660614,0.0814487487077713,0.0690072551369667,0.031058520078659058,0.03406764566898346,0.039185892790555954,0.036114227026700974,0.05821638181805611,0.04501377418637276,0.027682917192578316,0.12878745794296265,0.14685556292533875,0.1525716483592987,0.20463719964027405,0.5199044400221647,3.786651372909546,0.5199044346809387,3.408771578721419,-0.08624633197758287,7.283360328194374,9.274774992118273,1.2734197642556555,11.034445184448291,0.1003790870308876,0.10680874437093735,0.06701454520225525,0.057169295847415924,0.12733666598796844,0.10680874437093735,0.05580376833677292,0.055040713399648666,0.06160334125161171,0.21178381145000458,0.0890263244509697,0.08595813810825348,0.08583509922027588,0.07248261570930481,0.13686540722846985,0.14685526490211487,0.09279035031795502,0.04952816665172577,1.0489063262939453,0.9205902814865112,1.0476998090744019,1.3562358617782593,000094.tdms,93,930.0
17.58919906616211,1055.3519439697266,3.814697265625e-06,0.26292597914151883,1.8684602975845337,0.26292598247528076,3.270763622102053,-0.024334545818792196,7.1064118642260246,8.99470203844121,1.2657163995406624,10.667971940823282,0.026319604367017746,0.038867972791194916,0.0184986162930727,0.023718899115920067,0.0216074138879776,0.038867972791194916,0.024122269824147224,0.021604841575026512,0.02398497611284256,0.034169767051935196,0.028303751721978188,0.025637254118919373,0.02295350283384323,0.023555342108011246,0.040285829454660416,0.03466508165001869,0.03374346345663071,0.023965543136000633,0.09672053158283234,0.11625123023986816,0.12748172879219055,0.18161486089229584,0.9120668977244392,4.58247709274292,0.9120668768882751,3.2122235878821974,-0.004104258932046988,5.02427739037122,6.3632137863051526,1.2664933266821488,7.5541681998299435,0.25293782353401184,0.347460001707077,0.08059507608413696,0.13925236463546753,0.19600142538547516,0.347460001707077,0.1118042841553688,0.1161886528134346,0.1498652845621109,0.2204340100288391,0.14562951028347015,0.1326296180486679,0.1242729127407074,0.11812714487314224,0.21616896986961365,0.2662533223628998,0.19250008463859558,0.14720234274864197,3.617816209793091,3.559969425201416,5.097406387329102,5.299620628356934,0.2527067166366082,1.597133755683899,0.25270670652389526,3.201321619630049,-0.03025332379304421,6.3201080562515255,7.980293672467929,1.2626831062760444,9.453753448543488,0.05048493295907974,0.023363398388028145,0.022545358166098595,0.028989695012569427,0.03125293180346489,0.023489579558372498,0.028751719743013382,0.03565668687224388,0.03145726025104523,0.04529011249542236,0.04271220415830612,0.03174029290676117,0.03565668687224388,0.039534974843263626,0.040369097143411636,0.046496376395225525,0.036983076483011246,0.029636673629283905,0.1512148082256317,0.18964536488056183,0.20085212588310242,0.23620349168777466,0.5600318802546426,3.256995916366577,0.5600318908691406,3.4162659837998053,0.018376720702263708,5.815733052349884,7.420919894997112,1.2760076551310486,8.838728152810518,0.14804762601852417,0.20674218237400055,0.05122586712241173,0.06546490639448166,0.10775165259838104,0.20674218237400055,0.07052432000637054,0.07170600444078445,0.06308987736701965,0.21407343447208405,0.12470775842666626,0.10747889429330826,0.061866745352745056,0.11354236304759979,0.12836284935474396,0.08352571725845337,0.07207254320383072,0.07113327085971832,1.7157667875289917,1.159775972366333,1.4811267852783203,1.6797146797180176,000095.tdms,94,940.0
13.269044876098633,796.142692565918,9.5367431640625e-07,0.1794673566277596,1.8189945220947266,0.1794673502445221,3.633562913119001,-0.013589204342200225,10.135517434892495,13.00538281666504,1.2831493705385733,15.527343410292598,0.01402395311743021,0.01248603593558073,0.013418935239315033,0.0168845783919096,0.014399100095033646,0.01248603593558073,0.016726907342672348,0.015367288142442703,0.013383595272898674,0.01453485619276762,0.016765741631388664,0.015516476705670357,0.0138765973970294,0.013260137289762497,0.013000900857150555,0.016726907342672348,0.012800076976418495,0.015080193057656288,0.026614168658852577,0.040428318083286285,0.0783538669347763,0.0866464227437973,0.33689533126287563,1.8489073514938354,0.33689531683921814,3.159499474942424,-0.008262049947685724,5.488076503058316,6.923870503752887,1.261620624255958,8.200487366944678,0.04011271521449089,0.03424606844782829,0.02918294072151184,0.04280197620391846,0.05465555563569069,0.03424606844782829,0.09783903509378433,0.04652054235339165,0.043599724769592285,0.07472148537635803,0.08635861426591873,0.052056655287742615,0.04652054235339165,0.04562927410006523,0.06635650247335434,0.09783903509378433,0.05557810142636299,0.06695607304573059,0.33209043741226196,0.43830227851867676,0.4891504943370819,0.47994762659072876,0.16718996616576745,1.6178399324417114,0.16718997061252594,4.025406315939695,-0.05772852493459137,9.6766568565343,12.471430775262247,1.288816061183438,14.90354943800099,0.022012604400515556,0.01278493832796812,0.014815105125308037,0.016713391989469528,0.01605585217475891,0.013964909128844738,0.035772569477558136,0.016095485538244247,0.016321076080203056,0.036462850868701935,0.05330665037035942,0.02412167191505432,0.016095485538244247,0.016847288236021996,0.016524741426110268,0.035772569477558136,0.020549897104501724,0.026031306013464928,0.04758390039205551,0.06253247708082199,0.07755091786384583,0.10257481038570404,0.2511899612346042,2.2298824787139893,0.2511899471282959,3.3458670955386847,-0.008070209821704019,8.877275460189841,11.268592495982626,1.2693751079953135,13.383074508713584,0.026013962924480438,0.026384755969047546,0.019769061356782913,0.026282669976353645,0.03603670001029968,0.026384755969047546,0.05419250950217247,0.029365219175815582,0.029574662446975708,0.09102776646614075,0.09219717234373093,0.037042707204818726,0.025212179869413376,0.02925141155719757,0.02908274717628956,0.05419250950217247,0.042359109967947006,0.03795556351542473,0.1619003564119339,0.15999019145965576,0.17736732959747314,0.25731921195983887,000096.tdms,95,950.0
13.270264625549316,796.215877532959,0.0,0.18005570750018565,1.3746793270111084,0.18005570769309998,3.636966930635986,-0.014619027094680628,7.634744524883728,9.801562416330999,1.2838101372462454,11.70791447919765,0.016961142420768738,0.011776945553719997,0.01318005844950676,0.014698478393256664,0.015300886705517769,0.011508379131555557,0.014506884850561619,0.014808264560997486,0.013630218803882599,0.016778871417045593,0.01570739969611168,0.01553685124963522,0.014869960956275463,0.014885548502206802,0.014283034019172192,0.015409501269459724,0.016505397856235504,0.015212680213153362,0.027110032737255096,0.04214051365852356,0.07842563092708588,0.08833353221416473,0.3403529922838847,1.8690086603164673,0.34035298228263855,3.114289768468439,-0.004334489343460864,5.491383071953567,6.914125455825951,1.2590863476887695,8.179509837463515,0.05077936500310898,0.036584384739398956,0.028141440823674202,0.03985414281487465,0.04632633179426193,0.036584384739398956,0.07642460614442825,0.04505380615592003,0.043659940361976624,0.0820697695016861,0.06639392673969269,0.05623684078454971,0.044333115220069885,0.05186769738793373,0.052065763622522354,0.07642460614442825,0.04694076627492905,0.06095908209681511,0.3229856491088867,0.42160850763320923,0.45939165353775024,0.48748576641082764,0.1663228390070064,1.6239752769470215,0.16632284224033356,3.9358438359923142,-0.055786322972267446,9.763994449845887,12.559312869318221,1.2862884072528795,14.998383026273597,0.025803590193390846,0.015962395817041397,0.012474065646529198,0.01589338295161724,0.015839697793126106,0.01517452672123909,0.02720082364976406,0.016117608174681664,0.0143897021189332,0.0313928946852684,0.057710982859134674,0.01844870299100876,0.015540090389549732,0.016742317005991936,0.016493123024702072,0.02720082364976406,0.01907472312450409,0.019132211804389954,0.04894024878740311,0.058983735740184784,0.07981336116790771,0.09936303645372391,0.249517989406435,1.5893402099609375,0.2495179921388626,3.296281060137132,-0.007970657549368793,6.369641779102717,8.071874231144688,1.2672414730804158,9.57856578392117,0.025369441136717796,0.022088294848799706,0.02253742702305317,0.0312776081264019,0.028820177540183067,0.023452045395970345,0.05214342474937439,0.02991635724902153,0.029622763395309448,0.10590405017137527,0.08514009416103363,0.0451471209526062,0.024330679327249527,0.02449040301144123,0.028645487502217293,0.05214342474937439,0.03199666738510132,0.03326234966516495,0.1559252142906189,0.15928706526756287,0.17764608561992645,0.2605569362640381,000097.tdms,96,960.0
13.218019485473633,793.081169128418,9.5367431640625e-07,0.18125514689076577,1.4929522275924683,0.18125514686107635,3.682147893073901,-0.016010506530813356,8.236743911565737,10.580543290480108,1.284554115567839,12.636431091667433,0.014057005755603313,0.013457690365612507,0.013574093580245972,0.015520760789513588,0.01567595638334751,0.013457690365612507,0.015334167517721653,0.015059084631502628,0.014009686186909676,0.014141913503408432,0.02118467167019844,0.016306007280945778,0.014205513522028923,0.01363285444676876,0.01427344512194395,0.017101451754570007,0.016714967787265778,0.015231884084641933,0.028900831937789917,0.0414542555809021,0.08077004551887512,0.08944473415613174,0.3319049595027539,1.9421284198760986,0.33190494775772095,3.1577843762230446,-0.01975703038372372,5.851459474379998,7.378848468742403,1.2610270140381077,8.735580063445983,0.03908640518784523,0.03888576105237007,0.03744645044207573,0.036905303597450256,0.051133617758750916,0.03888576105237007,0.09599272161722183,0.03940742462873459,0.037512749433517456,0.07533980160951614,0.06738213449716568,0.0562482513487339,0.03940742462873459,0.06112239137291908,0.06571824103593826,0.09599272161722183,0.061364542692899704,0.06659640371799469,0.27918189764022827,0.41648030281066895,0.4324600100517273,0.4595797657966614,0.1697608250318156,1.8909976482391357,0.1697608232498169,3.9533123958408694,-0.0742590991601919,11.139187429636582,14.319422613463491,1.2854997461812763,17.093001539810366,0.018674323335289955,0.015764394775032997,0.014077508822083473,0.017006952315568924,0.015396214090287685,0.016210975125432014,0.02518448978662491,0.021666303277015686,0.018681161105632782,0.052469030022621155,0.06408452242612839,0.0315367728471756,0.021666303277015686,0.018131664022803307,0.017217228189110756,0.025961626321077347,0.018269957974553108,0.022323621436953545,0.053209781646728516,0.06610357016324997,0.08262600749731064,0.11169326305389404,0.2529630602172584,1.8478401899337769,0.2529630661010742,3.310947216016023,-0.0039080388908541925,7.304782715495106,9.268774101762403,1.2688637653932162,11.006774350035966,0.026460641995072365,0.026172863319516182,0.020593322813510895,0.027395207434892654,0.028661374002695084,0.026172863319516182,0.05293642729520798,0.02539443038403988,0.02952030673623085,0.10661794990301132,0.10762407630681992,0.050400130450725555,0.02539443038403988,0.03433840721845627,0.0332476831972599,0.05293642729520798,0.0499478317797184,0.057561006397008896,0.1774645745754242,0.18805211782455444,0.19937947392463684,0.28272518515586853,000098.tdms,97,970.0
13.236348152160645,794.1808891296387,9.5367431640625e-07,0.1505706378571239,2.5863592624664307,0.15057063102722168,4.152978902029619,-0.02069688957843101,17.177049252594788,22.469075569462973,1.3080870433010352,27.094847453942954,0.012472312897443771,0.010320988483726978,0.009932151064276695,0.012541761621832848,0.011553801596164703,0.010320988483726978,0.012567618861794472,0.012790704146027565,0.011701107956469059,0.012178313918411732,0.01173490472137928,0.013207826763391495,0.012790704146027565,0.012007279321551323,0.011682618409395218,0.01118528563529253,0.013155864551663399,0.012818899005651474,0.017730116844177246,0.028214842081069946,0.0770697146654129,0.06972559541463852,0.3326722521178446,1.828628659248352,0.33267223834991455,3.0948390799555265,-0.007498673787328068,5.49678744652435,6.915201416611875,1.2580441728712644,8.177964887922755,0.041876018047332764,0.036798153072595596,0.02659776620566845,0.03994587063789368,0.043358419090509415,0.036798153072595596,0.0774058997631073,0.046203091740608215,0.05064248666167259,0.0690975934267044,0.0759805291891098,0.05226290225982666,0.046203091740608215,0.044840943068265915,0.054984744638204575,0.0774058997631073,0.05910930782556534,0.04662483558058739,0.25224995613098145,0.37154099345207214,0.4409765601158142,0.4771174192428589,0.16864227392973402,1.9915988445281982,0.16864226758480072,3.840464492915153,-0.052091907251131345,11.809606204420676,15.152739538030216,1.2830859281622877,18.077117390618195,0.02243075892329216,0.01851019822061062,0.015096857212483883,0.015729768201708794,0.014696341007947922,0.015098780393600464,0.033850084990262985,0.019473450258374214,0.014788162894546986,0.040810953825712204,0.052217818796634674,0.035064760595560074,0.016178583726286888,0.018842196092009544,0.016467591747641563,0.033850084990262985,0.02797538973391056,0.022344179451465607,0.05143303424119949,0.06533223390579224,0.08385311812162399,0.10862432420253754,0.25244022568328883,1.863539457321167,0.2524402141571045,3.285008503494979,-0.01540426299362022,7.382101851149353,9.353662875514251,1.2670731268843083,11.09913676152631,0.025596097111701965,0.03022116608917713,0.024066859856247902,0.03433014079928398,0.029605090618133545,0.03022116608917713,0.057851411402225494,0.031272176653146744,0.025195395573973656,0.1148039698600769,0.09737632423639297,0.05588372051715851,0.031272176653146744,0.03389891982078552,0.02918997034430504,0.057851411402225494,0.04965658858418465,0.049288310110569,0.17110346257686615,0.19211909174919128,0.1986389458179474,0.2763490080833435,000099.tdms,98,980.0
13.218564987182617,793.113899230957,0.017273008823394775,0.16165783052613872,1.2478917837142944,0.16165782511234283,4.32382883100831,-0.009799665224808764,7.719340162198458,10.176350823000886,1.3182928345138085,12.318568096487814,0.013508779928088188,0.011671217158436775,0.010844562202692032,0.012725546956062317,0.011122545227408409,0.011671217158436775,0.014043566770851612,0.014767329208552837,0.011196520179510117,0.014059300534427166,0.01269987877458334,0.015001391991972923,0.013034473173320293,0.01304064691066742,0.012596921063959599,0.014043566770851612,0.0135869849473238,0.013200050219893456,0.021317820996046066,0.033809177577495575,0.10639988631010056,0.08184324204921722,0.3320569982081878,1.8214327096939087,0.33205699920654297,3.157705604432618,-0.007687072635750183,5.485301377542225,6.916179831353646,1.2608568527646786,8.18742888989216,0.039384227246046066,0.03444962948560715,0.02791532874107361,0.04159850999712944,0.051825106143951416,0.03600780665874481,0.08445098251104355,0.037739984691143036,0.045946430414915085,0.06865569204092026,0.056488607078790665,0.04682908579707146,0.037739984691143036,0.0493428073823452,0.04579470679163933,0.08445098251104355,0.04472360014915466,0.06611114740371704,0.24523329734802246,0.3494103252887726,0.4108164608478546,0.48049819469451904,0.18074602896732553,2.061624050140381,0.18074603378772736,3.835268405448609,-0.04237120308728578,11.406192777342136,14.66053245252817,1.2853134028780073,17.5049217853763,0.018310973420739174,0.016165554523468018,0.01692812517285347,0.019006231799721718,0.01825113222002983,0.018649285659193993,0.026091132313013077,0.019989660009741783,0.01647690124809742,0.0398733988404274,0.037068404257297516,0.029877638444304466,0.019989660009741783,0.01847275346517563,0.017599863931536674,0.028210587799549103,0.019050439819693565,0.01941973902285099,0.06549743562936783,0.07481348514556885,0.10494604706764221,0.12515655159950256,0.26765883404964724,1.8573423624038696,0.2676588296890259,3.3779462602585086,-0.007435381361918395,6.939215621253721,8.824704103627361,1.2717149293644496,10.4923708472929,0.025688214227557182,0.02758730575442314,0.020369114354252815,0.03179308772087097,0.034136734902858734,0.033360954374074936,0.06012070178985596,0.030501704663038254,0.03138987347483635,0.10073737055063248,0.08314542472362518,0.0387854240834713,0.030501704663038254,0.03062800131738186,0.03311494365334511,0.06012070178985596,0.03455715999007225,0.04454569146037102,0.20421089231967926,0.22023284435272217,0.2511752247810364,0.31821292638778687,000100.tdms,99,990.0
14.402998924255371,864.1799354553223,2.303605794906616,0.16202525173734814,1.5626243352890015,0.16202525794506073,4.333324480628477,-0.024271748823703556,9.64432592162919,12.713194774719707,1.3182045980225543,15.388726192206569,0.07002408802509308,0.02697472646832466,0.010389575734734535,0.013864078558981419,0.030828896909952164,0.04477626457810402,0.013607338070869446,0.014036043547093868,0.012094502337276936,0.015069953165948391,0.011836661025881767,0.01308867335319519,0.012418723665177822,0.01959920860826969,0.039594490081071854,0.013607338070869446,0.013499308377504349,0.012739771977066994,0.0198837723582983,0.0350150465965271,0.09181860834360123,0.08456926792860031,0.3276876759591395,2.0087831020355225,0.32768768072128296,3.18942571702097,-0.012910394666822794,6.1301759248523116,7.73808100261841,1.2622934639196077,9.164771697153995,0.07304929941892624,0.03640452027320862,0.028405651450157166,0.03679608926177025,0.040919482707977295,0.04364217072725296,0.04386301338672638,0.037697046995162964,0.03723665326833725,0.05082608759403229,0.050003182142972946,0.04083073511719704,0.037697046995162964,0.05432464927434921,0.04654831439256668,0.04898901283740997,0.05086132884025574,0.049478087574243546,0.2369985729455948,0.34374797344207764,0.36488083004951477,0.4310951828956604,0.17771758534704013,3.2224082946777344,0.17771758139133453,4.874972056511423,-0.17086936570435224,18.132185896995722,23.500650132879226,1.2960737478856863,28.128352970065375,0.04518118128180504,0.019825542345643044,0.01298048160970211,0.016991563141345978,0.02116929553449154,0.026734767481684685,0.02374509908258915,0.01693144626915455,0.016777364537119865,0.032068632543087006,0.03408605605363846,0.02952093631029129,0.01693144626915455,0.020306965336203575,0.030749214813113213,0.02374509908258915,0.019784852862358093,0.018435288220643997,0.05794502794742584,0.06561478972434998,0.08339235186576843,0.10741724818944931,0.2612714360993174,2.6546576023101807,0.2612714469432831,3.4495288674281457,-0.01761374419578176,10.160535119886058,12.933991729990094,1.2729636360073069,15.379070924883873,0.061688803136348724,0.030768664553761482,0.019348246976733208,0.029911799356341362,0.03611590340733528,0.035429004579782486,0.039518244564533234,0.027022728696465492,0.02389013208448887,0.0578637532889843,0.06742962449789047,0.04004983976483345,0.027022728696465492,0.03435543552041054,0.034785959869623184,0.039518244564533234,0.043905261904001236,0.03359191492199898,0.2027643620967865,0.21173274517059326,0.21279005706310272,0.25738680362701416,000101.tdms,100,1000.0
13.205201148986816,792.312068939209,1.0325288772583008,0.1562960080122076,2.3116674423217773,0.1562960147857666,4.758819080316349,-0.004519391539170715,14.790316603231625,19.837338895459066,1.3412382863477503,24.248188709497125,0.015255115926265717,0.011052951216697693,0.010827266611158848,0.012747441418468952,0.011438872665166855,0.010756559669971466,0.012233845889568329,0.012741527520120144,0.011302566155791283,0.01296133641153574,0.012237627059221268,0.012866664677858353,0.012741527520120144,0.012654980644583702,0.013223237358033657,0.011478866450488567,0.013639007695019245,0.012493418529629707,0.01829507015645504,0.028916506096720695,0.13112226128578186,0.07879269123077393,0.9459774106455826,5.3025383949279785,0.9459773898124695,3.223023187047039,-0.003489743203641623,5.605354139808962,7.104097804546784,1.2673771589369913,8.437246544366193,0.12534190714359283,0.12709875404834747,0.09172633290290833,0.17639444768428802,0.11359978467226028,0.12709875404834747,0.1413617730140686,0.21888449788093567,0.11293694376945496,0.1261449158191681,0.1553826630115509,0.2391788363456726,0.32834693789482117,0.09669112414121628,0.21568070352077484,0.1009167730808258,0.3205399811267853,0.15546061098575592,2.726935863494873,3.0679409503936768,5.637418746948242,5.337757110595703,0.26934798547743083,2.4976673126220703,0.26934799551963806,3.408999646740293,-0.05961888127923246,9.273012783796576,11.753851008573692,1.2675331397269365,13.943814439793043,0.03948528319597244,0.026837870478630066,0.024679217487573624,0.03569129854440689,0.029508084058761597,0.026837870478630066,0.0322335809469223,0.03385214880108833,0.026009663939476013,0.038238774985075,0.04167449101805687,0.04660845920443535,0.03385214880108833,0.036829154938459396,0.05623169615864754,0.029790859669446945,0.06003858894109726,0.0336093045771122,0.1490011066198349,0.16967059671878815,0.2609216570854187,0.2630252540111542,0.5787233143415377,3.803823709487915,0.5787233114242554,3.3559458164248506,0.03216903081549684,6.572784636844718,8.364936396800912,1.2726624800560211,9.95267362645863,0.10262896120548248,0.05442352220416069,0.06378337740898132,0.10332494229078293,0.07105818390846252,0.0595959909260273,0.06278833001852036,0.09572134166955948,0.062295641750097275,0.14983299374580383,0.10778964310884476,0.2482272982597351,0.11877040565013885,0.08003165572881699,0.14318187534809113,0.06311331689357758,0.1510104089975357,0.07426440715789795,1.6150269508361816,0.9591048359870911,1.6907339096069336,1.4893779754638672,000102.tdms,101,1010.0
16.898853302001953,1013.9311981201172,2.651108503341675,0.15977828854689372,0.9708154201507568,0.15977828204631805,4.672663523650193,-0.004760846626847377,6.076015890393205,8.13594593112915,1.339026440663676,9.937747233752932,0.010130597278475761,0.008246975019574165,0.006943344138562679,0.009872781112790108,0.008910941891372204,0.008863167837262154,0.009571378119289875,0.012979649007320404,0.00860683899372816,0.01156078465282917,0.010103078559041023,0.009579568170011044,0.00995702389627695,0.06762444227933884,0.06488104909658432,0.010103392414748669,0.010276076383888721,0.010227045975625515,0.01258475799113512,0.036440737545490265,0.04967968165874481,0.053222671151161194,0.8645840648663349,4.569309234619141,0.8645840883255005,3.224345694763207,0.03255669868281204,5.284979703304569,6.687324192338097,1.2653452932197027,7.931585999135761,0.15207688510417938,0.11528230458498001,0.0739271342754364,0.1483776867389679,0.11128314584493637,0.11528230458498001,0.1162782683968544,0.11691915988922119,0.1097869947552681,0.19613096117973328,0.18012887239456177,0.16589879989624023,0.11691915988922119,0.1358330398797989,0.19655579328536987,0.2543911337852478,0.1285882294178009,0.19785834848880768,3.096902847290039,3.4360549449920654,4.095720291137695,3.9623098373413086,0.2608576886675796,1.5048723220825195,0.2608577013015747,3.2619983610402827,-0.011562311392265302,5.768939875873212,7.30555368880277,1.2663598245070926,8.66720450878042,0.03213857486844063,0.0276667270809412,0.029466183856129646,0.03506600484251976,0.02720026671886444,0.0276667270809412,0.03385702893137932,0.026496971026062965,0.03051193431019783,0.0607789121568203,0.035212960094213486,0.037138596177101135,0.026496971026062965,0.03553036227822304,0.04537665471434593,0.05084141343832016,0.03337496519088745,0.03158436343073845,0.15260633826255798,0.18230164051055908,0.20839589834213257,0.23663994669914246,0.5324654699153226,3.3964145183563232,0.5324654579162598,3.250027275835223,-0.03663356068493707,6.378656852427353,8.077723220535102,1.2663674198842003,9.584201604404306,0.06522127985954285,0.08424916118383408,0.05982223153114319,0.06986023485660553,0.05729035288095474,0.08424916118383408,0.05014437809586525,0.09386010468006134,0.0648113340139389,0.2032216489315033,0.08668766170740128,0.09248743206262589,0.09386010468006134,0.08093050867319107,0.1345144361257553,0.1412411630153656,0.07822395116090775,0.07558117061853409,0.9494355916976929,0.9476247429847717,1.1301114559173584,1.3181591033935547,000103.tdms,102,1020.0
17.58919906616211,1055.3519439697266,3.814697265625e-06,0.27949711484051176,1.729404330253601,0.2794971168041229,3.3308644011854973,-0.01014243157165951,6.187557003013944,7.849450736966708,1.2685864119139847,9.319482578738135,0.02674950659275055,0.027709215879440308,0.0185099970549345,0.022738123312592506,0.023133963346481323,0.027709215879440308,0.025275997817516327,0.023515915498137474,0.022815680131316185,0.026446305215358734,0.03174852579832077,0.022921545431017876,0.023515915498137474,0.030069854110479355,0.05045172944664955,0.04228856787085533,0.027159199118614197,0.024462109431624413,0.0864056944847107,0.1261652559041977,0.14571179449558258,0.18947698175907135,0.9483997595126693,5.403103828430176,0.9483997821807861,3.307179846844325,0.044233209681013186,5.6970742287055565,7.240731924737126,1.2709562196422894,8.60993249873281,0.2387257218360901,0.11336743086576462,0.08847084641456604,0.16204796731472015,0.21497541666030884,0.11336743086576462,0.15513168275356293,0.13058921694755554,0.13507428765296936,0.19468164443969727,0.133554145693779,0.14572378993034363,0.14211326837539673,0.2882355749607086,0.26459211111068726,0.38640910387039185,0.15330137312412262,0.12475921958684921,3.81718111038208,4.815847396850586,7.016800880432129,5.050910949707031,0.2555662616500475,1.796844244003296,0.255566269159317,3.2781555427296545,0.001457122815616052,7.030835104767289,8.90716438297678,1.2668714669381507,10.569708289227316,0.03824879229068756,0.07783399522304535,0.024246977642178535,0.028008341789245605,0.03289780020713806,0.07783399522304535,0.02558828704059124,0.024117982015013695,0.0312909372150898,0.04636310786008835,0.052677687257528305,0.030301865190267563,0.02702460251748562,0.031165238469839096,0.04427259415388107,0.05998828634619713,0.03505406528711319,0.022206561639904976,0.14072683453559875,0.17480981349945068,0.2280045598745346,0.2503238916397095,0.5423140386401546,2.942922353744507,0.5423140525817871,3.1502987103269655,-0.01776526180631145,5.426601828571221,6.84729318312589,1.261801289174136,8.111580368315167,0.08805803209543228,0.11909828335046768,0.04847828671336174,0.06255542486906052,0.09465482831001282,0.11909828335046768,0.05244826525449753,0.06567411869764328,0.07353805005550385,0.16746827960014343,0.10331366956233978,0.08084569126367569,0.07042046636343002,0.08536078035831451,0.14262615144252777,0.13718022406101227,0.06496686488389969,0.05702872574329376,1.0082640647888184,0.8849738240242004,1.1084039211273193,1.5101778507232666,000104.tdms,103,1030.0
17.58919906616211,1055.3519439697266,3.814697265625e-06,0.28667583300292426,1.9432036876678467,0.2866758406162262,3.342034179683932,-0.005686235266486849,6.778400771745642,8.59890309845837,1.2685740173849138,10.209263136461113,0.03254088759422302,0.026321591809391975,0.021395420655608177,0.02294568344950676,0.024953313171863556,0.026321591809391975,0.0261816568672657,0.026625070720911026,0.02005593851208687,0.030016109347343445,0.029597070068120956,0.023711489513516426,0.026625070720911026,0.026046697050333023,0.045356206595897675,0.03842077776789665,0.034837670624256134,0.024812063202261925,0.10431408882141113,0.14135640859603882,0.16915981471538544,0.21126078069210052,1.0352631711621727,5.689550876617432,1.035263180732727,3.3110704031886242,0.046978155552380794,5.495753191172074,6.999179498580511,1.2735614673932987,8.336127902600975,0.2870343029499054,0.31485700607299805,0.08063792437314987,0.17637985944747925,0.2517136037349701,0.31485700607299805,0.13780848681926727,0.17101514339447021,0.12143045663833618,0.25966307520866394,0.16198980808258057,0.19795942306518555,0.17101514339447021,0.32283350825309753,0.23381300270557404,0.3530696928501129,0.16725154221057892,0.1487988531589508,4.346201419830322,5.618984699249268,10.127948760986328,5.850170135498047,0.2693300048750125,1.6773208379745483,0.2693299949169159,3.309074511382717,0.005024604265644381,6.2277533420494295,7.908388309733879,1.2698621598156272,9.39870754382611,0.040315646678209305,0.05396287888288498,0.025548111647367477,0.029437033459544182,0.0330989807844162,0.05396287888288498,0.03472393751144409,0.022993801161646843,0.030156012624502182,0.04495556280016899,0.05926065519452095,0.03485569357872009,0.03392292931675911,0.04334193095564842,0.04192320257425308,0.06743750721216202,0.03904873505234718,0.029148507863283157,0.17279547452926636,0.2119281142950058,0.33708488941192627,0.29902708530426025,0.5770308734676683,3.33651065826416,0.5770308971405029,3.2180363251198134,0.011539138660189342,5.782204751391189,7.320507194620704,1.2660408113115331,8.68738836221252,0.10475209355354309,0.06531119346618652,0.05330263078212738,0.06857248395681381,0.12129773199558258,0.06823576241731644,0.059461724013090134,0.08562283217906952,0.07839881628751755,0.2169165313243866,0.10460692644119263,0.08960215747356415,0.08562283217906952,0.12140309065580368,0.13421446084976196,0.14198482036590576,0.07601720839738846,0.06763682514429092,1.0684689283370972,1.1027092933654785,1.6943823099136353,1.6750469207763672,000105.tdms,104,1040.0
17.588003158569336,1055.2801895141602,1.9073486328125e-06,0.30502043165108333,2.852861166000366,0.30502042174339294,3.3981017891093384,-0.024895875158989517,9.353016617797557,11.873678460385767,1.2695025514860867,14.098734455954485,0.03690210357308388,0.02743365801870823,0.021522389724850655,0.025321051478385925,0.027360130101442337,0.02743365801870823,0.0313599556684494,0.02373611181974411,0.022724280133843422,0.03246205672621727,0.04269823804497719,0.03418217971920967,0.024778803810477257,0.037720754742622375,0.048157718032598495,0.03125544264912605,0.03918005898594856,0.029519109055399895,0.13462021946907043,0.15254157781600952,0.19772969186306,0.25317126512527466,1.0805821820541237,6.032441139221191,1.0805821418762207,3.340718281191954,0.0002885523339220115,5.582584313720473,7.0996593470583615,1.271751387544534,8.443347006176053,0.2944047749042511,0.3765767216682434,0.09997597336769104,0.15114454925060272,0.21713519096374512,0.3765767216682434,0.1855095624923706,0.15494897961616516,0.1218239814043045,0.2227417379617691,0.23484566807746887,0.18168634176254272,0.16552112996578217,0.17807339131832123,0.2560787796974182,0.26606273651123047,0.17399942874908447,0.18678635358810425,5.798415660858154,5.986993789672852,8.331332206726074,7.257838726043701,0.28694255679574326,1.7449755668640137,0.28694257140159607,3.3474139149085853,-0.005099140474717886,6.081271409685509,7.731157720180052,1.2713061462553383,9.191429086229709,0.035223472863435745,0.027975503355264664,0.025395836681127548,0.03537876904010773,0.02963605336844921,0.027975503355264664,0.035788074135780334,0.027786100283265114,0.03044048696756363,0.08141953498125076,0.047707971185445786,0.05353667587041855,0.04449721798300743,0.03907765448093414,0.04103710502386093,0.04466802254319191,0.05748414993286133,0.03855867683887482,0.292790025472641,0.25195857882499695,0.3016132414340973,0.3443349599838257,0.6101277421648567,3.5875353813171387,0.6101277470588684,3.347873410831411,-0.017926825964340982,5.879974197842303,7.469382087066182,1.2703086503010717,8.875170785519428,0.1362239271402359,0.09052840620279312,0.050475750118494034,0.07106652110815048,0.11878369003534317,0.09052840620279312,0.08650622516870499,0.07848948985338211,0.07555916905403137,0.2457086592912674,0.1389436423778534,0.11487225443124771,0.08305059373378754,0.08942525088787079,0.1351492702960968,0.11976585537195206,0.09461631625890732,0.08715639263391495,1.6644904613494873,1.2959858179092407,1.5304301977157593,1.9293445348739624,000106.tdms,105,1050.0
17.520492553710938,1051.2295532226562,1.9073486328125e-06,0.31807902343011474,2.454190731048584,0.31807902455329895,3.308959942708356,-0.022446595262408987,7.715663562415945,9.770003545007116,1.2662557751478618,11.587699649386142,0.0376315675675869,0.029127804562449455,0.025597477331757545,0.028562605381011963,0.02932523563504219,0.029127804562449455,0.0297824926674366,0.02666296809911728,0.022655311971902847,0.03364664688706398,0.03387774899601936,0.028426935896277428,0.02666296809911728,0.03008194826543331,0.04150495305657387,0.049895018339157104,0.027281204238533974,0.027111968025565147,0.1328248381614685,0.1697811484336853,0.20921212434768677,0.2565961182117462,1.1592748614144777,6.80628776550293,1.1592748165130615,3.497296192979755,-0.020843069904999324,5.8711596292171,7.50370271315448,1.278061437098939,8.943712274169652,0.3000626564025879,0.3295730650424957,0.10430780798196793,0.16461217403411865,0.18643075227737427,0.3609437942504883,0.1775987446308136,0.18873517215251923,0.1354418396949768,0.26483628153800964,0.20032548904418945,0.17611977458000183,0.18873517215251923,0.18464137613773346,0.32113969326019287,0.5305358171463013,0.18176035583019257,0.2006661295890808,5.487951278686523,7.323643684387207,10.88914966583252,7.68414306640625,0.29625870078222705,1.6661697626113892,0.29625868797302246,3.2482545431926715,0.0010786806605638357,5.624036553904124,7.120566416594563,1.2660953299906221,8.44735759840011,0.04476693272590637,0.035947591066360474,0.02553708851337433,0.03263591602444649,0.02925124019384384,0.0372103713452816,0.0385078601539135,0.037171944975852966,0.03356695920228958,0.06424389034509659,0.05643504858016968,0.04626994952559471,0.037171944975852966,0.03496471047401428,0.05304621160030365,0.04664462059736252,0.05202902853488922,0.034299030900001526,0.25612977147102356,0.2851467728614807,0.327835351228714,0.37335044145584106,0.6459945482623354,4.552602767944336,0.6459945440292358,3.309772812314347,-0.0495472624775001,7.047432180643644,8.945267680518324,1.2692946098988,10.62655349688081,0.17371729016304016,0.08595066517591476,0.053643181920051575,0.07832343876361847,0.12394876778125763,0.08595066517591476,0.08003317564725876,0.09456286579370499,0.09905090928077698,0.18087366223335266,0.10151904821395874,0.10356449335813522,0.09456286579370499,0.07739849388599396,0.13661350309848785,0.23184789717197418,0.16244949400424957,0.09047754108905792,1.3810478448867798,1.7057523727416992,2.1456217765808105,2.0339341163635254,000107.tdms,106,1060.0
13.267844200134277,796.0706520080566,2.86102294921875e-06,0.21264144768865148,1.6891981363296509,0.21264144778251648,3.606091826756303,-0.004020467623308099,7.943879966444577,10.168962588840369,1.2801002321025337,12.124483818663878,0.01810990460216999,0.015383735299110413,0.017442187294363976,0.016279617324471474,0.01671275682747364,0.015383735299110413,0.019921252503991127,0.016730021685361862,0.015553402714431286,0.01684928871691227,0.020009811967611313,0.01737932674586773,0.016730021685361862,0.016938921064138412,0.01496488880366087,0.019921252503991127,0.017906254157423973,0.0170286875218153,0.03897106647491455,0.060518890619277954,0.10717058181762695,0.11151997745037079,0.446474950629198,2.757493495941162,0.44647493958473206,3.192484398306074,-0.004765022972425665,6.1761437949769515,7.799878423696033,1.2629042785628892,9.24202548256642,0.05607286095619202,0.04043911397457123,0.033294882625341415,0.06841433793306351,0.07354877144098282,0.03917144238948822,0.1260831654071808,0.05809349939227104,0.05038207769393921,0.11490999162197113,0.07292496412992477,0.07319071143865585,0.061186276376247406,0.06541940569877625,0.06221016123890877,0.1260831654071808,0.05693517625331879,0.07148197293281555,0.6398104429244995,0.8978592157363892,0.9215428233146667,0.849287748336792,0.1878821432534845,1.3683056831359863,0.18788214027881622,3.555075151367303,0.0028392330409105957,7.282787280587451,9.30309254286114,1.2774082483033509,11.079655079832836,0.02308489754796028,0.017709881067276,0.015853891149163246,0.020849579945206642,0.018608247861266136,0.015857810154557228,0.035183340311050415,0.019777623936533928,0.018165908753871918,0.02816697210073471,0.03503075987100601,0.02298804372549057,0.019777623936533928,0.0211841631680727,0.020202063024044037,0.035183340311050415,0.02070937119424343,0.026064233854413033,0.057965680956840515,0.08230512589216232,0.10909650474786758,0.13023792207241058,0.3109280627941541,1.9691840410232544,0.310928076505661,3.324632427149073,-0.04515121699535433,6.333246421462213,8.03374679713282,1.2685037439736944,9.53747498941236,0.03684238716959953,0.03725004941225052,0.02167060412466526,0.03468126058578491,0.03842684254050255,0.03725004941225052,0.06023728847503662,0.04123564809560776,0.041735075414180756,0.10421395301818848,0.05077892914414406,0.04249677062034607,0.0323917493224144,0.03773728013038635,0.0356261320412159,0.06023728847503662,0.04164871945977211,0.04929599538445473,0.22807948291301727,0.27779537439346313,0.292318195104599,0.41286617517471313,000108.tdms,107,1070.0
13.270264625549316,796.215877532959,0.04714635759592056,0.2211703107260441,2.015385389328003,0.2211703062057495,3.615538496780026,-0.005118984061837024,9.112368575655664,11.650148807255002,1.2784984178953427,13.881097815981159,0.019165566191077232,0.01670074462890625,0.016173427924513817,0.01757199317216873,0.017266487702727318,0.015730781480669975,0.021231504157185555,0.01840176060795784,0.01651439629495144,0.019323699176311493,0.021052492782473564,0.019800357520580292,0.017683207988739014,0.019727973267436028,0.019913554191589355,0.021231504157185555,0.018012968823313713,0.02014579437673092,0.04051966220140457,0.0637609213590622,0.11292900145053864,0.12208780646324158,0.46793249687168614,2.6165854930877686,0.46793249249458313,3.148857380457394,-0.007578547508113808,5.591801190515038,7.046198815907205,1.260094659277078,8.337854315184675,0.054294001311063766,0.04967918619513512,0.04251590371131897,0.07244588434696198,0.07737212628126144,0.04856821894645691,0.15998290479183197,0.05391645058989525,0.05150090157985687,0.13149741291999817,0.08750458061695099,0.07387427240610123,0.05391645058989525,0.0709504708647728,0.06807591021060944,0.15998290479183197,0.07628219574689865,0.09438011795282364,0.5817427635192871,0.9524051547050476,0.9162030220031738,0.9681768417358398,0.19198674129239554,1.3612208366394043,0.19198673963546753,3.509685428341666,-0.002963179800486094,7.090181475429425,9.041108298541308,1.2751589405535946,10.757304801904196,0.022684387862682343,0.0186897125095129,0.017500218003988266,0.01864468678832054,0.01933892071247101,0.01913071610033512,0.032408878207206726,0.019669370725750923,0.0181000716984272,0.03688438609242439,0.04245452210307121,0.023739438503980637,0.019669370725750923,0.02085723914206028,0.020944692194461823,0.032408878207206726,0.022047370672225952,0.02573944255709648,0.07146944105625153,0.08974969387054443,0.11483241617679596,0.1450314074754715,0.31908391637782896,1.817612886428833,0.31908392906188965,3.230615390010606,-0.03640758914731012,5.696347553527542,7.2001615016823095,1.2639961719371404,8.533329507414154,0.030174219980835915,0.03501828387379646,0.022876761853694916,0.03972572460770607,0.041936568915843964,0.03501828387379646,0.07100385427474976,0.03549211844801903,0.03562912344932556,0.08087502419948578,0.03880693018436432,0.03931871056556702,0.03549211844801903,0.04471897706389427,0.034929946064949036,0.07100385427474976,0.04295111820101738,0.049510762095451355,0.20496009290218353,0.2860828638076782,0.32938152551651,0.4264281988143921,000109.tdms,108,1080.0
12.610340118408203,756.6204071044922,2.4965994358062744,0.22264204481888794,2.242105484008789,0.22264204919338226,3.625991688337516,-0.012339233107448704,10.070449567747497,12.879507202381951,1.2789406387209352,15.34669277862124,0.01816672645509243,0.015477770008146763,0.01462063379585743,0.01916385255753994,0.016426298767328262,0.016117896884679794,0.019178444519639015,0.01831715553998947,0.01765570417046547,0.015646658837795258,0.02107623964548111,0.017322750762104988,0.015814540907740593,0.02821730636060238,0.027878673747181892,0.019178444519639015,0.01815977320075035,0.017704011872410774,0.038921795785427094,0.06328941881656647,0.09786669909954071,0.10832731425762177,1.6660112602292985,128.17401123046875,1.6660112142562866,1524.935455182089,-35.084265314636156,76.93466082145672,292.4184362598343,3.8008672961911616,379.1666205451254,0.3961583375930786,0.24609021842479706,0.16875183582305908,0.534453809261322,0.3514591455459595,0.2314840406179428,0.5457496643066406,0.3884919583797455,0.263107568025589,0.7248813509941101,0.7829214334487915,0.8121969699859619,0.3884919583797455,0.39241039752960205,0.44648003578186035,0.5457496643066406,0.5337460041046143,0.49690741300582886,59.55440902709961,48.84302520751953,30.9047908782959,23.760421752929688,0.19317194013278982,1.4249780178070068,0.1931719332933426,3.511182324248561,-0.009540231473161704,7.376733995773153,9.414650753192491,1.2762627415583996,11.210100821290244,0.01816541701555252,0.016632625833153725,0.017316000536084175,0.018842998892068863,0.01764598675072193,0.01716804876923561,0.027711929753422737,0.021448712795972824,0.01679990254342556,0.02400488592684269,0.030903926119208336,0.03214876726269722,0.021448712795972824,0.02598929964005947,0.024918125942349434,0.027711929753422737,0.02362869121134281,0.029609844088554382,0.07880456000566483,0.09290405362844467,0.10340037196874619,0.12419246137142181,0.3267315728048836,1.9561530351638794,0.3267315626144409,3.2744919561465995,-0.04533196041068003,5.987033999717095,7.5820318230554395,1.2664086797258396,8.99495468449145,0.03170124068856239,0.0328836552798748,0.026691077277064323,0.042344242334365845,0.03426439315080643,0.0328836552798748,0.047622356563806534,0.03170676529407501,0.03178016468882561,0.05120745301246643,0.050966717302799225,0.06400679051876068,0.030278442427515984,0.038645029067993164,0.05181057006120682,0.047622356563806534,0.04500850662589073,0.04047958180308342,0.2471097707748413,0.32860255241394043,0.35963016748428345,0.41885602474212646,000110.tdms,109,1090.0
13.166590690612793,789.9954414367676,1.175825834274292,0.22238543420610163,2.8029730319976807,0.222385436296463,3.9722623639765615,-0.005139063166682376,12.604121497453608,16.191938132899953,1.2846542407712576,19.31919227701717,0.016881698742508888,0.015771405771374702,0.015899650752544403,0.018554508686065674,0.01749548502266407,0.016034778207540512,0.019766252487897873,0.020888039842247963,0.015862148255109787,0.018662257120013237,0.021308258175849915,0.0186635572463274,0.01617511734366417,0.01570199243724346,0.018565597012639046,0.019766252487897873,0.016683558002114296,0.021035684272646904,0.04192093759775162,0.06045374274253845,0.10740303993225098,0.11335998773574829,0.48659964339450573,3.2986721992492676,0.4865996539592743,3.3337875340487355,-0.021068757836825075,6.779027161297984,8.597226659284637,1.2682095018540274,10.206492456735202,0.06314697861671448,0.05438564717769623,0.043747805058956146,0.07549311965703964,0.09200211614370346,0.05426320433616638,0.08591870963573456,0.05923081189393997,0.0518060028553009,0.09724067151546478,0.06560758501291275,0.10038848966360092,0.05923081189393997,0.07935746759176254,0.0756085067987442,0.08608609437942505,0.06940001994371414,0.08485817909240723,0.7149180173873901,0.9004446268081665,1.0977129936218262,1.1481150388717651,0.19203220893303838,1.2833459377288818,0.19203220307826996,3.478370190911165,-0.0038760673599200915,6.682972324587405,8.526770643293624,1.2758949505031882,10.151674017999268,0.020592547953128815,0.01822519488632679,0.018287835642695427,0.020333299413323402,0.024431023746728897,0.018565509468317032,0.03507290408015251,0.02277892269194126,0.017520960420370102,0.0239886287599802,0.026149824261665344,0.030356695875525475,0.02277892269194126,0.02026614174246788,0.021336054429411888,0.03507290408015251,0.02427063323557377,0.02058415114879608,0.07731403410434723,0.08947113156318665,0.1213049590587616,0.13859599828720093,0.32311363775762897,2.281424045562744,0.32311365008354187,3.3410945380222064,-0.04892897542002329,7.0607482289994365,8.969180990444983,1.2702876096909046,10.658785089214154,0.03412161022424698,0.03496905043721199,0.027361620217561722,0.03580693155527115,0.03659256920218468,0.03088751994073391,0.048614002764225006,0.03846542537212372,0.0363042950630188,0.06870441138744354,0.039243947714567184,0.062192920595407486,0.03846542537212372,0.05683523416519165,0.04020046815276146,0.048614002764225006,0.03868972510099411,0.04417136311531067,0.30521076917648315,0.30430305004119873,0.38968324661254883,0.4357414245605469,000111.tdms,110,1100.0
13.218019485473633,793.081169128418,9.5367431640625e-07,0.2203234047592052,2.6643011569976807,0.22032339870929718,3.593463173211997,-0.001590436366937466,12.09268329848813,15.457030282507699,1.2782134370822555,18.419695120312067,0.018405267968773842,0.015800071880221367,0.015864945948123932,0.01785670593380928,0.01684148795902729,0.016368595883250237,0.01990407332777977,0.01864955946803093,0.017481094226241112,0.018030976876616478,0.021023588255047798,0.01944081299006939,0.01864955946803093,0.01945958100259304,0.018224501982331276,0.01990407332777977,0.017279131338000298,0.018536005169153214,0.04006849601864815,0.06425845623016357,0.1126285269856453,0.12077987939119339,0.468544263195048,3.1942436695098877,0.46854427456855774,3.2726958348845545,-0.01623861440787707,6.817378677796705,8.629293068195395,1.265778751046917,10.234914998462072,0.05454407259821892,0.046793460845947266,0.0435047447681427,0.06530774384737015,0.10245613008737564,0.046793460845947266,0.11501070857048035,0.05273084715008736,0.05585148185491562,0.13053669035434723,0.08720547705888748,0.07971222698688507,0.05273084715008736,0.07360976189374924,0.06811896711587906,0.11501070857048035,0.07003117352724075,0.07929661124944687,0.7022777795791626,0.8742436766624451,1.03535795211792,1.008095622062683,0.18934585051088393,1.5219899415969849,0.1893458515405655,3.483456791713728,0.00016658817756537854,8.038147852146874,10.257159117144734,1.2760600210165571,12.212905504700084,0.023979509249329567,0.018766533583402634,0.014997018501162529,0.019956747069954872,0.026078294962644577,0.018071219325065613,0.027084942907094955,0.021515144035220146,0.0180506631731987,0.02721124328672886,0.03393920138478279,0.031158076599240303,0.019963901489973068,0.020085958763957024,0.02109738439321518,0.027084942907094955,0.023164695128798485,0.027956383302807808,0.08332706987857819,0.08846370875835419,0.12019815295934677,0.15258805453777313,0.3154930547125099,2.1272599697113037,0.31549304723739624,3.4176509774200823,-0.05069334879859878,6.742652295942773,8.580683598427036,1.272597669553605,10.202107336134514,0.04086938500404358,0.03215136006474495,0.029768941923975945,0.03550121933221817,0.04816758260130882,0.03215136006474495,0.060777828097343445,0.037452321499586105,0.03161152824759483,0.07843893021345139,0.042766209691762924,0.05869739130139351,0.037452321499586105,0.038584474474191666,0.03719747066497803,0.060777828097343445,0.03857119381427765,0.056663233786821365,0.31603503227233887,0.3194340467453003,0.39146244525909424,0.48706573247909546,000112.tdms,111,1110.0
13.218019485473633,793.081169128418,0.9855707883834839,0.20917189732283098,1.7074497938156128,0.20917189121246338,3.5717112674634306,-0.004389723735809838,8.162902453288813,10.434655308100263,1.2783020950956197,12.43072207420934,0.01778467930853367,0.01669284887611866,0.016130803152918816,0.016911637037992477,0.015238256193697453,0.01573534868657589,0.017860952764749527,0.017607642337679863,0.01614309847354889,0.015239713713526726,0.01943780854344368,0.020045125856995583,0.017607642337679863,0.01775653101503849,0.01619412936270237,0.01718916930258274,0.016893461346626282,0.018062284216284752,0.03892478346824646,0.05760970711708069,0.10265947878360748,0.10988210141658783,0.4369301320217187,2.5149731636047363,0.4369301199913025,3.241060949660744,-0.004160609567188752,5.7560076069089305,7.2780626536881,1.2644289498422914,8.625842133412915,0.056410469114780426,0.048058535903692245,0.04603956639766693,0.06942133605480194,0.07204201817512512,0.048058535903692245,0.08674263209104538,0.056803423911333084,0.04633805900812149,0.1013779267668724,0.09710825979709625,0.07037144154310226,0.056803423911333084,0.06183115392923355,0.07091686874628067,0.08674263209104538,0.10003409534692764,0.09005285054445267,0.5856475830078125,0.8123626112937927,0.8610649108886719,0.8643022775650024,0.19145540657200133,1.5541725158691406,0.1914554089307785,3.548633477458582,-0.012575394452414224,8.117673685462924,10.383084866358244,1.2790714764689546,12.377956707456077,0.02151416428387165,0.017801448702812195,0.015714820474386215,0.02291288785636425,0.020526865497231483,0.017801448702812195,0.029924998059868813,0.020418411120772362,0.016803596168756485,0.038435667753219604,0.04808107018470764,0.033059827983379364,0.020418411120772362,0.018822981044650078,0.02048325538635254,0.029924998059868813,0.021922539919614792,0.025175809860229492,0.09879383444786072,0.10127757489681244,0.11634992063045502,0.13980871438980103,0.31003748303732365,2.104543447494507,0.3100374937057495,3.463303893752392,-0.04573212497077037,6.788029069508195,8.651857043004593,1.2745757206416084,10.29417332308451,0.03690982237458229,0.0350884385406971,0.024427281692624092,0.039007436484098434,0.04410400241613388,0.03635285422205925,0.053562380373477936,0.039201769977808,0.03129129484295845,0.09067372232675552,0.055857837200164795,0.05891194939613342,0.039201769977808,0.03413613140583038,0.03802451863884926,0.053562380373477936,0.0554342195391655,0.05139102786779404,0.2989908754825592,0.33811476826667786,0.3838961124420166,0.47926250100135803,000113.tdms,112,1120.0
17.520896911621094,1051.2538146972656,3.814697265625e-06,0.3424777198074223,2.921765089035034,0.3424777090549469,3.5905578463910865,-0.0701209306795511,8.53125596222132,10.849011669102502,1.2716781347488368,12.883601898635852,0.035742152482271194,0.02813747152686119,0.02723538875579834,0.03348325937986374,0.028338372707366943,0.02813747152686119,0.030426980927586555,0.031063474714756012,0.03013239987194538,0.060289155691862106,0.033878013491630554,0.03495652973651886,0.031063474714756012,0.03474322706460953,0.0378764271736145,0.06412488967180252,0.027684522792696953,0.03453709930181503,0.1598244309425354,0.21856144070625305,0.27662450075149536,0.3192732334136963,1.3266874724023443,7.369135856628418,1.3266874551773071,3.370394171747195,-0.10209112106296304,5.554537907322292,7.0644726580892065,1.2718380495299957,8.398658017748502,0.31638917326927185,0.3730645775794983,0.16095469892024994,0.18838320672512054,0.15584635734558105,0.4720815122127533,0.23049011826515198,0.2178887575864792,0.15848131477832794,0.32477912306785583,0.18969552218914032,0.23224706947803497,0.2178887575864792,0.20099622011184692,0.34805604815483093,0.451950341463089,0.2265407294034958,0.2567778527736664,6.230347633361816,9.418038368225098,12.718002319335938,10.5227689743042,0.3326383090075007,1.9767661094665527,0.33263832330703735,3.2215855130058504,0.014792329327550561,5.942689269208552,7.517868197715893,1.2650616340768435,8.915541231444175,0.03932826220989227,0.052160054445266724,0.030995944514870644,0.03789408504962921,0.033388540148735046,0.06593158841133118,0.04091178625822067,0.039570268243551254,0.035547226667404175,0.07383418083190918,0.06390678137540817,0.055738162249326706,0.039570268243551254,0.036074861884117126,0.06359302252531052,0.08579001575708389,0.07240188121795654,0.03720378503203392,0.2917090356349945,0.4028031527996063,0.45350080728530884,0.5026237964630127,0.7315512403479599,4.439438819885254,0.7315512299537659,3.207506641420948,-0.1270668365674226,6.068527500238602,7.6741713021978955,1.2645854042675364,9.100392809467435,0.15891562402248383,0.08071838319301605,0.06363095343112946,0.09011965990066528,0.10903435200452805,0.09228482842445374,0.10532313585281372,0.129187673330307,0.10395947098731995,0.17395859956741333,0.1124780923128128,0.10182849317789078,0.129187673330307,0.09714365750551224,0.1558251529932022,0.21396484971046448,0.10007859021425247,0.08337833732366562,1.5314586162567139,2.050938129425049,2.677072048187256,2.858793258666992,000114.tdms,113,1130.0
17.520896911621094,1051.2538146972656,3.814697265625e-06,0.3669653484281361,2.8029305934906006,0.3669653534889221,3.3776407621091056,-0.06470849947294711,7.638134242093178,9.679963087777788,1.2673203665932244,11.48335977428842,0.038423482328653336,0.04585612565279007,0.03008177876472473,0.03043779358267784,0.03125988319516182,0.054952315986156464,0.03965500742197037,0.03683486208319664,0.029378514736890793,0.0462266281247139,0.03278295323252678,0.03363429754972458,0.03683486208319664,0.03615798056125641,0.04563162475824356,0.035408150404691696,0.03373529762029648,0.03418464958667755,0.21993999183177948,0.24553143978118896,0.3095409572124481,0.3830188512802124,1.4787011376609045,8.764474868774414,1.478701114654541,3.2308154888503693,-0.09852296947424546,5.927144198075461,7.494100676247037,1.2643695556926664,8.883337554914103,0.3314562141895294,0.3594628572463989,0.21932436525821686,0.20284734666347504,0.19129586219787598,0.4309784770011902,0.2182462513446808,0.18986646831035614,0.16961978375911713,0.3843100965023041,0.2395840287208557,0.2520504295825958,0.18986646831035614,0.2901264429092407,0.3357826769351959,0.26815471053123474,0.23071995377540588,0.2679537236690521,11.108680725097656,9.90239429473877,10.828784942626953,12.707147598266602,0.3705280409033164,2.0136630535125732,0.37052804231643677,3.1972561440024903,-0.01127626084044045,5.4345766884563735,6.868273447616639,1.2638101992756108,8.141291504638847,0.045370522886514664,0.04658999294042587,0.06034015119075775,0.040770553052425385,0.04080595448613167,0.05603351071476936,0.04989306256175041,0.05247074365615845,0.041822753846645355,0.0858517438173294,0.07277172058820724,0.06531370431184769,0.05247074365615845,0.04209074378013611,0.050775252282619476,0.05067838355898857,0.05184171348810196,0.04135481268167496,0.5228871703147888,0.45046985149383545,0.4262128472328186,0.624442994594574,0.8161617807381368,4.549990177154541,0.8161617517471313,3.3124740008787357,-0.18545877924578358,5.574863078052404,7.059047075129269,1.2662278833214624,8.37053997283725,0.12619240581989288,0.10575487464666367,0.12113051861524582,0.09841617196798325,0.10608948022127151,0.13261589407920837,0.09455566108226776,0.10596361756324768,0.09020612388849258,0.20794077217578888,0.14566494524478912,0.10399971157312393,0.11740309000015259,0.1446080207824707,0.13257072865962982,0.11923998594284058,0.10325470566749573,0.10365504026412964,2.5750389099121094,1.89484441280365,2.5656962394714355,3.8741488456726074,000115.tdms,114,1140.0
17.55518341064453,1053.3110046386719,3.814697265625e-06,0.39091541938417407,3.1036171913146973,0.3909154236316681,3.2414658056784273,-0.002166705905621189,7.939357307020428,10.026390926771032,1.2628718596535682,11.874996077222184,0.03892892971634865,0.03562428057193756,0.029105372726917267,0.034789156168699265,0.03500226512551308,0.04597868770360947,0.035554707050323486,0.034876856952905655,0.03096352331340313,0.05816515162587166,0.0366460382938385,0.03520343452692032,0.034876856952905655,0.04336481913924217,0.04463566839694977,0.036786455661058426,0.046588797122240067,0.03318661451339722,0.2052619308233261,0.26264214515686035,0.31292712688446045,0.4151895046234131,1.4513342703601744,7.933427810668945,1.4513342380523682,3.1596269638201053,0.0007492018730844334,5.466299509829755,6.897970174835243,1.2619085658279412,8.171452523939864,0.2805779278278351,0.1664585918188095,0.12565390765666962,0.21311601996421814,0.2375589907169342,0.1476488709449768,0.2415231615304947,0.21118812263011932,0.23373445868492126,0.40086060762405396,0.26018381118774414,0.2425500750541687,0.21579790115356445,0.25288277864456177,0.43736907839775085,0.42742034792900085,0.23127037286758423,0.26920998096466064,7.686713695526123,10.204693794250488,10.64804458618164,12.260153770446777,0.3849570093675435,2.3292179107666016,0.3849570155143738,3.190022470094582,-0.024345221211368968,6.050592284560133,7.649880351303607,1.2643192585996132,9.071758686177308,0.06490952521562576,0.06538831442594528,0.042739637196063995,0.055985789746046066,0.03435579314827919,0.07350069284439087,0.04804852604866028,0.048317719250917435,0.04566194862127304,0.09410008788108826,0.07388762384653091,0.053597480058670044,0.048317719250917435,0.053594157099723816,0.072834312915802,0.053947269916534424,0.06780832260847092,0.04351990297436714,0.664367139339447,0.551831841468811,0.4551889896392822,0.6323602199554443,0.8800134762902518,6.092837810516357,0.8800134658813477,3.354279005064147,-0.09243433268742755,6.923573302764716,8.789978373497862,1.2695725153928614,10.438961538421918,0.15670062601566315,0.08919403702020645,0.06756953150033951,0.10716763883829117,0.12027356773614883,0.08833073079586029,0.09590034186840057,0.14185203611850739,0.10518838465213776,0.2761046290397644,0.18919774889945984,0.1314372420310974,0.14185203611850739,0.17853602766990662,0.2583961486816406,0.22016021609306335,0.12413518875837326,0.09444552659988403,3.2869820594787598,3.1287360191345215,3.297408103942871,4.177990913391113,000116.tdms,115,1150.0
17.486339569091797,1049.1803741455078,0.047735147178173065,0.4126345104483989,3.5790417194366455,0.4126345217227936,3.284413158746733,-0.008045258459616747,8.673636423544401,10.97256463950014,1.265047795837435,13.008738615634204,0.06530104577541351,0.03301481530070305,0.032772064208984375,0.038053955882787704,0.03799739480018616,0.0367983803153038,0.06633847951889038,0.050664596259593964,0.04474189877510071,0.06567198783159256,0.061276186257600784,0.04284382984042168,0.050664596259593964,0.046292826533317566,0.054660771042108536,0.06633847951889038,0.05286581441760063,0.03850024566054344,0.24712544679641724,0.31569725275039673,0.37102824449539185,0.47716039419174194,1.6069525848258686,9.211271286010742,1.6069525480270386,3.1175530235118023,0.003946867606415681,5.732136326230738,7.216376774751732,1.2589332081529507,8.534272080116626,0.3218992352485657,0.2118796408176422,0.14388304948806763,0.22497759759426117,0.27955204248428345,0.2118796408176422,0.4725804626941681,0.4098195433616638,0.33421894907951355,0.42791566252708435,0.28599584102630615,0.34390193223953247,0.4098195433616638,0.2734120786190033,0.48676905035972595,0.5010248422622681,0.30497652292251587,0.2948527932167053,9.19529914855957,12.676652908325195,13.648075103759766,14.699267387390137,0.40113651301788644,2.4020752906799316,0.40113651752471924,3.206921550782547,-0.021200486748501002,5.988174132063676,7.565818124541394,1.263459939154111,8.96473732391466,0.07498060911893845,0.047198470681905746,0.054606400430202484,0.0433163046836853,0.03812326863408089,0.06900513172149658,0.09192302078008652,0.049037180840969086,0.05381681025028229,0.09656044840812683,0.09981715679168701,0.06740537285804749,0.049037180840969086,0.06360679864883423,0.0744071826338768,0.09192302078008652,0.06337949633598328,0.05902639403939247,0.6084815263748169,0.5302033424377441,0.5417990684509277,0.743199348449707,0.9109084332443331,4.602357387542725,0.9109084606170654,3.117282116055582,-0.05330932636869916,5.052491797831707,6.362638731776004,1.2593070877436259,7.527610436310705,0.15970148146152496,0.10778562724590302,0.10884594172239304,0.11938953399658203,0.09516260772943497,0.12163878232240677,0.22400963306427002,0.15600162744522095,0.15035167336463928,0.2616872787475586,0.20937670767307281,0.18314269185066223,0.15600162744522095,0.1271156221628189,0.20605234801769257,0.2367643266916275,0.17808406054973602,0.153877392411232,2.964026927947998,3.1895744800567627,2.9397735595703125,4.213168144226074,000117.tdms,116,1160.0
13.99598217010498,839.7589302062988,3.13334321975708,0.15650369790540714,1.3327791690826416,0.15650369226932526,4.540395485865162,-0.01246410291428332,8.515959603000503,11.357526096439669,1.333675431297017,13.85119608761031,0.012323743663728237,0.010941690765321255,0.008520081639289856,0.012379853054881096,0.010661658830940723,0.010941690765321255,0.011373340152204037,0.015395117923617363,0.01004612073302269,0.012014979496598244,0.013155247084796429,0.011197004467248917,0.010737954638898373,0.013739540241658688,0.03479795530438423,0.010486439801752567,0.011104467324912548,0.010746536776423454,0.015052786096930504,0.030761759728193283,0.07096711546182632,0.06365031003952026,1.8433091881304842,10.051865577697754,1.8433091640472412,3.208166023220869,-0.03344765649390901,5.453163062618121,6.890377497931771,1.2635561084108913,8.164785851676012,0.2805039584636688,0.20271293818950653,0.1817036122083664,0.30025842785835266,0.2545691728591919,0.20271293818950653,0.27452248334884644,0.2745622396469116,0.22108502686023712,0.3330852687358856,0.30791252851486206,0.327363520860672,0.2745622396469116,0.26384392380714417,0.3056202232837677,0.32014599442481995,0.29919037222862244,0.2603325843811035,11.64988899230957,13.97136402130127,17.067276000976562,18.628143310546875,0.4236903691884698,3.2168335914611816,0.4236903786659241,3.239130307104241,-0.03340256858992252,7.5924161260088505,9.602940017291498,1.2648068622576316,11.384423679366789,0.06137792766094208,0.045507319271564484,0.04545477405190468,0.08922033756971359,0.05202997475862503,0.045507319271564484,0.0706021636724472,0.07629051059484482,0.04270545765757561,0.07387933880090714,0.07166121900081635,0.0676504522562027,0.07629051059484482,0.05898633971810341,0.062340158969163895,0.0706021636724472,0.0714544802904129,0.062367379665374756,0.4613884687423706,0.6112555265426636,0.722156286239624,0.829800546169281,1.000328010169508,5.418917179107666,1.0003280639648438,3.1848128228862267,-0.04944820290111757,5.417140301998959,6.840832619949822,1.2628125244283432,8.104427379681848,0.14193762838840485,0.1097056046128273,0.10406728088855743,0.1302621215581894,0.13509298861026764,0.10864610224962234,0.14070719480514526,0.15162818133831024,0.11268527805805206,0.24053955078125,0.17624758183956146,0.19489352405071259,0.15162818133831024,0.11783058941364288,0.16252709925174713,0.15100900828838348,0.17375177145004272,0.14949794113636017,3.270954132080078,3.418483257293701,4.054769515991211,4.991749286651611,000118.tdms,117,1170.0
12.026177406311035,721.5706443786621,2.8147623538970947,5.1785535765091195,140.50973510742188,5.178553581237793,160.64300391261784,6.500403461406242,27.133007901047915,98.84735675310533,3.64306667044046,202.13657136609868,0.38663914799690247,0.25256699323654175,0.24600660800933838,0.4255722761154175,0.35678860545158386,0.2669074237346649,0.5683366060256958,0.358666330575943,0.3005708158016205,1.0217738151550293,0.8906354308128357,0.7278395295143127,0.358666330575943,0.3980785608291626,0.37434980273246765,0.5683366060256958,0.5300593972206116,0.5444607734680176,63.853145599365234,49.488956451416016,33.188629150390625,30.639699935913086,1.9550102595574723,10.463512420654297,1.9550102949142456,3.186133009934,-0.04813631563591889,5.352152178998167,6.756122257571824,1.2623187890813032,8.002732873827732,0.25379329919815063,0.19766737520694733,0.17045143246650696,0.24436940252780914,0.2731587886810303,0.25724685192108154,0.5126333236694336,0.3007960319519043,0.23069269955158234,0.3149782717227936,0.29196879267692566,0.3044997453689575,0.3007960319519043,0.2514253854751587,0.4343610107898712,0.5126333236694336,0.28605350852012634,0.2802238166332245,11.155617713928223,16.605331420898438,15.669608116149902,18.84300994873047,0.5216217431579906,2.858243227005005,0.5216217637062073,3.1057616519023448,-0.0527603577263154,5.4795323709105626,6.905034785182446,1.260150377400727,8.174720311075186,0.06102251634001732,0.06913234293460846,0.04957183077931404,0.06368935108184814,0.051791105419397354,0.07101321220397949,0.06968146562576294,0.062332604080438614,0.054504137486219406,0.1127406507730484,0.10710727423429489,0.13713273406028748,0.062332604080438614,0.06306903064250946,0.07701321691274643,0.06968146562576294,0.06966599076986313,0.06007818132638931,1.4815386533737183,0.9041022658348083,0.8082857131958008,1.0653282403945923,1.1370258768470272,6.3364338874816895,1.1370258331298828,3.2844389825941973,-0.056535557059774644,5.572814143027792,7.067381827564018,1.2681890416902017,8.394249632846895,0.1520063281059265,0.12415940314531326,0.10963404923677444,0.14318697154521942,0.12680786848068237,0.12513142824172974,0.22208133339881897,0.1676359325647354,0.1181873306632042,0.2939402461051941,0.24232721328735352,0.2680145502090454,0.1676359325647354,0.1980687826871872,0.24172015488147736,0.22208133339881897,0.16136981546878815,0.15617069602012634,5.9697771072387695,5.196902751922607,5.200634002685547,5.495903015136719,000119.tdms,118,1180.0
13.270264625549316,796.215877532959,0.0,0.29213179245961657,3.899878978729248,0.29213178157806396,4.905659689827556,-0.04066957531938089,13.349724608520162,17.411850677582464,1.3042853832707335,20.888115295898185,0.02664663828909397,0.025821395218372345,0.02233118936419487,0.026063578203320503,0.025995049625635147,0.022283902391791344,0.06405221670866013,0.024558566510677338,0.024860279634594917,0.02979581244289875,0.03719387948513031,0.026215219870209694,0.024119898676872253,0.0256717037409544,0.02841903455555439,0.06405221670866013,0.02691730111837387,0.03789511322975159,0.09359981119632721,0.14650650322437286,0.1917068362236023,0.23866289854049683,0.9186448873998119,5.6568474769592285,0.918644905090332,3.2150164847303744,-0.026237222909015312,6.157817405342245,7.774894926935471,1.262605630395978,9.20787440204107,0.131864532828331,0.09431181102991104,0.0649683028459549,0.18246428668498993,0.13586492836475372,0.08971910923719406,0.2506248652935028,0.134502112865448,0.10772030800580978,0.17422881722450256,0.27516859769821167,0.19771823287010193,0.134502112865448,0.1486184149980545,0.14799486100673676,0.2506248652935028,0.1706608235836029,0.22603648900985718,4.209500312805176,5.211525917053223,4.608306884765625,3.642488718032837,0.28755367700547074,2.317584276199341,0.28755366802215576,3.403440474793837,-0.025306563774240613,8.059657940507742,10.239810091671483,1.2705018212009125,12.16316543755266,0.03143225610256195,0.030579127371311188,0.022122610360383987,0.03407455235719681,0.03295246139168739,0.030579127371311188,0.07178162038326263,0.037544649094343185,0.03249236196279526,0.06495089828968048,0.10245507210493088,0.05082376301288605,0.037544649094343185,0.03861533850431442,0.04086523875594139,0.07178162038326263,0.04516163840889931,0.05078611150383949,0.3106762766838074,0.32242506742477417,0.290774941444397,0.3828340768814087,0.575057241451639,4.6045637130737305,0.5750572681427002,3.4265796892891394,-0.08552003828712676,8.007139778729252,10.155186112386232,1.268266371390594,12.052399806861745,0.07936249673366547,0.07374218106269836,0.04482482001185417,0.07125864177942276,0.07613824307918549,0.05907724052667618,0.12545903027057648,0.06954400986433029,0.06529418379068375,0.18929174542427063,0.21338489651679993,0.13542437553405762,0.06954400986433029,0.07298069447278976,0.06999308615922928,0.12545903027057648,0.08257293701171875,0.11762412637472153,1.4067065715789795,1.2887332439422607,1.293506145477295,1.602712869644165,000120.tdms,119,1190.0
13.270264625549316,796.215877532959,0.0,0.32311578220965825,3.845515489578247,0.3231157958507538,5.463899535157165,-0.013651234652305248,11.901354564856971,15.701447583066093,1.3192992022462942,18.92108995865677,0.028974194079637527,0.02385805733501911,0.023911818861961365,0.02898937277495861,0.030596641823649406,0.023749390617012978,0.0674155056476593,0.03194151818752289,0.027028072625398636,0.033705584704875946,0.03011653572320938,0.029526151716709137,0.03194151818752289,0.02627559006214142,0.025915298610925674,0.0674155056476593,0.02980874851346016,0.045554839074611664,0.0980394035577774,0.16635340452194214,0.22156080603599548,0.2780717611312866,0.9508038696005703,5.6991801261901855,0.9508038759231567,3.1620833322381343,-0.012991762426266327,5.994064925907793,7.559860599805407,1.2612243432882861,8.952197198436652,0.16275973618030548,0.0971686914563179,0.06374169141054153,0.15661799907684326,0.12377332150936127,0.0971686914563179,0.2569120526313782,0.14375810325145721,0.11087789386510849,0.1938990354537964,0.22194422781467438,0.20384055376052856,0.15260189771652222,0.15428118407726288,0.16421930491924286,0.2569120526313782,0.1626145839691162,0.22119168937206268,4.460326194763184,5.348633289337158,4.588038921356201,3.982455253601074,0.28415720480373874,2.104628324508667,0.2841572165489197,3.2746018128392693,-0.011455269406195026,7.406563299925083,9.3707482415485,1.2651951873068152,11.108191213881884,0.03810557723045349,0.03359560668468475,0.024243300780653954,0.03694922849535942,0.0382411889731884,0.03359560668468475,0.06430528312921524,0.03143564611673355,0.031217902898788452,0.06645399332046509,0.0757894366979599,0.04786689579486847,0.0317864716053009,0.037706296890974045,0.039396852254867554,0.06579718738794327,0.0362018458545208,0.04082206264138222,0.27515190839767456,0.3223657011985779,0.29626572132110596,0.3901616930961609,0.572554479613822,4.409054279327393,0.5725544691085815,3.3349154178744507,-0.05906288741532624,7.700672051856485,9.745929169616543,1.265594626545223,11.554972001723739,0.08228684961795807,0.062329668551683426,0.041319847106933594,0.07314222306013107,0.08091267198324203,0.06250276416540146,0.12503163516521454,0.0784507766366005,0.06789706647396088,0.15540315210819244,0.1828259527683258,0.1151910200715065,0.06959538906812668,0.0760243758559227,0.07860176265239716,0.12503163516521454,0.09005334228277206,0.08454276621341705,1.3373229503631592,1.2923951148986816,1.2829532623291016,1.670454502105713,000121.tdms,120,1200.0
13.218019485473633,793.081169128418,9.5367431640625e-07,0.3188579727069487,3.5618839263916016,0.31885796785354614,5.326450655341094,-0.01230886178052294,11.170753850540239,14.717681365015565,1.317519082591171,17.73064016879421,0.02743970789015293,0.026379799470305443,0.02808229811489582,0.027075661346316338,0.027894048020243645,0.026379799470305443,0.06577098369598389,0.027477562427520752,0.024212103337049484,0.02774125523865223,0.03423363342881203,0.030134795233607292,0.02597138099372387,0.02966972254216671,0.02747436799108982,0.06577098369598389,0.0296173095703125,0.036344561725854874,0.0995355099439621,0.16013672947883606,0.2128809690475464,0.2624439597129822,0.9406929004279222,5.1651458740234375,0.9406929016113281,3.1441054901556806,-0.01989669302966671,5.490788621529733,6.915101553881112,1.2594004305258732,8.180183503225324,0.1425163447856903,0.09608188271522522,0.07057184725999832,0.1518951654434204,0.12962740659713745,0.09323978424072266,0.26210132241249084,0.157180055975914,0.11047626286745071,0.18832410871982574,0.288030743598938,0.18807236850261688,0.157180055975914,0.1452164500951767,0.1561659276485443,0.26210132241249084,0.16512764990329742,0.16055263578891754,4.005354404449463,4.934452056884766,4.649897575378418,3.921027660369873,0.28519119414378713,1.7881767749786377,0.28519120812416077,3.2454549736148235,-0.013864870627827033,6.270098136610341,7.92913248318514,1.2645946379830801,9.399524981256036,0.03711764141917229,0.03434498980641365,0.026031848043203354,0.03651802986860275,0.036980777978897095,0.03434498980641365,0.06098228320479393,0.039433568716049194,0.036572858691215515,0.06759842485189438,0.10448417067527771,0.05128757655620575,0.039433568716049194,0.039625898003578186,0.04477404057979584,0.06311400979757309,0.04580774903297424,0.05066509544849396,0.2941638231277466,0.3198812007904053,0.32691821455955505,0.40942564606666565,0.5651660100143174,4.759160041809082,0.5651659965515137,3.2982418284849544,-0.0644063575840243,8.420817879136994,10.647837569162375,1.2644659606690858,12.615377155178887,0.07620629668235779,0.06782945990562439,0.047034043818712234,0.06964357197284698,0.068696029484272,0.0654752254486084,0.12093242257833481,0.0790727511048317,0.0671863928437233,0.15673141181468964,0.16435730457305908,0.09528853744268417,0.0790727511048317,0.07650263607501984,0.08217301219701767,0.12093242257833481,0.07449386268854141,0.09181131422519684,1.2052942514419556,1.2478210926055908,1.210411548614502,1.6335275173187256,000122.tdms,121,1210.0
13.270264625549316,796.215877532959,0.0,0.30562397508117817,4.197155475616455,0.30562397837638855,5.296290462083039,-0.012185304416825417,13.733070105189325,18.01840950523607,1.3120452577044255,21.65886775990701,0.023068584501743317,0.021005721762776375,0.02088657207787037,0.026270702481269836,0.024372564628720284,0.024764548987150192,0.03596058115363121,0.02658233791589737,0.025275733321905136,0.030377961695194244,0.03334883227944374,0.025893187150359154,0.02658233791589737,0.025180958211421967,0.025849053636193275,0.038479361683130264,0.026493782177567482,0.03388876095414162,0.09075891971588135,0.14249491691589355,0.1877458095550537,0.2389608770608902,0.9107387136073638,6.130258560180664,0.9107387065887451,3.2101886329453877,-0.02013064650136014,6.731083754965456,8.496772424003094,1.2623186300029479,10.063425873077318,0.14193899929523468,0.09264084696769714,0.06969726085662842,0.13948370516300201,0.12829601764678955,0.10363834351301193,0.17249833047389984,0.1417330950498581,0.09871363639831543,0.18981508910655975,0.23520411550998688,0.1763886660337448,0.1417330950498581,0.1385500282049179,0.15293510258197784,0.17249833047389984,0.15369035303592682,0.16937433183193207,4.065924167633057,4.772126197814941,4.2867608070373535,3.6863131523132324,0.28394100482447693,1.7596440315246582,0.28394100069999695,3.2596648759677036,-0.016675550521757506,6.197217033208757,7.837515446854888,1.2646830673924014,9.290321391708206,0.03545882925391197,0.02876688912510872,0.021754536777734756,0.037406329065561295,0.031733401119709015,0.02858273684978485,0.049030013382434845,0.035547886043787,0.035354286432266235,0.07781213521957397,0.07600796222686768,0.05141248181462288,0.035547886043787,0.03604438155889511,0.03522612154483795,0.049030013382434845,0.04169043153524399,0.051157526671886444,0.2896108031272888,0.31216341257095337,0.31392109394073486,0.405369371175766,0.5546367783257634,5.278128147125244,0.5546367764472961,3.4074082663219363,-0.07202614168257512,9.516368826203514,12.05588257017128,1.2668574316891925,14.298266190145645,0.07200835645198822,0.06283845752477646,0.046281203627586365,0.07252199202775955,0.07291534543037415,0.06283845752477646,0.08800462633371353,0.06860075145959854,0.06008874997496605,0.19365501403808594,0.15465357899665833,0.10518977791070938,0.06089446693658829,0.0672021359205246,0.08350375294685364,0.08962691575288773,0.09823572635650635,0.09531591087579727,1.322260856628418,1.2877717018127441,1.1815927028656006,1.5023744106292725,000123.tdms,122,1220.0
13.218019485473633,793.081169128418,9.5367431640625e-07,0.29814201326428375,4.372269153594971,0.2981420159339905,5.312828855779038,-0.022080118367097213,14.665055440271797,19.200317027894894,1.309256354747135,23.057785903462737,0.0278065986931324,0.02305121347308159,0.02086099050939083,0.02699899487197399,0.027888284996151924,0.021158713847398758,0.047948483377695084,0.026385976001620293,0.026993051171302795,0.02737937681376934,0.02984226681292057,0.028836099430918694,0.026385976001620293,0.028950350359082222,0.024722767993807793,0.047948483377695084,0.0281912200152874,0.03552863374352455,0.08993341028690338,0.13588576018810272,0.19252127408981323,0.2295033484697342,0.8633270941942134,5.204634189605713,0.8633270859718323,3.188150762451538,-0.019313351959877066,6.028577377689577,7.6001123837256666,1.260680904893415,8.992812546321876,0.11852100491523743,0.08182548731565475,0.0698600709438324,0.13502848148345947,0.11169129610061646,0.08113358914852142,0.2041633576154709,0.13955184817314148,0.09866917878389359,0.19013163447380066,0.23850847780704498,0.16860739886760712,0.12754914164543152,0.135276660323143,0.13793303072452545,0.2041633576154709,0.16146422922611237,0.17320242524147034,3.4615392684936523,4.128957271575928,3.898845911026001,3.3495352268218994,0.2753131026868686,1.9677563905715942,0.2753131091594696,3.2986444716407473,-0.015203782023499235,7.147340142432854,9.048793037630288,1.26603643555576,10.73245237221678,0.0363025963306427,0.028718577697873116,0.02449681982398033,0.036623403429985046,0.030892975628376007,0.028332334011793137,0.05895529314875603,0.0371280312538147,0.03255784884095192,0.08715414255857468,0.0809071958065033,0.06007115915417671,0.0371280312538147,0.03483806177973747,0.03961087763309479,0.05895529314875603,0.038739144802093506,0.05468320846557617,0.2725253105163574,0.28924304246902466,0.2972579300403595,0.3839735984802246,0.5285585610147199,5.275503158569336,0.5285585522651672,3.4724544471436287,-0.07445080027594482,9.980924627238075,12.659895803757593,1.268409118049902,15.02141717262573,0.06132090464234352,0.061214301735162735,0.03823241963982582,0.07145321369171143,0.07088010013103485,0.059456005692481995,0.09972772747278214,0.05797961354255676,0.05623915418982506,0.17483527958393097,0.18294906616210938,0.08991993218660355,0.05529751256108284,0.06394828855991364,0.07492943853139877,0.09972772747278214,0.09637611359357834,0.08797124028205872,1.2162706851959229,1.2063088417053223,1.069360375404358,1.4186018705368042,000124.tdms,123,1230.0
13.270264625549316,796.215877532959,0.0,0.296366582497547,3.8417813777923584,0.2963665723800659,5.012206231380268,-0.011341797442057728,12.962937134871327,16.94782050971071,1.307405901407925,20.348321101359776,0.0241010133177042,0.020895417779684067,0.020314926281571388,0.02369174174964428,0.025276169180870056,0.020895417779684067,0.039999015629291534,0.023747948929667473,0.02504986897110939,0.02744455263018608,0.027696698904037476,0.027448760345578194,0.023538630455732346,0.0268248338252306,0.023795440793037415,0.039999015629291534,0.028237702324986458,0.0412692129611969,0.08819286525249481,0.13474160432815552,0.17804977297782898,0.22264519333839417,0.8433747693450644,6.307053565979004,0.8433747887611389,3.1535803459638956,-0.019869275044150467,7.478352205007085,9.419162002326333,1.259523721819332,11.142104474254563,0.12838229537010193,0.08649784326553345,0.06258983910083771,0.1383538544178009,0.12187786400318146,0.08649784326553345,0.19376878440380096,0.11795862019062042,0.11125999689102173,0.16173353791236877,0.1728292852640152,0.14578120410442352,0.11117380857467651,0.1211422011256218,0.12325703352689743,0.19376878440380096,0.14182649552822113,0.14286383986473083,2.8545548915863037,3.7846691608428955,3.6841540336608887,3.2404799461364746,0.2668183112853098,1.5478886365890503,0.2668183147907257,3.2725194589883118,-0.017627825184215757,5.8012833869332425,7.347257541214384,1.2664883011513073,8.716691422794993,0.0356430821120739,0.02761668525636196,0.022550668567419052,0.0359046496450901,0.03253979608416557,0.025183092802762985,0.04789476841688156,0.033433374017477036,0.033182527869939804,0.07470846176147461,0.0686381384730339,0.046534646302461624,0.033433374017477036,0.03300050273537636,0.03544209152460098,0.04789476841688156,0.03412579745054245,0.04125852882862091,0.2442721724510193,0.2703608274459839,0.2746478319168091,0.3543912172317505,0.5192181784035185,3.9831206798553467,0.5192182064056396,3.2955478400256824,-0.06046948200230045,7.6713814067576855,9.699724672852607,1.2644039135256868,11.493450684491368,0.06103893369436264,0.054468877613544464,0.04160541668534279,0.06659239530563354,0.05913431942462921,0.054468877613544464,0.099215067923069,0.06771815568208694,0.061630528420209885,0.12370229512453079,0.13965769112110138,0.0873863473534584,0.06771815568208694,0.07353357970714569,0.07369329780340195,0.099215067923069,0.08258870989084244,0.07884097099304199,1.071592092514038,1.095098853111267,0.9932808876037598,1.3788652420043945,000125.tdms,124,1240.0
17.520896911621094,1051.2538146972656,3.082540988922119,0.4325966410353944,11.009612083435059,0.4325966536998749,6.987370135871963,-0.44772878232117136,25.450063729307292,35.50944271841711,1.3952594813161836,44.97678307928017,0.05236667022109032,0.038686469197273254,0.03448059782385826,0.043428126722574234,0.044690828770399094,0.038686469197273254,0.04462204873561859,0.041824426501989365,0.040574513375759125,0.05490432679653168,0.055207204073667526,0.04796214774250984,0.04223344847559929,0.03783968463540077,0.05218273401260376,0.04972419515252113,0.04711100831627846,0.042186539620161057,0.276309996843338,0.41507768630981445,0.43204009532928467,0.5809969305992126,2.065810350190477,11.168535232543945,2.065810441970825,3.1614341160477006,-0.04500342493510594,5.406370062728244,6.819981351569361,1.2614714258253639,8.075619587251076,0.32662639021873474,0.33354103565216064,0.15109005570411682,0.2585422694683075,0.40624329447746277,0.33354103565216064,0.34742408990859985,0.3186546564102173,0.2900981307029724,0.4877806007862091,0.3913162648677826,0.3031368553638458,0.3186546564102173,0.2726401686668396,0.45768582820892334,0.4138537347316742,0.25972720980644226,0.35723838210105896,15.370561599731445,20.97655487060547,23.016448974609375,23.87619400024414,0.478842331819775,2.918256998062134,0.4788423180580139,3.1204581317012363,-0.037832395566179296,6.094400607756829,7.677731240983588,1.2598008787298178,9.086627067890024,0.075992152094841,0.07821156084537506,0.04365045204758644,0.06201621890068054,0.05490969866514206,0.07821156084537506,0.06760674715042114,0.05604754015803337,0.06103277951478958,0.10571946948766708,0.15033988654613495,0.07366323471069336,0.05397375300526619,0.057405173778533936,0.07548883557319641,0.08015553653240204,0.07463565468788147,0.06935710459947586,0.7207818627357483,0.8711934089660645,0.8263084888458252,1.0973893404006958,1.211019697783566,7.345249176025391,1.21101975440979,3.174595708448465,-0.09775105855696324,6.065342446096311,7.651099502860699,1.2614455936919093,9.05800597161211,0.2675895094871521,0.14632919430732727,0.10644210129976273,0.15014785528182983,0.18870431184768677,0.14632919430732727,0.15830402076244354,0.15234528481960297,0.15086853504180908,0.35252758860588074,0.29926732182502747,0.1896473467350006,0.15234528481960297,0.17107945680618286,0.2421954870223999,0.2308289110660553,0.16090288758277893,0.19680970907211304,5.345182418823242,5.796875953674316,6.181787490844727,7.957891464233398,000126.tdms,125,1250.0
