shaft_hz,rpm_est,shaft_std,CH1_rms,CH1_peak,CH1_std,CH1_kurt,CH1_skew,CH1_crest,CH1_impulse,CH1_shape,CH1_margin,CH1_BPFI_h1,CH1_BPFI_h2,CH1_BPFI_h3,CH1_BPFO_h1,CH1_BPFO_h2,CH1_BPFO_h3,CH1_BSF_h1,CH1_BSF_h2,CH1_BSF_h3,CH1_FTF_h1,CH1_FTF_h2,CH1_FTF_h3,CH1_BPFI_sb_p,CH1_BPFI_sb_m,CH1_BPFO_sb_p,CH1_BPFO_sb_m,CH1_BSF_sb_p,CH1_BSF_sb_m,CH1_E_low,CH1_E_mid,CH1_E_high,CH1_E_vhigh,CH2_rms,CH2_peak,CH2_std,CH2_kurt,CH2_skew,CH2_crest,CH2_impulse,CH2_shape,CH2_margin,CH2_BPFI_h1,CH2_BPFI_h2,CH2_BPFI_h3,CH2_BPFO_h1,CH2_BPFO_h2,CH2_BPFO_h3,CH2_BSF_h1,CH2_BSF_h2,CH2_BSF_h3,CH2_FTF_h1,CH2_FTF_h2,CH2_FTF_h3,CH2_BPFI_sb_p,CH2_BPFI_sb_m,CH2_BPFO_sb_p,CH2_BPFO_sb_m,CH2_BSF_sb_p,CH2_BSF_sb_m,CH2_E_low,CH2_E_mid,CH2_E_high,CH2_E_vhigh,CH3_rms,CH3_peak,CH3_std,CH3_kurt,CH3_skew,CH3_crest,CH3_impulse,CH3_shape,CH3_margin,CH3_BPFI_h1,CH3_BPFI_h2,CH3_BPFI_h3,CH3_BPFO_h1,CH3_BPFO_h2,CH3_BPFO_h3,CH3_BSF_h1,CH3_BSF_h2,CH3_BSF_h3,CH3_FTF_h1,CH3_FTF_h2,CH3_FTF_h3,CH3_BPFI_sb_p,CH3_BPFI_sb_m,CH3_BPFO_sb_p,CH3_BPFO_sb_m,CH3_BSF_sb_p,CH3_BSF_sb_m,CH3_E_low,CH3_E_mid,CH3_E_high,CH3_E_vhigh,CH4_rms,CH4_peak,CH4_std,CH4_kurt,CH4_skew,CH4_crest,CH4_impulse,CH4_shape,CH4_margin,CH4_BPFI_h1,CH4_BPFI_h2,CH4_BPFI_h3,CH4_BPFO_h1,CH4_BPFO_h2,CH4_BPFO_h3,CH4_BSF_h1,CH4_BSF_h2,CH4_BSF_h3,CH4_FTF_h1,CH4_FTF_h2,CH4_FTF_h3,CH4_BPFI_sb_p,CH4_BPFI_sb_m,CH4_BPFO_sb_p,CH4_BPFO_sb_m,CH4_BSF_sb_p,CH4_BSF_sb_m,CH4_E_low,CH4_E_mid,CH4_E_high,CH4_E_vhigh,file,idx,t_min
13.218019485473633,793.081169128418,1.1005847454071045,0.15507335487351298,1.0140635967254639,0.1550733596086502,4.067120772813808,-0.016709123136175286,6.5392510373725665,8.537673003451193,1.3056041058306858,10.282870452877724,0.011767479591071606,0.011004520580172539,0.009313659742474556,0.011289182119071484,0.011657330207526684,0.011004520580172539,0.012148352339863777,0.014652378857135773,0.012424935586750507,0.01339724101126194,0.012219681404531002,0.012149705551564693,0.0123430285602808,0.01341478992253542,0.011420924216508865,0.01254702266305685,0.014489141292870045,0.012305115349590778,0.018538324162364006,0.028500795364379883,0.08614268898963928,0.06296245008707047,0.17312262450836657,1.1145787239074707,0.17312262952327728,3.7750293217124367,0.016343207855159497,6.438088187911026,8.330515068255147,1.293942366912212,9.997126442301496,0.017737977206707,0.01573425903916359,0.013591844588518143,0.0160828884691,0.015575513243675232,0.01573425903916359,0.02967117540538311,0.02331123687326908,0.030515680089592934,0.03006293624639511,0.01955561712384224,0.016980599611997604,0.02331123687326908,0.013265945948660374,0.015460364520549774,0.02967117540538311,0.015984121710062027,0.018519327044487,0.03893745690584183,0.04814300313591957,0.09920653700828552,0.09592334926128387,0.1233304631040459,0.8612450361251831,0.12333046644926071,4.2977961199940165,-0.012292042708648173,6.983230375115081,9.19229438154784,1.3163384118480204,11.116103226593863,0.011677878908813,0.009299784898757935,0.007638700772076845,0.009361444972455502,0.009773191064596176,0.009299784898757935,0.009186968207359314,0.011824903078377247,0.009523236192762852,0.011230600997805595,0.010418999008834362,0.009995619766414165,0.010683538392186165,0.010715024545788765,0.009076484479010105,0.009186968207359314,0.010833983309566975,0.00970191415399313,0.012628396041691303,0.018385283648967743,0.06298975646495819,0.04258780926465988,0.15901362058754315,1.0932163000106812,0.15901361405849457,4.2487037026741215,0.00788733368180226,6.874985274665973,9.023050227299631,1.3124464805109017,10.890600934596806,0.013446511700749397,0.012300495989620686,0.010931580327451229,0.01241358369588852,0.012592528015375137,0.012475349009037018,0.014764987863600254,0.017627567052841187,0.01232981588691473,0.02685748040676117,0.01479345466941595,0.012715892866253853,0.01347137801349163,0.013856814242899418,0.014988575130701065,0.014764987863600254,0.015389680862426758,0.013576598837971687,0.0243256576359272,0.03349355608224869,0.10208840668201447,0.07391321659088135,000001.tdms,0,0.0
13.267844200134277,796.0706520080566,0.5978398323059082,0.15721828130865628,1.078730821609497,0.15721827745437622,4.114995803704098,-0.008718525558229457,6.861357423769924,8.968611087692677,1.3071190631495972,10.806344512073427,0.010996230877935886,0.011014727875590324,0.011954378336668015,0.013817264698445797,0.01290703471750021,0.010383274406194687,0.012185459025204182,0.012990155257284641,0.012034052051603794,0.01459801010787487,0.01319884043186903,0.012944161891937256,0.012990155257284641,0.012527292594313622,0.012089570984244347,0.012229579500854015,0.014083298854529858,0.012539928779006004,0.020579196512699127,0.03147946670651436,0.09048456698656082,0.0775575116276741,0.20095420839127248,1.16734778881073,0.20095419883728027,3.3725753496671795,0.0031005350252657814,5.809023847551472,7.383641834192487,1.2710641284946218,8.775099277058438,0.025346290320158005,0.017622364684939384,0.020040277391672134,0.020140597596764565,0.020381856709718704,0.017622364684939384,0.035783566534519196,0.021500367671251297,0.025823017582297325,0.03802395239472389,0.02612249180674553,0.02135901153087616,0.021500367671251297,0.01731356419622898,0.020673131570219994,0.035783566534519196,0.025829890742897987,0.018262792378664017,0.05767561495304108,0.08192309737205505,0.12474825978279114,0.14125412702560425,0.12442616159843645,0.9443941712379456,0.12442616373300552,4.375408205093778,-0.009734308080898089,7.589996823062112,10.01135686452917,1.319019901841037,12.11511427926258,0.009666135534644127,0.009928427636623383,0.008896714076399803,0.011307446286082268,0.010508118197321892,0.008817254565656185,0.009772002696990967,0.010636169463396072,0.010080131702125072,0.011085014790296555,0.010070502758026123,0.010923027992248535,0.010636169463396072,0.0099704684689641,0.01070026308298111,0.010624483227729797,0.010609463788568974,0.010702341794967651,0.013554557226598263,0.021086271852254868,0.06565789878368378,0.05391672998666763,0.1698981575472639,1.0876553058624268,0.1698981523513794,4.044700374779162,-0.0030349247896983003,6.401807539083244,8.333763810147964,1.3017829354084864,10.01539987379434,0.014173511415719986,0.012686260044574738,0.013668682426214218,0.013366167433559895,0.015219802968204021,0.012556497938930988,0.01565774902701378,0.014362763613462448,0.014512153342366219,0.022217396646738052,0.014968893490731716,0.015333113260567188,0.014362763613462448,0.015276934951543808,0.014852132648229599,0.01565774902701378,0.01632530428469181,0.015074864029884338,0.030456097796559334,0.04378171265125275,0.10364691913127899,0.09480179846286774,000002.tdms,1,10.0
13.218019485473633,793.081169128418,9.5367431640625e-07,0.15595300582057173,1.0025442838668823,0.15595300495624542,4.158811348871024,-0.014351408359341289,6.428502474779726,8.41248736494053,1.3086231821399097,10.13895165331791,0.01167388167232275,0.010432012379169464,0.009654972702264786,0.014832266606390476,0.0118634644895792,0.009696121327579021,0.014018142595887184,0.012521505355834961,0.014183049090206623,0.011915478855371475,0.012494168244302273,0.01359488908201456,0.012258864007890224,0.01311875693500042,0.01196032389998436,0.014018142595887184,0.012932386249303818,0.01212222222238779,0.01981821097433567,0.03106057457625866,0.09187719225883484,0.07109750062227249,0.1989265711548169,1.1822235584259033,0.19892656803131104,3.4093030633564134,0.0032172560055499424,5.943014809750197,7.56232980328503,1.2724736594763586,8.990758366326954,0.019870217889547348,0.01652875542640686,0.01846359670162201,0.0210360549390316,0.02202462963759899,0.01652875542640686,0.04877610132098198,0.023579129949212074,0.018647251650691032,0.0360938124358654,0.024140505120158195,0.02059287764132023,0.01988016627728939,0.020746463909745216,0.024274613708257675,0.04877610132098198,0.023825226351618767,0.025905728340148926,0.05157686024904251,0.08200346678495407,0.12007039785385132,0.12916231155395508,0.1232761034114861,0.8300822377204895,0.12327610701322556,4.421184190886685,-0.010198984080093839,6.733521053547087,8.895053985446065,1.3210107928244057,10.770925969218345,0.00934968888759613,0.008681726641952991,0.008712069131433964,0.011213242076337337,0.010828888975083828,0.00833341758698225,0.010635684244334698,0.010660174302756786,0.009163611568510532,0.009822765365242958,0.009946498088538647,0.010788529179990292,0.009774717502295971,0.010244110599160194,0.009579404257237911,0.011857599020004272,0.012244094163179398,0.010702957399189472,0.013084907084703445,0.020062655210494995,0.06711946427822113,0.04869629815220833,0.16806236142528377,1.0266133546829224,0.16806235909461975,4.096512651287004,0.005784366908502947,6.108526299264981,7.96710784302955,1.3042602180477156,9.584991785910187,0.014146769419312477,0.011694316752254963,0.012565690092742443,0.014256946742534637,0.013766391202807426,0.012897836044430733,0.018661273643374443,0.01609625481069088,0.012222442775964737,0.020611612126231194,0.016141382977366447,0.01628086157143116,0.014472706243395805,0.013642430305480957,0.018668558448553085,0.018661273643374443,0.016306180506944656,0.013778810389339924,0.02799295261502266,0.04165584221482277,0.10481628775596619,0.08812601864337921,000003.tdms,2,20.0
13.218019485473633,793.081169128418,0.5525078773498535,0.15963619977708146,1.029395341873169,0.15963619947433472,4.088624586316919,-0.013638426294307369,6.448382906324713,8.41928101223614,1.305642226049934,10.13793967917971,0.011441189795732498,0.01239314116537571,0.011263568885624409,0.012953894212841988,0.012492422014474869,0.01239314116537571,0.012990439310669899,0.015082103200256824,0.012252232059836388,0.015248087234795094,0.012499021366238594,0.013555487617850304,0.012656423263251781,0.011388350278139114,0.013504342176020145,0.014303894713521004,0.013535276055335999,0.012162021361291409,0.02104755863547325,0.03171639144420624,0.09848572313785553,0.07947643101215363,0.22262936981973772,1.2990902662277222,0.2226293683052063,3.3843753595728057,0.0033289361092484196,5.835215125837132,7.42533246026387,1.2725036352791905,8.830075227457467,0.022266628220677376,0.023645687848329544,0.022864947095513344,0.020815014839172363,0.02345932275056839,0.023645687848329544,0.04225043207406998,0.022935649380087852,0.022364981472492218,0.04119814559817314,0.03156938776373863,0.022571710869669914,0.023839278146624565,0.02325723133981228,0.024407533928751945,0.04687193036079407,0.02551681362092495,0.030736658722162247,0.07170753180980682,0.1275818645954132,0.16247636079788208,0.1861126720905304,0.12652247084330492,0.8703092932701111,0.1265224665403366,4.340839565395698,-0.011003455801698415,6.878693464246114,9.055573222262035,1.3164670397555651,10.94521779080855,0.009154037572443485,0.008740938268601894,0.008329336531460285,0.009948845952749252,0.009718365967273712,0.00833747535943985,0.009981811046600342,0.014028681442141533,0.009584860876202583,0.011858507059514523,0.009761011227965355,0.010709308087825775,0.010301914066076279,0.010032689198851585,0.01027216948568821,0.009901490062475204,0.010293958708643913,0.010239357128739357,0.01364144217222929,0.021348483860492706,0.07203812152147293,0.0540214404463768,0.17910035235912372,1.3517612218856812,0.17910036444664001,3.9460482379098525,-0.006185582885403974,7.547507328043622,9.797820603047423,1.2981531752400566,11.764183437377877,0.017278414219617844,0.015314481221139431,0.01378095243126154,0.014843737706542015,0.014272678643465042,0.014826475642621517,0.01771509274840355,0.017550602555274963,0.0152102280408144,0.023845231160521507,0.01726420596241951,0.016273878514766693,0.014683316461741924,0.01812518760561943,0.015829093754291534,0.01771509274840355,0.015519174747169018,0.017318010330200195,0.036081574857234955,0.04801173508167267,0.11256946623325348,0.11132752895355225,000004.tdms,3,30.0
17.58919906616211,1055.3519439697266,3.814697265625e-06,0.1772699891684221,1.0975124835968018,0.17726999521255493,3.77856731536564,-0.005660787153000324,6.19119168870749,7.992591319325076,1.290961695452472,9.571340648486283,0.011189393699169159,0.010719718411564827,0.009616761468350887,0.012080010026693344,0.011436192318797112,0.010719718411564827,0.01378953829407692,0.011527062393724918,0.011492988094687462,0.014898810535669327,0.01341054867953062,0.013426362536847591,0.011047711595892906,0.011799327097833157,0.0775526762008667,0.013339629396796227,0.013545013032853603,0.012191050685942173,0.020879674702882767,0.04577312618494034,0.03249533474445343,0.05448291078209877,0.32315356143105617,1.6590207815170288,0.323153555393219,3.0476952981759,0.010327276436579502,5.13384650371856,6.446758294190129,1.2557364715755714,7.616335639432459,0.05180559307336807,0.04927698150277138,0.06839828938245773,0.02764344960451126,0.049262143671512604,0.04927698150277138,0.04412759095430374,0.046953774988651276,0.04686060920357704,0.08240097016096115,0.032107457518577576,0.04603242129087448,0.046953774988651276,0.0675174668431282,0.07758038491010666,0.1220494732260704,0.03060290776193142,0.03934714198112488,0.19668076932430267,0.3839956223964691,0.40481850504875183,0.5092664957046509,0.136420018942072,0.8394794464111328,0.13642001152038574,4.071311823923996,0.0056905603490072214,6.153638248412799,8.031824761364902,1.3052156199523983,9.667938316284127,0.010354401543736458,0.00881793163716793,0.008180569857358932,0.008440562523901463,0.011129159480333328,0.008846859447658062,0.009048014879226685,0.010087649337947369,0.010098214261233807,0.012687946669757366,0.011334164999425411,0.009231563657522202,0.010979975573718548,0.009344655089080334,0.06658276170492172,0.013379656709730625,0.011219892650842667,0.009465041570365429,0.011745911091566086,0.02899198792874813,0.022507378831505775,0.03891671821475029,0.23499634556008672,1.2849212884902954,0.23499634861946106,3.3319642017282143,0.0012577229281453904,5.467835193044528,6.9402527879652585,1.2692871205763023,8.241125098568515,0.03858249634504318,0.01926482282578945,0.021202607080340385,0.014836861751973629,0.026616496965289116,0.01926482282578945,0.016230517998337746,0.021269474178552628,0.020279038697481155,0.05404961109161377,0.029826145619153976,0.01970873959362507,0.021269474178552628,0.025218289345502853,0.06288512051105499,0.03378080949187279,0.01874453015625477,0.014242726378142834,0.05817354470491409,0.0802544429898262,0.09324046969413757,0.14191991090774536,000005.tdms,4,40.0
17.55518341064453,1053.3110046386719,3.814697265625e-06,0.18156168873485856,1.2618744373321533,0.1815616935491562,3.7449194222639415,-0.002124074921498007,6.9501140142781805,8.956505248965327,1.288684650433828,10.713264201904735,0.011932224966585636,0.010866631753742695,0.009290393441915512,0.012598930858075619,0.011925114318728447,0.011377985589206219,0.012510566972196102,0.012011227197945118,0.011341995559632778,0.0143173448741436,0.01322716474533081,0.014654378406703472,0.012011227197945118,0.01176647748798132,0.07333403825759888,0.012128996662795544,0.013614178635179996,0.012427183799445629,0.02211218886077404,0.046765536069869995,0.03437989205121994,0.05650497227907181,0.3285358332021547,1.7263612747192383,0.3285358250141144,3.026053573908038,0.0016105538056042394,5.254712272609161,6.5915593734595594,1.2544091915020505,7.783471325888087,0.0703888013958931,0.03912821039557457,0.06368502974510193,0.029985792934894562,0.055659886449575424,0.03912821039557457,0.04091080650687218,0.038552239537239075,0.047903116792440414,0.0722358226776123,0.04495188966393471,0.038304973393678665,0.043679140508174896,0.07892994582653046,0.10340826213359833,0.13672085106372833,0.037356264889240265,0.04612967371940613,0.19427995383739471,0.4023810625076294,0.431715190410614,0.49656248092651367,0.14137280500708113,0.902427077293396,0.14137279987335205,3.9749169335569388,0.00014711757479977486,6.383314508389325,8.294259627611359,1.2993656534877858,9.96116990745207,0.009114490821957588,0.008995486423373222,0.008056594990193844,0.010523276403546333,0.01195982564240694,0.008995486423373222,0.009625429287552834,0.009937504306435585,0.009768443182110786,0.01223241351544857,0.011824075132608414,0.009863912127912045,0.010424810461699963,0.009997326880693436,0.06600302457809448,0.012582882307469845,0.011397804133594036,0.01019380521029234,0.012882174924015999,0.03135427087545395,0.024936610832810402,0.043152812868356705,0.2448956373601465,1.4883219003677368,0.24489563703536987,3.2800404026641283,0.0036761565523708694,6.077372044725291,7.696621194152455,1.2664390360686495,9.130113076504811,0.040709562599658966,0.01661098375916481,0.027188148349523544,0.017563065513968468,0.03379560261964798,0.01837216503918171,0.018376491963863373,0.020240405574440956,0.028016354888677597,0.0533578023314476,0.030017822980880737,0.019277608022093773,0.020240405574440956,0.03295602276921272,0.05533395707607269,0.035389963537454605,0.019731152802705765,0.018290968611836433,0.06029333546757698,0.08504654467105865,0.10560104995965958,0.14644885063171387,000006.tdms,5,50.0
17.55518341064453,1053.3110046386719,3.814697265625e-06,0.18345886713646725,1.319287657737732,0.1834588646888733,3.7788277199364386,-0.003858501019498764,7.191190474082509,9.281007854734067,1.290607986005014,11.1130086190819,0.012678513303399086,0.0108474837616086,0.009623792953789234,0.013752116821706295,0.011258422397077084,0.0108474837616086,0.014161706902086735,0.012901871465146542,0.012915059924125671,0.013708982616662979,0.014062345027923584,0.014722866006195545,0.012901871465146542,0.012827981263399124,0.07360518723726273,0.012257559224963188,0.01327031571418047,0.013328596949577332,0.021985139697790146,0.04723987355828285,0.03723444417119026,0.06012529879808426,0.32928861062391446,1.7472270727157593,0.3292886018753052,3.0593725806520737,0.0006376977713037802,5.306065914047947,6.664616524192299,1.2560372660557333,7.87483672591439,0.06337157636880875,0.03793085739016533,0.03586583212018013,0.02763686701655388,0.053474441170692444,0.03793085739016533,0.03455701842904091,0.04381956905126572,0.047065965831279755,0.06700147688388824,0.03579544275999069,0.03933882713317871,0.05101996287703514,0.06037979945540428,0.09870858490467072,0.10328499227762222,0.035159505903720856,0.04439154639840126,0.2030879110097885,0.4166525900363922,0.4379827678203583,0.4953951835632324,0.14221857407327868,1.1841617822647095,0.14221857488155365,3.9270351584456797,0.012913141561901983,8.326351111174588,10.798773359445715,1.2969394654704087,12.955065070561803,0.01319517008960247,0.008830741047859192,0.009151873178780079,0.009494704194366932,0.010140173137187958,0.009387661702930927,0.010456486605107784,0.009827779605984688,0.0102540859952569,0.012540495954453945,0.010017644613981247,0.009526269510388374,0.010736457072198391,0.00962273683398962,0.06343229115009308,0.012001990340650082,0.010608724318444729,0.009762049652636051,0.013546088710427284,0.03162268176674843,0.025077365338802338,0.04316597431898117,0.25045257075854876,1.3905614614486694,0.25045257806777954,3.251002337794345,-0.008594039577914079,5.552194801742537,7.027857106439362,1.2657799946489077,8.336491144094772,0.035951413214206696,0.016777819022536278,0.017779557034373283,0.01831039972603321,0.026536371558904648,0.01820356212556362,0.021071430295705795,0.018542055040597916,0.020924722775816917,0.0526701845228672,0.026557786390185356,0.018153585493564606,0.024366406723856926,0.020616721361875534,0.057875677943229675,0.038263801485300064,0.017832878977060318,0.020634222775697708,0.06242834031581879,0.09237112104892731,0.1060822531580925,0.15972624719142914,000007.tdms,6,60.0
17.55518341064453,1053.3110046386719,3.814697265625e-06,0.1822698318937766,3.4240901470184326,0.18226982653141022,4.066246473514789,0.004682899514924456,18.7858303891668,24.202794414205012,1.2883537172869401,28.94183782934508,0.011847181245684624,0.010980971157550812,0.010239989496767521,0.0133623406291008,0.012429412454366684,0.010980971157550812,0.013487494550645351,0.013099860399961472,0.011375638656318188,0.016907190904021263,0.014306718483567238,0.01276838593184948,0.013099860399961472,0.012923353351652622,0.0778479278087616,0.01298537291586399,0.01392009574919939,0.012936078011989594,0.023704122751951218,0.04876314848661423,0.038036271929740906,0.05963440239429474,0.32986483934314453,6.550373077392578,0.32986482977867126,3.2616475781743985,-0.0024973797098113122,19.85774867802294,24.972155292837126,1.257552187699627,29.522503844588115,0.054182905703783035,0.04084372520446777,0.04325658828020096,0.0332300178706646,0.04047003015875816,0.04084372520446777,0.0404021292924881,0.04575575143098831,0.03168652579188347,0.07448618859052658,0.049505386501550674,0.03635132312774658,0.04575575143098831,0.056761130690574646,0.08898944407701492,0.10283369570970535,0.03252053260803223,0.051708370447158813,0.21815183758735657,0.39056164026260376,0.44508516788482666,0.5219834446907043,0.14327869353722902,1.268846869468689,0.14327868819236755,3.903730201984737,0.010057082077393786,8.855795918735094,11.475760551105795,1.295847449107084,13.7646679048144,0.010694415308535099,0.01005410123616457,0.00865581538528204,0.010373471304774284,0.011191819794476032,0.009159490466117859,0.010300989262759686,0.010024999268352985,0.009335963055491447,0.015764467418193817,0.009868960827589035,0.009792507626116276,0.010234915651381016,0.009905492886900902,0.06803257763385773,0.01178538054227829,0.010992724448442459,0.010093697346746922,0.014888884499669075,0.03241179883480072,0.02707410790026188,0.04480382055044174,0.25457587340975957,2.0916805267333984,0.2545758783817291,3.27245622869296,0.002142363211706973,8.21633448102396,10.397063260034084,1.2654138270595758,12.328166187627438,0.034954652190208435,0.020179633051156998,0.01736123487353325,0.0163691658526659,0.032732971012592316,0.016744285821914673,0.01827969402074814,0.023602474480867386,0.027877820655703545,0.05135640874505043,0.040133651345968246,0.019533544778823853,0.023602474480867386,0.024103965610265732,0.059586700052022934,0.03858277201652527,0.020120570436120033,0.019449889659881592,0.08319428563117981,0.0936298817396164,0.11556015908718109,0.1638163924217224,000008.tdms,7,70.0
17.55518341064453,1053.3110046386719,3.814697265625e-06,0.1773990780064558,1.0812084674835205,0.17739908397197723,3.7727824206609952,-0.0062104953778560484,6.094780647305133,7.863524176119289,1.290206265191221,9.412732946814664,0.01262377668172121,0.010936027392745018,0.00918672140687704,0.013059774413704872,0.011849982663989067,0.010962123982608318,0.012796783819794655,0.011410177685320377,0.01140277087688446,0.014513656497001648,0.015251788310706615,0.013750700280070305,0.011410177685320377,0.012071843259036541,0.07769816368818283,0.01214241236448288,0.01298967283219099,0.011570431292057037,0.01996663212776184,0.04475357383489609,0.03465666249394417,0.057181358337402344,0.33281311652972645,1.618810772895813,0.3328131139278412,3.048093634481615,-0.0017855225013868128,4.864023358740498,6.106664738973955,1.2554760305582147,7.2132027342853,0.05561978742480278,0.027795257046818733,0.05539197474718094,0.027386756613850594,0.052927467972040176,0.029113616794347763,0.049741148948669434,0.041395723819732666,0.04732223600149155,0.07336883991956711,0.046496424823999405,0.033719856292009354,0.041395723819732666,0.0654684454202652,0.10147612541913986,0.11888866126537323,0.03687168285250664,0.06408116221427917,0.22921207547187805,0.4224070906639099,0.47410908341407776,0.5306749939918518,0.14395506164579672,1.0316661596298218,0.1439550668001175,3.8711997677459196,0.0037363163811129315,7.166584820534131,9.275531428668655,1.2942749804749178,11.120013294164892,0.012905391864478588,0.009019560180604458,0.009956915862858295,0.010099399834871292,0.011033437214791775,0.009554545395076275,0.010550061240792274,0.010402589105069637,0.009821717627346516,0.013183964416384697,0.011403050273656845,0.010110072791576385,0.011989650316536427,0.0101995300501585,0.06248978525400162,0.012566426768898964,0.011079431511461735,0.010625800117850304,0.014850297942757607,0.031295426189899445,0.02753579616546631,0.045334771275520325,0.2506132353306897,1.4344933032989502,0.2506132423877716,3.2510325705634995,-0.007735182883392426,5.723932742044149,7.243551232056324,1.2654850359875969,8.589636430490655,0.035993725061416626,0.016378173604607582,0.018284153193235397,0.017322467640042305,0.036191023886203766,0.01870373822748661,0.022675711661577225,0.024362128227949142,0.03175469860434532,0.04877175763249397,0.029230156913399696,0.018923945724964142,0.02537176012992859,0.023511014878749847,0.05868156626820564,0.03954879194498062,0.01837744191288948,0.021258758381009102,0.06409254670143127,0.09118896722793579,0.11846945434808731,0.1679888367652893,000009.tdms,8,80.0
17.55518341064453,1053.3110046386719,3.814697265625e-06,0.1772466191896159,1.1148567199707031,0.17724661529064178,3.80248358217109,-0.002707178207952887,6.289861691398725,8.128764673179013,1.292359843825335,9.739120760278688,0.012338398024439812,0.01030288077890873,0.010341811925172806,0.01198852714151144,0.011324647814035416,0.01030288077890873,0.01290404237806797,0.01216007862240076,0.011104975827038288,0.01394308265298605,0.012476752512156963,0.011686227284371853,0.01216007862240076,0.011703839525580406,0.0802590548992157,0.012805134989321232,0.011980132199823856,0.01120021566748619,0.018893612548708916,0.044413503259420395,0.03356236219406128,0.05691175162792206,0.33183323060313047,1.7416356801986694,0.33183324337005615,3.042836381455587,-0.0022283817903003336,5.248527029776743,6.58762320879438,1.2551375217123724,7.780563042517681,0.051088619977235794,0.030547745525836945,0.05769273638725281,0.029209740459918976,0.05713599547743797,0.030547745525836945,0.03907648101449013,0.039081573486328125,0.044273585081100464,0.0856519564986229,0.03588319942355156,0.031573452055454254,0.04122656211256981,0.052221253514289856,0.10380688309669495,0.13131466507911682,0.03169623389840126,0.05663027614355087,0.2347395122051239,0.3885485827922821,0.44382771849632263,0.5169583559036255,0.146078437369879,1.0111266374588013,0.1460784375667572,3.8559399616834,0.0055351657834574195,6.9218062272843905,8.95935131425291,1.2943660975276827,10.741586012025596,0.013844987377524376,0.010151530615985394,0.008732997812330723,0.010117671452462673,0.009980830363929272,0.010151530615985394,0.010087165981531143,0.010101745836436749,0.010466072708368301,0.015818480402231216,0.011611261405050755,0.010288079269230366,0.011337338015437126,0.011252115480601788,0.06361673772335052,0.013408809900283813,0.011134977452456951,0.01057169958949089,0.014590727165341377,0.03290559723973274,0.0280732624232769,0.04527537524700165,0.25095686482713375,1.4663527011871338,0.25095686316490173,3.2569194785871,-0.004937907487016677,5.843046780956557,7.395585702812863,1.2657070840021825,8.771328857377881,0.0357891321182251,0.019046800211071968,0.017439741641283035,0.01730933040380478,0.02503884769976139,0.017730550840497017,0.02165350876748562,0.026048416271805763,0.018609747290611267,0.04556687921285629,0.027654441073536873,0.022287243977189064,0.03720349073410034,0.0247948057949543,0.06108378246426582,0.039896074682474136,0.01766999065876007,0.020458487793803215,0.06478506326675415,0.08897567540407181,0.1077503189444542,0.15831182897090912,000010.tdms,9,90.0
13.217212677001953,793.0327606201172,1.9073486328125e-06,0.1667093704073467,1.0144327878952026,0.16670936346054077,3.9754513924893238,-0.013282596999960008,6.085037604163957,7.898850063658454,1.298077444624716,9.478024588405551,0.013859537430107594,0.012428035959601402,0.011186563409864902,0.014003396965563297,0.013419491238892078,0.012428035959601402,0.014250910840928555,0.01360543817281723,0.013709217309951782,0.012255888432264328,0.013068911619484425,0.013450448401272297,0.013469776138663292,0.0139679666608572,0.013450363650918007,0.014250910840928555,0.014022300951182842,0.012948277406394482,0.02379213273525238,0.036418475210666656,0.09384920448064804,0.07932015508413315,0.23775546896397512,1.4167619943618774,0.23775546252727509,3.2676583709361773,-0.006535922154419586,5.9589039130643355,7.5452488177873605,1.2662142111815418,8.950203577150484,0.04069371521472931,0.025582794100046158,0.01818581484258175,0.02251197211444378,0.02688797190785408,0.025582794100046158,0.07927042245864868,0.020508045330643654,0.021734148263931274,0.03676338493824005,0.04442228004336357,0.02761588618159294,0.02240666374564171,0.023663043975830078,0.029445525258779526,0.07927042245864868,0.032975438982248306,0.02715262770652771,0.10983021557331085,0.15534690022468567,0.17996664345264435,0.22232456505298615,0.14386245925885177,0.9242146611213684,0.14386245608329773,3.9232943132458105,-0.01624038754687748,6.424293494513594,8.331333569568917,1.2968482178910339,9.998314056471655,0.01225616317242384,0.012553686276078224,0.011616245843470097,0.013695310801267624,0.012704121880233288,0.014285530894994736,0.012689984403550625,0.013791018165647984,0.012566635385155678,0.01704915054142475,0.016775067895650864,0.013433612883090973,0.012785462662577629,0.012361887842416763,0.013224239461123943,0.013449049554765224,0.013866634108126163,0.014443774707615376,0.03397707641124725,0.04377547651529312,0.07771541178226471,0.0711175948381424,0.20416607361986353,1.3064308166503906,0.20416606962680817,3.602946716887658,-0.0089098081929558,6.398863403147145,8.203424282684143,1.2820127209856458,9.78927134190975,0.020788520574569702,0.018771614879369736,0.015401127748191357,0.01876705512404442,0.0206131748855114,0.023477358743548393,0.0262541975826025,0.018456323072314262,0.01708901859819889,0.026452600955963135,0.03457548841834068,0.019372301176190376,0.01800297386944294,0.019724871963262558,0.024297114461660385,0.0262541975826025,0.021239809691905975,0.02010231837630272,0.09038172662258148,0.08801602572202682,0.1351296454668045,0.1447698175907135,000011.tdms,10,100.0
13.217212677001953,793.0327606201172,1.9073486328125e-06,0.16467488756327991,1.0337879657745361,0.16467489302158356,3.9703086604213538,-0.016352903207690467,6.2777511560606385,8.151671874236255,1.2985019112085232,9.785649951679424,0.011452337726950645,0.01283141691237688,0.010702359490096569,0.014546321704983711,0.013354707509279251,0.01283141691237688,0.012502065859735012,0.012490448541939259,0.014018669724464417,0.014519860036671162,0.013294711709022522,0.01449560932815075,0.012490448541939259,0.012590903788805008,0.014791278168559074,0.012934183701872826,0.013030686415731907,0.013602602295577526,0.023716840893030167,0.03589808940887451,0.09254822880029678,0.07973390817642212,0.2279938176931466,1.4736913442611694,0.22799381613731384,3.277295997447979,0.004296776267259716,6.463733794065364,8.183322506113015,1.2660364375813993,9.703891463626793,0.030574612319469452,0.02032400481402874,0.017789136618375778,0.02038625441491604,0.029320891946554184,0.022121891379356384,0.047628454864025116,0.02389754354953766,0.019641190767288208,0.03320547938346863,0.03272484242916107,0.02504882402718067,0.02103087678551674,0.021916629746556282,0.027225788682699203,0.047628454864025116,0.030666464939713478,0.03205254301428795,0.08638548105955124,0.12517309188842773,0.1618594527244568,0.19147342443466187,0.13708911186313114,0.9418388605117798,0.13708911836147308,4.011047887597079,-0.010819117357520554,6.870267431975965,8.93500023819793,1.3005316498470167,10.735522053450932,0.011594588868319988,0.011126413010060787,0.0104443384334445,0.01366417482495308,0.011964621022343636,0.011126413010060787,0.01209852285683155,0.01157523225992918,0.010594901628792286,0.012721478007733822,0.013678771443665028,0.014549542218446732,0.011445172131061554,0.012776598334312439,0.012043059803545475,0.011915959417819977,0.013005239889025688,0.012864167802035809,0.023186299949884415,0.03203772380948067,0.06887678802013397,0.06345194578170776,0.19702321445315268,1.305969476699829,0.1970232129096985,3.6814967597205057,0.006746444374004396,6.628505581561084,8.516581276181244,1.284841835220345,10.171117763963668,0.019290948286652565,0.01658676750957966,0.015553504228591919,0.01873156428337097,0.018294328823685646,0.020133981481194496,0.02236654981970787,0.017382940277457237,0.016676990315318108,0.022900858893990517,0.02122477814555168,0.01753481850028038,0.016676438972353935,0.018278157338500023,0.021182574331760406,0.02236654981970787,0.021405043080449104,0.021029816940426826,0.07863002270460129,0.08043719083070755,0.12303124368190765,0.13062016665935516,000012.tdms,11,110.0
13.269044876098633,796.142692565918,9.5367431640625e-07,0.16521023445450622,1.0485001802444458,0.16521023213863373,4.0368442690265,-0.015447665980708394,6.3464602160174906,8.254446153799229,1.3006378158593472,9.915915394767667,0.013111299835145473,0.012672499753534794,0.010494831018149853,0.014214876107871532,0.012490514665842056,0.012672499753534794,0.013162798248231411,0.014716612175107002,0.013380639255046844,0.014020427130162716,0.014095203019678593,0.015234595164656639,0.013654069043695927,0.01333883311599493,0.012246377766132355,0.013343040831387043,0.01617402583360672,0.01378046628087759,0.02228143811225891,0.03533211722970009,0.09652311354875565,0.08075068145990372,0.22750236149756975,1.2945467233657837,0.22750236093997955,3.2636722643457694,-0.004991348241880286,5.690256201492715,7.202539323331285,1.26576714093152,8.541754510210685,0.01975761353969574,0.019204385578632355,0.016563737764954567,0.022749505937099457,0.026058930903673172,0.019204385578632355,0.045400917530059814,0.02905486710369587,0.022625954821705818,0.03649063780903816,0.03535463288426399,0.023139143362641335,0.021923113614320755,0.02762496843934059,0.03787651285529137,0.045400917530059814,0.028239788487553596,0.029160931706428528,0.07592794299125671,0.12453950941562653,0.15572606027126312,0.19445113837718964,0.1363535635968601,0.9241240620613098,0.13635356724262238,4.071124511638416,-0.008561766374950264,6.777410415128968,8.825517516328624,1.302196115588299,10.609264494947478,0.010957271791994572,0.011254907585680485,0.010394525714218616,0.013976024463772774,0.011805461719632149,0.011254907585680485,0.01197519339621067,0.01220439188182354,0.010830244049429893,0.012829124927520752,0.012735279276967049,0.01164113637059927,0.011884156614542007,0.0136417206376791,0.011526337824761868,0.01197519339621067,0.013216919265687466,0.012259146198630333,0.01966579258441925,0.02914319559931755,0.06998114287853241,0.062432948499917984,0.19572782227394692,1.1754388809204102,0.19572782516479492,3.6950406708948473,-0.0014884169684590992,6.005476724076704,7.716780735549128,1.284957229891774,9.21661398735409,0.021527161821722984,0.017175447195768356,0.015848664566874504,0.01716947741806507,0.016649890691041946,0.017175447195768356,0.025935519486665726,0.02214045822620392,0.015497958287596703,0.022047976031899452,0.02063455991446972,0.021501999348402023,0.02214045822620392,0.019064616411924362,0.018833156675100327,0.025935519486665726,0.01948796771466732,0.02020248770713806,0.05301965773105621,0.07154286652803421,0.11973670870065689,0.1327027678489685,000013.tdms,12,120.0
13.217212677001953,793.0327606201172,1.9073486328125e-06,0.16579049497204557,1.0627338886260986,0.16579049825668335,4.02315616771992,-0.01103643880462711,6.410101428343581,8.335472828812584,1.3003652004562014,10.01192158021688,0.01354146283119917,0.012481736950576305,0.011542809195816517,0.014554702676832676,0.012219404801726341,0.012481736950576305,0.013357010670006275,0.014050088822841644,0.013944516889750957,0.014210071414709091,0.012340523302555084,0.015134342946112156,0.012204441241919994,0.012359339743852615,0.014595286920666695,0.013357010670006275,0.014450864866375923,0.012869388796389103,0.023400722071528435,0.03619281202554703,0.0958481878042221,0.0777519941329956,0.2254563491964044,1.3013579845428467,0.2254563421010971,3.3207724599608066,0.010590715843375502,5.772106171244615,7.321726741481322,1.2684670940317386,8.691678103192322,0.03096187487244606,0.022368157282471657,0.017311085015535355,0.020960425958037376,0.025981701910495758,0.022368157282471657,0.07465732842683792,0.02161838673055172,0.022026514634490013,0.03569008409976959,0.029646459966897964,0.023997576907277107,0.02161838673055172,0.030488990247249603,0.02971835434436798,0.07465732842683792,0.031179912388324738,0.034617405384778976,0.07591721415519714,0.12157507985830307,0.1591084599494934,0.18441292643547058,0.13678096309428708,0.9543809294700623,0.13678096234798431,4.063044891427889,-0.011518830210053883,6.977439753894552,9.084538761657276,1.3019874168869203,10.919187188979883,0.011431407183408737,0.012304076924920082,0.010722010396420956,0.01152899768203497,0.011505357921123505,0.012304076924920082,0.011738141998648643,0.012929677031934261,0.011509218253195286,0.012234048917889595,0.011902827769517899,0.014882054179906845,0.01206015981733799,0.011835348792374134,0.014152119867503643,0.011738141998648643,0.012749272398650646,0.013568813912570477,0.0199890173971653,0.029646633192896843,0.06971648335456848,0.06178081035614014,0.19428218884215925,1.2546076774597168,0.1942821890115738,3.7308290281570256,-0.006365884675021186,6.45765669481415,8.309155760372665,1.2867137652339693,9.930214111392075,0.018838584423065186,0.01746223121881485,0.01468344684690237,0.01857215352356434,0.019360389560461044,0.01746223121881485,0.025614529848098755,0.016934232786297798,0.015804247930645943,0.01889657787978649,0.021551422774791718,0.019399087876081467,0.017472079023718834,0.019052768126130104,0.020894328132271767,0.025614529848098755,0.018667832016944885,0.021923774853348732,0.05236044526100159,0.06646905839443207,0.12418583780527115,0.12734994292259216,000014.tdms,13,130.0
13.217212677001953,793.0327606201172,1.197343111038208,0.16479355422971265,1.0436748266220093,0.16479355096817017,4.040452911682659,-0.01352468564498933,6.333226026348016,8.245478514378764,1.3019397192008049,9.911773667518744,0.012784771621227264,0.011659772135317326,0.009593906812369823,0.012359975837171078,0.012654323130846024,0.011327180080115795,0.013179894536733627,0.013203597627580166,0.011027301661670208,0.013673147186636925,0.014042539522051811,0.013070670887827873,0.012215960770845413,0.013430260121822357,0.0138035137206316,0.012372110970318317,0.014344340190291405,0.013932913541793823,0.02152314782142639,0.03376203775405884,0.09103474766016006,0.07179868966341019,0.21695350453251194,1.4110163450241089,0.21695351600646973,3.320980972043811,0.003859478922996661,6.503772999954737,8.247930650688959,1.2681762802524565,9.789569797865237,0.02238585241138935,0.019572211429476738,0.017101110890507698,0.018231304362416267,0.021216319873929024,0.01951860450208187,0.056104615330696106,0.022160736843943596,0.02359800599515438,0.02810407243669033,0.025993257761001587,0.023849157616496086,0.019470110535621643,0.029221484437584877,0.02857927419245243,0.056104615330696106,0.02783607877790928,0.0273868590593338,0.06805366277694702,0.10866635292768478,0.1377393752336502,0.16546928882598877,0.1361204954510712,1.0147900581359863,0.1361204981803894,4.105810578255966,-0.010733283033019273,7.455086427456877,9.728890707958596,1.3050003916959785,11.710266679011806,0.011597379110753536,0.010717414319515228,0.007997115142643452,0.012429148890078068,0.010060101747512817,0.010220535099506378,0.013232800178229809,0.013723276555538177,0.01066334918141365,0.012461461126804352,0.012594211846590042,0.014004616998136044,0.01243817713111639,0.010790874250233173,0.011860285885632038,0.013232800178229809,0.012323865666985512,0.011691492982208729,0.019989315420389175,0.02979801595211029,0.06741823256015778,0.05503568798303604,0.19021713915061825,1.2131190299987793,0.19021713733673096,3.7923969652830154,-0.0018651674336609234,6.3775484975526,8.224301029211503,1.2895709115136638,9.839735967981273,0.01655992865562439,0.015790261328220367,0.013421444222331047,0.017719926312565804,0.01837174780666828,0.0169147290289402,0.024250030517578125,0.021500971168279648,0.01630362682044506,0.02119591273367405,0.017642246559262276,0.021985089406371117,0.015977878123521805,0.017810054123401642,0.017729632556438446,0.024250030517578125,0.017268186435103416,0.01909678615629673,0.04558404162526131,0.06133611127734184,0.11510156095027924,0.11070331931114197,000015.tdms,14,140.0
13.270264625549316,796.215877532959,1.3122535943984985,0.16470574120507483,1.0013585090637207,0.16470573842525482,4.0307746534776925,-0.013763257901561517,6.07968187227263,7.912236385484915,1.3014227638406453,9.508650486858109,0.012620626948773861,0.01106705516576767,0.00992456916719675,0.012204039841890335,0.012104058638215065,0.011133957654237747,0.012534122914075851,0.017640555277466774,0.012743497267365456,0.012760058976709843,0.01359620038419962,0.012865888886153698,0.014395766891539097,0.01297236792743206,0.012563887983560562,0.011007830500602722,0.012327791191637516,0.014242120087146759,0.020948218181729317,0.03287665918469429,0.08920014649629593,0.06913303583860397,0.21614580939572367,1.328399419784546,0.2161458134651184,3.3333438179440944,0.00402430072797901,6.145848598676683,7.800249632834986,1.2691900081161334,9.263935319656607,0.019035734236240387,0.017782125622034073,0.016886884346604347,0.020409416407346725,0.024727536365389824,0.017448727041482925,0.06264770030975342,0.021070996299386024,0.02213525027036667,0.025466838851571083,0.0266890786588192,0.025928398594260216,0.021070996299386024,0.020129969343543053,0.02583497390151024,0.06264770030975342,0.02461351454257965,0.021285677328705788,0.06541888415813446,0.10064554214477539,0.13358211517333984,0.16798043251037598,0.13527669611329124,0.8439820408821106,0.1352766901254654,4.0992476403718054,-0.0054600170766143045,6.238931502106573,8.13630000147244,1.3041175397943094,9.78636386385081,0.011846046894788742,0.010563557036221027,0.008827880956232548,0.010842502117156982,0.01036746148020029,0.010563557036221027,0.011484197340905666,0.013585364446043968,0.010312743484973907,0.011750499717891216,0.014081054367125034,0.014948034659028053,0.011888902634382248,0.010526619851589203,0.013455445878207684,0.011433887295424938,0.010517685674130917,0.012802724726498127,0.017298508435487747,0.02593183144927025,0.06361477822065353,0.05218776315450668,0.19077110007339876,1.2189596891403198,0.19077110290527344,3.7500149305956185,-0.0018791506223803417,6.389645437235136,8.229115938659723,1.2878830319293186,9.839224492322758,0.01747589185833931,0.014342849142849445,0.01526546198874712,0.01667250320315361,0.016243362799286842,0.014805871993303299,0.018867384642362595,0.017664801329374313,0.01780502125620842,0.018529267981648445,0.016271157190203667,0.02651868760585785,0.017664801329374313,0.017682204023003578,0.01806536875665188,0.018867384642362595,0.017409414052963257,0.020786933600902557,0.04057430848479271,0.05788300931453705,0.10923893004655838,0.11346515268087387,000016.tdms,15,150.0
17.55518341064453,1053.3110046386719,3.814697265625e-06,0.1804898324021954,1.1998952627182007,0.18048983812332153,3.7881752261732378,-0.008357188296931899,6.647993666725825,8.57966988503523,1.290565291597332,10.27114420188715,0.012833367101848125,0.010343206115067005,0.010554528795182705,0.01225222833454609,0.011726491153240204,0.010343206115067005,0.013736831955611706,0.011784370988607407,0.010643545538187027,0.013451484963297844,0.01541856862604618,0.015249831601977348,0.013022739440202713,0.011622369289398193,0.07172324508428574,0.012707764282822609,0.013032943941652775,0.012784617021679878,0.022166119888424873,0.04762296751141548,0.03572358936071396,0.058910198509693146,0.3398741346785265,1.906053900718689,0.33987414836883545,3.0349896020026796,-0.006013325725567831,5.608116965186391,7.0362815979996345,1.2546602793199368,8.307990249726013,0.05101446434855461,0.028517019003629684,0.047291431576013565,0.030695926398038864,0.06493547558784485,0.028517019003629684,0.04432660713791847,0.05161755159497261,0.04004273936152458,0.09190192818641663,0.04204476997256279,0.03856363147497177,0.05161755159497261,0.055418163537979126,0.12322309613227844,0.0930042713880539,0.042956624180078506,0.04463496059179306,0.27321919798851013,0.44453510642051697,0.46881669759750366,0.5295628309249878,0.14585472202694766,0.9466878175735474,0.14585472643375397,3.9020141997045856,0.0060923422577230475,6.490621657066683,8.40976932059408,1.295680100447377,10.084760588022998,0.011167885735630989,0.009835452772676945,0.008792389184236526,0.009094597771763802,0.010678805410861969,0.009792023338377476,0.011563821695744991,0.011330259963870049,0.009948890656232834,0.020667845383286476,0.014131109230220318,0.010771878995001316,0.012943027541041374,0.011074641719460487,0.0617566779255867,0.015089808031916618,0.010379954241216183,0.010999103076756,0.015710802748799324,0.03392219543457031,0.028866032138466835,0.04733273759484291,0.25634831019726856,1.4942007064819336,0.25634831190109253,3.2559968979608884,-0.0021896620670722837,5.828790934225767,7.375527140635612,1.26536141437629,8.746308916123114,0.037641849368810654,0.0159194003790617,0.01681843213737011,0.016562260687351227,0.035954635590314865,0.016876915469765663,0.021082239225506783,0.023970220237970352,0.026850245893001556,0.049221839755773544,0.042710792273283005,0.020969567820429802,0.028782011941075325,0.02201474830508232,0.054554395377635956,0.040815211832523346,0.018123436719179153,0.01808008924126625,0.08315396308898926,0.104791060090065,0.12115615606307983,0.17128755152225494,000017.tdms,16,160.0
17.55518341064453,1053.3110046386719,3.814697265625e-06,0.17695109721994529,1.3866404294967651,0.1769510954618454,3.733118572503068,-0.007885781571071787,7.836291785030356,10.09007456209071,1.2876083278784676,12.065232885588355,0.011985542252659798,0.010516132228076458,0.01029061246663332,0.014453782700002193,0.012497719377279282,0.011249872855842113,0.012554091401398182,0.01261851191520691,0.010980385355651379,0.014936426654458046,0.013303934596478939,0.013170041143894196,0.01261851191520691,0.012146256864070892,0.07123376429080963,0.012554091401398182,0.012737601064145565,0.012173830531537533,0.020934950560331345,0.04523608088493347,0.034803904592990875,0.05687342956662178,0.3276674054438398,1.8063766956329346,0.3276674151420593,3.0526642592941067,0.007051517163688128,5.512836082020787,6.924158506394617,1.2560066004822141,8.181455512568716,0.050200581550598145,0.028295032680034637,0.041407261043787,0.030733251944184303,0.03836746886372566,0.02813130058348179,0.05504954978823662,0.040525246411561966,0.04934666305780411,0.08858484774827957,0.045511215925216675,0.03361166641116142,0.040525246411561966,0.055181656032800674,0.1350855529308319,0.11298327147960663,0.03503649681806564,0.0591440349817276,0.21178193390369415,0.42274120450019836,0.4610031247138977,0.5076631307601929,0.14304178436154819,0.9137870669364929,0.14304178953170776,3.84039548921188,0.003956300510600356,6.388252712416057,8.25894336987509,1.2928329140491266,9.89438278339757,0.010396627709269524,0.009559734724462032,0.008331225253641605,0.010049724951386452,0.009886510670185089,0.009559734724462032,0.010799259878695011,0.011526715010404587,0.01078817993402481,0.014729678630828857,0.01082412526011467,0.009686395525932312,0.011526715010404587,0.0115605304017663,0.057877130806446075,0.01500212587416172,0.011685671284794807,0.00991879589855671,0.015058490447700024,0.0311577208340168,0.026618756353855133,0.044660232961177826,0.249370691864546,1.5415838956832886,0.24937069416046143,3.2419488155277416,-0.0022339237017876996,6.18189685466587,7.816631313719739,1.264438973584626,9.263879979469031,0.04126766696572304,0.018135234713554382,0.014942273497581482,0.01654461957514286,0.01807047426700592,0.017441317439079285,0.02706185169517994,0.026899157091975212,0.024401720613241196,0.04724452644586563,0.024047590792179108,0.01985936425626278,0.030306965112686157,0.023989124223589897,0.052731581032276154,0.029182665050029755,0.01942550763487816,0.02234461158514023,0.06147556006908417,0.0924903154373169,0.11188280582427979,0.15760593116283417,000018.tdms,17,170.0
17.55518341064453,1053.3110046386719,3.814697265625e-06,0.1704795226216888,1.0733697414398193,0.17047952115535736,3.50674321775204,-0.010227887992753848,6.296179886787545,8.048487156298094,1.278312770762434,9.591770858141267,0.011094187386333942,0.010064630769193172,0.009669000282883644,0.012528002262115479,0.011125495657324791,0.010064630769193172,0.012063698843121529,0.011663605459034443,0.010623792186379433,0.016137011349201202,0.015467741526663303,0.012382102198898792,0.012096372433006763,0.012526852078735828,0.06101030483841896,0.013433287851512432,0.012102765031158924,0.012397369369864464,0.020957093685865402,0.04199521243572235,0.03413236886262894,0.056267037987709045,0.33361692459763925,1.8001956939697266,0.3336169123649597,3.0183653804460167,-0.001546260069690421,5.395996309662238,6.766727234028252,1.2540274021150721,7.9890994188205156,0.06703337281942368,0.028862472623586655,0.0392683744430542,0.031942013651132584,0.03799113258719444,0.031066985800862312,0.0517856702208519,0.042357176542282104,0.04404619708657265,0.07543676346540451,0.049494773149490356,0.03217323496937752,0.042357176542282104,0.07076231390237808,0.11471462994813919,0.14788885414600372,0.040279097855091095,0.06505368649959564,0.24154230952262878,0.4651525020599365,0.48683980107307434,0.5505402684211731,0.13879801157930785,1.0137178897857666,0.13879801332950592,3.55303904845408,0.0028242401563055956,7.303547639128374,9.346441262168469,1.2797125073978293,11.143257932100875,0.01326911523938179,0.009655540809035301,0.00934799388051033,0.00985893327742815,0.009921914897859097,0.009655540809035301,0.009934736415743828,0.01103855762630701,0.011748203076422215,0.014146246016025543,0.012166935950517654,0.009528057649731636,0.01103855762630701,0.010388546623289585,0.04777806997299194,0.0178841520100832,0.012304618954658508,0.010777234099805355,0.015328320674598217,0.030672704800963402,0.02874832972884178,0.04650085046887398,0.24996816909327668,1.4302822351455688,0.24996817111968994,3.1531545763141473,-0.004756514407035138,5.721857468227697,7.215927563329725,1.261116272713589,8.544450655280853,0.03910260647535324,0.015652723610401154,0.015972061082720757,0.015807699412107468,0.033024031668901443,0.01607511192560196,0.024926045909523964,0.02457524836063385,0.022595960646867752,0.05772776901721954,0.035527702420949936,0.022923175245523453,0.027319345623254776,0.026642411947250366,0.04750634729862213,0.04241921007633209,0.023068867623806,0.020352330058813095,0.07513715326786041,0.10532993078231812,0.12719033658504486,0.1766320914030075,000019.tdms,18,180.0
17.58919906616211,1055.3519439697266,3.814697265625e-06,0.17398680184654047,1.0115357637405396,0.17398680746555328,3.604015061810512,-0.010642123711981394,5.813864919666335,7.454371292677481,1.282171394705417,8.895258061181705,0.012250754982233047,0.010755078867077827,0.009087112732231617,0.013641328550875187,0.012089955620467663,0.011339009739458561,0.012212215922772884,0.011470086872577667,0.010922891087830067,0.014869973994791508,0.013420311734080315,0.012545134872198105,0.012960412539541721,0.011735758744180202,0.07561880350112915,0.013037608005106449,0.013075090013444424,0.012385216541588306,0.021096594631671906,0.04623633623123169,0.035410601645708084,0.05799013376235962,0.33673115063555076,1.7573926448822021,0.3367311358451843,3.0107640138687066,0.003536298728224919,5.21897852801939,6.538843639431387,1.252897210503161,7.714521733517519,0.06000013276934624,0.05053827539086342,0.05583704262971878,0.029258759692311287,0.0728292390704155,0.05053827539086342,0.04019003361463547,0.036560315638780594,0.04236065596342087,0.08030840009450912,0.045167986303567886,0.038274507969617844,0.036560315638780594,0.06723172962665558,0.11247201263904572,0.12714073061943054,0.03704209253191948,0.04946548491716385,0.256203293800354,0.4389928877353668,0.4727898836135864,0.5551536083221436,0.1430507950842014,0.8901313543319702,0.14305078983306885,3.6454712809514747,-0.003060001356220056,6.222484494462462,7.989535550439543,1.2839783783390095,9.540297383565646,0.012301009148359299,0.00995586160570383,0.00883260928094387,0.011120624840259552,0.011571151204407215,0.012527034617960453,0.010627194307744503,0.010626500472426414,0.01026324275881052,0.01455545425415039,0.012981546111404896,0.00978375505656004,0.010626500472426414,0.011767086572945118,0.06265036016702652,0.014680808410048485,0.011214196681976318,0.00958276353776455,0.016078326851129532,0.032978951930999756,0.030431225895881653,0.048696085810661316,0.25199313178807253,1.4252660274505615,0.2519931197166443,3.1751052924546754,-0.0004634598901371774,5.655971721678578,7.137801121371072,1.2619937780121566,8.453351026865658,0.03733060881495476,0.01886548288166523,0.01867106556892395,0.01682019792497158,0.035440001636743546,0.01886548288166523,0.019615696743130684,0.01910068467259407,0.02567203901708126,0.04702344909310341,0.029018957167863846,0.020634504035115242,0.026169301941990852,0.021461019292473793,0.053300563246011734,0.04088947921991348,0.01920190639793873,0.018755536526441574,0.07017947733402252,0.09575453400611877,0.11787639558315277,0.1655002236366272,000020.tdms,19,190.0
17.58919906616211,1055.3519439697266,3.814697265625e-06,0.1895950513316888,1.139682650566101,0.1895950585603714,3.822688009710504,-0.007577668438495855,6.011141338136895,7.768974144019587,1.2924291256853926,9.307679872557152,0.012217055074870586,0.011586762964725494,0.009821007028222084,0.012951334938406944,0.012959101237356663,0.011586762964725494,0.013025525026023388,0.012255852110683918,0.011187275871634483,0.014582554809749126,0.014545313082635403,0.012677897699177265,0.012255852110683918,0.011311556212604046,0.08245766162872314,0.013025525026023388,0.011876096948981285,0.012658019550144672,0.021548017859458923,0.049184828996658325,0.03798004239797592,0.0629681646823883,0.3590641335764777,2.063688039779663,0.35906413197517395,3.0862013500015735,-0.0021140734487735853,5.747407905167767,7.228110829972192,1.2576296913732283,8.545687934522874,0.052481479942798615,0.04253573715686798,0.0451967790722847,0.03375694155693054,0.10966989398002625,0.04253573715686798,0.03282647579908371,0.035690974444150925,0.03953543305397034,0.09564774483442307,0.0431530736386776,0.04499756544828415,0.045028310269117355,0.048845965415239334,0.12418975681066513,0.12372589111328125,0.04174377769231796,0.035948656499385834,0.31157100200653076,0.47810447216033936,0.5356476306915283,0.6431309580802917,0.15711774081051694,0.9685136079788208,0.15711773931980133,3.8474859819565,0.0027219338586539853,6.164253654505142,7.972267004352584,1.2933061245015536,9.552547718523494,0.015167725272476673,0.009493276476860046,0.008960363455116749,0.010016861371695995,0.014248434454202652,0.009493276476860046,0.010836459696292877,0.012294466607272625,0.01210611779242754,0.018417343497276306,0.012413538061082363,0.010528968647122383,0.012294466607272625,0.011307335458695889,0.06576251983642578,0.011805078946053982,0.011512241326272488,0.010793137364089489,0.017233364284038544,0.03696124255657196,0.03222915157675743,0.05365963652729988,0.2679107714509196,1.6478208303451538,0.26791077852249146,3.2899738486264547,-0.006601524592595583,6.15063299404156,7.793377649970358,1.2670854621825447,9.247515281972332,0.03579447418451309,0.01910506561398506,0.017983218654990196,0.019387170672416687,0.048175133764743805,0.01910506561398506,0.018413279205560684,0.02053183503448963,0.030108585953712463,0.050325438380241394,0.03195371851325035,0.022306125611066818,0.02442682534456253,0.01891792193055153,0.05685512721538544,0.047284405678510666,0.020216945558786392,0.019168201833963394,0.07423092424869537,0.11363591998815536,0.12203086912631989,0.1867319941520691,000021.tdms,20,200.0
17.58919906616211,1055.3519439697266,3.814697265625e-06,0.18248453269041695,1.1313002109527588,0.18248453736305237,3.8755945045173052,-0.0076181329647645075,6.1994306820074305,8.023932200975107,1.2943014629170573,9.617001391608495,0.011325959116220474,0.011214572004973888,0.010514291934669018,0.01314734946936369,0.011443229392170906,0.010818595066666603,0.01224496215581894,0.012428831309080124,0.011189690791070461,0.015451688319444656,0.014228268526494503,0.012425615452229977,0.012428831309080124,0.011223469860851765,0.07568460702896118,0.013640373013913631,0.013567239046096802,0.011232038959860802,0.02095647156238556,0.04754887521266937,0.03515719622373581,0.06143530458211899,0.35239789043543635,2.0024125576019287,0.3523978888988495,3.083980601080695,-0.00396530711036546,5.6822489916942205,7.147195832212869,1.2578110960396087,8.45142369842492,0.0650419145822525,0.025550641119480133,0.036049745976924896,0.03271520137786865,0.1002519428730011,0.025550641119480133,0.040564052760601044,0.03553774580359459,0.04329049214720726,0.0799904614686966,0.047312259674072266,0.036640651524066925,0.04883610084652901,0.04463078826665878,0.13633233308792114,0.1445494145154953,0.03831656649708748,0.04835313558578491,0.29675304889678955,0.5430775284767151,0.5178903937339783,0.5533652305603027,0.15504254862700137,0.9318172335624695,0.15504254400730133,3.8099018822388295,-0.0016519795001442674,6.0100742784112695,7.761380707978486,1.2913951389682596,9.294753628373064,0.013241582550108433,0.010941269807517529,0.009229596704244614,0.010923681780695915,0.014021887443959713,0.010503794997930527,0.011718764901161194,0.011162759736180305,0.012118425220251083,0.014751816168427467,0.01340964250266552,0.011844969354569912,0.01117249671369791,0.010921829380095005,0.059908997267484665,0.013355573639273643,0.0113626504316926,0.010683107189834118,0.017563985660672188,0.03567178174853325,0.03219165280461311,0.05265987291932106,0.26776710853359353,1.5557241439819336,0.2677671015262604,3.2482925363728867,-0.003748278751804769,5.809989705239527,7.347866411591066,1.2646952549614092,8.70923753077687,0.03867620974779129,0.017752332612872124,0.016466300934553146,0.017802303656935692,0.037041500210762024,0.017752332612872124,0.019646385684609413,0.021522890776395798,0.024311885237693787,0.04454440250992775,0.02795572392642498,0.02200930193066597,0.02603764459490776,0.022204123437404633,0.05480603873729706,0.0518084391951561,0.0217282697558403,0.02047763578593731,0.06627076864242554,0.1176338791847229,0.12251262366771698,0.18388083577156067,000022.tdms,21,210.0
13.269044876098633,796.142692565918,9.5367431640625e-07,0.16014689906664611,1.6245862245559692,0.16014689207077026,3.8032432968687493,-0.021615203902888076,10.144350181141427,13.075005554148072,1.288895328007781,15.639007179497332,0.01338830403983593,0.011806441470980644,0.010774624533951283,0.014499291777610779,0.0122976740822196,0.01167423278093338,0.014196527190506458,0.013060607947409153,0.011595695279538631,0.01324294600635767,0.015363236889243126,0.013425067998468876,0.011910426430404186,0.013414372690021992,0.012371044605970383,0.014196527190506458,0.013033758848905563,0.013311754912137985,0.023090645670890808,0.03411673754453659,0.07729597389698029,0.07205189764499664,0.24229273509388338,1.8042476177215576,0.24229273200035095,3.3830247035296734,-0.008133174960110037,7.4465609421696,9.44412180850151,1.2682528058045959,11.205680475097944,0.02612251788377762,0.020439770072698593,0.02208765409886837,0.02786712907254696,0.028125053271651268,0.02111469767987728,0.05751801282167435,0.02426980435848236,0.02337978221476078,0.03956306725740433,0.04035784304141998,0.027644813060760498,0.024015430361032486,0.03338182717561722,0.035241175442934036,0.05751801282167435,0.028695115819573402,0.028800170868635178,0.14459189772605896,0.17113718390464783,0.1956782341003418,0.23769499361515045,0.14536758040365172,1.255140781402588,0.1453675776720047,3.8643801794093244,-0.056387025138979266,8.634255161414643,11.158846200850714,1.2923924521848902,13.36593513166681,0.022911570966243744,0.011980805546045303,0.01150247361510992,0.027364222332835197,0.01210811547935009,0.011099972762167454,0.029303759336471558,0.017918787896633148,0.013570023700594902,0.013090487569570541,0.017673613503575325,0.013681529089808464,0.017918787896633148,0.013614784926176071,0.017200520262122154,0.01974591799080372,0.013563367538154125,0.014635448344051838,0.05595085397362709,0.053342707455158234,0.07216279208660126,0.07240979373455048,0.21237834926431784,1.629433274269104,0.2123783528804779,3.4201917772600803,-0.012086236578084199,7.672313491057295,9.772257899619117,1.273704197698579,11.626296548644438,0.027251701802015305,0.021322231739759445,0.015615930780768394,0.024033812806010246,0.020571783185005188,0.024966098368167877,0.03649883344769478,0.02794475108385086,0.02210085093975067,0.027570197358727455,0.03222149610519409,0.021505184471607208,0.02794475108385086,0.021839069202542305,0.02374338172376156,0.030826201662421227,0.030444730073213577,0.02574934810400009,0.12273359298706055,0.1146235316991806,0.14822930097579956,0.16292229294776917,000023.tdms,22,220.0
13.270264625549316,796.215877532959,0.0,0.16403315486045383,2.1106717586517334,0.16403315961360931,4.540857130365986,-0.01779633485491346,12.867348436036133,16.695591906753954,1.2975161113999596,20.00997939883212,0.01714426837861538,0.011038128286600113,0.011608495377004147,0.018461456522345543,0.012006070464849472,0.011038128286600113,0.02377563901245594,0.017333049327135086,0.014493631199002266,0.012892451137304306,0.018885217607021332,0.01416459959000349,0.017333049327135086,0.01247775461524725,0.018906831741333008,0.017384640872478485,0.0138176791369915,0.012800517491996288,0.027930155396461487,0.0386023223400116,0.07747624814510345,0.07617489993572235,0.24736167855991656,1.989152431488037,0.2473616749048233,3.712652936703002,-0.015149889371405916,8.041473695798112,10.258780883604704,1.2757339353065587,12.199299677569407,0.02632122114300728,0.024204358458518982,0.023089803755283356,0.031013494357466698,0.02902676910161972,0.026386283338069916,0.05346156656742096,0.025574829429388046,0.025439560413360596,0.03825729712843895,0.05738329887390137,0.027636127546429634,0.025574829429388046,0.03084942139685154,0.03334655240178108,0.06268778443336487,0.03379329666495323,0.027884244918823242,0.2121713012456894,0.203615203499794,0.22125515341758728,0.24999091029167175,0.14652750016236887,1.981437087059021,0.146527498960495,4.193959247880364,-0.08165436337227046,13.522629437227598,17.557755329339972,1.2983980231687584,21.06819310007859,0.016510432586073875,0.011379022151231766,0.010948327369987965,0.020206591114401817,0.0140251275151968,0.015911530703306198,0.021899359300732613,0.01273409929126501,0.015455102548003197,0.014655962586402893,0.029554683715105057,0.0161676574498415,0.01273409929126501,0.012670458294451237,0.014977090060710907,0.03766217827796936,0.01264574471861124,0.013676222413778305,0.07385276257991791,0.06324329227209091,0.07035459578037262,0.07132036238908768,0.21626555141582496,1.6347934007644653,0.21626554429531097,3.6122867951832944,-0.02246176350968362,7.5591946570407025,9.680778661632964,1.280662702952913,11.545695041248521,0.024176066741347313,0.02066124603152275,0.015886420384049416,0.02343401312828064,0.020844081416726112,0.02066124603152275,0.026008179411292076,0.023489000275731087,0.018865184858441353,0.027160434052348137,0.05642611160874367,0.026640959084033966,0.023489000275731087,0.022958965972065926,0.028725946322083473,0.040955882519483566,0.024150196462869644,0.024445952847599983,0.16833215951919556,0.12082748115062714,0.15090139210224152,0.16463792324066162,000024.tdms,23,230.0
13.270264625549316,796.215877532959,0.0,0.16242561173647493,2.109092950820923,0.16242560744285583,4.179295680450964,-0.015463374968960586,12.984977727790799,16.818034823624245,1.295191657327978,20.146135395615016,0.014329458586871624,0.011292894370853901,0.01089511625468731,0.014501993544399738,0.01317355502396822,0.012839452363550663,0.01609664224088192,0.01284011546522379,0.01282532699406147,0.01371695939451456,0.015281643718481064,0.013728640042245388,0.012681226246058941,0.014022624120116234,0.014652218669652939,0.02078433334827423,0.013367889449000359,0.014054852537810802,0.02776240184903145,0.040393806993961334,0.08103047311306,0.07530497014522552,0.23215288737264012,1.760905146598816,0.23215289413928986,3.2998651959823957,-0.005051079208509396,7.585109823649532,9.600885373048378,1.2657542997088693,11.383331542446438,0.0231294147670269,0.02515193074941635,0.018170708790421486,0.022345954552292824,0.02858816832304001,0.02515193074941635,0.03522016853094101,0.027094870805740356,0.02324204333126545,0.03396102041006088,0.03386826440691948,0.02539575658738613,0.025324229151010513,0.028734344989061356,0.02685929276049137,0.04635794088244438,0.026544826105237007,0.03293788060545921,0.10357595980167389,0.13973355293273926,0.17813073098659515,0.21844440698623657,0.13962763518004218,1.5718265771865845,0.1396276354789734,3.801650159677053,-0.018193411853196614,11.257274214805689,14.505643681387799,1.2885573722908712,17.350172773958203,0.011850979179143906,0.01218605786561966,0.011197936721146107,0.01862225867807865,0.013246682472527027,0.012301995418965816,0.015551071614027023,0.015873616561293602,0.012444186955690384,0.014675583690404892,0.02082865685224533,0.013060312718153,0.015873616561293602,0.012314141727983952,0.01617884635925293,0.01615304872393608,0.012717104516923428,0.012467618100345135,0.03680199384689331,0.04062150418758392,0.0631532371044159,0.06545062363147736,0.20567066330564754,1.5711166858673096,0.20567066967487335,3.5184020077477154,-0.005380739667354069,7.638992652697727,9.750859268133366,1.2764587834352517,11.61000362958464,0.025272423401474953,0.01729734055697918,0.014973805285990238,0.027575891464948654,0.019733311608433723,0.017589956521987915,0.022704530507326126,0.018748415634036064,0.018024491146206856,0.028444433584809303,0.02978224866092205,0.02298804372549057,0.018748415634036064,0.019274771213531494,0.02555130235850811,0.024051329120993614,0.021154697984457016,0.026629827916622162,0.0986836701631546,0.10489015281200409,0.12636518478393555,0.14640529453754425,000025.tdms,24,240.0
13.270264625549316,796.215877532959,0.0,0.1757313657550286,1.7472608089447021,0.175731360912323,4.272357611245569,-0.014866986197315865,9.942794227072715,13.000588402451312,1.3075387165363122,15.65354637202715,0.015378995798528194,0.011823386885225773,0.012927623465657234,0.01840175688266754,0.013577929697930813,0.012934775091707706,0.015305306762456894,0.014510033652186394,0.013230771757662296,0.01389882992953062,0.014722596853971481,0.015021507628262043,0.013693070970475674,0.014551396481692791,0.013621888123452663,0.015305306762456894,0.015621432103216648,0.014194467104971409,0.031447239220142365,0.04490695521235466,0.11139091849327087,0.09262906759977341,0.23748510276351123,1.4130494594573975,0.2374850958585739,3.412710901874462,-0.009838520521180835,5.950055152994244,7.574986000819581,1.2730950900526736,9.009899194617526,0.033790502697229385,0.02304673008620739,0.01936999522149563,0.022815687581896782,0.026990285143256187,0.029508667066693306,0.03262215107679367,0.029237212613224983,0.024099765345454216,0.03554000332951546,0.03254219517111778,0.02483210153877735,0.029237212613224983,0.024236615747213364,0.026631401851773262,0.03262215107679367,0.026710210368037224,0.025287378579378128,0.1224815621972084,0.1337052285671234,0.19016936421394348,0.22582095861434937,0.15459452662360595,1.1311050653457642,0.1545945256948471,4.108505729623603,-0.028661578461144838,7.316591926308528,9.546273070415594,1.3047431326721561,11.488983545331816,0.016691910102963448,0.013079713098704815,0.011409963481128216,0.022505970671772957,0.01255874428898096,0.014116790145635605,0.019556155428290367,0.019277600571513176,0.014439881779253483,0.01898426190018654,0.015673503279685974,0.014245369471609592,0.019277600571513176,0.014752320013940334,0.01975261978805065,0.015314240008592606,0.01435757614672184,0.015036876313388348,0.05448738858103752,0.06202026829123497,0.09127502143383026,0.08260618150234222,0.22009083540195934,1.3485537767410278,0.2200908362865448,3.71571516325764,-0.014770467220278161,6.127260020973242,7.888436995776936,1.2874330400171188,9.433056428390932,0.029880067333579063,0.02044432982802391,0.016413027420639992,0.025347499176859856,0.02227664552628994,0.02044432982802391,0.0245098527520895,0.029519837349653244,0.01902092434465885,0.025019561871886253,0.0291875209659338,0.025748813524842262,0.029519837349653244,0.024610765278339386,0.02580193057656288,0.024153733626008034,0.021805547177791595,0.02363916113972664,0.13151955604553223,0.11557672917842865,0.1825585663318634,0.17185091972351074,000026.tdms,25,250.0
13.270264625549316,796.215877532959,0.0,0.17287706736530403,1.4540213346481323,0.17287707328796387,4.183715390470819,-0.01172569562381363,8.410724203087392,10.985754100473924,1.3061603062006593,13.220364555603606,0.012765796855092049,0.013013184070587158,0.012399621307849884,0.014491780661046505,0.013157226145267487,0.013055088929831982,0.015332690440118313,0.016322480514645576,0.012665457092225552,0.01636766642332077,0.013431417755782604,0.014640608802437782,0.014033849351108074,0.013873693533241749,0.01576508954167366,0.01603250950574875,0.014591199345886707,0.014043856412172318,0.026618126779794693,0.041045114398002625,0.1073356345295906,0.08853770047426224,0.23160127623989604,1.5850841999053955,0.231601282954216,3.404126866234996,0.0008148404357183425,6.8440218708619796,8.709022995239042,1.272500754609975,10.354611574304675,0.023031918331980705,0.02087744139134884,0.02189520001411438,0.026300007477402687,0.03154514729976654,0.02487826533615589,0.038471437990665436,0.024614015594124794,0.024066247045993805,0.03158285468816757,0.03259490802884102,0.024416932836174965,0.02206839807331562,0.024120790883898735,0.03487019240856171,0.038471437990665436,0.024892792105674744,0.02881619893014431,0.11064785718917847,0.13406994938850403,0.1826256513595581,0.2080625295639038,0.15429586699917047,1.1506073474884033,0.15429586172103882,4.069851049504227,-0.03712759999939655,7.45714950028175,9.726029141703469,1.3042556195683075,11.704107798297715,0.018560612574219704,0.012245225720107555,0.01159073319286108,0.02453332021832466,0.014244964346289635,0.013773019425570965,0.023468902334570885,0.019372807815670967,0.014107787050306797,0.01714298501610756,0.01870102249085903,0.01435996312648058,0.019372807815670967,0.01441104244440794,0.020006313920021057,0.021997688338160515,0.015743490308523178,0.01420884020626545,0.059930458664894104,0.062197696417570114,0.0910549983382225,0.07926391065120697,0.21797957308023824,1.472494125366211,0.2179795801639557,3.689523870028126,-0.003866944145772322,6.755193179611312,8.688351421644832,1.2861736430970212,10.385148046455427,0.027898743748664856,0.021377025172114372,0.018707528710365295,0.026042265817523003,0.0248851478099823,0.021377025172114372,0.023630416020751,0.023254308849573135,0.02100929245352745,0.028715955093503,0.0300915464758873,0.023157447576522827,0.023254308849573135,0.020528540015220642,0.021540941670536995,0.026933321729302406,0.022983653470873833,0.026979193091392517,0.11994540691375732,0.1196153312921524,0.16852967441082,0.16918127238750458,000027.tdms,26,260.0
13.269044876098633,796.142692565918,9.5367431640625e-07,0.17533590274465913,1.9873653650283813,0.17533589899539948,4.5565257230670655,-0.010932782699287163,11.334617348293877,14.839579680086876,1.309226348282554,17.86472129726464,0.013338614255189896,0.012528738006949425,0.01144336722791195,0.014197045937180519,0.01341587956994772,0.012528738006949425,0.014823962934315205,0.012941928580403328,0.013239571824669838,0.016623305156826973,0.016940632835030556,0.013665552251040936,0.012924177572131157,0.013044661842286587,0.01424094382673502,0.014823962934315205,0.015687331557273865,0.0135536789894104,0.032684676349163055,0.04659806564450264,0.11528109014034271,0.09335014224052429,0.22957720703500192,1.8740934133529663,0.2295772135257721,3.4511598886074544,-0.0035782793934142957,8.163238143528933,10.390376844467886,1.2728253986690838,12.352159739085458,0.02147870510816574,0.024727564305067062,0.01929927058517933,0.028813358396291733,0.027782844379544258,0.023312067613005638,0.04705648496747017,0.02652115561068058,0.022627605125308037,0.029598642140626907,0.03201811760663986,0.02688179723918438,0.02652115561068058,0.022838253527879715,0.034669917076826096,0.04705648496747017,0.023967869579792023,0.027668621391057968,0.10215950757265091,0.12289489060640335,0.17617717385292053,0.2020396888256073,0.15348954185426597,1.3139723539352417,0.15348954498767853,4.048954415198566,-0.02561235732677148,8.560663730319957,11.131739818634802,1.3003360684766379,13.3705464316203,0.02088886871933937,0.0128326416015625,0.011229143477976322,0.03714929521083832,0.013821110129356384,0.01364295743405819,0.031608667224645615,0.020065737888216972,0.014254051260650158,0.01544646080583334,0.01529615931212902,0.01543339155614376,0.020065737888216972,0.011959660798311234,0.03427207097411156,0.014676590450108051,0.01565786823630333,0.01397442165762186,0.046991877257823944,0.05516064167022705,0.08907285332679749,0.07910239696502686,0.2166825156115832,1.725588083267212,0.21668250858783722,3.710308841795985,-0.009027993217955244,7.963670157680998,10.241599398888198,1.28604012924997,12.236964434906023,0.019946325570344925,0.021528197452425957,0.01544102095067501,0.02549303136765957,0.019250426441431046,0.023375190794467926,0.02644837461411953,0.0252213217318058,0.021992569789290428,0.02726719342172146,0.02477811649441719,0.02343238890171051,0.0252213217318058,0.021512875333428383,0.02738729491829872,0.02644837461411953,0.03475157171487808,0.02485342137515545,0.11640679836273193,0.11141903698444366,0.1671338677406311,0.16544392704963684,000028.tdms,27,270.0
17.554378509521484,1053.262710571289,1.9073486328125e-06,0.18597241843144927,1.2249630689620972,0.1859724223613739,3.8335574513478785,-0.0070835108543884535,6.586799694781767,8.516022444226115,1.2928922752839633,10.202932439826405,0.012279835529625416,0.012060536071658134,0.01058887504041195,0.01371123269200325,0.011124816723167896,0.012060536071658134,0.013646570034325123,0.012624945491552353,0.010626968927681446,0.013276183046400547,0.014263113029301167,0.013093836605548859,0.01256553828716278,0.011352789588272572,0.07947815954685211,0.014114978723227978,0.012669348157942295,0.012783130630850792,0.022234905511140823,0.051058534532785416,0.03683248162269592,0.062956802546978,0.3559385695202762,1.8215433359146118,0.355938583612442,3.060406017346638,-0.006866365868198601,5.117577840383063,6.430850227144101,1.2566199142879548,7.601366570388964,0.06711620837450027,0.03177917003631592,0.059585653245449066,0.03170495480298996,0.1008707657456398,0.03177917003631592,0.047343477606773376,0.05030392110347748,0.040495533496141434,0.08928244560956955,0.0528874546289444,0.03969486057758331,0.05030392110347748,0.05999527499079704,0.10610713809728622,0.15263628959655762,0.03691218048334122,0.04058216139674187,0.27091357111930847,0.5000902414321899,0.5424224734306335,0.5966184139251709,0.15363102911625268,1.0119755268096924,0.1536310315132141,3.8766110055437615,-0.006374707305617411,6.587051669385941,8.527451791272677,1.294577941585757,10.22159462710613,0.013462771661579609,0.00923177320510149,0.009562180377542973,0.010489181615412235,0.013595321215689182,0.009730791673064232,0.011449475772678852,0.010944381356239319,0.012061256915330887,0.015537770465016365,0.01193588599562645,0.011528683826327324,0.014267634600400925,0.010114489123225212,0.06541230529546738,0.016979174688458443,0.011062700301408768,0.010108694434165955,0.016328537836670876,0.036713771522045135,0.031166816130280495,0.05184841901063919,0.26729196714700015,1.4583916664123535,0.26729196310043335,3.246808084685545,-0.007856823238678236,5.4561746915884495,6.902887383094878,1.2651514611027326,8.185079651243404,0.034465428441762924,0.017983468249440193,0.02059156447649002,0.018239133059978485,0.0376925952732563,0.019932016730308533,0.020099954679608345,0.022409191355109215,0.03198568895459175,0.04916996508836746,0.026842869818210602,0.019883159548044205,0.025681806728243828,0.024894265457987785,0.05661458149552345,0.04410887509584427,0.018028657883405685,0.01959703490138054,0.07607679814100266,0.11302544176578522,0.1325971484184265,0.19779595732688904,000029.tdms,28,280.0
17.554378509521484,1053.262710571289,1.9073486328125e-06,0.18752253913513225,1.1200683116912842,0.1875225454568863,3.8329866952856584,-0.0033868060416614876,5.972979658110015,7.719497199870723,1.2924030620779554,9.24652383936711,0.01246178150177002,0.011085357517004013,0.011291954666376114,0.014117646031081676,0.012820849195122719,0.011819313280284405,0.014265230856835842,0.011993912048637867,0.011286895722150803,0.016485024243593216,0.013405980542302132,0.013757700100541115,0.011993912048637867,0.012877630069851875,0.07823897153139114,0.014270120300352573,0.01315684337168932,0.013906263746321201,0.022985948249697685,0.05188802629709244,0.03714698553085327,0.06435942649841309,0.36454779815066435,1.7340342998504639,0.3645477890968323,3.0518286247774955,-0.0032319351965379786,4.756671988274643,5.97408079432447,1.2559370940545787,7.058738798255439,0.057628970593214035,0.04899657517671585,0.038544975221157074,0.03341606631875038,0.07772571593523026,0.04899657517671585,0.059321001172065735,0.04469359293580055,0.04515637829899788,0.08511310070753098,0.061586905270814896,0.034931283444166183,0.05180986970663071,0.05510555952787399,0.11222095042467117,0.10753827542066574,0.043132487684488297,0.04996879771351814,0.3343368172645569,0.5258204936981201,0.5355679988861084,0.6328691840171814,0.15650248988786614,1.0372029542922974,0.15650248527526855,3.8503760601825485,-0.0008636984110080369,6.627389474988239,8.570241356315522,1.293154927541169,10.267877007583216,0.013222168199717999,0.010478300973773003,0.00943567231297493,0.010399501770734787,0.011208714917302132,0.010478300973773003,0.012720574624836445,0.011349411681294441,0.011608014814555645,0.013501613400876522,0.01337504480034113,0.010777046903967857,0.011529549956321716,0.011561727151274681,0.06166069209575653,0.013811352662742138,0.012289613485336304,0.011071237735450268,0.018504679203033447,0.03819265216588974,0.03283584862947464,0.05371453985571861,0.27285621710092756,1.4720523357391357,0.272856205701828,3.249885444080683,-0.00404858949459376,5.394974508477606,6.824904315145151,1.2650484825128585,8.090823032167757,0.036180198192596436,0.017398878931999207,0.019783325493335724,0.018650904297828674,0.028578123077750206,0.021112000569701195,0.02523598074913025,0.022398123517632484,0.026525074616074562,0.05875633656978607,0.030158547684550285,0.022611474618315697,0.03293744474649429,0.023376990109682083,0.053421635180711746,0.034771282225847244,0.020862486213445663,0.020725583657622337,0.08103001117706299,0.11705268919467926,0.13637761771678925,0.19829124212265015,000030.tdms,29,290.0
17.55518341064453,1053.3110046386719,3.814697265625e-06,0.18973995401027038,1.2675325870513916,0.18973995745182037,3.7852418714388856,-0.008186791848300401,6.680367314639391,8.621981083728503,1.2906447621277126,10.32004983907605,0.01175851933658123,0.010787705890834332,0.010523389093577862,0.014635322615504265,0.012503349222242832,0.010787705890834332,0.014197240583598614,0.012723135761916637,0.011488822288811207,0.015257010236382484,0.013844835571944714,0.01226269081234932,0.012723135761916637,0.01173397060483694,0.07288771122694016,0.013564233668148518,0.014658677391707897,0.013823737390339375,0.023703821003437042,0.05236704647541046,0.03789776936173439,0.06554832309484482,0.3501834631222002,2.005073070526123,0.3501834571361542,3.058260542089867,-0.005539348234854224,5.725778860740867,7.1926288666516855,1.2561834890216177,8.49915813664407,0.06817691773176193,0.028374597430229187,0.035446662455797195,0.03177785500884056,0.09058461338281631,0.028374597430229187,0.04665074124932289,0.05803033336997032,0.047957029193639755,0.0714830681681633,0.04810871556401253,0.035837747156620026,0.05803033336997032,0.044062428176403046,0.1472444236278534,0.10960155725479126,0.04023158922791481,0.053357239812612534,0.2902403771877289,0.4786500334739685,0.4958654046058655,0.5915228128433228,0.15719965591978438,0.9538086652755737,0.1571996510028839,3.8064012107070146,0.004071084886811243,6.067498428637031,7.835701626193216,1.2914221105045072,9.383230144509628,0.013948309235274792,0.010738473385572433,0.010169259272515774,0.01123085804283619,0.013022773899137974,0.010637406259775162,0.011232344433665276,0.010775790549814701,0.012110831215977669,0.016023358330130577,0.011819119565188885,0.01039106771349907,0.011676928028464317,0.011529571376740932,0.061063457280397415,0.013943694531917572,0.012274888344109058,0.01105294469743967,0.01766248419880867,0.03829415142536163,0.0323164239525795,0.05429023504257202,0.2721148928822914,1.6396918296813965,0.27211490273475647,3.2477264051305936,0.0005396086404285846,6.025733513934047,7.623740696866709,1.2651971215184663,9.039455008324309,0.0356123261153698,0.0168295968323946,0.016459163278341293,0.020337752997875214,0.039862580597400665,0.02237376570701599,0.022677116096019745,0.020927079021930695,0.03121427446603775,0.05271710827946663,0.032490238547325134,0.02418096922338009,0.029326794669032097,0.021077187731862068,0.057837653905153275,0.03559217229485512,0.0257828738540411,0.02143307775259018,0.08205306529998779,0.11166993528604507,0.13430148363113403,0.19611425697803497,000031.tdms,30,300.0
17.58919906616211,1055.3519439697266,3.814697265625e-06,0.192424488878482,1.1481469869613647,0.1924244910478592,3.709762524550263,-0.007477068202275168,5.966740479099992,7.682047077224818,1.287477996425874,9.184680708551442,0.01194049697369337,0.011868582107126713,0.01090654544532299,0.014979276806116104,0.012253271415829659,0.011868582107126713,0.013955309055745602,0.012975337915122509,0.012093624100089073,0.01722995936870575,0.01472218707203865,0.013445108197629452,0.0133249182254076,0.012414922937750816,0.07430419325828552,0.013955309055745602,0.014621542766690254,0.013993623666465282,0.02477285824716091,0.0526682548224926,0.04066517576575279,0.06684836745262146,0.37179384948948707,1.7662967443466187,0.37179383635520935,3.067253892724083,-0.0028520850575759404,4.7507422373230055,5.970584433828878,1.2567687606628055,7.057086586537132,0.0680931881070137,0.02881886437535286,0.05873522907495499,0.03501551225781441,0.09793247282505035,0.02881886437535286,0.03884218633174896,0.06252118200063705,0.048772089183330536,0.0774993970990181,0.05065910518169403,0.038568444550037384,0.06252118200063705,0.05166779085993767,0.12281161546707153,0.12823046743869781,0.039974287152290344,0.034450236707925797,0.32073408365249634,0.5956980586051941,0.6370972990989685,0.6517742872238159,0.16114177678921943,0.9693998694419861,0.1611417829990387,3.693335873753162,6.874519464792151e-05,6.0158196636369725,7.742295142604261,1.2869892343021994,9.257636102975859,0.013902032747864723,0.010321673937141895,0.009836960583925247,0.012302601709961891,0.01689458079636097,0.010321673937141895,0.014086618088185787,0.01236402615904808,0.011843590997159481,0.014068176038563251,0.01333598978817463,0.012139433063566685,0.01365162618458271,0.011238960549235344,0.06107627600431442,0.015457256697118282,0.011657185852527618,0.011395628564059734,0.019703185185790062,0.039582543075084686,0.03692740201950073,0.05730476975440979,0.2786516860394795,1.696560263633728,0.2786516845226288,3.2204069438194387,0.0010948579895298535,6.08846222230774,7.694831813178997,1.263838311254625,9.11944721672478,0.04076685756444931,0.023438844829797745,0.015957998111844063,0.020356781780719757,0.05402988940477371,0.023438844829797745,0.019133470952510834,0.02436419390141964,0.027327001094818115,0.044570744037628174,0.029834283515810966,0.02717621810734272,0.025280606001615524,0.024036189541220665,0.06547017395496368,0.04641982540488243,0.018485845997929573,0.021488241851329803,0.07987658679485321,0.12551061809062958,0.14805388450622559,0.20494741201400757,000032.tdms,31,310.0
17.58919906616211,1055.3519439697266,3.814697265625e-06,0.19123224211821105,1.1920080184936523,0.19123224914073944,3.7478289658721304,-0.010410487802713185,6.233300437678325,8.033372200885964,1.2887830903074677,9.610190599285684,0.012355766259133816,0.011063727550208569,0.010675129480659962,0.012570826336741447,0.012543566524982452,0.011984622105956078,0.012664608657360077,0.011255478486418724,0.012082214467227459,0.01527621503919363,0.015135028399527073,0.014022684656083584,0.011255478486418724,0.011838925071060658,0.08213122189044952,0.015295703895390034,0.015414702706038952,0.013458729721605778,0.025154035538434982,0.052459076046943665,0.04084915667772293,0.06501400470733643,0.3658682071353658,2.020477056503296,0.3658682107925415,3.06453395588776,-0.006824629241973612,5.522417682375308,6.941088048648664,1.2568929856213187,8.206445148190738,0.061695776879787445,0.028858015313744545,0.04953623190522194,0.03125336021184921,0.08674143254756927,0.028858015313744545,0.04267332702875137,0.043063465505838394,0.042370595037937164,0.09763295948505402,0.046355266124010086,0.033607956022024155,0.043063465505838394,0.04358956962823868,0.11518952995538712,0.15869875252246857,0.04539404809474945,0.06246377155184746,0.3305843472480774,0.5564377903938293,0.5970655679702759,0.636970043182373,0.15931724385374207,1.0349135398864746,0.1593172401189804,3.7590895889999243,-0.0018727299020089392,6.495929221801977,8.374363634850932,1.2891710098602143,10.018891863167273,0.012565231882035732,0.00968434102833271,0.010373445227742195,0.010476955212652683,0.012083631008863449,0.010839713737368584,0.011394770815968513,0.010523384436964989,0.011576988734304905,0.01842663623392582,0.012673524208366871,0.01099761575460434,0.010523384436964989,0.013672150671482086,0.06675593554973602,0.017167702317237854,0.012272696010768414,0.01232862938195467,0.018239594995975494,0.038374707102775574,0.03552858531475067,0.05438065528869629,0.2761661620675517,1.7408944368362427,0.276166170835495,3.23598622023091,-0.006254602389725948,6.303793425678309,7.969711814050185,1.2642723636193103,9.445101370089887,0.036040663719177246,0.016637997701764107,0.01911277137696743,0.0187513567507267,0.03660089150071144,0.02159934863448143,0.01968403160572052,0.02258998528122902,0.024303073063492775,0.053799573332071304,0.026767730712890625,0.023207494989037514,0.029235590249300003,0.023261407390236855,0.06373872607946396,0.05323818325996399,0.019285406917333603,0.024643462151288986,0.07754956930875778,0.1237063854932785,0.13685962557792664,0.20279653370380402,000033.tdms,32,320.0
17.588003158569336,1055.2801895141602,1.9073486328125e-06,0.18813199581559695,1.1622023582458496,0.18813200294971466,3.7872364528432345,-0.002591543960551849,6.1775901180839865,7.976492515027625,1.291198082514024,9.552204965740552,0.011134777218103409,0.010613767430186272,0.010424948297441006,0.01314368937164545,0.012375461868941784,0.010493185371160507,0.012967049144208431,0.013232684694230556,0.010874639265239239,0.015574977733194828,0.014105919748544693,0.012478484772145748,0.012516210786998272,0.011453463695943356,0.08254995942115784,0.012967049144208431,0.013826217502355576,0.013709834776818752,0.021475564688444138,0.04974084720015526,0.03813822939991951,0.06361732631921768,0.3515345880236505,1.823952078819275,0.35153457522392273,3.067263339992389,-0.0037202717398928916,5.188542297000269,6.520180685026368,1.2566498087133218,7.70630417959812,0.05954119190573692,0.03298582136631012,0.0437123067677021,0.03233083710074425,0.07596541196107864,0.03298582136631012,0.04529167711734772,0.038863249123096466,0.04424116015434265,0.0834788829088211,0.04883001372218132,0.0369497612118721,0.04649240896105766,0.03994693234562874,0.15372584760189056,0.1209641546010971,0.04362676665186882,0.062094878405332565,0.27713775634765625,0.5303305387496948,0.5120620727539062,0.5718040466308594,0.1570830193393345,1.0949971675872803,0.15708301961421967,3.808044096565546,-0.005447831628935743,6.970818183866464,9.000328675313556,1.291143799467367,10.773856017632454,0.015277679078280926,0.00941262673586607,0.009663188830018044,0.010288753546774387,0.013619264587759972,0.010492981411516666,0.011432911269366741,0.01192614994943142,0.011060654185712337,0.015077467076480389,0.013687871396541595,0.011104526929557323,0.013400123454630375,0.011163556948304176,0.06294756382703781,0.013551726005971432,0.011847774498164654,0.010643789544701576,0.018105313181877136,0.03711358830332756,0.03333339840173721,0.05324004590511322,0.2685763124949281,1.5529897212982178,0.26857632398605347,3.2622852243227167,-0.0030708728516239065,5.782303386593504,7.317657686742694,1.2655264169827147,8.676660354438125,0.03352677449584007,0.01711590401828289,0.015894729644060135,0.019246572628617287,0.028170514851808548,0.021084599196910858,0.019146628677845,0.02113947458565235,0.02805015631020069,0.05111650004982948,0.02990207076072693,0.02095845900475979,0.03141304850578308,0.021888278424739838,0.0570085383951664,0.04189549759030342,0.02552330680191517,0.02329624444246292,0.07524698227643967,0.11765657365322113,0.12904104590415955,0.18883538246154785,000034.tdms,33,330.0
13.217212677001953,793.0327606201172,1.9073486328125e-06,0.18504078761772919,2.327638864517212,0.18504078686237335,5.390781173173154,-0.028317876622741583,12.579058349696494,16.537289446395082,1.314668315120272,19.915664539411353,0.01438136212527752,0.01409897394478321,0.012834814377129078,0.017466317862272263,0.015307155437767506,0.016253940761089325,0.015715545043349266,0.016005441546440125,0.014872548170387745,0.016089485958218575,0.016011282801628113,0.014994004741311073,0.01268089935183525,0.01611572504043579,0.014030255377292633,0.020835798233747482,0.01599000208079815,0.017073286697268486,0.04219193756580353,0.06007206067442894,0.11691837757825851,0.09942145645618439,0.24241886316531314,1.6485998630523682,0.24241887032985687,3.4080369968132587,0.0010680903894922206,6.800625337179869,8.642664469773159,1.2708631987888865,10.268233954978012,0.0265321247279644,0.024140872061252594,0.020318083465099335,0.025342071428894997,0.026571206748485565,0.02293897047638893,0.05042138695716858,0.027531303465366364,0.027175676077604294,0.03913583606481552,0.03850802034139633,0.029119987040758133,0.027531303465366364,0.029621226713061333,0.022983012720942497,0.05042138695716858,0.03161953389644623,0.02770630456507206,0.10118289291858673,0.1523505449295044,0.19576303660869598,0.2152920961380005,0.15417234610608038,2.1989214420318604,0.15417234599590302,4.4372379571906,-0.02598785587472341,14.262748784524966,18.590336917851708,1.3034189410965549,22.337623579294398,0.012247402220964432,0.012516927905380726,0.010932859033346176,0.01487833634018898,0.01445065625011921,0.017050238326191902,0.014711481519043446,0.014047248288989067,0.013242327608168125,0.014893573708832264,0.014804678037762642,0.014231435023248196,0.014541419222950935,0.01372828520834446,0.014298249036073685,0.014711481519043446,0.01490062940865755,0.014209517277777195,0.03244413062930107,0.047106098383665085,0.08465299010276794,0.08061252534389496,0.21914265507592426,2.1442344188690186,0.21914266049861908,4.013827427801646,-0.011432998213943658,9.78465109006791,12.634909184014475,1.2912988994405505,15.117034943429951,0.020121291279792786,0.020506419241428375,0.015933264046907425,0.023089496418833733,0.02086690627038479,0.020506419241428375,0.025904659181833267,0.020178131759166718,0.01888856664299965,0.024048617109656334,0.027350295335054398,0.02336158975958824,0.020178131759166718,0.021865105256438255,0.024101080372929573,0.03802543878555298,0.021747056394815445,0.021213237196207047,0.09274566173553467,0.11261720955371857,0.15429924428462982,0.1567671298980713,000035.tdms,34,340.0
13.216419219970703,792.9851531982422,1.9073486328125e-06,0.18450939848527076,2.3754448890686035,0.18450939655303955,5.842376342972814,-0.024813691880390582,12.874384224163158,16.993000197630945,1.3199078031039189,20.48439224722228,0.015831900760531425,0.011942737735807896,0.013095684349536896,0.01660262607038021,0.01565992645919323,0.014691643416881561,0.017553362995386124,0.01702936552464962,0.013767956756055355,0.016727788373827934,0.016110744327306747,0.019101208075881004,0.01702936552464962,0.016310852020978928,0.013846316374838352,0.017553362995386124,0.017125453799962997,0.01637854427099228,0.042152732610702515,0.06255541741847992,0.1111735925078392,0.0932951271533966,0.24628359420235751,2.1831278800964355,0.24628359079360962,3.5906839739025695,-0.00556078168075631,8.864284635633021,11.286839755356535,1.273293922668641,13.416090805939854,0.04203518480062485,0.02244861237704754,0.020837225019931793,0.025794748216867447,0.024999793618917465,0.024164600297808647,0.06583445519208908,0.02278137393295765,0.02316303923726082,0.03560119494795799,0.044758547097444534,0.0264438446611166,0.02278137393295765,0.02784448117017746,0.030878134071826935,0.06583445519208908,0.032831668853759766,0.03550971671938896,0.12239415943622589,0.16960984468460083,0.20236507058143616,0.23227140307426453,0.1542817422230398,2.3520421981811523,0.15428173542022705,4.993997432050145,-0.05664017872247685,15.245110434265682,19.916464422681642,1.306416539818327,23.936558695568753,0.015092232264578342,0.01268814131617546,0.011901709251105785,0.014133116230368614,0.014925908297300339,0.016499755904078484,0.015152189880609512,0.014132141135632992,0.013582763262093067,0.017067281529307365,0.017779570072889328,0.01626075617969036,0.013886738568544388,0.014247122220695019,0.013350284658372402,0.015152189880609512,0.014431741088628769,0.014703157357871532,0.04189261421561241,0.05401540547609329,0.08562752604484558,0.07975505292415619,0.22240968068510508,2.2728700637817383,0.2224096804857254,4.236848153642128,-0.019524258727484752,10.219294667302464,13.206995278098965,1.2923587887484949,15.798694876549265,0.023160317912697792,0.02208925597369671,0.017958475276827812,0.020883111283183098,0.02132956124842167,0.02208925597369671,0.024675093591213226,0.0209296103566885,0.017901316285133362,0.038431767374277115,0.02489463798701763,0.026592984795570374,0.02058088220655918,0.024623122066259384,0.022250328212976456,0.034055594354867935,0.024534229189157486,0.027654943987727165,0.11540413647890091,0.1354866921901703,0.1662949174642563,0.17398589849472046,000036.tdms,35,350.0
13.269044876098633,796.142692565918,9.5367431640625e-07,0.1758011488777676,1.1281321048736572,0.1758011430501938,3.87776732387353,-0.020007611117844767,6.417091765754237,8.311048986423623,1.2951426112957851,9.966398656459617,0.013125760480761528,0.012012297287583351,0.011837230063974857,0.015530863776803017,0.013772152364253998,0.012012297287583351,0.01410025916993618,0.01507067121565342,0.013603211380541325,0.015942102298140526,0.016842488199472427,0.016548996791243553,0.013571705669164658,0.014327209442853928,0.015094543807208538,0.01568557880818844,0.013742612674832344,0.013916932046413422,0.02705121971666813,0.041129663586616516,0.09759518504142761,0.08490575850009918,0.23819830498302486,1.4364562034606934,0.23819831013679504,3.307148809902646,-0.0006241623215372061,6.030505563685947,7.644778463947337,1.267684505588072,9.07206922880748,0.03075803630053997,0.020421113818883896,0.01986251398921013,0.02591259591281414,0.03245972469449043,0.02302003651857376,0.04081585630774498,0.024723410606384277,0.02293388545513153,0.03922395780682564,0.04732991382479668,0.026102889329195023,0.024085907265543938,0.029375145211815834,0.029177455231547356,0.04081585630774498,0.03415625914931297,0.03818599134683609,0.10911312699317932,0.13680623471736908,0.18188555538654327,0.21209853887557983,0.1502009781362905,1.0141239166259766,0.1502009779214859,3.865328687804737,-0.03001183328310489,6.751779710154572,8.741844216413897,1.2947466581687046,10.483300421784806,0.013569220900535583,0.012003475800156593,0.010946967639029026,0.01562822051346302,0.013369319029152393,0.012003475800156593,0.017739281058311462,0.015647875145077705,0.012287595309317112,0.014639263041317463,0.021172823384404182,0.015499581582844257,0.015647875145077705,0.012930760160088539,0.012794604524970055,0.01935192197561264,0.015049740672111511,0.014346042647957802,0.03717464953660965,0.04449654370546341,0.08113698661327362,0.07471074163913727,0.21032792775900308,1.4676194190979004,0.21032792329788208,3.615869208706451,-0.008541143231435785,6.977767692265389,8.950022499943659,1.282648390525303,10.682910172015426,0.021184125915169716,0.018089795485138893,0.01604454219341278,0.019995348528027534,0.02405053749680519,0.018089795485138893,0.02485492266714573,0.02026389166712761,0.017631087452173233,0.029676493257284164,0.02902977168560028,0.020227212458848953,0.02015151083469391,0.02191435545682907,0.02186957187950611,0.0288360808044672,0.01927173137664795,0.022956611588597298,0.08767099678516388,0.0959075316786766,0.14623698592185974,0.15321922302246094,000037.tdms,36,360.0
13.270264625549316,796.215877532959,0.0,0.17587440459544426,1.1155182123184204,0.17587439715862274,3.888409706014059,-0.018675904906796634,6.342697875136494,8.218442509613924,1.295732931223224,9.857777191795694,0.013464939780533314,0.012623505666851997,0.011790676042437553,0.015884028747677803,0.013926667161285877,0.01240194495767355,0.016507035121321678,0.017297973856329918,0.012667913921177387,0.013860423117876053,0.018414117395877838,0.014647502452135086,0.012697293423116207,0.014361989684402943,0.015231763012707233,0.016507035121321678,0.015206613577902317,0.01378220971673727,0.028005896136164665,0.041836753487586975,0.10168164223432541,0.08872810751199722,0.2367784607365401,1.379739761352539,0.23677846789360046,3.3239509030623995,-0.008206149329359372,5.827133756426245,7.393283116830023,1.2687683904074807,8.777826809786493,0.02875329554080963,0.019603893160820007,0.020267702639102936,0.030770597979426384,0.02461864799261093,0.02179882489144802,0.04536832869052887,0.026384711265563965,0.023416152223944664,0.03492513671517372,0.04345923289656639,0.027274249121546745,0.026384711265563965,0.02753407135605812,0.03686792030930519,0.04536832869052887,0.028043532744050026,0.03200290724635124,0.11573413759469986,0.14590153098106384,0.17517903447151184,0.2175045609474182,0.15071853583619438,1.0424556732177734,0.1507185399532318,3.88787579372277,-0.019886938101528483,6.916572453641315,8.960910442023916,1.295570964098892,10.747357434460671,0.016579145565629005,0.012038406915962696,0.011925249360501766,0.020738335326313972,0.012405320070683956,0.012662969529628754,0.022717218846082687,0.01340220496058464,0.013089500367641449,0.014083650894463062,0.015093580819666386,0.01546331774443388,0.01340220496058464,0.013779044151306152,0.01790628768503666,0.01754348911345005,0.013251864351332188,0.013090042397379875,0.04043809697031975,0.05006616562604904,0.08365234732627869,0.07653824985027313,0.21089750369904398,1.4675394296646118,0.2108975052833557,3.6273113360718514,-0.0027917238806773412,6.958543386833195,8.928463972703904,1.283093813799904,10.657654388335448,0.01957225240767002,0.018316952511668205,0.015678707510232925,0.025323638692498207,0.02177051454782486,0.022986363619565964,0.02712375298142433,0.019646430388092995,0.019512871280312538,0.02556995488703251,0.022777868434786797,0.02120320312678814,0.019646430388092995,0.02303222566843033,0.0245088841766119,0.023436257615685463,0.024659594520926476,0.022036181762814522,0.09785817563533783,0.10388525575399399,0.14631015062332153,0.15664567053318024,000038.tdms,37,370.0
13.270264625549316,796.215877532959,0.0,0.1761235612819976,1.1604480743408203,0.17612355947494507,3.9040516224943507,-0.01948897275248707,6.588829262217712,8.536768195168344,1.2956426484019987,10.236896914840685,0.01587465964257717,0.012604986317455769,0.011709781363606453,0.013435855507850647,0.013783388771116734,0.013749128207564354,0.014846780337393284,0.016140127554535866,0.014790993183851242,0.016145911067724228,0.012905956245958805,0.01512880902737379,0.014301997609436512,0.014506052248179913,0.015364316292107105,0.013211585581302643,0.013676603324711323,0.013749568723142147,0.026394831016659737,0.039936523884534836,0.10034138709306717,0.08947876840829849,0.23247643639766558,1.4012188911437988,0.23247644305229187,3.3367810001547205,0.007180118178830332,6.027358784642267,7.652319176376151,1.2695974223194229,9.08902385477432,0.02640368975698948,0.020410101860761642,0.017424114048480988,0.026919057592749596,0.029035387560725212,0.021354151889681816,0.05005311965942383,0.026654284447431564,0.02064669504761696,0.03664417937397957,0.033953674137592316,0.02385752461850643,0.025146927684545517,0.025529485195875168,0.028955385088920593,0.05005311965942383,0.025386972352862358,0.03270205482840538,0.09874188154935837,0.1349315047264099,0.17190518975257874,0.19978684186935425,0.15088252337913008,0.9732146859169006,0.1508825272321701,3.9086762434003153,-0.03475436185011943,6.4501485269533525,8.367091443872258,1.2971936086290947,10.044124534555296,0.014666447415947914,0.012903312221169472,0.011061842553317547,0.030548030510544777,0.014139655977487564,0.012903312221169472,0.04111843556165695,0.02683933638036251,0.011797264218330383,0.013964105397462845,0.021393023431301117,0.014618804678320885,0.02683933638036251,0.012502621859312057,0.017480798065662384,0.03044116124510765,0.013812609016895294,0.013906678184866905,0.03778290003538132,0.05146439000964165,0.0826312005519867,0.07505974173545837,0.20933583377209866,1.2850383520126343,0.2093358337879181,3.654880141367973,-0.00849065894338593,6.138644917389727,7.883336354575546,1.2842144252786811,9.414283977305727,0.026892494410276413,0.016886794939637184,0.01429425273090601,0.02885851263999939,0.020216090604662895,0.01982623152434826,0.026517590507864952,0.024882186204195023,0.019913366064429283,0.024689974263310432,0.03393513709306717,0.020392512902617455,0.024882186204195023,0.020326385274529457,0.02668619714677334,0.031865205615758896,0.020674411207437515,0.022217078134417534,0.08106325566768646,0.09877167642116547,0.1491580307483673,0.14926022291183472,000039.tdms,38,380.0
13.269044876098633,796.142692565918,9.5367431640625e-07,0.17476640846919234,1.0830981731414795,0.174766406416893,3.894620851022481,-0.017385352843510386,6.197404768047328,8.030439120709003,1.2957745090513468,9.631302016098665,0.014912084676325321,0.013406501151621342,0.011797448620200157,0.01463705487549305,0.013607509434223175,0.013406501151621342,0.014027200639247894,0.014483440667390823,0.014154812321066856,0.01353505626320839,0.015037236735224724,0.014106085523962975,0.01343618892133236,0.012944105081260204,0.01497070211917162,0.014801649376749992,0.013198970817029476,0.0147132258862257,0.027094267308712006,0.04035831242799759,0.10241708159446716,0.08786224573850632,0.23016651185072162,1.3752835988998413,0.2301665097475052,3.3164600550083785,-0.002379143105372743,5.97516809826707,7.576665598637125,1.2680255139323235,8.991479337468103,0.024875685572624207,0.018014876171946526,0.016357598826289177,0.02859090082347393,0.03675095736980438,0.018014876171946526,0.055646758526563644,0.02582809142768383,0.02026159130036831,0.037189092487096786,0.03966023400425911,0.025899874046444893,0.023686978965997696,0.02392147295176983,0.03291307017207146,0.055646758526563644,0.022234778851270676,0.028590090572834015,0.09507502615451813,0.12646153569221497,0.1576586812734604,0.1973077803850174,0.1482662229189222,1.1058257818222046,0.14826622605323792,3.927109290902814,-0.027349216611736938,7.458379663633258,9.673200174405304,1.2969573299642303,11.606129938467962,0.01727570779621601,0.011876612901687622,0.011820413172245026,0.02860754355788231,0.01524963416159153,0.011354242451488972,0.030251573771238327,0.017524681985378265,0.012233356013894081,0.01679779589176178,0.02190144546329975,0.01352093368768692,0.017524681985378265,0.01316850259900093,0.022583195939660072,0.029152413830161095,0.013402968645095825,0.013740260154008865,0.036366790533065796,0.04643763229250908,0.07973437756299973,0.0707293301820755,0.20677465155861208,1.4084045886993408,0.20677465200424194,3.6562576067850836,-0.007037424506198878,6.811301956420496,8.743320570612934,1.2836489450260344,10.439471624273814,0.0189682487398386,0.018991662189364433,0.018216369673609734,0.026571152731776237,0.019444948062300682,0.017519056797027588,0.025785166770219803,0.021662607789039612,0.018885012716054916,0.027736041694879532,0.024805134162306786,0.020209023728966713,0.021662607789039612,0.01757020130753517,0.020471910014748573,0.021528637036681175,0.02010549046099186,0.023037472739815712,0.0786832869052887,0.08424566686153412,0.14436273276805878,0.1512078046798706,000040.tdms,39,390.0
17.55518341064453,1053.3110046386719,3.814697265625e-06,0.1874020439809496,1.118768572807312,0.18740203976631165,3.759333851795629,-0.008822516476835783,5.969884580986965,7.699608237182179,1.2897415574338038,9.214210280889253,0.011686245910823345,0.010544980876147747,0.010772810317575932,0.013074563816189766,0.011417645961046219,0.010337184183299541,0.01477572601288557,0.011525454930961132,0.01108075212687254,0.013461404480040073,0.015213323757052422,0.011755391955375671,0.013641243800520897,0.011984436772763729,0.0836431160569191,0.012694219127297401,0.013922495767474174,0.012542307376861572,0.023024048656225204,0.05045170336961746,0.037477608770132065,0.06058702990412712,0.3471415492224625,1.8948148488998413,0.3471415638923645,3.058211982106306,-0.00561083556855121,5.4583349447621625,6.856421929701964,1.256137997958775,8.101445675419704,0.06191105768084526,0.030579274520277977,0.036385685205459595,0.03470274806022644,0.07769234478473663,0.030579274520277977,0.04768630489706993,0.039308078587055206,0.047429636120796204,0.075322225689888,0.04733278602361679,0.034129492938518524,0.04543453827500343,0.04084913805127144,0.12485089153051376,0.11469612270593643,0.03810928389430046,0.05213240161538124,0.2705309987068176,0.47281068563461304,0.4968551695346832,0.5802997350692749,0.15285886583786426,1.0674667358398438,0.15285886824131012,3.885049250737445,-0.0008669274862295055,6.983348528649258,9.042032623600713,1.2947989902703099,10.840431138987315,0.011674467474222183,0.009497825987637043,0.008782899007201195,0.011880927719175816,0.012824660167098045,0.010177016258239746,0.011801749467849731,0.012177824974060059,0.01125616580247879,0.021090079098939896,0.014143452048301697,0.01048065721988678,0.012954584322869778,0.010863586328923702,0.06747808307409286,0.01330188475549221,0.011212943121790886,0.011059445329010487,0.01732492446899414,0.03698844835162163,0.03224882110953331,0.049821510910987854,0.26397796101495885,1.6371532678604126,0.263977974653244,3.284155976705845,-0.0059368730742367,6.201855872989488,7.856798906845289,1.2668464194828293,9.32216136755073,0.035827044397592545,0.016063515096902847,0.017682788893580437,0.0178923849016428,0.039775531738996506,0.02100943960249424,0.025236068293452263,0.02046617679297924,0.029566170647740364,0.039864957332611084,0.032061617821455,0.024037960916757584,0.028100749477744102,0.019185012206435204,0.06285181641578674,0.037919044494628906,0.020352289080619812,0.0202815942466259,0.08099421113729477,0.11837279796600342,0.1332450956106186,0.18565797805786133,000041.tdms,40,400.0
17.55518341064453,1053.3110046386719,3.814697265625e-06,0.18992958914665692,1.1945499181747437,0.18992958962917328,3.738562426381782,-0.01363277933388162,6.289435593167921,8.104709371984994,1.288622683534428,9.694293168999822,0.013592954725027084,0.011141644790768623,0.010653135366737843,0.013512690551578999,0.012009534053504467,0.010979829356074333,0.014700318686664104,0.013333830051124096,0.010830124840140343,0.017091162502765656,0.013699871487915516,0.01391738560050726,0.013384612277150154,0.013990726321935654,0.08057650178670883,0.014853923581540585,0.014759971760213375,0.013052715919911861,0.024229364469647408,0.05216687172651291,0.03973972052335739,0.0627559944987297,0.35868616014606897,1.8528785705566406,0.3586861491203308,3.061434217018839,0.0009279590670719999,5.165737562336073,6.490391192183672,1.25643068658884,7.669916961266869,0.07223743945360184,0.027521125972270966,0.03380931168794632,0.03411301597952843,0.06587496399879456,0.029609931632876396,0.05888606607913971,0.051294367760419846,0.048138294368982315,0.09535855054855347,0.05042589455842972,0.037194155156612396,0.051294367760419846,0.038025110960006714,0.1724981814622879,0.13750310242176056,0.032239120453596115,0.057254090905189514,0.29781946539878845,0.509006679058075,0.5363552570343018,0.619146466255188,0.1565918758571748,1.059269905090332,0.15659187734127045,3.792719058306493,-0.0036146808024528354,6.7645265713304115,8.727514523778801,1.2901885197358784,10.444112119198076,0.012238229624927044,0.010194025002419949,0.00796428695321083,0.011373464949429035,0.011600671336054802,0.010194025002419949,0.0148655716329813,0.011193275451660156,0.011804679408669472,0.019612830132246017,0.010913769714534283,0.012859844602644444,0.012395643629133701,0.01071118377149105,0.06561920046806335,0.017370592802762985,0.011889482848346233,0.011000946164131165,0.018087690696120262,0.03833078593015671,0.03309345990419388,0.0523255355656147,0.2701794804193173,1.5699204206466675,0.27017948031425476,3.2526888128128744,-0.001531708013298713,5.810657486683143,7.352418461737729,1.2653333084230127,8.717985125342032,0.03460952639579773,0.01763276942074299,0.01613583229482174,0.01794937625527382,0.027893316000699997,0.017946669831871986,0.02394963428378105,0.027459992095828056,0.02280246838927269,0.04700414463877678,0.03517766669392586,0.02114768885076046,0.03375700116157532,0.019535863772034645,0.06516250967979431,0.037837475538253784,0.019861456006765366,0.02136380411684513,0.08144745230674744,0.11688412725925446,0.12632164359092712,0.1934117078781128,000042.tdms,41,410.0
17.55518341064453,1053.3110046386719,3.814697265625e-06,0.18736241180081398,1.0854737758636475,0.1873624175786972,3.714293979294436,-0.006230879493886647,5.79344472261395,7.459738357387081,1.2876170766364563,8.919410211839905,0.01239924319088459,0.011377346701920033,0.011065101251006126,0.014189492911100388,0.012538081035017967,0.011265089735388756,0.013430865481495857,0.013941607438027859,0.012776633724570274,0.014564771205186844,0.014111384749412537,0.014052783139050007,0.012175841256976128,0.013311170972883701,0.07061950117349625,0.013453916646540165,0.014711571857333183,0.01364615187048912,0.023072589188814163,0.049540720880031586,0.03957589715719223,0.06435292959213257,0.3658395944412927,1.8410024642944336,0.3658396005630493,3.035532993461444,0.0015934212245178742,5.032266852104945,6.31750073454207,1.2553985947505,7.463551772573601,0.07965538650751114,0.03073768876492977,0.04825762286782265,0.03428680822253227,0.089976005256176,0.03073768876492977,0.0499914325773716,0.04955996572971344,0.04110454395413399,0.08744082599878311,0.05041446536779404,0.034341562539339066,0.05596550181508064,0.05016940459609032,0.14040012657642365,0.12252447754144669,0.038343217223882675,0.05284484475851059,0.2987794578075409,0.57715904712677,0.6179088950157166,0.655748724937439,0.1553701543389962,1.1568461656570435,0.15537016093730927,3.7529014120555932,0.0008127952496759888,7.445742527441693,9.595416821085816,1.2887118760447842,11.477658812051411,0.01602071151137352,0.009839346632361412,0.009297097101807594,0.011947439052164555,0.01350520458072424,0.010268737562000751,0.011084681376814842,0.011403418146073818,0.010965239256620407,0.017925795167684555,0.012261766009032726,0.010635383427143097,0.011650150641798973,0.011349635198712349,0.05883391946554184,0.015530784614384174,0.01280127838253975,0.011394575238227844,0.017700176686048508,0.037174396216869354,0.03364088386297226,0.05274171754717827,0.2714631051712468,1.5339113473892212,0.2714630961418152,3.2241816323844454,-0.01170419399840114,5.650533417502852,7.143573271435671,1.2642298954127131,8.467253112073795,0.031898826360702515,0.01749156229197979,0.016865283250808716,0.01728425920009613,0.04111707955598831,0.022030537948012352,0.022525383159518242,0.020689938217401505,0.027749475091695786,0.04739910364151001,0.03249259665608406,0.022269217297434807,0.028365451842546463,0.02319922484457493,0.054204508662223816,0.04799395427107811,0.019599707797169685,0.0209080521017313,0.0849934071302414,0.11948034167289734,0.14144784212112427,0.2020370364189148,000043.tdms,42,420.0
17.55518341064453,1053.3110046386719,3.814697265625e-06,0.18815586497494405,1.3375378847122192,0.188155859708786,3.7281216530821686,-0.0057787933572653865,7.108669638814255,9.151120239509677,1.2873182612880725,10.939368437228513,0.01190271507948637,0.012221544981002808,0.009931984357535839,0.015071227215230465,0.011873173527419567,0.012221544981002808,0.01316166389733553,0.012517094612121582,0.012384144589304924,0.016878493130207062,0.014958332292735577,0.012292558327317238,0.013001156970858574,0.01264769397675991,0.07454940676689148,0.014055732637643814,0.013253441080451012,0.013215533457696438,0.023665517568588257,0.050342850387096405,0.04046078771352768,0.06451867520809174,0.35920962384724475,1.8356199264526367,0.3592096269130707,3.055987296673134,0.0008516475278142256,5.110163549608128,6.417600508296864,1.2558503159432142,7.581582865325841,0.07396046817302704,0.028942439705133438,0.057143449783325195,0.03576257452368736,0.08520235121250153,0.028942439705133438,0.04253331571817398,0.03791869431734085,0.04569350555539131,0.08451006561517715,0.056740906089544296,0.034667667001485825,0.04290768504142761,0.04652048647403717,0.15191392600536346,0.15831242501735687,0.044763531535863876,0.051147978752851486,0.29060494899749756,0.5245921611785889,0.5805749893188477,0.6100245118141174,0.15606223387727974,1.2566758394241333,0.15606223046779633,3.7615531395339628,-0.00557989103647047,8.052401969411294,10.375866459118386,1.2885430333126997,12.410506361193656,0.014630936086177826,0.009839918464422226,0.009936698712408543,0.011549185030162334,0.011896446347236633,0.009839918464422226,0.011894134804606438,0.013369694352149963,0.011479062959551811,0.020958688110113144,0.013843376189470291,0.011635934002697468,0.01357482373714447,0.010949096642434597,0.06173153966665268,0.014678728766739368,0.012191309593617916,0.010664758272469044,0.018489979207515717,0.03679889440536499,0.03365807980298996,0.05365147441625595,0.2729116151186879,1.7191426753997803,0.27291160821914673,3.229415525376882,0.0013199065334100835,6.29926533047021,7.964516702020502,1.2643564422497486,9.440308893219893,0.04699603468179703,0.01617536135017872,0.01590259186923504,0.019487937912344933,0.03562864661216736,0.021019071340560913,0.018757982179522514,0.019191114231944084,0.03262345865368843,0.04541969671845436,0.040373992174863815,0.021702583879232407,0.02366854064166546,0.02189355343580246,0.05756756290793419,0.04722009226679802,0.022170627489686012,0.01931661181151867,0.08079637587070465,0.11513110995292664,0.13720566034317017,0.19423756003379822,000044.tdms,43,430.0
17.55518341064453,1053.3110046386719,3.814697265625e-06,0.18847930985261852,1.1625537872314453,0.18847930431365967,3.696920692234129,-0.00958843803719465,6.168071116880175,7.938442565652845,1.2870218931049109,9.491059625247571,0.012368389405310154,0.011792517267167568,0.009847637265920639,0.013668332248926163,0.012220579199492931,0.011792517267167568,0.014548812061548233,0.012734992429614067,0.011600106954574585,0.015768200159072876,0.013860281556844711,0.013716285116970539,0.012734992429614067,0.014905405230820179,0.08435676991939545,0.014146929606795311,0.013730977661907673,0.01271903607994318,0.02344086579978466,0.05191691964864731,0.03901366889476776,0.06560295820236206,0.3591272287814126,1.8441317081451416,0.3591272234916687,3.0646099687269,0.009434872986476574,5.135037280249212,6.452848652508776,1.2566313154781241,7.626626238759311,0.06440696865320206,0.03843880072236061,0.044689491391181946,0.03227837011218071,0.04277578741312027,0.03843880072236061,0.06227792426943779,0.038179896771907806,0.057384759187698364,0.08647273480892181,0.04341592267155647,0.03818560764193535,0.04573995992541313,0.051811642944812775,0.12240352481603622,0.13658899068832397,0.038055628538131714,0.05472337827086449,0.31215232610702515,0.5291836857795715,0.5559347867965698,0.6158183217048645,0.15626463821506933,1.1769111156463623,0.15626463294029236,3.743023044966261,-0.0008580847950405931,7.5315255523553715,9.700761838764619,1.2880208360616732,11.600648092125713,0.012504616752266884,0.009678343310952187,0.009516504593193531,0.01218631025403738,0.011736616492271423,0.010323568247258663,0.013056487776339054,0.011806267313659191,0.01028751116245985,0.020585156977176666,0.012726901099085808,0.011786229908466339,0.012408960610628128,0.01200067438185215,0.06589513272047043,0.022008422762155533,0.011384444311261177,0.012072074227035046,0.018946107476949692,0.03909515589475632,0.03444214165210724,0.05337122827768326,0.27286758976519315,1.6687352657318115,0.2728675901889801,3.225010610643964,-0.007262232755118197,6.1155495497570245,7.728006459159274,1.2636650878687286,9.156056328835076,0.03199028968811035,0.01947653852403164,0.019850298762321472,0.01881762035191059,0.022808318957686424,0.0257351603358984,0.021987779065966606,0.025697484612464905,0.024838009849190712,0.06292863935232162,0.02868965081870556,0.023132333531975746,0.026207489892840385,0.029011089354753494,0.05349189415574074,0.05594589561223984,0.024399474263191223,0.024300940334796906,0.0831061601638794,0.11540969461202621,0.1337476372718811,0.19601958990097046,000045.tdms,44,440.0
17.554378509521484,1053.262710571289,1.9073486328125e-06,0.18703394824944286,1.1182620525360107,0.18703395128250122,3.7156708620131202,-0.007941365325908629,5.9789255533685814,7.699132882744244,1.2877117826641078,9.206864884272825,0.013562855310738087,0.011198754422366619,0.009757128544151783,0.013988519087433815,0.012474403716623783,0.011682079173624516,0.014025194570422173,0.01360874529927969,0.010560447350144386,0.014529507607221603,0.013714763335883617,0.013272145763039589,0.01360874529927969,0.011620702221989632,0.07547823339700699,0.014181805774569511,0.013541864231228828,0.013304108753800392,0.021825097501277924,0.051034197211265564,0.04007028043270111,0.06382015347480774,0.36227879598802026,2.1209826469421387,0.3622787892818451,3.1023589159141016,-0.009232979432161776,5.854559169431144,7.369157489351132,1.2587040759325272,8.71707616597521,0.06285035610198975,0.03387296944856644,0.03699755668640137,0.03489570692181587,0.05008693411946297,0.03387296944856644,0.06252703815698624,0.03697274625301361,0.04792831465601921,0.07079090178012848,0.0546925812959671,0.03777041286230087,0.043476756662130356,0.05046039819717407,0.15009820461273193,0.15106652677059174,0.046961165964603424,0.07608332484960556,0.30956417322158813,0.5762749314308167,0.5887670516967773,0.6613130569458008,0.15508755167601065,1.2230074405670166,0.15508754551410675,3.786616018905427,0.00210094465433604,7.885916228286132,10.172206954721613,1.2899207473488932,12.173483046909114,0.015069952234625816,0.010301168076694012,0.009609994478523731,0.011194453574717045,0.010700944811105728,0.010306360200047493,0.013272715732455254,0.011754656210541725,0.013476347550749779,0.019488537684082985,0.013278430327773094,0.011083198711276054,0.012538275681436062,0.011482054367661476,0.061266232281923294,0.018473729491233826,0.013653024099767208,0.01173283439129591,0.018564309924840927,0.038052380084991455,0.033970776945352554,0.055314384400844574,0.26936270101575943,1.6564233303070068,0.2693626880645752,3.2403666312633317,-0.005326881288320621,6.149416099781742,7.77873376209874,1.264954856831826,9.222261199407754,0.03585679829120636,0.017802411690354347,0.016768209636211395,0.01872439682483673,0.027901386842131615,0.01815127581357956,0.02623400278389454,0.023500928655266762,0.02241959050297737,0.045895032584667206,0.02401462383568287,0.024723969399929047,0.025311321020126343,0.023975247517228127,0.055564288049936295,0.05153748765587807,0.02119651436805725,0.025736389681696892,0.07654933631420135,0.12313885241746902,0.13189026713371277,0.1875682771205902,000046.tdms,45,450.0
13.218019485473633,793.081169128418,9.5367431640625e-07,0.17325571194469522,1.0930976867675781,0.17325571179389954,3.921568225423817,-0.01987774241749669,6.309158148370339,8.176250640192913,1.2959336963688008,9.804263196375132,0.013966131024062634,0.01318216510117054,0.011877262033522129,0.013339578174054623,0.013526316732168198,0.01281118206679821,0.01483833882957697,0.013303969986736774,0.012996301986277103,0.013461893424391747,0.014638192020356655,0.013847109861671925,0.014110548421740532,0.013688198290765285,0.013570445589721203,0.01483833882957697,0.014822886325418949,0.01373529713600874,0.025052441284060478,0.03919485956430435,0.1001301109790802,0.0838128924369812,0.23979957123981352,1.3490362167358398,0.23979957401752472,3.259310489828536,-7.645491494743383e-05,5.625682355314661,7.119384651582834,1.2655148659179187,8.440635087449671,0.027235306799411774,0.02336522564291954,0.02066100761294365,0.02458885870873928,0.02304445207118988,0.022373806685209274,0.03839796036481857,0.030224524438381195,0.02601105161011219,0.030381737276911736,0.03446958214044571,0.02712216228246689,0.02727423794567585,0.022598175331950188,0.025566624477505684,0.038741301745176315,0.03237506374716759,0.027470286935567856,0.10797564685344696,0.14935293793678284,0.1909727305173874,0.22122898697853088,0.15084281662596294,0.9517544507980347,0.1508428156375885,3.848256504210996,-0.02981965384590766,6.309577559520455,8.160741324786112,1.2933894936393098,9.778822607795316,0.0151942428201437,0.01225143950432539,0.01098821870982647,0.014461833983659744,0.013824697583913803,0.015667475759983063,0.013662061654031277,0.013320289552211761,0.013378631323575974,0.016804272308945656,0.017652159556746483,0.015938982367515564,0.01310727745294571,0.014168321155011654,0.013705399818718433,0.0225870031863451,0.012582206167280674,0.013764915987849236,0.03876618295907974,0.049831271171569824,0.08167567104101181,0.07491502165794373,0.21194512275862512,1.38291597366333,0.21194511651992798,3.575159112695078,0.00036317210686330286,6.524877551621094,8.355932829068148,1.2806267647110299,9.96595954186644,0.02146441861987114,0.019645070657134056,0.014934107661247253,0.02301619201898575,0.019269242882728577,0.019645070657134056,0.026747986674308777,0.022000065073370934,0.017046278342604637,0.026812251657247543,0.02839719131588936,0.02378089912235737,0.022000065073370934,0.023373223841190338,0.02397756092250347,0.026747986674308777,0.024813763797283173,0.023665528744459152,0.09747561067342758,0.10426416993141174,0.14380809664726257,0.15295475721359253,000047.tdms,46,460.0
13.270264625549316,796.215877532959,0.0,0.17294434573407397,1.0813469886779785,0.1729443520307541,3.887196226831117,-0.02025674220900984,6.252572086633582,8.095244777851986,1.2947063489531887,9.704291340949366,0.013371003791689873,0.01158947590738535,0.012112114578485489,0.015387462452054024,0.01462097093462944,0.011597183533012867,0.01687178760766983,0.012812989763915539,0.01284518837928772,0.014605114236474037,0.014374230057001114,0.01445560809224844,0.012812989763915539,0.014509466476738453,0.01489197462797165,0.01687178760766983,0.014024101197719574,0.013957212679088116,0.024953514337539673,0.03910074383020401,0.0971861258149147,0.08581826090812683,0.23786017468880657,1.3411579132080078,0.23786017298698425,3.2618357883355587,0.003275434344399555,5.638429867306076,7.136399954868033,1.2656714941597127,8.463829768932412,0.030961500480771065,0.023806095123291016,0.018082240596413612,0.03177197277545929,0.030232081189751625,0.023806095123291016,0.051285404711961746,0.03441566228866577,0.02487560547888279,0.04369499161839485,0.03933926671743393,0.026499439030885696,0.03441566228866577,0.025553205981850624,0.0331776924431324,0.051285404711961746,0.034473106265068054,0.03668829798698425,0.10729197412729263,0.15121282637119293,0.19463782012462616,0.21368911862373352,0.14738460485084848,1.0224852561950684,0.14738459885120392,3.8776742805859046,-0.02491731782319126,6.937530939746466,8.979517100751492,1.2943390348439514,10.764196518760775,0.015891561284661293,0.012111008167266846,0.011995733715593815,0.033888354897499084,0.013754399493336678,0.012111008167266846,0.03252459317445755,0.018540427088737488,0.01367501076310873,0.015183337032794952,0.015188915655016899,0.014835387468338013,0.018540427088737488,0.013147559016942978,0.02085862308740616,0.013815993443131447,0.01493406668305397,0.01328439824283123,0.031814198940992355,0.04481925815343857,0.07738812267780304,0.07163923978805542,0.2068431737712805,1.205335259437561,0.20684316754341125,3.6126111929487457,-0.0038042777863167964,5.827290489994009,7.470943981968214,1.2820613619308165,8.914770296523441,0.022603238001465797,0.01855337806046009,0.01377916894853115,0.021636448800563812,0.017569107934832573,0.023894578218460083,0.031031113117933273,0.022190086543560028,0.02706124819815159,0.024945657700300217,0.022031666710972786,0.019946221262216568,0.022190086543560028,0.02239612303674221,0.023991528898477554,0.02240128256380558,0.021449938416481018,0.023769088089466095,0.08453743159770966,0.09089665114879608,0.13760828971862793,0.15469780564308167,000048.tdms,47,470.0
13.218019485473633,793.081169128418,9.5367431640625e-07,0.17283842608001723,1.112338662147522,0.17283841967582703,3.9247406583809,-0.021759653712306957,6.4357139056135235,8.346611231148845,1.2969208006385353,10.014619597197944,0.013988596387207508,0.011735308915376663,0.01041759829968214,0.0138304578140378,0.012820444069802761,0.012109722010791302,0.014323866926133633,0.013577197678387165,0.013039791025221348,0.015146520920097828,0.015290996059775352,0.014482459984719753,0.012505565769970417,0.012026616372168064,0.013865388929843903,0.014459101483225822,0.013739806599915028,0.014568653889000416,0.026147963479161263,0.03823964297771454,0.09768906235694885,0.08367781341075897,0.2381205720564893,1.474334955215454,0.23812057077884674,3.291496803794276,-0.00877469813670724,6.1915480148674344,7.841912856841675,1.266551246636755,9.301229785660688,0.0344167985022068,0.019303185865283012,0.01909680664539337,0.02265222929418087,0.031244460493326187,0.01861262507736683,0.05737030878663063,0.026556752622127533,0.033333636820316315,0.03635568916797638,0.03917104750871658,0.028894487768411636,0.026556752622127533,0.02712680958211422,0.029041996225714684,0.05737030878663063,0.035124242305755615,0.05364091694355011,0.11001558601856232,0.15122659504413605,0.20221762359142303,0.22324198484420776,0.14702450037472264,1.0917202234268188,0.1470244973897934,3.941668024676962,-0.029447589258136866,7.425430595882603,9.630749789955333,1.2969954624982392,11.555346993772218,0.012743604369461536,0.01131632924079895,0.010687838308513165,0.014840568415820599,0.012503277510404587,0.01219975482672453,0.013033741153776646,0.013155059888958931,0.011853571981191635,0.015048641711473465,0.023227093741297722,0.01355996448546648,0.014347993768751621,0.013328436762094498,0.01267247088253498,0.020425988361239433,0.013388690538704395,0.014138933271169662,0.03282521665096283,0.04184070602059364,0.07760525494813919,0.07170607149600983,0.20847117612362237,1.3829282522201538,0.2084711790084839,3.6325465635676766,-0.0036218452177903065,6.633666475791762,8.51307744833176,1.283314058582615,10.164527085096925,0.02258855290710926,0.01925148069858551,0.01566549390554428,0.02163773588836193,0.020469002425670624,0.02036862075328827,0.02560500055551529,0.018527662381529808,0.018177924677729607,0.03322826698422432,0.04509264603257179,0.024933889508247375,0.018527662381529808,0.02171599119901657,0.02247522957623005,0.02560500055551529,0.025048181414604187,0.024129435420036316,0.093046635389328,0.09266296774148941,0.13853292167186737,0.1461493819952011,000049.tdms,48,480.0
13.270264625549316,796.215877532959,0.0,0.1715845232691949,1.3091143369674683,0.17158451676368713,3.896879542448375,-0.014801811732911377,7.6295595431624665,9.885348283055281,1.2956643469562314,11.857094038540751,0.014589059166610241,0.012279032729566097,0.012828276492655277,0.014573832973837852,0.013296558521687984,0.012143552303314209,0.013646237552165985,0.014373565092682838,0.014638246037065983,0.013133157044649124,0.013899257406592369,0.013956141658127308,0.012538384646177292,0.01416587084531784,0.013237835839390755,0.014151057228446007,0.014885698445141315,0.014807344414293766,0.02600126527249813,0.03956765681505203,0.09789453446865082,0.08403263241052628,0.23698758889347593,1.5226408243179321,0.23698759078979492,3.3088606313969713,-0.006187508387152,6.424981288797985,8.146241343850408,1.2679011778685574,9.669064285388256,0.025470392778515816,0.02081095613539219,0.024184148758649826,0.025932861492037773,0.02810904197394848,0.028653163462877274,0.03688789904117584,0.02956702932715416,0.023925399407744408,0.03853609785437584,0.038553014397621155,0.023894252255558968,0.02956702932715416,0.025568822398781776,0.03793482482433319,0.03688789904117584,0.028290487825870514,0.056158214807510376,0.11950772255659103,0.1513957679271698,0.2041039764881134,0.2211437225341797,0.14798044435438315,0.9535656571388245,0.1479804515838623,3.9218256879811,-0.026299470303977595,6.443862642115252,8.359323078932759,1.2972534554505557,10.033527102597018,0.01724875718355179,0.013590872287750244,0.010775672271847725,0.0176114309579134,0.014508817344903946,0.013842112384736538,0.022726591676473618,0.014204521663486958,0.011679464019834995,0.019603874534368515,0.017349999397993088,0.01375925075262785,0.013731105253100395,0.013531504198908806,0.016911067068576813,0.021515654399991035,0.014532281085848808,0.014868784695863724,0.04258104786276817,0.04959198832511902,0.08078740537166595,0.0748404711484909,0.2098142333159384,1.3166533708572388,0.20981423556804657,3.6077115245085323,-0.006065750194689817,6.275329133055627,8.048584205560502,1.2825756282908192,9.60744500952254,0.021715788170695305,0.020611824467778206,0.014949466101825237,0.02419860288500786,0.01841507852077484,0.020927561447024345,0.028093533590435982,0.023482954129576683,0.018761303275823593,0.03551577031612396,0.02785816416144371,0.025255104526877403,0.0196367334574461,0.020805228501558304,0.024063384160399437,0.028093533590435982,0.02267794869840145,0.02430886961519718,0.1048116534948349,0.10448675602674484,0.14424189925193787,0.1581277847290039,000050.tdms,49,490.0
13.269044876098633,796.142692565918,9.5367431640625e-07,0.1729332628434154,1.1943610906600952,0.17293326556682587,3.9225490179861144,-0.014265719719962528,6.906485606193324,8.9517371194877,1.2961349128796151,10.735801231833657,0.014322089031338692,0.012354609556496143,0.010594421997666359,0.01561094168573618,0.014801401644945145,0.012354609556496143,0.01413427572697401,0.013734535314142704,0.012790647335350513,0.013549541123211384,0.015991970896720886,0.014893040992319584,0.012883833609521389,0.013302929699420929,0.015559467487037182,0.014729906804859638,0.01564812660217285,0.013848302885890007,0.026728544384241104,0.04125283658504486,0.09894699603319168,0.08571888506412506,0.24231505111530152,1.5383490324020386,0.24231505393981934,3.3718419828576693,0.0016076205193267675,6.348549235061924,8.066180321499111,1.270554897322212,9.582922620342352,0.02831633947789669,0.022206533700227737,0.020651644095778465,0.033916305750608444,0.028680644929409027,0.03149055317044258,0.0436059832572937,0.02996782585978508,0.027677951380610466,0.045352399349212646,0.03454597294330597,0.03130876645445824,0.02996782585978508,0.028488842770457268,0.03648095950484276,0.0436059832572937,0.030739832669496536,0.026104893535375595,0.15370765328407288,0.16958069801330566,0.20427078008651733,0.24379773437976837,0.15232110466520962,1.1276721954345703,0.15232110023498535,3.9542249129035514,-0.040499959281924486,7.403256416194652,9.62070410183122,1.2995232855619985,11.560285081664171,0.024648506194353104,0.01294097863137722,0.010893523693084717,0.04515828937292099,0.014775525778532028,0.014482568018138409,0.04529629647731781,0.025976255536079407,0.013637252151966095,0.013902311213314533,0.01872073858976364,0.013713839463889599,0.025976255536079407,0.01474079955369234,0.031257741153240204,0.021341094747185707,0.015608293935656548,0.01608634740114212,0.06056822091341019,0.06529036164283752,0.08738133311271667,0.0786193385720253,0.21553090917475431,1.3840327262878418,0.2155309021472931,3.634874769049364,-0.016668047488810216,6.421504607330618,8.243243718179539,1.283693498992319,9.843553123968132,0.025144968181848526,0.023151149973273277,0.015544453635811806,0.026086660102009773,0.02049330063164234,0.023151149973273277,0.028306256979703903,0.021731160581111908,0.02038750983774662,0.02997037023305893,0.030120136216282845,0.021827571094036102,0.021731160581111908,0.020863326266407967,0.02576146274805069,0.028306256979703903,0.02948400005698204,0.022697754204273224,0.13740122318267822,0.12177883088588715,0.15855248272418976,0.16868050396442413,000051.tdms,50,500.0
13.270264625549316,796.215877532959,0.0,0.17355802532371778,1.114776849746704,0.17355802655220032,3.872665295695608,-0.014377226752604928,6.423078665866584,8.322271072881966,1.295682569965714,9.984744654044922,0.013510354794561863,0.012031540274620056,0.012198462150990963,0.013900338672101498,0.013668951578438282,0.012545065954327583,0.013649895787239075,0.013624189421534538,0.013372382149100304,0.014061500318348408,0.015316781587898731,0.016801508143544197,0.012863915413618088,0.013900849036872387,0.012720855884253979,0.015627074986696243,0.014764299616217613,0.01447431929409504,0.02676689811050892,0.0383170023560524,0.0988536924123764,0.08429499715566635,0.23843291411983172,1.4038732051849365,0.23843291401863098,3.3552512202677915,-0.009667922865198108,5.8879169864919625,7.478981099231338,1.2702252963806366,8.885260026584788,0.02997726947069168,0.023341018706560135,0.023598497733473778,0.023386115208268166,0.025145096704363823,0.02470451034605503,0.051932442933321,0.029092617332935333,0.02390839345753193,0.03938353806734085,0.03545035049319267,0.028355123475193977,0.029092617332935333,0.027692120522260666,0.03360661119222641,0.051932442933321,0.024434687569737434,0.0440513901412487,0.12831026315689087,0.14938458800315857,0.1975650191307068,0.2272062748670578,0.15150186638382765,1.048379898071289,0.15150186419487,3.939067338001626,-0.031664572650088624,6.9199140782545525,8.986461153819846,1.2986376784733937,10.793064718163292,0.011499105952680111,0.01171533577144146,0.010994958691298962,0.018369317054748535,0.013685998506844044,0.012241997756063938,0.019771981984376907,0.015183871611952782,0.012351387180387974,0.014310006983578205,0.02660285122692585,0.016229234635829926,0.015183871611952782,0.012691485695540905,0.013350720517337322,0.040047552436590195,0.013841415755450726,0.015044551342725754,0.05759209766983986,0.06116236746311188,0.08586126565933228,0.07527581602334976,0.21370635233949073,1.3419908285140991,0.2137063592672348,3.642320790826073,0.005159014283540832,6.279601957653708,8.067083119025007,1.2846487999438692,9.637531701442267,0.01881418190896511,0.02091488242149353,0.017370712012052536,0.023830410093069077,0.0224791020154953,0.027241559699177742,0.0278458371758461,0.02388462983071804,0.01997458189725876,0.029693765565752983,0.042220957577228546,0.021630605682730675,0.02169935591518879,0.02138199284672737,0.021006928756833076,0.0278458371758461,0.019962355494499207,0.025586389005184174,0.12448184937238693,0.10551361739635468,0.15422865748405457,0.158681720495224,000052.tdms,51,510.0
17.469459533691406,1048.1675720214844,0.6405232548713684,0.18693508041981588,1.2340714931488037,0.18693508207798004,3.656288308886609,-0.007705862493765189,6.601604633958192,8.48288956753897,1.2849738870915688,10.134792999962873,0.013811047188937664,0.012675591744482517,0.010300855152308941,0.013938553631305695,0.01675599254667759,0.012675591744482517,0.013430141843855381,0.011912749148905277,0.02238590270280838,0.014566423371434212,0.016396639868617058,0.013405525125563145,0.012526912614703178,0.027350876480340958,0.06810729205608368,0.015389764681458473,0.013507065363228321,0.014055670239031315,0.024986010044813156,0.04589672386646271,0.050996944308280945,0.06240192428231239,0.34649292119269265,2.0974977016448975,0.3464929163455963,3.095452140549808,0.0008767209373995732,6.053508090222804,7.615560424815915,1.2580408436417267,9.004346326407239,0.06550910323858261,0.028823571279644966,0.0339692197740078,0.03302599862217903,0.07684320211410522,0.028823571279644966,0.06094831973314285,0.03959393501281738,0.03550790622830391,0.07111404091119766,0.0425519160926342,0.04211423546075821,0.03939983621239662,0.04878036305308342,0.12023193389177322,0.09386308491230011,0.03636356070637703,0.0372735857963562,0.2621006667613983,0.47329509258270264,0.48647385835647583,0.5543493032455444,0.15234194656674005,1.2163358926773071,0.15234194695949554,3.7604031559770412,-0.007384878173639001,7.984248068830064,10.293901147328397,1.289276217195086,12.315832162150828,0.013815210200846195,0.010238708928227425,0.010060933418571949,0.012752503156661987,0.01384673174470663,0.010238708928227425,0.013126433826982975,0.011419948190450668,0.020229516550898552,0.014905068092048168,0.01397389080375433,0.01277481485158205,0.011419948190450668,0.022313321009278297,0.05661538243293762,0.01222230400890112,0.011991076171398163,0.013252691365778446,0.02023472636938095,0.03325382620096207,0.040663812309503555,0.05319683998823166,0.2583228319992119,1.6117022037506104,0.2583228051662445,3.280241606133957,-0.005208458309854389,6.239100861806622,7.904890632676261,1.266991960502989,9.379615273956773,0.033948563039302826,0.017957817763090134,0.021138543263077736,0.022968074306845665,0.042669348418712616,0.018164807930588722,0.022815095260739326,0.020757760852575302,0.022934962064027786,0.04442508891224861,0.03259844705462456,0.02033122070133686,0.020757760852575302,0.023406345397233963,0.05446105822920799,0.03407718986272812,0.021395348012447357,0.021756786853075027,0.08218412101268768,0.12295974791049957,0.1378503441810608,0.18299870193004608,000053.tdms,52,520.0
17.58919906616211,1055.3519439697266,3.814697265625e-06,0.1877046997549166,1.0932538509368896,0.18770469725131989,3.6566661738694974,-0.007661208947298501,5.8243285989340485,7.484688157308676,1.2850731256266175,8.942584815578979,0.012872766703367233,0.011800847016274929,0.010337429121136665,0.013859817758202553,0.011093844659626484,0.010512438602745533,0.012939763255417347,0.0118772117421031,0.011985721066594124,0.017039615660905838,0.014761500060558319,0.012852984480559826,0.0118772117421031,0.012429045513272285,0.0750913918018341,0.013786173425614834,0.013799370266497135,0.012707291170954704,0.024170055985450745,0.050991252064704895,0.03829328343272209,0.06283093988895416,0.35851953108241785,1.739423155784607,0.3585195243358612,3.0217675593238655,0.0005417346180569061,4.851683116211434,6.083517276135174,1.2538983133106292,7.181094374939794,0.061282433569431305,0.026739539578557014,0.033511970192193985,0.031968217343091965,0.11424421519041061,0.026739539578557014,0.04611477628350258,0.03962506353855133,0.036479633301496506,0.07629601657390594,0.044741012156009674,0.04416278749704361,0.0459308996796608,0.0436224564909935,0.1548018455505371,0.12140414863824844,0.03560889884829521,0.04333449527621269,0.2748194634914398,0.49655091762542725,0.5528904795646667,0.5982532501220703,0.15217627587727517,0.979881227016449,0.15217627584934235,3.7740476037469293,-0.0011506335519979858,6.439119510367627,8.308210298098873,1.290271175231617,9.944621688110708,0.01620418205857277,0.010260953567922115,0.00927156861871481,0.01002845261245966,0.014595875516533852,0.010260953567922115,0.010803552344441414,0.010739633813500404,0.010876071639358997,0.017033666372299194,0.014292342588305473,0.011510142125189304,0.010888746939599514,0.010934754274785519,0.06006355211138725,0.014738434925675392,0.011936766095459461,0.010575482621788979,0.017278268933296204,0.036227524280548096,0.03217656910419464,0.05156046152114868,0.26313811070178933,1.5217384099960327,0.2631381154060364,3.2437396109025047,0.0013837523829004388,5.783040723130361,7.315526335451415,1.264996510605846,8.673376943755633,0.039250463247299194,0.01925825886428356,0.016829287633299828,0.01794850081205368,0.050758201628923416,0.01925825886428356,0.01841937005519867,0.02211032807826996,0.0338519848883152,0.06573446840047836,0.04250472038984299,0.024261517450213432,0.02947116270661354,0.021420374512672424,0.0577605739235878,0.04275762289762497,0.020414333790540695,0.020164379850029945,0.07711131870746613,0.11289012432098389,0.13475757837295532,0.18689224123954773,000054.tdms,53,530.0
17.58919906616211,1055.3519439697266,3.814697265625e-06,0.1907234566901736,1.218642234802246,0.1907234638929367,3.6726911995680163,-0.006534202625277582,6.389577118360988,8.216165256227423,1.2858699572805188,9.818987164170393,0.014233141206204891,0.01134695764631033,0.01117465365678072,0.014887416735291481,0.012132760137319565,0.01134695764631033,0.013544190675020218,0.013396121561527252,0.012368629686534405,0.017961634323000908,0.014810863882303238,0.014156704768538475,0.01374810840934515,0.012428665533661842,0.07815306633710861,0.013544190675020218,0.014259612187743187,0.014449005015194416,0.02443448267877102,0.05293998122215271,0.040836039930582047,0.06536109745502472,0.36731165957910505,1.9682353734970093,0.36731165647506714,3.040524138789338,0.0019223053592380326,5.35848868982915,6.729132111052501,1.2557891787333517,7.952122354324624,0.06601499021053314,0.028980594128370285,0.05938534066081047,0.031954847276210785,0.09216287732124329,0.028980594128370285,0.05242229625582695,0.05426415801048279,0.045435208827257156,0.08534997701644897,0.05336824804544449,0.03830837830901146,0.05426415801048279,0.04215000569820404,0.12223722040653229,0.15000899136066437,0.03810545429587364,0.048472464084625244,0.32033029198646545,0.5349298715591431,0.6012962460517883,0.6678844690322876,0.1555077566162561,1.010303258895874,0.15550775825977325,3.752061411590527,0.0016307854526976947,6.496802994779113,8.371339600327122,1.2885321606726268,10.013034544289106,0.014812315814197063,0.010182800702750683,0.009261378087103367,0.011407329700887203,0.012125970795750618,0.010182800702750683,0.010465297847986221,0.01248952466994524,0.011310762725770473,0.01583283394575119,0.013532347977161407,0.011418765410780907,0.012601948343217373,0.010588804259896278,0.06347476691007614,0.017457112669944763,0.011867862194776535,0.010833662934601307,0.01819721609354019,0.03726210817694664,0.034168653190135956,0.05413985624909401,0.2710583452087064,1.6956509351730347,0.2710583508014679,3.220736368283718,0.0066044169914232,6.255667700868743,7.906241662516453,1.263852563878751,9.368938584196595,0.03931707143783569,0.015848051756620407,0.019297339022159576,0.016774160787463188,0.032656002789735794,0.026335159316658974,0.02120218612253666,0.024199530482292175,0.02646251581609249,0.05588369444012642,0.03365841880440712,0.023424603044986725,0.033475883305072784,0.02303614467382431,0.059966232627630234,0.04285690188407898,0.023426247760653496,0.023561283946037292,0.08471851050853729,0.1167103722691536,0.13674259185791016,0.20468568801879883,000055.tdms,54,540.0
17.58919906616211,1055.3519439697266,3.814697265625e-06,0.19081983458850563,1.170667052268982,0.1908198446035385,3.640659521828052,-0.006805960200331463,6.134933796549361,7.878189810476323,1.2841523758426652,9.40803610846661,0.012503060512244701,0.011931602843105793,0.01099404413253069,0.013822037726640701,0.012207691557705402,0.011931602843105793,0.013907239772379398,0.01270800456404686,0.011831444688141346,0.020311648026108742,0.014302389696240425,0.012910492718219757,0.013575755059719086,0.012973719276487827,0.07532379776239395,0.015586053021252155,0.01456162054091692,0.013565980829298496,0.025124285370111465,0.05251865088939667,0.040398597717285156,0.06580070406198502,0.3638986038511958,2.0443363189697266,0.3638986051082611,3.029561671545723,0.0015078068948195893,5.617873488203021,7.051068342068464,1.2551134084587365,8.328326912219971,0.07481486350297928,0.027143608778715134,0.04908530414104462,0.030683541670441628,0.09869328141212463,0.029145270586013794,0.06006545200943947,0.05476637929677963,0.03806139901280403,0.07503324747085571,0.04894021898508072,0.03180815652012825,0.05476637929677963,0.03720727935433388,0.13426139950752258,0.11250515282154083,0.04700956121087074,0.04329187422990799,0.31393322348594666,0.5180314779281616,0.5470519065856934,0.6427985429763794,0.15538620003201054,1.1701302528381348,0.15538619458675385,3.7369025629120474,-0.0016037049556404997,7.530464433759758,9.699799861468685,1.2880745864735246,11.600710762154161,0.013827492482960224,0.010716745629906654,0.010527814738452435,0.010288277640938759,0.014612470753490925,0.010716745629906654,0.010529233142733574,0.011310637928545475,0.012546258978545666,0.017483949661254883,0.014736220240592957,0.010789904743432999,0.011797795072197914,0.010957387275993824,0.059711385518312454,0.014834567904472351,0.012524602934718132,0.011846176348626614,0.01867365650832653,0.03641907870769501,0.03361979126930237,0.05293496698141098,0.2727715147503232,1.611485242843628,0.2727715075016022,3.209810133321428,-0.008626157807584396,5.90782085262339,7.4645860101665304,1.2635092018492493,8.845401777425689,0.03551514446735382,0.02121254988014698,0.018537329509854317,0.020916316658258438,0.0472734309732914,0.02317054010927677,0.020217670127749443,0.020920682698488235,0.029461517930030823,0.06483840197324753,0.027550721541047096,0.02326582930982113,0.02438991516828537,0.020211029797792435,0.05811977759003639,0.036838144063949585,0.02359706535935402,0.019617442041635513,0.08530689030885696,0.12201118469238281,0.14421877264976501,0.19648407399654388,000056.tdms,55,550.0
17.55518341064453,1053.3110046386719,3.814697265625e-06,0.19184465221137578,1.197933554649353,0.1918446570634842,3.6861725316000715,-0.007531880547035626,6.244289537607029,8.030196558716646,1.2860064400207205,9.598013242784145,0.013549746945500374,0.011460292153060436,0.010985502041876316,0.013913767412304878,0.01271775085479021,0.011869249865412712,0.013552501797676086,0.012383981607854366,0.012487579137086868,0.01481632236391306,0.014962747693061829,0.014381765387952328,0.012383981607854366,0.01306117046624422,0.07314548641443253,0.015738585963845253,0.014482898637652397,0.014304647222161293,0.025308871641755104,0.052435990422964096,0.04164174199104309,0.06759486347436905,0.36262962391484926,1.7822284698486328,0.36262962222099304,3.0408627349573463,0.008798424507332514,4.914734903917078,6.169558265729718,1.2553186257945543,7.287476426822867,0.06400015950202942,0.032709501683712006,0.04727039486169815,0.033405669033527374,0.045261502265930176,0.030443187803030014,0.055573366582393646,0.05099526792764664,0.050310127437114716,0.08906289935112,0.05451173707842827,0.038240090012550354,0.05180509015917778,0.046058401465415955,0.14239729940891266,0.13614583015441895,0.039978522807359695,0.05661856010556221,0.3114497661590576,0.4904824495315552,0.5926600098609924,0.6496716737747192,0.15449273679613923,1.125144362449646,0.15449273586273193,3.7997220992120955,-0.0024601327272478,7.282830156179635,9.3997262884978,1.290669435771742,11.2532466252585,0.016221100464463234,0.009992401115596294,0.00902185682207346,0.011258191429078579,0.01097107958048582,0.009648476727306843,0.013313131406903267,0.013269721530377865,0.012570935301482677,0.020327866077423096,0.0163910873234272,0.011050292290747166,0.013269721530377865,0.010628586634993553,0.06295115500688553,0.018409613519906998,0.011939319781959057,0.011158019304275513,0.017984703183174133,0.037948884069919586,0.0346057265996933,0.05287829786539078,0.27080961117413077,1.6064307689666748,0.2708096206188202,3.2278926683868923,-0.0021949973558329466,5.931956262563143,7.49654130933956,1.2637553241332184,8.882867264691717,0.034064650535583496,0.0199260376393795,0.019820066168904305,0.019930079579353333,0.032507386058568954,0.02187151275575161,0.02572673000395298,0.027758954092860222,0.02243320643901825,0.04756982997059822,0.037036795169115067,0.02007303200662136,0.027758954092860222,0.019064195454120636,0.054756224155426025,0.04321076348423958,0.02283388003706932,0.01941533200442791,0.07592548429965973,0.11641891300678253,0.13648894429206848,0.20084160566329956,000057.tdms,56,560.0
17.55518341064453,1053.3110046386719,3.814697265625e-06,0.19419826250666686,1.2766221761703491,0.19419826567173004,3.6161101236019078,-0.009747469243118997,6.573808435214617,8.434114504089587,1.2829875691098132,10.070038604035716,0.012949712574481964,0.011664322577416897,0.010467398911714554,0.014336500316858292,0.013683351688086987,0.011932161636650562,0.01370847038924694,0.012953530997037888,0.011263157241046429,0.015824513509869576,0.01406787894666195,0.014109655283391476,0.012953530997037888,0.01210120040923357,0.07127893716096878,0.01390871312469244,0.013230648823082447,0.01282093208283186,0.02495628222823143,0.04963605850934982,0.04208897426724434,0.06746702641248703,0.371961262258783,2.084747791290283,0.3719612658023834,3.0267414734090745,-0.007991834143083352,5.604744372116553,7.03100122261627,1.2544731312984239,8.302256277370574,0.06451864540576935,0.028473656624555588,0.054287977516651154,0.03300091624259949,0.08739349991083145,0.027960985898971558,0.05424903705716133,0.05748682841658592,0.050173066556453705,0.08203718066215515,0.05917959660291672,0.03739725425839424,0.05748682841658592,0.043928295373916626,0.14925284683704376,0.12738586962223053,0.048021405935287476,0.054383568465709686,0.3229947090148926,0.562677264213562,0.6026045680046082,0.6743908524513245,0.15740074555461,1.2318958044052124,0.15740074217319489,3.7257936815665103,0.0004251511382369049,7.82649281656552,10.067594321062856,1.2863481200358136,12.03126383949015,0.015124394558370113,0.010644250549376011,0.009645732119679451,0.011415158398449421,0.010943506844341755,0.011323877610266209,0.012582201510667801,0.012128799222409725,0.01438627764582634,0.021066678687930107,0.015278458595275879,0.009956941939890385,0.012128799222409725,0.012148208916187286,0.05972611531615257,0.013081474229693413,0.014933533035218716,0.012793715111911297,0.019006745889782906,0.03784668445587158,0.036472707986831665,0.05632777512073517,0.2764389430195358,1.681810975074768,0.27643895149230957,3.227946978608966,-0.002121521450791241,6.083842445295109,7.686454527202826,1.2634210363463774,9.10599253950944,0.037535082548856735,0.016605013981461525,0.01646474003791809,0.019926931709051132,0.032107945531606674,0.024299481883645058,0.022934086620807648,0.02405903860926628,0.03431062772870064,0.05669484660029411,0.03880352899432182,0.021778510883450508,0.0278585534542799,0.022967806085944176,0.05884620547294617,0.0365837886929512,0.020720764994621277,0.02233179844915867,0.08331327140331268,0.12373743206262589,0.13899284601211548,0.21582871675491333,000058.tdms,57,570.0
17.55518341064453,1053.3110046386719,0.3550237715244293,0.18932834920911618,2.000638961791992,0.1893283575773239,3.7778644126771175,-0.009147144824103599,10.567033252808086,13.606914381113697,1.2876759309428492,16.268144900215024,0.012821613810956478,0.011438628658652306,0.011896457523107529,0.013323084451258183,0.012794718146324158,0.011438628658652306,0.014370801858603954,0.013795165345072746,0.011129465885460377,0.01564963161945343,0.013796288520097733,0.014396276324987411,0.011758338660001755,0.03590872511267662,0.06463326513767242,0.012479168362915516,0.014120928943157196,0.014126643538475037,0.0241178460419178,0.04735182970762253,0.04929058253765106,0.06355984508991241,0.3501217566458777,4.501251697540283,0.35012176632881165,3.1592779722696682,-0.0030161762734230014,12.856246754448245,16.182783437211747,1.2587486648552795,19.139705449736436,0.04290638118982315,0.03298452869057655,0.04150545224547386,0.030209725722670555,0.04470980539917946,0.03298452869057655,0.06320059299468994,0.05078679695725441,0.05349184572696686,0.07266707718372345,0.04438760131597519,0.03795938193798065,0.05078679695725441,0.040319111198186874,0.11032023280858994,0.10645919293165207,0.03548923134803772,0.08416084200143814,0.2734156847000122,0.44669297337532043,0.5112522840499878,0.5974180698394775,0.1568475859082321,5.87953519821167,0.15684758126735687,10.885106961768146,0.0037083967209409524,37.48565949654877,48.77971904452217,1.3012901386732498,58.46652439994004,0.01247485913336277,0.011666675098240376,0.010077121667563915,0.011610403656959534,0.01116490364074707,0.009462064132094383,0.013391976244747639,0.013516095466911793,0.012111013755202293,0.016218677163124084,0.016418587416410446,0.011296740733087063,0.013516095466911793,0.03071642480790615,0.05274628847837448,0.016049517318606377,0.01257543545216322,0.012979477643966675,0.020219966769218445,0.03719376400113106,0.04014402627944946,0.05341263487935066,0.27149046746971733,5.898837089538574,0.2714904546737671,5.080682892632373,-0.009254602400232723,21.7276029781655,27.663879856221488,1.2732136114610282,32.84284175058167,0.03212541714310646,0.021776536479592323,0.016408110037446022,0.021114172413945198,0.02531701885163784,0.023582207038998604,0.02876276895403862,0.02812659554183483,0.027516089379787445,0.047612953931093216,0.030285347253084183,0.024044862017035484,0.02812659554183483,0.030826659873127937,0.0449133925139904,0.050230078399181366,0.02352709323167801,0.029209068045020103,0.08517405390739441,0.12532155215740204,0.14323626458644867,0.20016273856163025,000059.tdms,58,580.0
13.270264625549316,796.215877532959,0.0,0.17528146052505167,1.2885773181915283,0.17528146505355835,3.881960730980363,-0.017002807060017017,7.351475246335944,9.520935167108316,1.2951053833519544,11.417179688074725,0.014572684653103352,0.01286994107067585,0.01157736498862505,0.01383091788738966,0.013996312394738197,0.013987697660923004,0.014425447210669518,0.016688615083694458,0.01469329558312893,0.012475610710680485,0.015288244932889938,0.013769596815109253,0.013988351449370384,0.01541384682059288,0.014074498787522316,0.014425447210669518,0.015205329284071922,0.014107650145888329,0.02587362565100193,0.040339402854442596,0.09685022383928299,0.08773286640644073,0.2453374594850235,1.452153205871582,0.24533745646476746,3.240499868661339,-0.0015099753827628164,5.919003192254984,7.485584893509467,1.264669852400883,8.872933464835485,0.029430195689201355,0.024165162816643715,0.020579829812049866,0.026778308674693108,0.033418942242860794,0.021815307438373566,0.05605992674827576,0.02961834706366062,0.022154077887535095,0.04509700834751129,0.04086673632264137,0.02838105708360672,0.02961834706366062,0.027736935764551163,0.030492084100842476,0.05873027443885803,0.031214285641908646,0.03421039506793022,0.12076611816883087,0.16824215650558472,0.20118285715579987,0.2346533238887787,0.14874886807844503,0.9155795574188232,0.14874887466430664,3.8354264059417584,-0.029503940206180843,6.15520352689997,7.959192809776813,1.2930836121003804,9.536829322128714,0.014049721881747246,0.010417279787361622,0.011223466135561466,0.013632379472255707,0.013098755851387978,0.013608557172119617,0.016136756166815758,0.015017792582511902,0.013481594622135162,0.01369182113558054,0.022322848439216614,0.015310008078813553,0.013689187355339527,0.013856081292033195,0.014439653605222702,0.02904307097196579,0.013894079253077507,0.012910169549286366,0.029677219688892365,0.04155557602643967,0.07582304626703262,0.07666021585464478,0.21238152412892375,1.4830282926559448,0.2123815268278122,3.5723080792614863,-0.006232341840357117,6.982849844112097,8.939808039655372,1.2802520803441553,10.66085807611162,0.02121998928487301,0.018285002559423447,0.015892066061496735,0.021283753216266632,0.02002669870853424,0.019476773217320442,0.02735578641295433,0.022203922271728516,0.01966875232756138,0.03680389001965523,0.029283510521054268,0.024468515068292618,0.022203922271728516,0.021059688180685043,0.02383744716644287,0.029949834570288658,0.0227397121489048,0.02345743589103222,0.08990127593278885,0.10387574136257172,0.1451001912355423,0.15505777299404144,000060.tdms,59,590.0
13.269044876098633,796.142692565918,9.5367431640625e-07,0.1751831263085694,1.164293646812439,0.17518313229084015,3.880279870801082,-0.01626523664963668,6.64615178040401,8.607560431832047,1.295119449003737,10.320568289264303,0.013200994580984116,0.01127990335226059,0.011468655429780483,0.014330030418932438,0.01367716770619154,0.011645669117569923,0.014417127706110477,0.014754784293472767,0.014264042489230633,0.015943650156259537,0.014400777406990528,0.013796084560453892,0.014754784293472767,0.014057078398764133,0.013904067687690258,0.014417127706110477,0.013494297862052917,0.013077633455395699,0.025776630267500877,0.04017607867717743,0.0981900691986084,0.08726845681667328,0.23851517623224408,1.3256686925888062,0.23851518332958221,3.2628760445532445,-0.0019360214744368201,5.55800563104627,7.037867447715639,1.266257703735142,8.349167797788628,0.026553155854344368,0.01789506897330284,0.02116493508219719,0.02624419517815113,0.030852844938635826,0.01969192922115326,0.05256392061710358,0.03133365511894226,0.03053189069032669,0.037332143634557724,0.03942399099469185,0.027491124346852303,0.03133365511894226,0.023390887305140495,0.03412625566124916,0.05256392061710358,0.027218110859394073,0.02841506525874138,0.09839342534542084,0.14475253224372864,0.19405081868171692,0.21657897531986237,0.14656081430486553,0.982105016708374,0.14656081795692444,3.8594865300520667,-0.015474707658693234,6.701006823457381,8.667933207100141,1.2935269931016016,10.386565616402805,0.012966504320502281,0.013357417657971382,0.012189793400466442,0.014207223430275917,0.011553660035133362,0.013357417657971382,0.015326052904129028,0.013363874517381191,0.01327699888497591,0.01705891638994217,0.01281748991459608,0.013789749704301357,0.012977116741240025,0.011453866958618164,0.014494134113192558,0.016151830554008484,0.01367359422147274,0.01239557471126318,0.025052931159734726,0.03686600923538208,0.0741945430636406,0.07196841388940811,0.2074338399449832,1.2545820474624634,0.20743383467197418,3.5881002159532587,-0.005045431444072232,6.048106942412148,7.743916905294696,1.2803869010633289,9.231630461318884,0.01941692642867565,0.017957277595996857,0.016757234930992126,0.02156950533390045,0.022091476246714592,0.017957277595996857,0.026385745033621788,0.02163059450685978,0.02029389701783657,0.02426706999540329,0.024901101365685463,0.02447151392698288,0.02163059450685978,0.02211560122668743,0.02185562439262867,0.023989588022232056,0.021552637219429016,0.023434430360794067,0.07530616223812103,0.09411057829856873,0.13998377323150635,0.14547425508499146,000061.tdms,60,600.0
13.269044876098633,796.142692565918,9.5367431640625e-07,0.1751885860431907,1.1407263278961182,0.1751885861158371,3.882242569077467,-0.019993470006906638,6.511419229189311,8.4376005613248,1.2958158988597797,10.123028555403398,0.014653555117547512,0.011465379036962986,0.012468487024307251,0.013943339698016644,0.015262776054441929,0.01317389402538538,0.014771442860364914,0.013043440878391266,0.013138988986611366,0.01519889384508133,0.014774010516703129,0.014159898273646832,0.01421644538640976,0.013417254202067852,0.013786996714770794,0.014771442860364914,0.015059009194374084,0.014081432484090328,0.025932658463716507,0.0394163653254509,0.09718181192874908,0.08741267025470734,0.23801938504474734,1.333406925201416,0.23801939189434052,3.2424376663805083,-0.006121092257844922,5.602093816647486,7.087054977222183,1.2650725263047018,8.402994944274674,0.02649766393005848,0.020596332848072052,0.022025536745786667,0.02342073805630207,0.026852762326598167,0.02160653844475746,0.06077587231993675,0.023701801896095276,0.029057351872324944,0.04451462998986244,0.030864164233207703,0.029049929231405258,0.02643628977239132,0.028279423713684082,0.03988930210471153,0.06077587231993675,0.028021156787872314,0.035047415643930435,0.10334372520446777,0.1525518298149109,0.18082498013973236,0.20795495808124542,0.14693335707935853,0.940650999546051,0.14693336188793182,3.848691338276159,-0.01975529927299696,6.401888708212162,8.279521032365158,1.293293496612089,9.921772621660352,0.01394791342318058,0.013318173587322235,0.011092879809439182,0.013041959144175053,0.012402220629155636,0.013318173587322235,0.014885764569044113,0.013884213753044605,0.01284712739288807,0.012607002630829811,0.013144359923899174,0.014269702136516571,0.013884213753044605,0.012801221571862698,0.014326811768114567,0.012967340648174286,0.014114080928266048,0.014089646749198437,0.025806762278079987,0.037963975220918655,0.0736398994922638,0.07192105799913406,0.208325354105416,1.4716495275497437,0.2083253562450409,3.5616763133655787,-0.01360528541219775,7.064188292727275,9.039082669837583,1.2795642323327512,10.775459566799595,0.019524620845913887,0.018272927030920982,0.015904974192380905,0.022140931338071823,0.021213600412011147,0.018424104899168015,0.023746125400066376,0.02022554725408554,0.020666390657424927,0.030766049399971962,0.02661551721394062,0.02030881866812706,0.02022554725408554,0.019543806090950966,0.02316499687731266,0.027518948540091515,0.021480517461895943,0.02285279892385006,0.07196477055549622,0.09287407249212265,0.13522905111312866,0.15355172753334045,000062.tdms,61,610.0
13.270264625549316,796.215877532959,0.0,0.17360929044457604,1.1104744672775269,0.17360928654670715,3.874729397033824,-0.01574388770433179,6.396400010816476,8.281669774403737,1.2947391908572357,9.93023214941212,0.012860756367444992,0.012177049182355404,0.012854515574872494,0.014041977003216743,0.014742142520844936,0.01244964450597763,0.013109738007187843,0.014338340610265732,0.015555202029645443,0.01430509053170681,0.01339165959507227,0.016903674229979515,0.01329807098954916,0.015365787781774998,0.013853698968887329,0.01607508584856987,0.013852198608219624,0.015061666257679462,0.025513486936688423,0.0394795686006546,0.09418360888957977,0.08380916714668274,0.23001750315792185,1.4488024711608887,0.2300174981355667,3.2821014514840234,0.0013387371908607745,6.298661846469103,7.97764331390495,1.2665616139366251,9.463633303799828,0.024353494867682457,0.02055976912379265,0.018988249823451042,0.021103831008076668,0.027152422815561295,0.02055976912379265,0.03598812595009804,0.021877549588680267,0.02267538011074066,0.029357891529798508,0.03843314200639725,0.025588829070329666,0.026905791833996773,0.024702301248908043,0.028688747435808182,0.036679454147815704,0.03317969664931297,0.030731981620192528,0.0879213958978653,0.12717311084270477,0.17586228251457214,0.199258953332901,0.14507340223752863,0.9798992872238159,0.14507339894771576,3.863018996379918,-0.016047288290795093,6.754506836611077,8.736421631648094,1.2934210954224747,10.468534697871778,0.012645442970097065,0.011049007065594196,0.012985783629119396,0.013454780913889408,0.012754845432937145,0.010838048532605171,0.014046989381313324,0.013347583822906017,0.01174839586019516,0.012608290649950504,0.014499645680189133,0.014198150485754013,0.012774795293807983,0.013304144144058228,0.012886038981378078,0.015012558549642563,0.013555535115301609,0.013891047798097134,0.024990594014525414,0.03706110268831253,0.072346992790699,0.06896601617336273,0.20524603917636433,1.207740306854248,0.20524604618549347,3.5846887744041296,-0.006777512427605013,5.884353781933195,7.532974272757344,1.28017018553268,8.981143538042799,0.022455338388681412,0.01814340613782406,0.016366593539714813,0.022377513349056244,0.02079462632536888,0.01814340613782406,0.023320868611335754,0.020989559590816498,0.01825539767742157,0.031174346804618835,0.0249681044369936,0.02041078545153141,0.020989559590816498,0.01941114477813244,0.022348133847117424,0.023320868611335754,0.019387604668736458,0.0218866728246212,0.06754370033740997,0.08887585997581482,0.13598155975341797,0.14253966510295868,000063.tdms,62,620.0
13.270264625549316,796.215877532959,0.0,0.17365716177752663,1.0897289514541626,0.17365716397762299,3.8810851211224127,-0.01971274175342866,6.275174258866569,8.127762760216209,1.2952250288080855,9.74626313240811,0.014815323986113071,0.012734212912619114,0.011190854012966156,0.013996862806379795,0.013332976028323174,0.012359986081719398,0.013690098188817501,0.014566523022949696,0.01285177655518055,0.016980502754449844,0.013762565329670906,0.013352069072425365,0.013500204309821129,0.01406906358897686,0.014032472856342793,0.013174701482057571,0.015541293658316135,0.013648483902215958,0.025531616061925888,0.039382219314575195,0.09722089767456055,0.0853801965713501,0.2332099169152629,1.5145301818847656,0.23320992290973663,3.322831640602275,0.00028364613666157976,6.49427863925303,8.23829839661093,1.2685471095768224,9.778992871596666,0.029868165031075478,0.021914640441536903,0.019444813951849937,0.021891320124268532,0.024631952866911888,0.021914640441536903,0.05201387032866478,0.024449115619063377,0.03191066533327103,0.04026026651263237,0.03910088911652565,0.027729341760277748,0.024449115619063377,0.026215316727757454,0.038957737386226654,0.05201387032866478,0.026969699189066887,0.028106296434998512,0.09575080126523972,0.13202467560768127,0.18504901230335236,0.21253874897956848,0.14811429800936174,0.9039453268051147,0.14811429381370544,3.8407982756909282,-0.025636237182863793,6.1030254266740664,7.891380182370314,1.2930275774175888,9.453717364899004,0.01431987714022398,0.012202731333673,0.011085576377809048,0.013894113712012768,0.01346798799932003,0.012202731333673,0.019220512360334396,0.012623826041817665,0.012552228756248951,0.015678241848945618,0.013492155820131302,0.011849284172058105,0.012623826041817665,0.016103828325867653,0.01538306288421154,0.02231292612850666,0.014235316775739193,0.016650687903165817,0.029146535322070122,0.04449481517076492,0.07762251794338226,0.07129329442977905,0.20897808243734536,1.2528949975967407,0.2089780867099762,3.5714451615933145,-0.0003709066925365559,5.995341630969251,7.674953597217458,1.2801528369246022,9.15219971024149,0.02202928625047207,0.021435324102640152,0.01605410687625408,0.02311854436993599,0.023000173270702362,0.021435324102640152,0.0258175116032362,0.018939144909381866,0.020945534110069275,0.04184172302484512,0.022403262555599213,0.022268598899245262,0.018939144909381866,0.024726130068302155,0.027404669672250748,0.025373224169015884,0.023654911667108536,0.02383592166006565,0.08462131023406982,0.0964408814907074,0.1423429250717163,0.15602129697799683,000064.tdms,63,630.0
13.270264625549316,796.215877532959,0.0,0.17333057539970262,1.0584944486618042,0.17333056032657623,3.8928582238385365,-0.017182911537889593,6.106795908459324,7.913125167306707,1.2957900158977314,9.491678487282552,0.01230164896696806,0.011739916168153286,0.012047454714775085,0.01511632464826107,0.012604247778654099,0.01163653563708067,0.013950910419225693,0.014220046810805798,0.013341177254915237,0.014447576366364956,0.01551339402794838,0.014058368280529976,0.014220046810805798,0.012939727865159512,0.014898501336574554,0.013597507029771805,0.014845257624983788,0.014257137663662434,0.025104038417339325,0.03884104639291763,0.09740819782018661,0.08281334489583969,0.2343447665741752,1.3903132677078247,0.23434476554393768,3.279651545202154,0.001628219514376897,5.932768578673424,7.514599662713292,1.2666261228739124,8.91517403538305,0.02661505714058876,0.020862281322479248,0.020540913566946983,0.02631470188498497,0.034212514758110046,0.020862281322479248,0.04289301112294197,0.026514321565628052,0.026526417583227158,0.04632705822587013,0.03315146639943123,0.02745240367949009,0.026514321565628052,0.025260351598262787,0.03632020205259323,0.04289301112294197,0.033277228474617004,0.029467493295669556,0.09258344024419785,0.1316295564174652,0.1855641007423401,0.20583418011665344,0.1470191729872887,0.951746940612793,0.1470191776752472,3.8788492579732092,-0.016806663303340894,6.4736246387066885,8.37890084039368,1.2943136663029677,10.04288061677439,0.01572188176214695,0.012483220547437668,0.010742643848061562,0.021267449483275414,0.013737988658249378,0.012483220547437668,0.027192462235689163,0.016331318765878677,0.01135155837982893,0.014915350824594498,0.01458168774843216,0.01455830130726099,0.016331318765878677,0.012565038166940212,0.019330592826008797,0.015410926192998886,0.013514917343854904,0.014107824303209782,0.0281062051653862,0.0421832874417305,0.077239491045475,0.0715554803609848,0.20544428153895783,1.2627376317977905,0.20544427633285522,3.608326444165252,-0.003066511119972471,6.14637517451826,7.876379502183456,1.2814674142960676,9.39618346312958,0.022389935329556465,0.018413830548524857,0.014590735547244549,0.022355174645781517,0.02112623304128647,0.018413830548524857,0.02231552265584469,0.018758898600935936,0.019448628649115562,0.03603131324052811,0.022684374824166298,0.022769879549741745,0.019148744642734528,0.019611630588769913,0.023395245894789696,0.02394445613026619,0.020454471930861473,0.021980784833431244,0.06931494176387787,0.08736138790845871,0.14005979895591736,0.14646515250205994,000065.tdms,64,640.0
17.554378509521484,1053.262710571289,1.9073486328125e-06,0.19212978201904365,1.3003944158554077,0.19212977588176727,3.6630217862139465,-0.0015474404536337046,6.768312555137935,8.697096008003864,1.2849725743533755,10.389300164361586,0.01403568871319294,0.011700169183313847,0.010039128363132477,0.014253408648073673,0.012468524277210236,0.011700169183313847,0.014722484163939953,0.01307826116681099,0.011641940101981163,0.015864083543419838,0.013809067197144032,0.013703982345759869,0.012604890391230583,0.013461505062878132,0.07894620299339294,0.012983184307813644,0.014255834743380547,0.013647732324898243,0.02468015067279339,0.05265786126255989,0.041111599653959274,0.06804808229207993,0.3729332755917018,2.020420551300049,0.3729332685470581,3.0469670482452296,0.00698578759209904,5.41764622128293,6.803706518200404,1.2558417881685244,8.039389450289363,0.0706782341003418,0.03252233937382698,0.04994252324104309,0.03185303509235382,0.06686876714229584,0.03252233937382698,0.06676827371120453,0.051694221794605255,0.0454409159719944,0.08582330495119095,0.05102717876434326,0.04371168464422226,0.05495915189385414,0.050668563693761826,0.14156173169612885,0.1228441596031189,0.044277094304561615,0.06415610015392303,0.3414006233215332,0.553364098072052,0.5703890323638916,0.6807324886322021,0.1593230836120642,1.2577143907546997,0.1593230813741684,3.711547597064532,-0.0023815648966629683,7.894112781655097,10.157151893817755,1.2866742818042416,12.140901914144008,0.013430096209049225,0.010797076858580112,0.009645052254199982,0.010838220827281475,0.013172022998332977,0.011574777774512768,0.013724656775593758,0.013001653365790844,0.014358198270201683,0.01752222329378128,0.018422052264213562,0.011278881691396236,0.014101441949605942,0.01166753750294447,0.0609060563147068,0.015133961103856564,0.013635731302201748,0.011801754124462605,0.019882870838046074,0.039873719215393066,0.03681455925107002,0.05860888957977295,0.27709833220469027,1.6194937229156494,0.27709832787513733,3.228267075093507,-0.010843538320453608,5.844473007218761,7.3889301188974335,1.2642594310506776,8.75809022021256,0.03844350576400757,0.019084608182311058,0.01743851602077484,0.02124633640050888,0.029887260869145393,0.022210538387298584,0.024143708869814873,0.024808945134282112,0.03577885031700134,0.07133423537015915,0.034876175224781036,0.022999679669737816,0.031023647636175156,0.023398902267217636,0.06313042342662811,0.0427996888756752,0.02464340068399906,0.023360107094049454,0.09241481125354767,0.12868145108222961,0.14617633819580078,0.21902284026145935,000066.tdms,65,650.0
17.55518341064453,1053.3110046386719,3.814697265625e-06,0.19630242297503395,1.183005452156067,0.1963023990392685,3.6282615558341256,-0.0030770806606960814,6.026443455089311,7.734663834558205,1.2834541454174448,9.235651988973988,0.014046454802155495,0.012051273137331009,0.011470532044768333,0.014986765570938587,0.013150086626410484,0.011788775213062763,0.013324182480573654,0.012742078863084316,0.013763262890279293,0.01836123690009117,0.01628544181585312,0.014600247144699097,0.013044070452451706,0.01354583166539669,0.0712839737534523,0.01358790323138237,0.013892254792153835,0.013884402811527252,0.02595764398574829,0.053447041660547256,0.04357248172163963,0.07003355771303177,0.3717743304576159,2.084394931793213,0.3717743158340454,3.0480056345690976,0.0010800042362320468,5.6066133700719405,7.03920913642918,1.2555189152161668,8.315447612044489,0.07446843385696411,0.03429340198636055,0.04848293215036392,0.03547167405486107,0.05637011677026749,0.03429340198636055,0.06176672875881195,0.06191611662507057,0.04922518879175186,0.10832548886537552,0.0564509779214859,0.04473031684756279,0.06191611662507057,0.06714937835931778,0.1057332381606102,0.10848654061555862,0.047277409583330154,0.07356077432632446,0.31996238231658936,0.5341228246688843,0.5995088815689087,0.660788893699646,0.16037477146438645,1.4698092937469482,0.16037477552890778,3.757904203504572,0.006168991185908488,9.164841080215293,11.798143929075184,1.287326624194779,14.10499638183004,0.016065623611211777,0.01103925984352827,0.009372802451252937,0.01146067027002573,0.011898312717676163,0.01012163981795311,0.013087059371173382,0.012563061900436878,0.013725630939006805,0.01838776282966137,0.013396968133747578,0.011306687258183956,0.011833389289677143,0.012197672389447689,0.057847537100315094,0.016187813133001328,0.012958849780261517,0.011750870384275913,0.01992654986679554,0.038758307695388794,0.03622998669743538,0.058322325348854065,0.2813728779348835,1.7744349241256714,0.28137287497520447,3.244327535010943,-0.007693985509016999,6.306346713830458,7.974857699591755,1.2645764753311268,9.452501756983844,0.03799499198794365,0.019594455137848854,0.018174177035689354,0.020553063601255417,0.030305886641144753,0.026141222566366196,0.02581600658595562,0.02200395055115223,0.025272531434893608,0.06042701005935669,0.027424629777669907,0.02127736620604992,0.0309434961527586,0.020718296989798546,0.052551381289958954,0.039719197899103165,0.02259993925690651,0.025935694575309753,0.0878242701292038,0.1308872252702713,0.1498304009437561,0.21219483017921448,000067.tdms,66,660.0
17.55518341064453,1053.3110046386719,3.814697265625e-06,0.19213172095399791,1.13054621219635,0.19213172793388367,3.6407904636520874,-0.006539320389555065,5.884224669319631,7.557002174975786,1.284281719285469,9.024799423324117,0.013445981778204441,0.011478235013782978,0.010335657745599747,0.013375834561884403,0.01294949185103178,0.011299117468297482,0.01501016691327095,0.013352527283132076,0.012821314856410027,0.01708037033677101,0.014561541378498077,0.014147242531180382,0.013352527283132076,0.0127707002684474,0.07409006357192993,0.012968725524842739,0.012749413028359413,0.012677295133471489,0.024599194526672363,0.05063103884458542,0.04036165401339531,0.0659070760011673,0.3567735806473069,1.8074839115142822,0.35677358508110046,3.09415356309238,-0.0068035131681721496,5.066193265305408,6.373705430162694,1.258085725590349,7.537520795702738,0.05693981796503067,0.029921652749180794,0.03695586323738098,0.03366508334875107,0.06269314885139465,0.029921652749180794,0.06465575844049454,0.05191230773925781,0.04542587697505951,0.08227969706058502,0.04614287614822388,0.04776223003864288,0.06026433780789375,0.051156770437955856,0.11872881650924683,0.1010093092918396,0.03536134213209152,0.056022271513938904,0.2855238616466522,0.4975147247314453,0.5313577055931091,0.6111720204353333,0.157560568310428,1.1961002349853516,0.1575605720281601,3.697371568024375,-0.00014735909831153877,7.5913678645076885,9.763677176190566,1.2861551897437598,11.667686640100195,0.014954711310565472,0.011873883195221424,0.01043213065713644,0.010534769855439663,0.011723618023097515,0.01001388393342495,0.012890346348285675,0.012891627848148346,0.01262649055570364,0.018592121079564095,0.0128766018897295,0.011856693774461746,0.013015065342187881,0.011919267475605011,0.05790231376886368,0.01459361333400011,0.014155147597193718,0.011283816769719124,0.019198795780539513,0.03836694359779358,0.035770483314991,0.05518803000450134,0.27575175638236077,1.5168813467025757,0.2757517695426941,3.2081409280711584,-0.0031521297857378338,5.500894596657616,6.950069254096479,1.2634434512378026,8.235330848694264,0.03586363047361374,0.01799519546329975,0.017011206597089767,0.018529903143644333,0.028811076655983925,0.0237813051789999,0.024044016376137733,0.029557714238762856,0.03233965486288071,0.06425952911376953,0.028176268562674522,0.023709362372756004,0.03076614812016487,0.024904394522309303,0.0567491315305233,0.04444862902164459,0.022929515689611435,0.02251903899013996,0.08182035386562347,0.12507128715515137,0.13937917351722717,0.19874775409698486,000068.tdms,67,670.0
17.55518341064453,1053.3110046386719,3.814697265625e-06,0.1930294979862631,1.108276605606079,0.1930294930934906,3.6710510673823036,-0.006374894687838773,5.74148830706149,7.381935379367515,1.285718089905091,8.821786975719583,0.01388579048216343,0.011425227858126163,0.010935185477137566,0.013710016384720802,0.012991871684789658,0.011425227858126163,0.012402046471834183,0.01301068440079689,0.011962207034230232,0.01764839142560959,0.014156250283122063,0.014459912665188313,0.01301068440079689,0.012901391834020615,0.07584520429372787,0.013422364369034767,0.013302608393132687,0.013976305723190308,0.025526149198412895,0.05190946161746979,0.0423830971121788,0.0676463395357132,0.35984083750080736,1.9001020193099976,0.35984084010124207,3.0881736430429063,-0.0033649263758103983,5.28039572302778,6.641491501157631,1.2577639725360201,7.851942837637922,0.06527366489171982,0.029780616983771324,0.037875980138778687,0.033568453043699265,0.05689476057887077,0.029780616983771324,0.05338125303387642,0.041763875633478165,0.0441373772919178,0.08697056025266647,0.05760418623685837,0.04019112139940262,0.0475788377225399,0.05075943470001221,0.12079041451215744,0.11280567944049835,0.04046063497662544,0.0708613395690918,0.3354851305484772,0.48546847701072693,0.5445687770843506,0.635204553604126,0.1584542894496474,1.8151371479034424,0.1584542840719223,3.7587010327017625,-0.001648084967370289,11.455273026737753,14.75427629710298,1.2879899294119854,17.642785819774804,0.016306892037391663,0.010284938849508762,0.010574474930763245,0.012081602588295937,0.011786527000367641,0.0096513656899333,0.013622967526316643,0.012277748435735703,0.013107969425618649,0.018223032355308533,0.014987005852162838,0.011903995648026466,0.011872821487486362,0.011703223921358585,0.06151455268263817,0.012241381220519543,0.012971291318535805,0.011849549598991871,0.019701816141605377,0.03957964852452278,0.03575717657804489,0.05657026544213295,0.2802194018228215,1.8651179075241089,0.2802193760871887,3.2380205040892185,-0.002148913444459928,6.655919951978895,8.41749378267542,1.264662712803928,9.980344181617184,0.0418330654501915,0.01820770464837551,0.017934303730726242,0.02015155553817749,0.03233190253376961,0.024228522554039955,0.026899294927716255,0.024835221469402313,0.029800284653902054,0.054209690541028976,0.03143785521388054,0.023522874340415,0.024500174447894096,0.02316018007695675,0.0532304048538208,0.037912167608737946,0.019370609894394875,0.027680931612849236,0.09313878417015076,0.12711957097053528,0.13921523094177246,0.20618943870067596,000069.tdms,68,680.0
17.554378509521484,1053.262710571289,1.9073486328125e-06,0.1965023419335269,3.8426520824432373,0.19650234282016754,4.192479894412335,-0.0014322592338255659,19.55524827150984,25.20710712990541,1.2890200512887273,30.14486680084034,0.013312270864844322,0.013326859101653099,0.01036127656698227,0.014581499621272087,0.012157382443547249,0.011873414739966393,0.014661567285656929,0.013731393031775951,0.012691580690443516,0.020952139049768448,0.015940098091959953,0.01482196431607008,0.013731393031775951,0.01458725519478321,0.07877519726753235,0.014023934490978718,0.014378117397427559,0.014366569928824902,0.02911083772778511,0.054215312004089355,0.04497451335191727,0.06845831871032715,0.370545815955524,4.351505756378174,0.37054580450057983,3.2354094026018245,0.022176612286027575,11.743502608866262,14.781782482127952,1.258720074789936,17.476678134453426,0.07301551103591919,0.039488114416599274,0.036522623151540756,0.03346399962902069,0.08485286682844162,0.039488114416599274,0.0573289692401886,0.04978442192077637,0.05117101967334747,0.0844356045126915,0.05783317610621452,0.040010157972574234,0.04978442192077637,0.04607199877500534,0.12114863097667694,0.10376472771167755,0.043240536004304886,0.06052190065383911,0.34435582160949707,0.5282495021820068,0.5558183193206787,0.6678852438926697,0.17830347815245856,9.896506309509277,0.17830348014831543,43.928570451297155,0.14702159668781392,55.50371990526882,75.74267644235857,1.3646414433416838,91.43322675593575,0.015506760217249393,0.012804093770682812,0.010993121191859245,0.01473053265362978,0.013154774904251099,0.012680703774094582,0.01838957704603672,0.014605586417019367,0.01832326501607895,0.04171667620539665,0.025651181116700172,0.024010388180613518,0.014721361920237541,0.016788430511951447,0.062339093536138535,0.02212752401828766,0.01694566383957863,0.015437724068760872,0.06458830833435059,0.06256639957427979,0.052626870572566986,0.0732315182685852,0.3269889442757854,14.635416984558105,0.32698893547058105,53.481776819443716,0.01022529716339541,44.75814011685503,61.25816627455393,1.3686486103895392,73.60055946125813,0.03709200397133827,0.023860037326812744,0.02079601213335991,0.03296520188450813,0.03039575181901455,0.02759535238146782,0.0378091000020504,0.02663790062069893,0.033451709896326065,0.10258110612630844,0.057739004492759705,0.04922691732645035,0.03390122950077057,0.02884097956120968,0.060207899659872055,0.04575730860233307,0.03312693163752556,0.029980236664414406,0.23413383960723877,0.2344844937324524,0.2037554681301117,0.2861234247684479,000070.tdms,69,690.0
17.55518341064453,1053.3110046386719,3.814697265625e-06,0.19529521865685598,2.533236503601074,0.19529521465301514,3.863330012370818,-0.004802019954722873,12.971318606893826,16.705306820651842,1.2878649678509575,19.973650465262764,0.014948537573218346,0.012284655123949051,0.010358104482293129,0.01390000432729721,0.01238770317286253,0.012284655123949051,0.014072795398533344,0.0120459645986557,0.013196372427046299,0.01797454059123993,0.0163851510733366,0.01527386624366045,0.0120459645986557,0.014153070747852325,0.07933018356561661,0.013506400398910046,0.015467298217117786,0.014369192533195019,0.029231751337647438,0.053999245166778564,0.04284229129552841,0.0695701390504837,0.3623105894363775,3.86968994140625,0.36231058835983276,3.2040612236181256,0.0019840829903932365,10.68058746896156,13.459972763937854,1.2602277546111913,15.928808696400395,0.05846014618873596,0.03003879263997078,0.035413458943367004,0.03573735058307648,0.07205494493246078,0.031727783381938934,0.05103004351258278,0.0558619350194931,0.04909174516797066,0.09103132784366608,0.050001077353954315,0.03859799727797508,0.057295214384794235,0.05555057153105736,0.11261323094367981,0.11765620112419128,0.04142937809228897,0.057918258011341095,0.31847429275512695,0.5186957120895386,0.5602613091468811,0.6014043092727661,0.17792285106267589,7.2086181640625,0.17792284488677979,27.376835994636718,0.006652401052881193,40.51541508585179,55.17492731919902,1.3618255471968845,66.71632603532042,0.020901650190353394,0.012637668289244175,0.011248745955526829,0.016175802797079086,0.013634363189339638,0.011006757616996765,0.01543932594358921,0.014981835149228573,0.01422318909317255,0.03896818310022354,0.030970927327871323,0.021696599200367928,0.014981835149228573,0.016359198838472366,0.060986392199993134,0.02327246218919754,0.017622806131839752,0.01583314687013626,0.06263165175914764,0.06199897080659866,0.05352634936571121,0.071870818734169,0.32322451955216835,13.376473426818848,0.3232245147228241,28.997951030384094,-0.0026764199888104604,41.384463794244695,56.0847143651677,1.355211816782494,67.43216875768927,0.049373313784599304,0.02353496663272381,0.021342243999242783,0.02983473800122738,0.0377357117831707,0.02353496663272381,0.031762391328811646,0.03343985974788666,0.03452989459037781,0.0808769017457962,0.059394869953393936,0.04372118413448334,0.03885018825531006,0.030072351917624474,0.0544581413269043,0.05422642454504967,0.03264749422669411,0.030312594026327133,0.23745682835578918,0.2280133068561554,0.20518644154071808,0.2789992094039917,000071.tdms,70,700.0
13.217212677001953,793.0327606201172,1.9073486328125e-06,0.17343667777614039,1.5038459300994873,0.17343667149543762,3.9122527926175468,-0.011480163335512125,8.670864487156193,11.237760313637422,1.2960368980836305,13.478313973834513,0.014520659111440182,0.012320075184106827,0.012095087207853794,0.01532140001654625,0.013213732279837132,0.012320075184106827,0.01487740222364664,0.01464533619582653,0.012033979408442974,0.013716706074774265,0.014832808636128902,0.0160563625395298,0.01464533619582653,0.013951444998383522,0.014165048487484455,0.01522817648947239,0.01532555278390646,0.014986730180680752,0.025906920433044434,0.040738675743341446,0.09735096991062164,0.08286620676517487,0.2468177876996418,1.425227165222168,0.24681778252124786,3.2108807849857763,-0.0039637809935584075,5.774410258293699,7.296682103474624,1.2636237775094883,8.647274230982076,0.03029310517013073,0.022263986989855766,0.019193822517991066,0.025938255712389946,0.028420429676771164,0.02172273024916649,0.060662467032670975,0.023716624826192856,0.027621258050203323,0.039271414279937744,0.04398972913622856,0.0276110228151083,0.036826957017183304,0.02981879562139511,0.028063669800758362,0.060662467032670975,0.03471953421831131,0.03167371079325676,0.10715584456920624,0.16269047558307648,0.19937336444854736,0.22276610136032104,0.14775462935145317,1.1610766649246216,0.14775462448596954,3.815669429293742,-0.011040735474545845,7.85814068920205,10.14819363122462,1.2914242735777632,12.150836764020191,0.012610913254320621,0.012228685431182384,0.012148372828960419,0.014851825311779976,0.012397575192153454,0.012228685431182384,0.015259700827300549,0.01301390491425991,0.01211357582360506,0.014507055282592773,0.015458555892109871,0.013005059212446213,0.01301390491425991,0.012368247844278812,0.012720041908323765,0.016477098688483238,0.013692219741642475,0.013188672251999378,0.023907281458377838,0.03624514117836952,0.0740775316953659,0.0712205022573471,0.21536154339331182,1.2005826234817505,0.215361550450325,3.508946298356654,-0.007387931044918206,5.574730773957833,7.118623677590054,1.2769448366626897,8.476641003595647,0.020649218931794167,0.018154745921492577,0.01598961092531681,0.023332100361585617,0.022344378754496574,0.01954447105526924,0.02902386710047722,0.019169650971889496,0.02135598100721836,0.029304539784789085,0.032560933381319046,0.02401960827410221,0.019169650971889496,0.021028099581599236,0.02845495566725731,0.027882322669029236,0.02394174039363861,0.025589732453227043,0.08040200173854828,0.10931229591369629,0.14295797049999237,0.15683197975158691,000072.tdms,71,710.0
13.270264625549316,796.215877532959,0.0,0.1725263229703709,1.0853838920593262,0.17252632975578308,3.861632978331061,-0.015913063872715575,6.291120528000393,8.142185946733143,1.2942346137693699,9.762362935797444,0.014459619298577309,0.013416480273008347,0.012690594419836998,0.014312338083982468,0.013103469274938107,0.013416480273008347,0.013521146960556507,0.01333027146756649,0.011853264644742012,0.014390286058187485,0.014038519002497196,0.014854825101792812,0.012510351836681366,0.01422270480543375,0.014446948654949665,0.013553684577345848,0.01425374485552311,0.013637331314384937,0.02561325766146183,0.03904205188155174,0.09592918306589127,0.085261270403862,0.24076401082533275,1.3201673030853271,0.24076400697231293,3.2188960447267068,0.00020081420150374664,5.483241862269315,6.931101067654079,1.2640516763171827,8.216023049508642,0.02780807577073574,0.02056962437927723,0.019580628722906113,0.022806689143180847,0.03491182625293732,0.02056962437927723,0.03425680100917816,0.025667330250144005,0.03347020968794823,0.04150950908660889,0.0354374423623085,0.026585128158330917,0.025775769725441933,0.02647770568728447,0.03682157024741173,0.03859754279255867,0.030836302787065506,0.022247647866606712,0.09275536239147186,0.1387692391872406,0.1849490851163864,0.21591946482658386,0.14660122978849643,1.0199321508407593,0.14660122990608215,3.817644029618414,-0.015932743451596662,6.957186868842977,8.986816471257386,1.29173136221249,10.763414207989483,0.014820529147982597,0.013124571181833744,0.012637179344892502,0.014080937020480633,0.01276129949837923,0.011359836906194687,0.014766308479011059,0.014002172276377678,0.012301809154450893,0.01457883883267641,0.013280238024890423,0.013010844588279724,0.014002172276377678,0.01391695998609066,0.013242574408650398,0.015081144869327545,0.013794264756143093,0.013956970535218716,0.02298565022647381,0.0355234295129776,0.07453995943069458,0.06994988769292831,0.21036330414342416,1.3569362163543701,0.21036329865455627,3.5115139791428205,-0.002908159771796646,6.450441638952491,8.236716097091865,1.2769228152305947,9.806746723367,0.02062588930130005,0.01893046125769615,0.016881974413990974,0.020884724333882332,0.019759079441428185,0.01893046125769615,0.028186483308672905,0.020140785723924637,0.0194378811866045,0.028020735830068588,0.022876335307955742,0.0209959726780653,0.020140785723924637,0.019042085856199265,0.020998070016503334,0.025063153356313705,0.023777799680829048,0.027054550126194954,0.06505075097084045,0.09888678789138794,0.13089413940906525,0.15215478837490082,000073.tdms,72,720.0
13.270264625549316,796.215877532959,0.0,0.17272447774233632,1.0200257301330566,0.17272448539733887,3.9176346864800307,-0.014915555773568978,5.905507681746715,7.6548772904015525,1.2962267941945025,9.181869513381043,0.012538453564047813,0.012779241427779198,0.012358474545180798,0.015302706509828568,0.013695746660232544,0.012779241427779198,0.014188907109200954,0.014354612678289413,0.012755976989865303,0.014049381017684937,0.015265678986907005,0.013860054314136505,0.014354612678289413,0.013881310820579529,0.013536307029426098,0.014188907109200954,0.014023995026946068,0.013159033842384815,0.024669965729117393,0.0394364632666111,0.1005992591381073,0.08415146172046661,0.23919596748575106,1.3624781370162964,0.23919597268104553,3.237921546057373,0.003282575172302581,5.696074860030654,7.202199736627729,1.2644145158915572,8.536358025180942,0.02450939267873764,0.019105007871985435,0.020107408985495567,0.02990490384399891,0.029464373365044594,0.01954169012606144,0.04641833156347275,0.03261587396264076,0.02319253422319889,0.04228620231151581,0.04004066064953804,0.029304610565304756,0.03261587396264076,0.0237446166574955,0.034881342202425,0.04641833156347275,0.028263460844755173,0.03177306056022644,0.10067366063594818,0.1395205557346344,0.18082796037197113,0.21108609437942505,0.14737317334564587,0.9155879616737366,0.14737316966056824,3.851696544423505,-0.019781540295680616,6.212717965476228,8.031741579092188,1.292790309124635,9.621721408245117,0.012869677506387234,0.012893241830170155,0.010765316896140575,0.021161634474992752,0.012544372119009495,0.012893241830170155,0.01803586632013321,0.015737876296043396,0.011470295488834381,0.013573244214057922,0.014864232391119003,0.012720469385385513,0.015737876296043396,0.012540007010102272,0.015537749044597149,0.013949922285974026,0.01217629574239254,0.015366731211543083,0.024303467944264412,0.03721945360302925,0.07472986727952957,0.07039541751146317,0.21002015454215683,1.2604734897613525,0.21002015471458435,3.5729499576237553,-0.007419067022136718,6.001678707975337,7.681626000490017,1.2799129000828184,9.157864615312192,0.021014736965298653,0.01992381550371647,0.016141600906848907,0.02930278144776821,0.019538046792149544,0.01992381550371647,0.029350263997912407,0.020801281556487083,0.01975913904607296,0.02845761552453041,0.02427402324974537,0.022109564393758774,0.020801281556487083,0.02101830765604973,0.025217685848474503,0.027341533452272415,0.023076975718140602,0.025234276428818703,0.06958232074975967,0.10197930783033371,0.14646947383880615,0.15582334995269775,000074.tdms,73,730.0
13.216419219970703,792.9851531982422,1.9073486328125e-06,0.17424095080780494,1.1611989736557007,0.17424094676971436,3.8759215744548436,-0.013497571341610668,6.664328725665367,8.624448083644594,1.2941210493459756,10.335251894698875,0.013957501389086246,0.013499188236892223,0.011854125186800957,0.013354492373764515,0.014133489690721035,0.013499188236892223,0.01443258672952652,0.01488720066845417,0.013130120933055878,0.015774693340063095,0.013250847347080708,0.015026802197098732,0.013624990358948708,0.014650390483438969,0.01445661298930645,0.015251020900905132,0.014644929207861423,0.013805404305458069,0.027068644762039185,0.040190376341342926,0.09605082869529724,0.08437398076057434,0.2506245322472828,1.4189151525497437,0.25062453746795654,3.220292213240294,-0.00448111014665822,5.661517409435991,7.1567431160666395,1.2641033487132922,8.483535503637007,0.027166996151208878,0.024091772735118866,0.019526759162545204,0.023835374042391777,0.029297245666384697,0.02173207700252533,0.06354428082704544,0.029189610853791237,0.02923635207116604,0.03732191026210785,0.039628881961107254,0.028880814090371132,0.029952095821499825,0.03656955435872078,0.031779296696186066,0.06354428082704544,0.036187026649713516,0.031608693301677704,0.12564486265182495,0.16900770366191864,0.2043016254901886,0.23895250260829926,0.1527085155537582,1.0500613451004028,0.1527085155248642,3.7802500057994552,-0.02650050186970208,6.876246169328706,8.87028296231279,1.2899891516214803,10.61457624085359,0.015274858102202415,0.013696089386940002,0.011985833756625652,0.014962857589125633,0.013204177841544151,0.013696089386940002,0.015712806954979897,0.013570427894592285,0.014098688028752804,0.02028755284845829,0.016017330810427666,0.014562449418008327,0.013570427894592285,0.013026648201048374,0.013524512760341167,0.02239297889173031,0.014805738814175129,0.01570027694106102,0.03438015282154083,0.04871539771556854,0.07908780872821808,0.07999373972415924,0.21886073443220094,1.4024208784103394,0.21886073052883148,3.5063983863229584,-0.011779870876889432,6.407823139443881,8.183531163501202,1.2771156421479244,9.748304053385782,0.01990862935781479,0.020531699061393738,0.01829559914767742,0.022542888298630714,0.021822696551680565,0.020531699061393738,0.030550038442015648,0.02179509587585926,0.024471662938594818,0.03795546293258667,0.028300603851675987,0.02402188442647457,0.020521892234683037,0.021538767963647842,0.02654927410185337,0.030550038442015648,0.02216045930981636,0.029418377205729485,0.09585604816675186,0.12155836820602417,0.15140922367572784,0.16812193393707275,000075.tdms,74,740.0
13.270264625549316,796.215877532959,0.0,0.1741263050234458,1.0962369441986084,0.17412631213665009,3.9027361327437005,-0.01358509922094226,6.295642373224436,8.161264796526988,1.296335514742245,9.79109016306281,0.014584328047931194,0.012663405388593674,0.011851894669234753,0.015693092718720436,0.012524415738880634,0.012663405388593674,0.014139123260974884,0.012633145786821842,0.014438378624618053,0.014709070324897766,0.01347589585930109,0.01642489805817604,0.013037324883043766,0.014759177342057228,0.01443867664784193,0.015723416581749916,0.013403341174125671,0.014410487376153469,0.026322800666093826,0.04047778993844986,0.0993792712688446,0.0873560756444931,0.24546557437146516,1.531083345413208,0.24546557664871216,3.2555839564311695,0.001242744982735234,6.237466697045698,7.893256897891713,1.2654587641534438,9.35881437602394,0.029141684994101524,0.02253350056707859,0.020877258852124214,0.027070874348282814,0.029696356505155563,0.023051878437399864,0.055390555411577225,0.027423296123743057,0.029380880296230316,0.04491366446018219,0.03565763309597969,0.026624754071235657,0.025888947769999504,0.02840803563594818,0.042673710733652115,0.055390555411577225,0.031155593693256378,0.028676381334662437,0.11555442959070206,0.1632363200187683,0.20124998688697815,0.2435702681541443,0.15219110397481564,0.9557254314422607,0.15219110250473022,3.81226799096029,-0.022486867277259535,6.279771987201123,8.113935778259535,1.2920749025277738,9.719010466705404,0.014413726516067982,0.011684492230415344,0.011976908892393112,0.01690925657749176,0.013024421408772469,0.012438276782631874,0.014744391664862633,0.013566817156970501,0.013781897723674774,0.014525147154927254,0.0234454944729805,0.014694389887154102,0.013816477730870247,0.015113601461052895,0.012837821617722511,0.036692313849925995,0.01605895161628723,0.013680634088814259,0.03535882383584976,0.04866868257522583,0.0810973048210144,0.0792195051908493,0.21919868638443815,1.435693383216858,0.21919868886470795,3.558055527426255,-0.013784195243085615,6.5497353423865405,8.381003115091907,1.2795941632716574,9.992056117698171,0.022317714989185333,0.019774923101067543,0.016589537262916565,0.02185106836259365,0.021280931308865547,0.020798703655600548,0.027596894651651382,0.023988965898752213,0.018648408353328705,0.029459694400429726,0.04718449339270592,0.025836817920207977,0.023988965898752213,0.021721594035625458,0.026690633967518806,0.05833170562982559,0.024663137272000313,0.0263186264783144,0.11262637376785278,0.13263878226280212,0.1558462679386139,0.17457044124603271,000076.tdms,75,750.0
13.269044876098633,796.142692565918,9.5367431640625e-07,0.1743769553888402,1.1402099132537842,0.1743769496679306,3.913085244819685,-0.010752849464858123,6.538764888463899,8.47574182493059,1.2962297879656182,10.165682217612108,0.015784746035933495,0.013936876319348812,0.012355324812233448,0.014225217513740063,0.012607568874955177,0.013936876319348812,0.014729700051248074,0.015418154187500477,0.014021249487996101,0.013988802209496498,0.014223768375813961,0.014320392161607742,0.01456117257475853,0.013204042799770832,0.013427918776869774,0.014729700051248074,0.017310915514826775,0.01655314303934574,0.026428060606122017,0.04175260663032532,0.10254865884780884,0.08663489669561386,0.2457540301669651,1.536095142364502,0.24575403332710266,3.2636769551845246,0.0022078539016421616,6.250538969069521,7.916381504012346,1.2665118229301766,9.39247601441195,0.026406114920973778,0.020176520571112633,0.024163834750652313,0.03160456195473671,0.03331628814339638,0.022802777588367462,0.05887571722269058,0.03519650176167488,0.0310208797454834,0.04330001398921013,0.04226665571331978,0.029232207685709,0.03519650176167488,0.028172623366117477,0.03588761016726494,0.05887571722269058,0.027736444026231766,0.0309855118393898,0.10937534272670746,0.1584884226322174,0.20739109814167023,0.23268413543701172,0.15439393214110134,0.9941746592521667,0.15439392626285553,3.7859961792647003,-0.028139018378322337,6.439208105300317,8.31168385271444,1.2907928609843855,9.95089571804231,0.01496499590575695,0.013007116504013538,0.01366056501865387,0.015535708516836166,0.014154375530779362,0.013007116504013538,0.018498074263334274,0.014990654774010181,0.013841249980032444,0.018574999645352364,0.015159748494625092,0.014914062805473804,0.01474577933549881,0.01426719781011343,0.012730789370834827,0.02079867012798786,0.015366878360509872,0.015575653873383999,0.03390519320964813,0.05044373869895935,0.08395631611347198,0.08024628460407257,0.2202173135623175,1.349257230758667,0.22021731734275818,3.5157525666916842,-0.014184635903022253,6.126935293744975,7.830307218968643,1.2780136958460537,9.330012577060472,0.02108791097998619,0.01849909871816635,0.017030293121933937,0.026544146239757538,0.021345630288124084,0.01901751384139061,0.028247011825442314,0.02344161458313465,0.020353462547063828,0.028847264125943184,0.025196028873324394,0.026671137660741806,0.02344161458313465,0.025674710050225258,0.026703612878918648,0.027973290532827377,0.026255352422595024,0.029612628743052483,0.09844256937503815,0.12641489505767822,0.1582913100719452,0.17477132380008698,000077.tdms,76,760.0
17.55518341064453,1053.3110046386719,3.814697265625e-06,0.20063322600022057,1.1768969297409058,0.2006332278251648,3.568631261833582,-0.006121524163963557,5.865912407447468,7.512923420043089,1.280776612092698,8.961875810163006,0.01292406115680933,0.012952430173754692,0.011182832531630993,0.014563638716936111,0.014330857433378696,0.012952430173754692,0.014614341780543327,0.014001871459186077,0.013537252321839333,0.01405332237482071,0.015506934374570847,0.014817619696259499,0.014001871459186077,0.013094518333673477,0.07772184163331985,0.014580772258341312,0.014122231863439083,0.013881105929613113,0.027539843693375587,0.054583676159381866,0.04421284794807434,0.07025137543678284,0.3868871380037324,1.9410796165466309,0.3868871331214905,3.0474170350708483,-0.00014354841579427565,5.017172776955704,6.301046333305858,1.255895822891947,7.445955045286161,0.07297590374946594,0.031468022614717484,0.046024128794670105,0.034194063395261765,0.066834457218647,0.031468022614717484,0.06607756018638611,0.058452069759368896,0.06415704637765884,0.11200389266014099,0.0649271309375763,0.038060616701841354,0.06314717233181,0.0492442362010479,0.139580637216568,0.07441656291484833,0.04957188665866852,0.06885147094726562,0.38009196519851685,0.5753805637359619,0.6906341910362244,0.7016403675079346,0.16339754840774004,1.0345710515975952,0.16339755058288574,3.6283323154221656,0.001477599626724925,6.331619180821126,8.121934616618777,1.282757914629583,9.693506506061334,0.015413885936141014,0.010636513121426105,0.010813598521053791,0.011590773239731789,0.013209088705480099,0.010636513121426105,0.015761645510792732,0.012910054065287113,0.01644904911518097,0.02164684422314167,0.016489040106534958,0.011709308251738548,0.016080915927886963,0.010523831471800804,0.0588267557322979,0.017113879323005676,0.013644068501889706,0.012015501037240028,0.020730726420879364,0.04060191288590431,0.03885522484779358,0.06059695780277252,0.2859161650405778,1.715121865272522,0.28591617941856384,3.2008934536030793,-0.0031725492021284036,5.99868798963888,7.5772478511798,1.2631508530311057,8.978544389643567,0.05170673131942749,0.019854584708809853,0.019118892028927803,0.023089252412319183,0.030877478420734406,0.02645372413098812,0.025318071246147156,0.030427200719714165,0.02698943018913269,0.07038199156522751,0.03325003758072853,0.02332197315990925,0.03398676589131355,0.022494245320558548,0.05709632858633995,0.03123655542731285,0.02178180404007435,0.02295025996863842,0.09478889405727386,0.13221777975559235,0.16196352243423462,0.22295820713043213,000078.tdms,77,770.0
17.55518341064453,1053.3110046386719,3.814697265625e-06,0.2002507947008268,1.1714682579040527,0.2002507895231247,3.545172813103249,-0.003360585689782783,5.850005537577105,7.483988029183934,1.2793129820324194,8.920557911823481,0.014049793593585491,0.012778808362782001,0.011615722440183163,0.014642073772847652,0.013832483440637589,0.012778808362782001,0.014798382297158241,0.013172106817364693,0.013532835058867931,0.017557630315423012,0.014989213086664677,0.015004896558821201,0.013172106817364693,0.013902058824896812,0.06518605351448059,0.01463340688496828,0.016044924035668373,0.015548900701105595,0.027250826358795166,0.05258901044726372,0.044493548572063446,0.07198110222816467,0.3803407512506148,1.9096766710281372,0.3803407549858093,3.03054640176433,0.001531444689659102,5.020962557256479,6.298356245817682,1.2544121120192515,7.436555755448261,0.06705217063426971,0.03516961261630058,0.05660773813724518,0.034137558192014694,0.07915227860212326,0.03633378818631172,0.059231795370578766,0.07610482722520828,0.0504053495824337,0.10625459998846054,0.059663642197847366,0.0411057323217392,0.07610482722520828,0.04075081646442413,0.09673264622688293,0.13359445333480835,0.04627607762813568,0.051324449479579926,0.34872663021087646,0.5238181948661804,0.6504716277122498,0.6833901405334473,0.16218143033740862,1.2708884477615356,0.16218143701553345,3.6356005392660293,0.008197055738846033,7.836214325632284,10.050560442560897,1.282578554505009,11.993363630135029,0.01250044908374548,0.0114033417776227,0.009829141199588776,0.012219089083373547,0.011588070541620255,0.012584771029651165,0.013379570096731186,0.012450854294002056,0.015105710364878178,0.023899434134364128,0.015765544027090073,0.013110125437378883,0.015735987573862076,0.013009635731577873,0.052804842591285706,0.015560201369225979,0.013828715309500694,0.013615363277494907,0.02170165814459324,0.040008287876844406,0.03878405690193176,0.060292746871709824,0.2891984697111818,2.1739587783813477,0.28919845819473267,3.1800873269843795,-0.008058860254606354,7.517186313442281,9.484504132164245,1.2617093333451102,11.230787328337906,0.0340893529355526,0.02107311226427555,0.024497443810105324,0.02165505290031433,0.03943996876478195,0.024097822606563568,0.02307496778666973,0.027046486735343933,0.027616454288363457,0.05789569765329361,0.03430500254034996,0.02116943709552288,0.036659371107816696,0.023327473551034927,0.047977905720472336,0.039196308702230453,0.02738865837454796,0.021442916244268417,0.09373641014099121,0.13255497813224792,0.15875020623207092,0.2245953381061554,000079.tdms,78,780.0
17.55518341064453,1053.3110046386719,3.814697265625e-06,0.19888679111048216,1.434045672416687,0.19888679683208466,3.554108035337299,-0.0027461204204622626,7.2103615549816515,9.226049937364749,1.2795544116633728,10.998052206317539,0.012992422096431255,0.01337703038007021,0.010699156671762466,0.016892049461603165,0.01382293552160263,0.01395046804100275,0.015561895444989204,0.014388400129973888,0.01211435254663229,0.016740737482905388,0.016001539304852486,0.014342277310788631,0.014388400129973888,0.013721675612032413,0.0750262513756752,0.014595887623727322,0.015961289405822754,0.014111028052866459,0.026591427624225616,0.05361806973814964,0.04485178738832474,0.0705212652683258,0.37568310270780597,2.053772211074829,0.37568309903144836,3.0487217502326573,-0.0016401787091898695,5.466767592877836,6.865840299568451,1.255923209267821,8.11242425259204,0.076563760638237,0.029976682737469673,0.04664690047502518,0.03607984632253647,0.09430330246686935,0.029976682737469673,0.06015854701399803,0.04916953295469284,0.051691196858882904,0.08710767328739166,0.05495910346508026,0.03897600248456001,0.051828544586896896,0.03771572560071945,0.1479787528514862,0.10853033512830734,0.051525332033634186,0.058029063045978546,0.32697218656539917,0.5247459411621094,0.6204708218574524,0.7043927907943726,0.16262843439271354,1.4963209629058838,0.1626284271478653,3.621503049203238,0.0024348761752756875,9.200856962642723,11.791473432771044,1.2815625197355778,14.067823191958029,0.01644160971045494,0.011778167448937893,0.009703767485916615,0.011236532591283321,0.013437050394713879,0.012107807211577892,0.012670241296291351,0.011994311586022377,0.013833517208695412,0.025591427460312843,0.01683804765343666,0.013071591965854168,0.012820067815482616,0.01264219731092453,0.06121998280286789,0.01716604083776474,0.01234950590878725,0.01157428603619337,0.021836116909980774,0.04180601239204407,0.04048445075750351,0.06105250120162964,0.29247324684664966,2.099170207977295,0.2924732565879822,3.2143973235575416,0.0038228836368549768,7.1773067472319525,9.062965229675804,1.2627250790376332,10.73441500413848,0.04360545799136162,0.020679164677858353,0.01857587695121765,0.022110041230916977,0.031862564384937286,0.025516655296087265,0.024580899626016617,0.022023938596248627,0.029732637107372284,0.07702536880970001,0.04128528758883476,0.024075636640191078,0.026703186333179474,0.02409445308148861,0.05924859642982483,0.037602897733449936,0.02537134289741516,0.020906029269099236,0.09388455748558044,0.14266929030418396,0.15777358412742615,0.23165109753608704,000080.tdms,79,790.0
17.586835861206055,1055.2101516723633,0.0,0.20015173647137055,1.4388797283172607,0.2001517415046692,3.574543707663272,-0.005969264605172936,7.188944516217457,9.201381061188847,1.2799349112281446,10.969399877716098,0.013669328764081001,0.012692737393081188,0.011934557929635048,0.013558418489992619,0.01387110911309719,0.012692737393081188,0.014616853557527065,0.013952117413282394,0.011415543965995312,0.019285932183265686,0.015931595116853714,0.014218389056622982,0.013717744499444962,0.013962304219603539,0.07025782763957977,0.014616853557527065,0.015297746285796165,0.013772792182862759,0.027441658079624176,0.05496634542942047,0.04582328349351883,0.07219137251377106,0.3842120763471356,2.0912904739379883,0.38421207666397095,3.020104504618398,0.002798481681497218,5.443062836079383,6.827374661231781,1.2543258946004585,8.06217229303832,0.06653941422700882,0.04234829545021057,0.05267356336116791,0.03596283867955208,0.08154156804084778,0.04234829545021057,0.061388857662677765,0.05485432595014572,0.05281153321266174,0.11189939081668854,0.0672677531838417,0.04857457056641579,0.05485432595014572,0.05211888998746872,0.11151482909917831,0.12043093889951706,0.049404408782720566,0.04956401512026787,0.354618638753891,0.5293261408805847,0.648838996887207,0.7362432479858398,0.1651025119682531,1.8889175653457642,0.1651025116443634,3.698270342749896,0.007426689976323292,11.440877203061433,14.672981125610876,1.2825049045788706,17.507143907006682,0.016588252037763596,0.010888050310313702,0.010114348493516445,0.012016060762107372,0.01436885166913271,0.010888050310313702,0.013798863627016544,0.01347376685589552,0.014387000352144241,0.02527553215622902,0.01802521012723446,0.013762488029897213,0.01347376685589552,0.012582018971443176,0.05498571693897247,0.020875172689557076,0.01578296720981598,0.012757471762597561,0.023604609072208405,0.04360160976648331,0.0429675355553627,0.0628126859664917,0.2979792586955461,2.1166841983795166,0.2979792654514313,3.225911340978387,-0.006414082417831793,7.1034615216027275,8.96957619136743,1.2627049733555338,10.622833381252699,0.04031538590788841,0.020158374682068825,0.016972128301858902,0.022986067458987236,0.03698091581463814,0.019422253593802452,0.029334701597690582,0.03305794298648834,0.02904673106968403,0.06164594739675522,0.042035337537527084,0.025356728583574295,0.035210974514484406,0.024840086698532104,0.04965667426586151,0.059328459203243256,0.03185213729739189,0.025999318808317184,0.09348615258932114,0.15718388557434082,0.16402612626552582,0.23142650723457336,000081.tdms,80,800.0
17.58919906616211,1055.3519439697266,3.814697265625e-06,0.2002131291346654,1.293867588043213,0.20021313428878784,3.5470222116571453,0.0006683884582129833,6.462451256994961,8.26917498036511,1.2795725107271874,9.858293229706751,0.014669065363705158,0.012135418131947517,0.010734910145401955,0.014507957734167576,0.014296969398856163,0.012135418131947517,0.015309118665754795,0.013098271563649178,0.014660846441984177,0.015523198992013931,0.01760205626487732,0.015596712939441204,0.013576463796198368,0.01402491144835949,0.07112618535757065,0.013951382599771023,0.015312590636312962,0.014581708237528801,0.02748151496052742,0.053296707570552826,0.047209128737449646,0.07157637178897858,0.3931228312870726,2.059699773788452,0.3931228220462799,3.0516611858058575,0.005402692100226653,5.239328804803973,6.580753083892346,1.256029794858153,7.775167883289642,0.07982151210308075,0.03664883226156235,0.043605975806713104,0.036561571061611176,0.12610574066638947,0.03664883226156235,0.06224437430500984,0.062478918582201004,0.05046769604086876,0.11192374676465988,0.059138596057891846,0.04314788058400154,0.062478918582201004,0.04566362127661705,0.15382754802703857,0.09890436381101608,0.0394388884305954,0.04903431609272957,0.39956122636795044,0.6164965629577637,0.7007640600204468,0.7742451429367065,0.1688258459810278,1.6015937328338623,0.16882584989070892,3.733560320481453,0.009436236955465504,9.4866619712591,12.168185919039852,1.2826625377719505,14.514437022672253,0.01810470223426819,0.011247836984694004,0.01027650572359562,0.013611615635454655,0.014448347501456738,0.011231937445700169,0.014135384000837803,0.013961462303996086,0.014661473222076893,0.021794114261865616,0.018002299591898918,0.013760300353169441,0.014455694705247879,0.012815490365028381,0.05700165778398514,0.016829947009682655,0.01510089822113514,0.012842843309044838,0.02496298775076866,0.04453796148300171,0.04379856586456299,0.06376761198043823,0.30850422441829917,2.731210231781006,0.30850422382354736,3.369406816229314,-0.00031566558728218753,8.853072391247949,11.207762988465854,1.2659743977182119,13.286977853320847,0.041249968111515045,0.021109597757458687,0.022355670109391212,0.024377616122364998,0.04571148380637169,0.02266550622880459,0.026382112875580788,0.024720584973692894,0.027225768193602562,0.08212794363498688,0.03773914650082588,0.028497541323304176,0.03089977614581585,0.022406330332159996,0.05292832851409912,0.048024438321590424,0.028211409226059914,0.025060296058654785,0.10330890864133835,0.1618674397468567,0.17528054118156433,0.25181448459625244,000082.tdms,81,810.0
17.58919906616211,1055.3519439697266,3.814697265625e-06,0.19908158872516452,1.213690996170044,0.19908158481121063,3.556168598642262,-0.005477329412883705,6.096450223961015,7.80571911690194,1.2803711717718858,9.310250434797677,0.013452527113258839,0.01282337587326765,0.01093029323965311,0.015137572772800922,0.012797105126082897,0.01282337587326765,0.015219244174659252,0.013303057290613651,0.012256158515810966,0.018054280430078506,0.01506267674267292,0.01512704137712717,0.013303057290613651,0.013690100982785225,0.07126148045063019,0.014875574968755245,0.01468922384083271,0.013457571156322956,0.02744939923286438,0.05358082428574562,0.04513481631875038,0.07035484910011292,0.3903934555454938,2.3732974529266357,0.39039346575737,3.0757026953740096,0.011734511947111182,6.079244975073789,7.64456709681606,1.2574862714301576,9.03846070635492,0.08482512086629868,0.04146335646510124,0.05623317137360573,0.036195218563079834,0.11942622810602188,0.04146335646510124,0.05516137555241585,0.05574186146259308,0.0476587638258934,0.09352881461381912,0.06514354050159454,0.04541873559355736,0.061097413301467896,0.053197845816612244,0.1280103623867035,0.10789500921964645,0.05289868265390396,0.04402443766593933,0.36972546577453613,0.560905933380127,0.6671035885810852,0.7768722772598267,0.17401589742267387,2.8830690383911133,0.17401589453220367,5.101878527842666,0.012211223357607347,16.567848576433892,21.447885535298425,1.2945486214671167,25.65083981234896,0.01595481112599373,0.01145409420132637,0.010788563638925552,0.014172391034662724,0.013156807981431484,0.01145409420132637,0.01443188264966011,0.014658406376838684,0.01753569208085537,0.0220843143761158,0.01650349423289299,0.01617390103638172,0.014910000376403332,0.014378824271261692,0.058257728815078735,0.02305719442665577,0.01560584269464016,0.013550326228141785,0.030298199504613876,0.05239482969045639,0.04802298918366432,0.06559616327285767,0.3233380247645021,6.374682426452637,0.32333803176879883,6.9666877345041165,-0.00021683824384870147,19.715226599455885,25.35425598192975,1.2860240714975852,30.152182488751585,0.04090765491127968,0.021218759939074516,0.02168518677353859,0.027478963136672974,0.040402255952358246,0.021358253434300423,0.029718294739723206,0.026773186400532722,0.0319526270031929,0.07101917266845703,0.04654714837670326,0.03509709984064102,0.030972402542829514,0.02524411678314209,0.05410834774374962,0.06140588968992233,0.034460343420505524,0.030439013615250587,0.13136076927185059,0.20180588960647583,0.1928589642047882,0.2562992572784424,000083.tdms,82,820.0
13.270264625549316,796.215877532959,0.7724173069000244,0.17690761814690142,1.7609540224075317,0.17690761387348175,3.931224887162955,-0.013197812084900106,9.954088132853963,12.878039318377995,1.2937437509593055,15.433459892585605,0.014309516176581383,0.012721979059278965,0.013632874004542828,0.012996451929211617,0.014495697803795338,0.012721979059278965,0.014014283195137978,0.013330460526049137,0.01323418878018856,0.016393842175602913,0.017709851264953613,0.016586266458034515,0.013491357676684856,0.014210768975317478,0.015294059179723263,0.014014283195137978,0.01396293193101883,0.015069693326950073,0.028228428214788437,0.040338482707738876,0.09983334690332413,0.08688782155513763,0.26539686167039356,1.54271399974823,0.2653968632221222,3.1804061759302806,-0.0066977901350108275,5.812856979688724,7.335795703792521,1.261994872646144,8.68791869400125,0.027106907218694687,0.022538810968399048,0.019763432443141937,0.031440895050764084,0.03316022455692291,0.022538810968399048,0.049919698387384415,0.03665812686085701,0.03246070817112923,0.03836092725396156,0.0372471809387207,0.030529676005244255,0.03665812686085701,0.029513081535696983,0.05079605430364609,0.049919698387384415,0.03071080520749092,0.03746557608246803,0.1284082680940628,0.1924765557050705,0.2350585162639618,0.25997665524482727,0.15125226611221024,2.9788825511932373,0.15125226974487305,4.198483012393405,-0.016629900201238917,19.69479616909197,25.440711746398986,1.2917479078216798,30.457317740363226,0.015302513726055622,0.012538602575659752,0.011709419079124928,0.014513923786580563,0.013177513144910336,0.01261962205171585,0.013856915757060051,0.01379732508212328,0.013242149725556374,0.01752263493835926,0.017100755125284195,0.01410419587045908,0.01379732508212328,0.013862884603440762,0.014343605376780033,0.013856915757060051,0.01397771667689085,0.015692565590143204,0.026967598125338554,0.03804276883602142,0.0749858096241951,0.0734294056892395,0.22450937449926756,2.6183598041534424,0.2245093733072281,3.6101735130597032,-0.002309479322836925,11.662585626962247,14.875669093412501,1.2755035263382812,17.70053133305507,0.020021537318825722,0.02121810056269169,0.018133709207177162,0.024133939296007156,0.02026406303048134,0.02121810056269169,0.03341994434595108,0.0231486726552248,0.021195504814386368,0.035663243383169174,0.03426497429609299,0.0266659464687109,0.0231486726552248,0.022781962528824806,0.021782588213682175,0.03341994434595108,0.027594860643148422,0.026830194517970085,0.09730041027069092,0.12432581931352615,0.15237750113010406,0.16824963688850403,000084.tdms,83,830.0
13.270264625549316,796.215877532959,1.3469053506851196,0.17714571672093507,1.3363116979599,0.17714571952819824,3.8298505922665576,-0.016003752047735575,7.543573294888335,9.743731269757005,1.2916599188291225,11.667814686510788,0.015627983957529068,0.010680675506591797,0.011118793860077858,0.015269847586750984,0.012425917200744152,0.010680675506591797,0.01365921925753355,0.021012889221310616,0.01335155125707388,0.014598423615098,0.013832597993314266,0.015050135552883148,0.013125807978212833,0.013113994151353836,0.012644319795072079,0.01365921925753355,0.0141673618927598,0.012816645205020905,0.0236192774027586,0.03522312641143799,0.0822540670633316,0.06685970723628998,0.26473586549211553,1.4303953647613525,0.2647358775138855,3.162195572932434,0.0011684784007598916,5.403103814824641,6.814152610507907,1.2611552255967642,8.067784661520022,0.03220852464437485,0.028316698968410492,0.02002810686826706,0.03555263206362724,0.03714331239461899,0.03233283758163452,0.04335610195994377,0.03607342392206192,0.026966266334056854,0.0433516688644886,0.03306414559483528,0.03352483734488487,0.030802540481090546,0.03189341723918915,0.03917427733540535,0.04335610195994377,0.031171726062893867,0.03381168097257614,0.1313287615776062,0.17815233767032623,0.22124171257019043,0.25088319182395935,0.15762996456350697,1.5809601545333862,0.15762996673583984,3.8776616349079687,-0.006542938991594761,10.029566135545497,12.937514221378173,1.2899375752184037,15.475637192524143,0.013596895150840282,0.01161279808729887,0.013052097521722317,0.014898581430315971,0.013021498918533325,0.012318171560764313,0.01511899009346962,0.01677142269909382,0.01368456706404686,0.014346655458211899,0.01484681386500597,0.015469842590391636,0.012379367835819721,0.012363938614726067,0.01408987957984209,0.01511899009346962,0.01397550106048584,0.014881156384944916,0.026251863688230515,0.040249455720186234,0.06278018653392792,0.06368651986122131,0.2315486242793399,1.7130309343338013,0.23154862225055695,3.507648577142256,-0.005416499567456951,7.398147752617193,9.43292447871323,1.2750386710479267,11.221971103652761,0.023381097242236137,0.021924251690506935,0.0161506999284029,0.02662341110408306,0.022839730605483055,0.021924251690506935,0.027471838518977165,0.02530513145029545,0.021713247522711754,0.03567888215184212,0.026735540479421616,0.034618645906448364,0.02060137502849102,0.02070983126759529,0.024750877171754837,0.027471838518977165,0.025644179433584213,0.025911012664437294,0.09506281465291977,0.12183952331542969,0.1423356831073761,0.1576806753873825,000085.tdms,84,840.0
13.217212677001953,793.0327606201172,1.9073486328125e-06,0.17778240854305236,1.1752558946609497,0.17778240144252777,3.796876908977449,-0.012108587291948079,6.610642213098075,8.534603411911402,1.2910399832260266,10.21874626955732,0.01436448935419321,0.011783520691096783,0.011031302623450756,0.015607231296598911,0.013907727785408497,0.011783520691096783,0.014293641783297062,0.01358041912317276,0.014816869050264359,0.015750300139188766,0.016610531136393547,0.01563098095357418,0.01358041912317276,0.013254665769636631,0.014300008304417133,0.014293641783297062,0.015705721452832222,0.014634490013122559,0.02803448960185051,0.04172889143228531,0.09491880238056183,0.08518336713314056,0.2618426840833654,1.5764535665512085,0.2618426978588104,3.143426648170784,0.003239350780689759,6.020613377341097,7.586820444498118,1.260140781178796,8.979337666057384,0.03398299589753151,0.024067195132374763,0.026453346014022827,0.026397496461868286,0.027923177927732468,0.022795213386416435,0.06613626331090927,0.025109676644206047,0.031304217875003815,0.03941240906715393,0.04450255259871483,0.033100344240665436,0.042165644466876984,0.03836752474308014,0.032232616096735,0.06613626331090927,0.038946542888879776,0.03713067248463631,0.12118406593799591,0.17393502593040466,0.2193826138973236,0.24638085067272186,0.16259467778041065,1.4558844566345215,0.16259467601776123,3.985315332069145,-0.006143843352748407,8.954072030578642,11.585432031951651,1.2938729990541478,13.880804324468533,0.015236320905387402,0.01421181671321392,0.011816137470304966,0.01404472254216671,0.014144165441393852,0.012515565380454063,0.015914499759674072,0.01430442277342081,0.013540039770305157,0.018360216170549393,0.017492491751909256,0.017567293718457222,0.01364950928837061,0.016087589785456657,0.014752216637134552,0.016934135928750038,0.016246313229203224,0.01715320535004139,0.03187914565205574,0.04589983820915222,0.07724713534116745,0.07983924448490143,0.232786213587736,2.7465474605560303,0.23278620839118958,3.7665354903661905,-0.002785396929580967,11.79858299263444,15.088173030255229,1.278812298025483,17.9705774981869,0.02359376847743988,0.021000321954488754,0.017912881448864937,0.022414173930883408,0.022118907421827316,0.021000321954488754,0.03321808949112892,0.022261207923293114,0.021025395020842552,0.04017754644155502,0.026966579258441925,0.02752568945288658,0.024121880531311035,0.022768093273043633,0.02621757984161377,0.03321808949112892,0.027396729215979576,0.03587328642606735,0.08250923454761505,0.12016741186380386,0.15236346423625946,0.16863565146923065,000086.tdms,85,850.0
13.270264625549316,796.215877532959,0.017252013087272644,0.17948799875579172,1.1563435792922974,0.17948800325393677,3.767451941552372,-0.009383969922192663,6.442456249487736,8.30537568811537,1.2891629165158494,9.936157953600018,0.013811508193612099,0.013992631807923317,0.011517707258462906,0.014464854262769222,0.014523550868034363,0.013992631807923317,0.015358585864305496,0.014803005382418633,0.012979833409190178,0.014284499920904636,0.0157577283680439,0.015522058121860027,0.014359159395098686,0.01389690488576889,0.015792811289429665,0.015358585864305496,0.01661067269742489,0.015999147668480873,0.02813737839460373,0.043269552290439606,0.09755490720272064,0.08719734847545624,0.26300407897665246,1.8057609796524048,0.2630040645599365,3.169628736348178,0.005193700163217139,6.865904843296011,8.661816209561476,1.2615695101016473,10.256206472732485,0.03145308047533035,0.024894028902053833,0.022689243778586388,0.026671215891838074,0.033724360167980194,0.02248387411236763,0.05845450609922409,0.03693358600139618,0.03264307230710983,0.04149710014462471,0.03548010438680649,0.029148919507861137,0.03693358600139618,0.028071705251932144,0.03015676513314247,0.05845450609922409,0.034907661378383636,0.043467018753290176,0.1197991669178009,0.18943417072296143,0.2162018120288849,0.2545648515224457,0.17405558288157624,1.613507866859436,0.1740555763244629,4.401726904827685,-0.00545994330290468,9.270072468501242,12.115692274090417,1.3069684530793366,14.579607272718704,0.01522232685238123,0.014443826861679554,0.011866732500493526,0.015844309702515602,0.016135025769472122,0.014173725619912148,0.029693039134144783,0.015939071774482727,0.01518542692065239,0.021763673052191734,0.02731003239750862,0.015784621238708496,0.015177177265286446,0.015029650181531906,0.017140669748187065,0.029693039134144783,0.022884082049131393,0.01693762093782425,0.04188422113656998,0.05350692570209503,0.0818658322095871,0.0842246562242508,0.24324343814408883,2.3990352153778076,0.24324344098567963,3.944247344393932,0.006904602066593073,9.862692427315157,12.683211603387893,1.2859786206311357,15.141449668597462,0.024091914296150208,0.019803287461400032,0.01743987761437893,0.025435185059905052,0.027304282411932945,0.021272169426083565,0.04138121008872986,0.02641851082444191,0.02489040419459343,0.03157142922282219,0.040477167814970016,0.02840368077158928,0.02641851082444191,0.02172546088695526,0.02562938630580902,0.04138121008872986,0.031632035970687866,0.030134381726384163,0.09555403888225555,0.13582377135753632,0.163244366645813,0.17976275086402893,000087.tdms,86,860.0
13.270264625549316,796.215877532959,0.0,0.18007776132079367,1.2746798992156982,0.18007776141166687,3.7845968451074983,-0.010648302278398072,7.0784970329843295,9.133695567683183,1.2903439141278232,10.93301806042008,0.01457907259464264,0.014166407287120819,0.012948323972523212,0.014706667512655258,0.015094230882823467,0.014166407287120819,0.014249714091420174,0.016123222187161446,0.014080705121159554,0.016247238963842392,0.014564042910933495,0.015992971137166023,0.014350096695125103,0.013505774550139904,0.015823878347873688,0.01375665981322527,0.01633785478770733,0.016053825616836548,0.027844343334436417,0.04344417154788971,0.09670278429985046,0.08854639530181885,0.26669089249499717,1.5994651317596436,0.2666908800601959,3.154814538312521,0.007617190741912462,5.997449394675702,7.561493449066746,1.2607848689443781,8.951321544712092,0.029301747679710388,0.023245781660079956,0.022108687087893486,0.027095187455415726,0.041754722595214844,0.021979473531246185,0.056935448199510574,0.03633894771337509,0.03470968082547188,0.05023924633860588,0.049705009907484055,0.031172722578048706,0.03633894771337509,0.028177103027701378,0.029020750895142555,0.056935448199510574,0.030737048014998436,0.04040255770087242,0.1287287175655365,0.18448692560195923,0.2338581532239914,0.25952428579330444,0.17768265946430456,2.039363145828247,0.17768265306949615,4.293484233398535,0.00283864054530593,11.477558654157491,14.948653107447319,1.3024244578382094,17.96338033522956,0.016832375898957253,0.014426599256694317,0.012915359809994698,0.016802197322249413,0.016135573387145996,0.014426599256694317,0.019253985956311226,0.015443563461303711,0.014082054607570171,0.018386192619800568,0.03339101001620293,0.02054869942367077,0.015443563461303711,0.01532177347689867,0.01956288330256939,0.019253985956311226,0.02135211043059826,0.01727069914340973,0.04825577512383461,0.056337788701057434,0.08273433148860931,0.08822063356637955,0.24375933818780426,2.267321825027466,0.24375933408737183,3.830919931811991,0.002164182522444764,9.301476783960617,11.939912084455923,1.28365767735345,14.243297495985686,0.02480137161910534,0.02141975425183773,0.01641234941780567,0.021998990327119827,0.021751876920461655,0.02023967355489731,0.035573311150074005,0.025222372263669968,0.025354895740747452,0.049982745200395584,0.03728904202580452,0.026008225977420807,0.025222372263669968,0.02162848971784115,0.025621891021728516,0.035573311150074005,0.036354999989271164,0.03269150108098984,0.08625118434429169,0.12400080263614655,0.15775232017040253,0.1796029508113861,000088.tdms,87,870.0
13.269044876098633,796.142692565918,9.5367431640625e-07,0.18117505571238957,1.1064233779907227,0.18117505311965942,3.7621023163901643,-0.010067343869464916,6.106929972452385,7.87263374291431,1.289131163846122,9.418879432872473,0.014100155793130398,0.01411113515496254,0.012892309576272964,0.01573345623910427,0.014847954735159874,0.01411113515496254,0.01638071797788143,0.017684444785118103,0.014466911554336548,0.013729027472436428,0.015272227115929127,0.017239101231098175,0.017684444785118103,0.01626015082001686,0.015063514932990074,0.01638071797788143,0.014790286310017109,0.014976020902395248,0.02928147092461586,0.04463838413357735,0.09686948359012604,0.08802028000354767,0.2618068290646309,1.388522744178772,0.26180681586265564,3.159384031469487,0.005865715872011295,5.303615452429603,6.68865664731586,1.2611503807750175,7.919640160907705,0.03447790443897247,0.023019103333353996,0.0239877812564373,0.02693517506122589,0.03461261838674545,0.022196577861905098,0.047685857862234116,0.032804522663354874,0.037372197955846786,0.04091101139783859,0.0338846780359745,0.029079746454954147,0.032804522663354874,0.023668956011533737,0.02916031889617443,0.047685857862234116,0.031550031155347824,0.03582990542054176,0.11710669845342636,0.1671505570411682,0.22307977080345154,0.2464832365512848,0.17963366116552346,1.5068315267562866,0.17963366210460663,4.0541708168672885,-0.009555946100657037,8.388358378821977,10.895963240553314,1.2989386896084778,13.081586335347268,0.015370508655905724,0.014521516859531403,0.012811451219022274,0.019315341487526894,0.014225965365767479,0.013621587306261063,0.021723778918385506,0.01609014719724655,0.014985444024205208,0.028610114008188248,0.017443129792809486,0.018587175756692886,0.01518489234149456,0.017436327412724495,0.01667330600321293,0.021723778918385506,0.015295682474970818,0.017629079520702362,0.044110748916864395,0.056458793580532074,0.08134336769580841,0.08828191459178925,0.24291729182827584,2.2535970211029053,0.24291729927062988,3.661599306962954,-0.003285197039886767,9.277219436054095,11.875799558910623,1.28010333707939,14.153396958445017,0.021040499210357666,0.02209583669900894,0.01725960336625576,0.026001030579209328,0.022136546671390533,0.02209583669900894,0.029243364930152893,0.02253134921193123,0.024029290303587914,0.04010721296072006,0.032249536365270615,0.024288512766361237,0.02253134921193123,0.020938238129019737,0.02776181697845459,0.037142492830753326,0.02701685205101967,0.03165838122367859,0.08514461666345596,0.12227946519851685,0.15053920447826385,0.175908163189888,000089.tdms,88,880.0
17.55518341064453,1053.3110046386719,3.814697265625e-06,0.2123025506270887,1.793988585472107,0.2123025506734848,3.7763822600008456,-0.006709869762237679,8.450150882187298,10.86848810589597,1.286188644134919,12.984933591337613,0.01710880920290947,0.013311484828591347,0.012403092347085476,0.01729462668299675,0.015202685259282589,0.013311484828591347,0.015545840375125408,0.015161490999162197,0.013523871079087257,0.028134318068623543,0.020222406834363937,0.02230474166572094,0.015161490999162197,0.016501670703291893,0.06480370461940765,0.01920383796095848,0.016867294907569885,0.015384373255074024,0.042738351970911026,0.06537513434886932,0.0555383525788784,0.08139361441135406,0.40806193853273354,2.503990411758423,0.4080619513988495,3.1488635500758058,-0.00010470695853811724,6.136299848895513,7.725576271421769,1.258995887042957,9.137459296230942,0.08846350759267807,0.042440153658390045,0.04869130998849869,0.04324593394994736,0.07818629592657089,0.042440153658390045,0.0683535784482956,0.0503227561712265,0.054380763322114944,0.12109476327896118,0.06840665638446808,0.04580048471689224,0.06086046248674393,0.04873808100819588,0.13235372304916382,0.10731898993253708,0.056717485189437866,0.06111740320920944,0.42159339785575867,0.6599655151367188,0.6984958648681641,0.8037197589874268,0.5740286324218267,140.99745178222656,0.5740286111831665,4189.727380575558,-12.737833406500227,245.62790742224539,496.28661767602944,2.020481397591726,702.5211879504125,0.06617830693721771,0.04704125225543976,0.04327761009335518,0.11220874637365341,0.05797634646296501,0.04704125225543976,0.10755208134651184,0.06437493115663528,0.057421401143074036,0.3536945879459381,0.1874629259109497,0.3428539037704468,0.06607355922460556,0.09523612260818481,0.1547248512506485,0.1939953714609146,0.13421611487865448,0.1196020096540451,3.7713916301727295,2.1923539638519287,1.1222774982452393,0.9877025485038757,0.7748878059393618,13.297558784484863,0.7748878002166748,25.662189541829154,0.01894384047885531,17.160624651158148,30.377458025834372,1.770183699215415,41.182543362825406,0.08933185786008835,0.054776374250650406,0.0458955354988575,0.14416277408599854,0.07224597781896591,0.05225197598338127,0.1219819188117981,0.07720470428466797,0.08589951694011688,0.4750497043132782,0.2500839829444885,0.4564971327781677,0.07720470428466797,0.09907612204551697,0.1867307871580124,0.2790520191192627,0.15998272597789764,0.11366818845272064,6.388994216918945,3.0906920433044434,1.4004660844802856,1.3370096683502197,000090.tdms,89,890.0
17.58919906616211,1055.3519439697266,3.814697265625e-06,0.20725350775528403,1.2586450576782227,0.20725350081920624,3.4882784936633815,-0.0025084311744248554,6.072973486964458,7.752080957831648,1.2764885232038914,9.231339464847386,0.016901513561606407,0.01268376037478447,0.01262433361262083,0.014718967489898205,0.014637849293649197,0.01268376037478447,0.014530415646731853,0.013440554961562157,0.013982042670249939,0.016823068261146545,0.017157120630145073,0.015080476179718971,0.015433409251272678,0.015317865647375584,0.06400888413190842,0.014295302331447601,0.015229299664497375,0.016482476145029068,0.03042466565966606,0.05501662939786911,0.04924380034208298,0.07851972430944443,0.4051244438859653,2.1075098514556885,0.4051244556903839,3.021518112094254,0.006919301372337145,5.202129575891282,6.524102757417335,1.2541215404653887,7.703142655011107,0.10120812803506851,0.035185039043426514,0.05068989470601082,0.035380296409130096,0.16090041399002075,0.035185039043426514,0.06468098610639572,0.055718306452035904,0.04855276271700859,0.10049336403608322,0.05625035986304283,0.05139521136879921,0.05727379396557808,0.06179365888237953,0.1301603466272354,0.09141256660223007,0.04266340658068657,0.04401543363928795,0.39798903465270996,0.5935267210006714,0.7288639545440674,0.7982276678085327,0.1910128345558717,1.8832334280014038,0.19101282954216003,3.9808728910218534,0.003945105376950913,9.859198374706876,12.71032082026456,1.2891840023091583,15.199442438140833,0.015791766345500946,0.012810413725674152,0.012457656674087048,0.015265009365975857,0.01919911988079548,0.014234896749258041,0.013576513156294823,0.015201771631836891,0.015551095828413963,0.027117591351270676,0.023886170238256454,0.01787148043513298,0.015201771631836891,0.013632851652801037,0.04739877209067345,0.020239153876900673,0.019492527469992638,0.015610906295478344,0.037918735295534134,0.05505618453025818,0.05497905611991882,0.08036884665489197,0.34834864599658216,3.9363162517547607,0.3483486473560333,3.7502328388571664,-0.00132734940067629,11.299932688107484,14.464174788475956,1.2800230928542302,17.232989495599885,0.04359719529747963,0.02517923340201378,0.0223404448479414,0.03280327841639519,0.047039467841386795,0.025927811861038208,0.02657177671790123,0.03063269890844822,0.02843327447772026,0.07773233205080032,0.03856237605214119,0.0334528312087059,0.03138313442468643,0.026591192930936813,0.06655208766460419,0.054111458361148834,0.030667385086417198,0.031157303601503372,0.14252668619155884,0.18923580646514893,0.2077115774154663,0.2957215905189514,000091.tdms,90,900.0
17.55518341064453,1053.3110046386719,3.814697265625e-06,0.2063573991142666,1.254367709159851,0.20635740458965302,3.49354619152851,-0.007114907229349222,6.078617556452474,7.7611654952123805,1.2767977954089045,9.243431910989392,0.015167169272899628,0.013241499662399292,0.010971182957291603,0.015947850421071053,0.014329854398965836,0.012948357500135899,0.016367090865969658,0.014480188488960266,0.013722716830670834,0.017648758366703987,0.016412511467933655,0.01658456400036812,0.014480188488960266,0.01617095060646534,0.07142426818609238,0.015043203718960285,0.014294087886810303,0.01474125124514103,0.028935959562659264,0.05664273723959923,0.05064748227596283,0.07952983677387238,0.41812148823995376,2.110485792160034,0.41812148690223694,3.0325611003516553,0.01156029352728444,5.047542045839217,6.334955773666085,1.2550575539807751,7.483148505898359,0.10854518413543701,0.036664653569459915,0.04641493409872055,0.03797963634133339,0.07756038010120392,0.0354611799120903,0.07758535444736481,0.06250780820846558,0.06692906469106674,0.11152863502502441,0.081240214407444,0.06009664386510849,0.07760126888751984,0.05772377923130989,0.1079593151807785,0.11408644914627075,0.05567140132188797,0.06682988256216049,0.44024205207824707,0.6472724676132202,0.7905477285385132,0.8947933912277222,0.17276416875310538,2.2240476608276367,0.17276416718959808,3.70906885400255,0.013059793369003234,12.873315554257024,16.477232778334304,1.2799525272947665,19.633226773690648,0.01641175150871277,0.016782034188508987,0.010914507322013378,0.01185220293700695,0.012430703267455101,0.011526686139404774,0.015828367322683334,0.014534146524965763,0.019084161147475243,0.02525205723941326,0.020766275003552437,0.013975935988128185,0.015016552060842514,0.014602327719330788,0.051183927804231644,0.018697109073400497,0.016951702535152435,0.013698941096663475,0.02750333771109581,0.046914130449295044,0.04700995236635208,0.06976543366909027,0.3196072956615273,4.789391994476318,0.31960728764533997,3.7490378592402958,-0.0008948068213275813,14.985239884975632,18.959153168598267,1.265188499758814,22.46143980107051,0.05407676100730896,0.02467498928308487,0.020537519827485085,0.025626927614212036,0.035930126905441284,0.026387158781290054,0.03166097775101662,0.03482592850923538,0.0273525882512331,0.08946710079908371,0.03611288219690323,0.025215890258550644,0.030975844711065292,0.029865015298128128,0.046984054148197174,0.053829822689294815,0.025227004662156105,0.02779209613800049,0.12300270795822144,0.1744072288274765,0.19930200278759003,0.280922532081604,000092.tdms,91,910.0
17.55518341064453,1053.3110046386719,3.814697265625e-06,0.2079134982491333,1.287695288658142,0.20791350305080414,3.5263317542171504,-0.0036321140211417464,6.193418414398257,7.9189794298055585,1.2786120523353908,9.436858997496417,0.014922292903065681,0.013513102196156979,0.012189642526209354,0.01607324928045273,0.013569893315434456,0.013513102196156979,0.014315057545900345,0.015159242786467075,0.013159834779798985,0.021471306681632996,0.016681570559740067,0.014638759195804596,0.015159242786467075,0.01399157289415598,0.06744302064180374,0.018184209242463112,0.015074796974658966,0.01620129868388176,0.031227126717567444,0.05925803259015083,0.05067448690533638,0.08086232841014862,0.4233269255007979,2.1262238025665283,0.42332693934440613,3.043158352631377,-0.0017585985437742558,5.022651937509514,6.304134070215263,1.2551405410228713,7.445366444090616,0.08779221773147583,0.04123323783278465,0.04740278050303459,0.0431809164583683,0.11233793944120407,0.04123323783278465,0.06698789447546005,0.04609619081020355,0.06548628956079483,0.09362536668777466,0.07915730029344559,0.04794696718454361,0.060250405222177505,0.0618964359164238,0.1672230362892151,0.1457822024822235,0.06793828308582306,0.06343358755111694,0.4592774510383606,0.7174579501152039,0.7876130938529968,0.9085692167282104,0.19413610948189045,2.221968650817871,0.1941361129283905,4.418858476643077,0.006956177001094346,11.445416603577,14.818108100373012,1.2946761672040803,17.73053412604043,0.020386584103107452,0.012728964909911156,0.012794071808457375,0.017978576943278313,0.019914982840418816,0.012728964909911156,0.01741078868508339,0.015500953420996666,0.01616370677947998,0.05366558954119682,0.0332159548997879,0.03030598908662796,0.015500953420996666,0.016477758064866066,0.04800112172961235,0.020756825804710388,0.018742837011814117,0.01702634058892727,0.05593788996338844,0.06672191619873047,0.06191982328891754,0.08455431461334229,0.35811547691106277,5.3823699951171875,0.35811546444892883,5.1754868671453265,0.013700194463623453,15.029705059225597,19.32961038074231,1.286093792564301,23.021390147606684,0.04101678729057312,0.023423073813319206,0.02389674261212349,0.03154005482792854,0.03583246469497681,0.02985106222331524,0.03671179711818695,0.032444123178720474,0.04405586048960686,0.0943448469042778,0.050111040472984314,0.04133237525820732,0.03917991369962692,0.032982390373945236,0.06731239706277847,0.039382707327604294,0.0384199321269989,0.03644478693604469,0.18441715836524963,0.23224663734436035,0.25014254450798035,0.33823448419570923,000093.tdms,92,920.0
17.554378509521484,1053.262710571289,1.9073486328125e-06,0.20743198118715717,1.2403364181518555,0.20743198692798615,3.4794827074589723,-0.006636021998713899,5.979484990951091,7.6356573232624845,1.2769757487171087,9.097462859645555,0.014238471165299416,0.01332222018390894,0.01190556213259697,0.015279028564691544,0.012815210968255997,0.013086847960948944,0.015215161256492138,0.014398408122360706,0.013398298062384129,0.016865435987710953,0.018728474155068398,0.016355587169528008,0.014398408122360706,0.014350669458508492,0.06549283117055893,0.01857544481754303,0.016304519027471542,0.014428691938519478,0.030193757265806198,0.05641108378767967,0.05146641656756401,0.07927396148443222,0.4280236715985638,2.1420605182647705,0.42802366614341736,3.065477524675197,0.005951085448346732,5.004537506686717,6.291791819349803,1.2572174373642213,7.438572485035305,0.10223998874425888,0.040105611085891724,0.05138758197426796,0.0498884879052639,0.10518572479486465,0.040105611085891724,0.059170812368392944,0.05992133170366287,0.06700611114501953,0.10518330335617065,0.08549749851226807,0.05089656263589859,0.07859016209840775,0.05585857853293419,0.16789357364177704,0.09233105927705765,0.06499065458774567,0.06779904663562775,0.517608642578125,0.7386847734451294,0.8353114128112793,0.9405663013458252,0.17662031927574887,1.1823058128356934,0.17662031948566437,3.4592750483889296,-0.0006815706957976738,6.694053196618991,8.534534157896282,1.27494268527876,10.157785713472055,0.01983918994665146,0.011273573152720928,0.01167510636150837,0.012553389184176922,0.015833163633942604,0.011665014550089836,0.014806048013269901,0.014862961135804653,0.018514856696128845,0.019938964396715164,0.023521773517131805,0.018163496628403664,0.01663539744913578,0.014958414249122143,0.05271133780479431,0.020245421677827835,0.02090795710682869,0.013166213408112526,0.027732763439416885,0.05131043121218681,0.04934552311897278,0.07359187304973602,0.32928923284638506,2.08854079246521,0.3292892277240753,3.1292036984301976,0.0002597246107710122,6.342572377516892,7.989087021903134,1.25959729686693,9.453662728585668,0.04838724434375763,0.021338598802685738,0.019107947126030922,0.023241570219397545,0.04026211053133011,0.025287585332989693,0.02739233523607254,0.02770158275961876,0.03540067747235298,0.07499833405017853,0.05678181350231171,0.02467740885913372,0.030470961704850197,0.026681656017899513,0.06154840067028999,0.05382361263036728,0.04216431826353073,0.02881929650902748,0.11783455312252045,0.19672387838363647,0.19895829260349274,0.2949175238609314,000094.tdms,93,930.0
17.58919906616211,1055.3519439697266,3.814697265625e-06,0.21138197376741683,1.4590671062469482,0.2113819718360901,3.530764018824014,-0.0067352606042473855,6.902514345203139,8.824819869421667,1.278493521068076,10.516607411637654,0.015204980969429016,0.014032557606697083,0.01232676487416029,0.015410732477903366,0.014113708399236202,0.014032557606697083,0.014747614972293377,0.013304066844284534,0.014255519956350327,0.02432318963110447,0.01928219571709633,0.016621414572000504,0.01359410397708416,0.015012212097644806,0.0694170668721199,0.020231731235980988,0.015694862231612206,0.01534256897866726,0.033854253590106964,0.06338806450366974,0.05499710142612457,0.08411577343940735,0.4469690797382241,2.3713841438293457,0.44696909189224243,2.9957392699680345,0.00646158371740607,5.30547693638717,6.647191182818281,1.2528922964925315,7.843435283014285,0.10841218382120132,0.037040092051029205,0.041710756719112396,0.04776937887072563,0.12390001863241196,0.037040092051029205,0.06822195649147034,0.057889025658369064,0.08063305914402008,0.14265097677707672,0.0996713787317276,0.05280642956495285,0.057889025658369064,0.055637240409851074,0.1503710001707077,0.13547278940677643,0.07961033284664154,0.05524766817688942,0.5339049696922302,0.7896280288696289,0.8853867053985596,0.9936982989311218,0.2605814634867418,85.44498443603516,0.26058146357536316,17178.133775521423,-44.322375092155156,327.9012378422018,502.8590511222107,1.533568627039478,610.0832688330713,0.03715373948216438,0.025653105229139328,0.02044094353914261,0.0438239611685276,0.0314224548637867,0.02533329278230667,0.04343736171722412,0.035633936524391174,0.032712601125240326,0.1299971640110016,0.07146488130092621,0.07292158156633377,0.03784915432333946,0.035541366785764694,0.05696558952331543,0.06093495711684227,0.046279195696115494,0.04182706028223038,0.396342933177948,0.37762564420700073,0.30259108543395996,0.31387537717819214,0.4874423640977305,98.38848876953125,0.48744237422943115,4252.119088203591,-15.277695485440017,201.8464048598876,313.3511112562263,1.552423544396246,378.10119922431176,0.07500556856393814,0.03723027929663658,0.03344491124153137,0.06913890689611435,0.046914346516132355,0.038059283047914505,0.06213723495602608,0.06257454305887222,0.04725169017910957,0.15730158984661102,0.10567229986190796,0.10850834101438522,0.06257454305887222,0.0616932176053524,0.08130297064781189,0.06783165037631989,0.06381063908338547,0.06865180283784866,0.7881425619125366,0.8759726881980896,0.7141099572181702,0.7419998645782471,000095.tdms,94,940.0
13.270264625549316,796.215877532959,0.019217465072870255,0.19191379790129648,2.1010096073150635,0.19191381335258484,4.356492454862222,-0.015655010173749078,10.947673540365438,14.188242373623277,1.2960052490887182,16.994664050822234,0.014974512159824371,0.013099780306220055,0.01260974071919918,0.018347768113017082,0.01587398163974285,0.013831871561706066,0.01593577302992344,0.01620802842080593,0.014400131069123745,0.016726113855838776,0.0171608105301857,0.016723791137337685,0.01620802842080593,0.014467807486653328,0.016718924045562744,0.01610492169857025,0.017339929938316345,0.01632818579673767,0.037677302956581116,0.05866114795207977,0.1103663295507431,0.10186666995286942,0.29973519479746563,1.9447669982910156,0.2997351884841919,3.166708382932326,0.00012552481444664447,6.488283765291947,8.178019266776687,1.2604287300940373,9.676281521297405,0.03855461627244949,0.02852003648877144,0.024223268032073975,0.035548191517591476,0.036775555461645126,0.02852003648877144,0.06777632981538773,0.0368276946246624,0.03314831852912903,0.06712613254785538,0.06077732890844345,0.04208984971046448,0.0368276946246624,0.0313364677131176,0.039818428456783295,0.06777632981538773,0.037555620074272156,0.055724430829286575,0.1857164353132248,0.27405139803886414,0.2977028489112854,0.3389231562614441,1.0003642372544783,36.16123580932617,1.0003641843795776,536.7567216006155,-21.83077526928721,36.148069335796606,177.8668836773012,4.920508534633236,266.2886330242812,0.16614258289337158,0.0875367522239685,0.06050021946430206,0.24398887157440186,0.14823110401630402,0.0875367522239685,0.3034333884716034,0.15873819589614868,0.09512051939964294,0.4810941815376282,0.5066141486167908,0.5101936459541321,0.15333813428878784,0.2000836879014969,0.23199449479579926,0.3034333884716034,0.29308152198791504,0.3270699977874756,19.18529510498047,13.022120475769043,5.832234859466553,3.5899343490600586,0.4651988780639138,54.70442199707031,0.4651988744735718,3733.0564975410775,-42.202020363715924,117.59362409630415,248.19601307251406,2.110624746706098,307.9449140190835,0.080426424741745,0.048694439232349396,0.03504285216331482,0.10147886723279953,0.06573901325464249,0.048694439232349396,0.11160744726657867,0.08212713152170181,0.058833662420511246,0.1890629231929779,0.16601236164569855,0.1582983136177063,0.07377858459949493,0.08372268080711365,0.08678490668535233,0.1160406842827797,0.12089265882968903,0.12368475645780563,2.713585615158081,2.346728563308716,1.3422095775604248,1.0796923637390137,000096.tdms,95,950.0
13.270264625549316,796.215877532959,0.0,0.18811865905201364,1.1370371580123901,0.18811866641044617,3.682269912151586,-0.01175235713234258,6.044255066149533,7.769675879256786,1.2854645931093085,9.28364053386054,0.015380178578197956,0.013175827451050282,0.012194156646728516,0.015420007519423962,0.016525115817785263,0.015149159356951714,0.015001772902905941,0.015661338344216347,0.014272553846240044,0.016121456399559975,0.017845219001173973,0.01661474071443081,0.015226438641548157,0.015335232019424438,0.015652677044272423,0.015001772902905941,0.016025641933083534,0.0148195531219244,0.03206366300582886,0.04856744781136513,0.10119986534118652,0.0959382951259613,0.3019044020058913,1.7191648483276367,0.3019044101238251,3.1306901460174354,-0.006091774136802296,5.694401396287323,7.173192720239503,1.2596921469070186,8.48783591531798,0.038567740470170975,0.026598148047924042,0.02500264346599579,0.03357617184519768,0.047680795192718506,0.026598148047924042,0.0631428062915802,0.037038400769233704,0.03972899168729782,0.05998972803354263,0.05493096634745598,0.04089716076850891,0.037038400769233704,0.03525388240814209,0.04669834300875664,0.0631428062915802,0.0386652871966362,0.03975043445825577,0.16871359944343567,0.2684447169303894,0.2962552011013031,0.33300840854644775,0.17402452453547781,1.869476318359375,0.1740245223045349,4.0940362254562315,-0.00348774116564521,10.742602649537773,13.859658433474465,1.290158342966433,16.570009192703996,0.015808764845132828,0.014415256679058075,0.013367759995162487,0.018724434077739716,0.016183670610189438,0.014488649554550648,0.01761181466281414,0.016370946541428566,0.015189411118626595,0.021530408412218094,0.019116679206490517,0.01760151796042919,0.016128385439515114,0.016523659229278564,0.017156952992081642,0.02209620177745819,0.01690754108130932,0.017842691391706467,0.038172923028469086,0.05537984520196915,0.08256872743368149,0.09368529915809631,0.25235978657222025,1.7989023923873901,0.2523597776889801,3.3957383975724427,-0.010084823154841036,7.128324273933322,9.059648304417605,1.2709366123461443,10.765052303415615,0.025357864797115326,0.023562321439385414,0.021077167242765427,0.028803903609514236,0.023738276213407516,0.023562321439385414,0.0324464775621891,0.024180326610803604,0.022064710035920143,0.041289836168289185,0.04476364329457283,0.029203513637185097,0.024180326610803604,0.026384828612208366,0.030129041522741318,0.035395435988903046,0.03410504758358002,0.04019708186388016,0.11794614046812057,0.16012226045131683,0.17341482639312744,0.20596355199813843,000097.tdms,96,960.0
13.270264625549316,796.215877532959,0.0,0.18840912121261538,1.2531884908676147,0.18840911984443665,3.751622297320755,-0.008716698149349124,6.651421559646362,8.564925401178904,1.2876834409566842,10.239775953427598,0.01573878340423107,0.013485582545399666,0.01490264106541872,0.015683794394135475,0.014620130881667137,0.014561330899596214,0.016805609688162804,0.017700986936688423,0.014058662578463554,0.016129322350025177,0.015883535146713257,0.01577812246978283,0.015730049461126328,0.016147449612617493,0.014637741260230541,0.016805609688162804,0.0166166964918375,0.017191696912050247,0.03277330473065376,0.050484396517276764,0.10557723790407181,0.09783416241407394,0.30091352155311807,1.7311733961105347,0.3009135127067566,3.138703627658595,0.002853337273194419,5.753059507513501,7.248155364228338,1.259878392490507,8.576847140858975,0.03432475030422211,0.039161793887615204,0.02602691762149334,0.03856777772307396,0.04530565068125725,0.039161793887615204,0.05732419341802597,0.0321187861263752,0.03575994819402695,0.05175552889704704,0.07289589196443558,0.038780540227890015,0.0321187861263752,0.03647729381918907,0.05018976330757141,0.05732419341802597,0.03976183012127876,0.04245130717754364,0.1733112782239914,0.2655561566352844,0.2850456237792969,0.34681665897369385,0.18210414482929463,1.5940521955490112,0.18210414052009583,3.778332621298016,-0.007017870974927155,8.7535195700421,11.248667668136905,1.2850451270634227,13.431479286657039,0.016536524519324303,0.016749341040849686,0.013951999135315418,0.017923938110470772,0.015470131300389767,0.015552227385342121,0.019888168200850487,0.017079753801226616,0.015128918923437595,0.020240796729922295,0.021459495648741722,0.02111971750855446,0.01564834453165531,0.01684248261153698,0.019418103620409966,0.019888168200850487,0.02360403537750244,0.01704501174390316,0.042861003428697586,0.05912494659423828,0.08607523143291473,0.10014595836400986,0.25986582035514394,1.714241862297058,0.25986582040786743,3.3410668423428,-0.00787502065437818,6.596642297760823,8.373048061708573,1.269289387504115,9.944367854626963,0.029455330222845078,0.022823452949523926,0.019512414932250977,0.02758880890905857,0.0284271240234375,0.022650910541415215,0.03893484175205231,0.02523145265877247,0.025924919173121452,0.06698153913021088,0.06273723393678665,0.03036065585911274,0.02523145265877247,0.022075144574046135,0.02752198651432991,0.03893484175205231,0.03229287266731262,0.04583059623837471,0.11812660098075867,0.1627814769744873,0.17762689292430878,0.21591347455978394,000098.tdms,97,970.0
13.270264625549316,796.215877532959,0.0,0.20012895368200556,1.3019335269927979,0.2001289576292038,3.6291677842018517,-0.009114042078858858,6.505473111409467,8.347934759605073,1.2832171644771304,9.9669090490624,0.01632736064493656,0.015997719019651413,0.01442734058946371,0.01748727448284626,0.015795288607478142,0.015997719019651413,0.029846247285604477,0.01716725341975689,0.01563345082104206,0.019594956189393997,0.024483364075422287,0.017822016030550003,0.01716725341975689,0.01506693847477436,0.018789708614349365,0.029846247285604477,0.017332211136817932,0.0231003575026989,0.04657591134309769,0.06295568495988846,0.10611319541931152,0.10558217763900757,0.31007520976561975,1.8037652969360352,0.31007522344589233,3.10574428836672,-0.004553152535282827,5.817186411965887,7.319683718385474,1.2582859135008924,8.656267812881989,0.03745125234127045,0.029243338853120804,0.024026615545153618,0.042087770998477936,0.03665744885802269,0.029243338853120804,0.05785322189331055,0.037461478263139725,0.0334671214222908,0.06879041343927383,0.06508884578943253,0.03777679055929184,0.037461478263139725,0.03311280906200409,0.04934248700737953,0.05785322189331055,0.04948849976062775,0.03999891132116318,0.20346125960350037,0.2753324508666992,0.2956661880016327,0.347364604473114,0.290127082595352,2.909850835800171,0.29012706875801086,4.4711279042240655,-0.0001300443440934185,10.029573281370004,13.210823880405167,1.3171870337638747,15.978389366282336,0.02211347036063671,0.0202171728014946,0.02089587412774563,0.02412991411983967,0.023025067523121834,0.02037072367966175,0.02426312305033207,0.023272162303328514,0.01880091428756714,0.059153299778699875,0.062324002385139465,0.034803953021764755,0.022872453555464745,0.024345727637410164,0.02697797119617462,0.032962389290332794,0.023973291739821434,0.026802416890859604,0.17644038796424866,0.13408291339874268,0.13386622071266174,0.1646900177001953,0.3424307476811534,2.5688962936401367,0.3424307405948639,3.7663413914658372,0.002098218287489342,7.501944001921539,9.661477397689191,1.2878631718944464,11.554980477253974,0.029409730806946754,0.027552912011742592,0.022602714598178864,0.03119259886443615,0.03235179930925369,0.027552912011742592,0.03921625763177872,0.030773721635341644,0.02607765607535839,0.11501741409301758,0.05103660374879837,0.04257504269480705,0.030773721635341644,0.027232926338911057,0.03457290306687355,0.03921625763177872,0.0341397300362587,0.037910692393779755,0.18393374979496002,0.20079566538333893,0.22265386581420898,0.2946792244911194,000099.tdms,98,980.0
13.270264625549316,796.215877532959,0.0,0.20061121282709482,1.3486534357070923,0.20061121881008148,3.5703996925577677,-0.007167007882797356,6.72272210860659,8.608273916796685,1.2804744533135122,10.264346431755198,0.015252904035151005,0.01554155070334673,0.013661017641425133,0.01685713790357113,0.016921715810894966,0.01554155070334673,0.017499342560768127,0.017516113817691803,0.015435762703418732,0.019248563796281815,0.022188851609826088,0.018343349918723106,0.017516113817691803,0.01602117158472538,0.019568046554923058,0.01993570849299431,0.0171226616948843,0.019400475546717644,0.04312574490904808,0.05972033739089966,0.10680053383111954,0.10682518780231476,0.31570053282657423,1.652925968170166,0.3157005310058594,3.1014414994443307,0.0005165770358966087,5.235740191411645,6.588199183325937,1.2583128540512332,7.790624757132035,0.036531977355480194,0.026088964194059372,0.02581341192126274,0.03467639908194542,0.04705888032913208,0.026088964194059372,0.09211336821317673,0.0337766632437706,0.038348060101270676,0.06568904966115952,0.06317209452390671,0.04214606434106827,0.03180943801999092,0.03615425527095795,0.0492524690926075,0.09211336821317673,0.05248309299349785,0.04970894753932953,0.19826377928256989,0.2812681794166565,0.3111620545387268,0.3699459433555603,0.30205559466153037,2.646822452545166,0.30205559730529785,4.2706881268510015,-0.005328655291898106,8.762699646437849,11.445032701658617,1.3061080675418533,13.778538776491795,0.022589195519685745,0.021128125488758087,0.01893503963947296,0.025027809664607048,0.02128862962126732,0.021128125488758087,0.05526173114776611,0.022632045671343803,0.020047439262270927,0.06338677555322647,0.0660066083073616,0.041163332760334015,0.022632045671343803,0.02565135434269905,0.06410583108663559,0.05526173114776611,0.024246996268630028,0.05235382542014122,0.14138735830783844,0.16246414184570312,0.13723909854888916,0.1713981330394745,0.3555040237196363,2.548118829727173,0.35550403594970703,3.596173980960325,-0.0019291988881983352,7.167623035785143,9.184836653544808,1.2814341110977105,10.962109095555576,0.033489760011434555,0.02749721147119999,0.02001608908176422,0.029055586084723473,0.03247961774468422,0.02749721147119999,0.05811863765120506,0.028226438909769058,0.026364849880337715,0.09701310098171234,0.034497909247875214,0.030704887583851814,0.0275132916867733,0.03955255448818207,0.05465221777558327,0.05811863765120506,0.035157885402441025,0.04004201292991638,0.16788950562477112,0.22315722703933716,0.23152218759059906,0.3079536557197571,000100.tdms,99,990.0
13.218019485473633,793.081169128418,9.5367431640625e-07,0.19598296482150912,1.291648268699646,0.19598296284675598,3.61107754810957,-0.00880095589261806,6.590615005115422,8.448243487363118,1.2818596566186713,10.07886422068204,0.013887675479054451,0.012922747991979122,0.014073031023144722,0.01630055531859398,0.01863763853907585,0.012922747991979122,0.021777810528874397,0.017659448087215424,0.01576170325279236,0.01814735122025013,0.01720421202480793,0.017091412097215652,0.017659448087215424,0.017060818150639534,0.016370898112654686,0.021777810528874397,0.017633315175771713,0.016881678253412247,0.036110006272792816,0.056597284972667694,0.10144848376512527,0.10089848935604095,0.3159168720963324,1.7078890800476074,0.31591686606407166,3.096869201400766,-2.626643815835403e-05,5.406134432499767,6.801779205852066,1.2581594650999015,8.043877807563398,0.043922461569309235,0.027016783133149147,0.029998986050486565,0.032033734023571014,0.035348065197467804,0.025338415056467056,0.08858481794595718,0.0452207587659359,0.048986244946718216,0.07015499472618103,0.057681843638420105,0.04129882901906967,0.0452207587659359,0.041393179446458817,0.03877008333802223,0.08858481794595718,0.05879674851894379,0.04299021512269974,0.20299294590950012,0.2840503752231598,0.3146768808364868,0.3395918011665344,0.2832032960036189,2.737807512283325,0.2832033038139343,4.343707842302018,-0.005962806855877572,9.667286895729987,12.666380199013899,1.310231126440305,15.277524651278744,0.023121219128370285,0.019771195948123932,0.01778898388147354,0.02259226143360138,0.019821375608444214,0.017921749502420425,0.0570085234940052,0.020854145288467407,0.019638244062662125,0.051529791206121445,0.08008035272359848,0.042552120983600616,0.020854145288467407,0.02348903939127922,0.02534353919327259,0.0570085234940052,0.0237815510481596,0.03454822674393654,0.1450352519750595,0.12183478474617004,0.11991623044013977,0.14516693353652954,0.33080233743201004,3.213491916656494,0.3308023512363434,3.6863942103271707,-0.004632221728318968,9.714235823127957,12.46202181118852,1.2828617750372653,14.87227162361922,0.02901482954621315,0.026729173958301544,0.022131644189357758,0.03332424536347389,0.02614145539700985,0.02387641929090023,0.0567517951130867,0.030264556407928467,0.029220815747976303,0.0835130512714386,0.05462094023823738,0.03902626037597656,0.030264556407928467,0.027106771245598793,0.034092068672180176,0.0567517951130867,0.037758294492959976,0.037493012845516205,0.15194669365882874,0.18260492384433746,0.20658135414123535,0.26380684971809387,000101.tdms,100,1000.0
17.588003158569336,1055.2801895141602,1.9073486328125e-06,0.2422417379988945,1.4526574611663818,0.2422417402267456,3.426904078461834,-0.0009754004417536079,5.996726547482957,7.642336292865076,1.2744180066160997,9.096050456926433,0.018195273354649544,0.016026774421334267,0.015023503452539444,0.019712356850504875,0.017431648448109627,0.016026774421334267,0.019673176109790802,0.017239101231098175,0.01644352823495865,0.02132071927189827,0.060371022671461105,0.0205417200922966,0.017239101231098175,0.02289438061416149,0.06043781340122223,0.020757386460900307,0.0185324028134346,0.020289642736315727,0.058084145188331604,0.07839237153530121,0.07475930452346802,0.11179757118225098,0.47738882248477976,2.438504219055176,0.47738882899284363,3.0166681339986687,0.0022323562842816854,5.108004427843345,6.405177334039639,1.2539490567246776,7.561629890634539,0.15170800685882568,0.03911120072007179,0.036568284034729004,0.05366969853639603,0.13120590150356293,0.03911120072007179,0.06662502139806747,0.06815673410892487,0.06736733019351959,0.1368018239736557,0.10852134972810745,0.06160048395395279,0.07168363034725189,0.0504726879298687,0.1804281324148178,0.17176559567451477,0.06740648299455643,0.05153486505150795,0.6273583769798279,0.9435875415802002,0.9925413131713867,1.0804893970489502,0.5257419701877709,5.135161876678467,0.5257419943809509,4.648865319236859,0.007655045600287169,9.767456600134896,12.92325604889895,1.323093265520163,15.662165258187736,0.04307934269309044,0.03685608133673668,0.0314028263092041,0.07362731546163559,0.07269908487796783,0.03685608133673668,0.04968549683690071,0.0509604886174202,0.04055294021964073,0.16198882460594177,0.10302939265966415,0.10558542609214783,0.0509604886174202,0.05346737802028656,0.1256662756204605,0.10850641131401062,0.051664333790540695,0.05338287353515625,0.7021862268447876,0.6281923055648804,0.4993346035480499,0.5819926857948303,0.8251671780637501,38.80471420288086,0.825167179107666,13.13920529786704,0.05596144578749483,47.0264877644987,62.2011101010212,1.322682451058532,75.22654071717824,0.08022619038820267,0.06034719944000244,0.05050202086567879,0.11799447238445282,0.11134236305952072,0.06034719944000244,0.08330301195383072,0.0784510150551796,0.07119343429803848,0.17151592671871185,0.1820564717054367,0.17724598944187164,0.0784510150551796,0.07114319503307343,0.2207624316215515,0.14169487357139587,0.08460164815187454,0.08538227528333664,1.5519230365753174,1.5988037586212158,1.3315740823745728,1.4796853065490723,000102.tdms,101,1010.0
17.55518341064453,1053.3110046386719,3.814697265625e-06,0.23413956261012905,1.8523374795913696,0.2341395616531372,3.4920524293385005,-0.006988117764684119,7.911253693916468,10.102069136792915,1.276923927311435,12.031726837712908,0.016431117430329323,0.013982859440147877,0.01328793354332447,0.020767193287611008,0.015708113089203835,0.014344057999551296,0.01772075891494751,0.014510438777506351,0.01554714422672987,0.022575020790100098,0.02315286360681057,0.019048599526286125,0.0147450752556324,0.015448728576302528,0.06655821949243546,0.017397547140717506,0.01712847128510475,0.015680288895964622,0.042220160365104675,0.0703510269522667,0.062472209334373474,0.0965702086687088,0.4684216461908927,2.8400325775146484,0.4684216380119324,3.0443336774369953,-0.0017953188025091513,6.062983213114086,7.611176333072508,1.2553517081508188,8.990074867041026,0.1166323646903038,0.03405673801898956,0.036784008145332336,0.05002273991703987,0.08919992297887802,0.03827681764960289,0.08408432453870773,0.07370628416538239,0.06808526813983917,0.16015709936618805,0.10356166213750839,0.05577255040407181,0.07370628416538239,0.047398097813129425,0.22173894941806793,0.14997906982898712,0.07053080946207047,0.09256276488304138,0.5599343776702881,0.9663447737693787,0.9049916863441467,1.0384926795959473,1.8475645659524755,171.7911376953125,1.8475645780563354,1709.0105534628526,-0.9997550814973071,92.98248129517951,437.68893238174485,4.7072193200810615,635.5352905200915,0.567807674407959,0.21605342626571655,0.1664796769618988,0.4023638367652893,0.4533613324165344,0.21605342626571655,0.5286353826522827,0.4566798210144043,0.2555176317691803,1.201716661453247,0.695694625377655,0.5556479692459106,0.4566798210144043,0.3909166157245636,0.8132081031799316,0.5286353826522827,0.5044214725494385,0.51202392578125,35.213775634765625,37.568389892578125,26.839717864990234,23.201866149902344,2.4112531493677087,189.932861328125,2.4112532138824463,1045.6744482084976,-13.205426572929209,78.76935749277514,312.93793289836566,3.972838459766145,443.67817320880766,0.6977497935295105,0.25341761112213135,0.20231586694717407,0.8221477270126343,0.544335663318634,0.25341761112213135,0.726997435092926,0.516274094581604,0.39545363187789917,1.3966525793075562,1.1898554563522339,1.1897623538970947,0.413958340883255,0.757165789604187,0.9971233606338501,0.596233069896698,0.8250452280044556,0.80400550365448,68.14682006835938,69.0497817993164,44.39957809448242,32.1309700012207,000103.tdms,102,1020.0
17.5535945892334,1053.215675354004,1.9073486328125e-06,0.2268879788734839,1.4052340984344482,0.22688798606395721,3.4887235054922807,-0.002209738002852359,6.1935149910169,7.903782437354691,1.2761384203991384,9.41029276287644,0.016469638794660568,0.01641111448407173,0.01372773852199316,0.018960272893309593,0.01514433789998293,0.01641111448407173,0.016594771295785904,0.017313681542873383,0.01576422154903412,0.037188418209552765,0.02396850660443306,0.024556545540690422,0.017313681542873383,0.016362739726901054,0.06471367180347443,0.022705458104610443,0.017909180372953415,0.016350015997886658,0.05174802243709564,0.07311016321182251,0.0677601769566536,0.1008063405752182,0.4646916821925885,2.446350574493408,0.4646916687488556,3.0557572078396604,-0.002296993292411912,5.264459572313872,6.612297747558085,1.2560259332852661,7.812348479559233,0.12957246601581573,0.03871471807360649,0.03439954295754433,0.049945663660764694,0.1017487645149231,0.03408469259738922,0.07053390890359879,0.054892413318157196,0.08231636881828308,0.12638600170612335,0.09698179364204407,0.04915640130639076,0.054892413318157196,0.05186072736978531,0.17869414389133453,0.12195149809122086,0.06733278930187225,0.08684531599283218,0.6669056415557861,0.8866361975669861,1.013516902923584,0.9725977182388306,1.5086258191928192,159.5077362060547,1.508625864982605,2242.4837817570137,-5.423919124835278,105.7304827855845,490.38343992591734,4.638051647984882,685.7996844470937,0.2950974404811859,0.1574566811323166,0.15663500130176544,0.4042106866836548,0.2882847785949707,0.1574566811323166,0.3823305368423462,0.24613410234451294,0.26488354802131653,0.8510533571243286,0.5012289881706238,0.545462429523468,0.26432356238365173,0.33929044008255005,0.5035125613212585,0.5751734375953674,0.4811882972717285,0.36742329597473145,24.201387405395508,27.091712951660156,18.66535758972168,14.393750190734863,1.0280811288859508,153.89979553222656,1.0280811786651611,4242.64305770042,-29.08702471076795,149.69615841406937,358.299625431264,2.3935124937554098,449.7538915975848,0.2092285305261612,0.17463219165802002,0.08769380301237106,0.2747025191783905,0.17669330537319183,0.17463219165802002,0.24365077912807465,0.2644175589084625,0.18745996057987213,0.44798383116722107,0.3296758234500885,0.3197267949581146,0.2644175589084625,0.20137903094291687,0.24287037551403046,0.5410308837890625,0.26130735874176025,0.38086628913879395,8.33512020111084,9.679267883300781,7.464650630950928,6.751516342163086,000104.tdms,103,1030.0
17.55518341064453,1053.3110046386719,3.814697265625e-06,0.21945461822686194,1.4402366876602173,0.21945461630821228,3.394954312528233,-0.0020228110197052693,6.562799631636678,8.349478066094438,1.2722433313131922,9.92582793096621,0.015753276646137238,0.013540566898882389,0.012144540436565876,0.0162037443369627,0.015793362632393837,0.013762307353317738,0.015708204358816147,0.014711396768689156,0.015264017507433891,0.019029030576348305,0.01700972393155098,0.016850827261805534,0.014536581002175808,0.016280312091112137,0.07264575362205505,0.017004620283842087,0.016205359250307083,0.01628837361931801,0.034639932215213776,0.06419969350099564,0.060253940522670746,0.09149707853794098,0.48840862901505944,2.6291251182556152,0.488408625125885,3.036636255830351,-0.004864754385145321,5.383043955545162,6.754565519028272,1.2547855032969373,7.976736067778708,0.1243433728814125,0.04023062437772751,0.035147011280059814,0.048976410180330276,0.08890055865049362,0.03698248416185379,0.0891992375254631,0.05936296284198761,0.07693644613027573,0.16110874712467194,0.08997372537851334,0.053017303347587585,0.05936296284198761,0.05859960615634918,0.1949034482240677,0.13851965963840485,0.06431493908166885,0.07737239450216293,0.6738582849502563,1.1031906604766846,1.0767371654510498,1.1367521286010742,0.2123846463251778,2.4758689403533936,0.2123846411705017,4.370819443233862,0.005860570643376122,11.657476108525477,15.006269924862417,1.287265767063238,17.904881144305527,0.020918667316436768,0.019328584894537926,0.012770610861480236,0.018002452328801155,0.015620946884155273,0.014255055226385593,0.019617272540926933,0.017306949943304062,0.022519607096910477,0.03895755484700203,0.032209739089012146,0.02761302888393402,0.017306949943304062,0.017609769478440285,0.051346518099308014,0.02334720455110073,0.027523480355739594,0.01742587983608246,0.06240127608180046,0.08407765626907349,0.07695025205612183,0.10874149203300476,0.3966635125533025,5.64254903793335,0.39666351675987244,4.377382650271394,-0.007819086979691435,14.225026651966433,18.196365504003666,1.2791797125728581,21.640234363341975,0.06001903861761093,0.029479555785655975,0.022791065275669098,0.035284336656332016,0.03845435008406639,0.028508011251688004,0.03921997547149658,0.03949041664600372,0.04424407705664635,0.11529897898435593,0.06059020757675171,0.05133338272571564,0.04285130649805069,0.03907790407538414,0.08451052010059357,0.06888630986213684,0.041890814900398254,0.03449881821870804,0.22367927432060242,0.32942578196525574,0.307903528213501,0.4213234782218933,000105.tdms,104,1040.0
17.55518341064453,1053.3110046386719,3.814697265625e-06,0.22418871754873207,2.58430552482605,0.22418871521949768,3.5450261958236826,-0.0038764316097722852,11.527366555653263,14.70180829136112,1.2753830825437789,17.496779038430752,0.01769299805164337,0.013685193844139576,0.013501581735908985,0.01626470312476158,0.015590016730129719,0.013558141887187958,0.016840027645230293,0.016933955252170563,0.017349623143672943,0.021123038604855537,0.017660291865468025,0.01779114082455635,0.016486233100295067,0.01636371575295925,0.06476239860057831,0.01961977779865265,0.015887975692749023,0.016161739826202393,0.03946119546890259,0.06708656251430511,0.06449869275093079,0.09624074399471283,0.505538838876359,3.381887674331665,0.505538821220398,3.0284244102437956,0.0013372002800825101,6.689669347361029,8.391340299069462,1.254372953781298,9.908765574608262,0.12208286672830582,0.04758741706609726,0.03547007590532303,0.049820590764284134,0.07443764805793762,0.03656701743602753,0.08458789438009262,0.08841260522603989,0.08728914707899094,0.12653134763240814,0.12389316409826279,0.0670696422457695,0.08841260522603989,0.05868580564856529,0.24267293512821198,0.14178209006786346,0.08349660784006119,0.1237780973315239,0.7731083631515503,1.250023603439331,1.1146477460861206,1.2115706205368042,0.25783197733969043,6.800508975982666,0.25783199071884155,10.416023611907418,-0.024774485991297647,26.375739138916348,35.74634681867496,1.3552737472267706,43.409725370737085,0.025773731991648674,0.020787110552191734,0.015981806442141533,0.029287785291671753,0.020746182650327682,0.018149200826883316,0.030088484287261963,0.019874010235071182,0.02833433821797371,0.07264257967472076,0.058264244347810745,0.061958614736795425,0.019874010235071182,0.027999496087431908,0.05609254911541939,0.03978566825389862,0.03585582599043846,0.026080572977662086,0.1663447618484497,0.1665227860212326,0.1220221221446991,0.15288856625556946,0.49820661787938536,10.001123428344727,0.49820661544799805,9.263223620405569,-0.01619150404210404,20.074248453210984,27.050746809094278,1.347534722016822,32.74588420981583,0.08099480718374252,0.03705675154924393,0.03117649257183075,0.060590557754039764,0.04478956758975983,0.03705675154924393,0.05703839287161827,0.05244738981127739,0.05253392830491066,0.1940571516752243,0.10671083629131317,0.10804735869169235,0.05244738981127739,0.05059143155813217,0.13568763434886932,0.07841777056455612,0.07253317534923553,0.052938301116228104,0.6044154763221741,0.6109628677368164,0.49326664209365845,0.6221305131912231,000106.tdms,105,1050.0
17.5535945892334,1053.215675354004,1.9073486328125e-06,0.22288601715106363,1.7981053590774536,0.22288601100444794,3.4113366688158706,-0.0012873091012517283,8.06737624038015,10.269039930169498,1.2729095091374591,12.21221770236816,0.01737070269882679,0.0142925214022398,0.013020810671150684,0.016596028581261635,0.015099752694368362,0.013798625208437443,0.015790104866027832,0.01542930118739605,0.014694643206894398,0.020385952666401863,0.019442204385995865,0.018777919933199883,0.01570502482354641,0.017056303098797798,0.05894073098897934,0.018396925181150436,0.018750391900539398,0.016141528263688087,0.03966382518410683,0.0662928894162178,0.06255373358726501,0.09723527729511261,0.5186015824487613,2.8989644050598145,0.5186015963554382,3.0026809625256083,-0.0053937995590737356,5.589964441240857,7.003692679391087,1.2529046925093519,8.263184427895604,0.12464794516563416,0.05158334970474243,0.038129743188619614,0.06283526867628098,0.10533490777015686,0.038370732218027115,0.09136823564767838,0.07895224541425705,0.08556351065635681,0.1455029547214508,0.11787120252847672,0.06421850621700287,0.08768961578607559,0.061756622046232224,0.18108689785003662,0.19666510820388794,0.08968948572874069,0.10218104720115662,0.8028219938278198,1.2186880111694336,1.180047631263733,1.3454160690307617,0.2963667333359844,4.852962970733643,0.29636672139167786,14.455387440953306,0.006719732689147057,16.37485731312477,23.663425048162164,1.445107251664139,29.35963192962993,0.03722243010997772,0.021413050591945648,0.01733877696096897,0.0376104898750782,0.02354407124221325,0.020948156714439392,0.03645559027791023,0.030476419255137444,0.027921205386519432,0.13746759295463562,0.09234718233346939,0.08543605357408524,0.030476419255137444,0.030517855659127235,0.053071074187755585,0.0607166551053524,0.05627697706222534,0.038975439965724945,0.38531768321990967,0.3290005028247833,0.18001604080200195,0.19893591105937958,0.6026414879990497,68.3122787475586,0.6026414632797241,123.86929041137529,0.9290178142064993,113.3547558671671,166.6934197840995,1.4705463260794847,207.36730814564424,0.0825253576040268,0.04499933496117592,0.03746228292584419,0.09002014249563217,0.05380627140402794,0.04536333680152893,0.08663304895162582,0.062928706407547,0.06565657258033752,0.3027237057685852,0.1987801194190979,0.1812567412853241,0.07348663359880447,0.06913934648036957,0.11816198378801346,0.15029330551624298,0.12582479417324066,0.0790703222155571,1.717059850692749,1.546859622001648,0.9140344262123108,0.974650502204895,000107.tdms,106,1060.0
13.855454444885254,831.3272666931152,0.6544231176376343,0.19809490990709114,1.270545244216919,0.19809490442276,3.5495462152742383,-0.00948524737334548,6.4138207529553375,8.208320449396838,1.2797863809359873,9.786852970852866,0.01727239601314068,0.01501730177551508,0.01528653409332037,0.015720762312412262,0.015413112938404083,0.013579771853983402,0.014802111312747002,0.015126888640224934,0.016770774498581886,0.018018120899796486,0.017543449997901917,0.017536409199237823,0.01513057854026556,0.01652127131819725,0.01608189567923546,0.017063705250620842,0.016535930335521698,0.01587860658764839,0.03598566725850105,0.05423761531710625,0.11003730446100235,0.10714024305343628,0.42240729130241733,2.412689447402954,0.4224072992801666,3.2608581949709476,-0.01806064866939625,5.71176089305622,7.234449870223642,1.2665883613963171,8.583483341620624,0.05316239595413208,0.04423106461763382,0.034171875566244125,0.053998708724975586,0.052174728363752365,0.04423106461763382,0.12038290500640869,0.0638665109872818,0.052677977830171585,0.09551911801099777,0.09426872432231903,0.06116455793380737,0.05732840672135353,0.0604013092815876,0.06158103421330452,0.12038290500640869,0.06073976680636406,0.09908235818147659,0.4462270736694336,0.7535642981529236,0.7424637675285339,0.8139405250549316,0.24365602081520935,6.527609348297119,0.24365602433681488,15.866269110581912,-0.005097693393004423,26.79026492535438,36.549036281510226,1.3642655786848945,44.3964397637014,0.021303676068782806,0.016263145953416824,0.017210815101861954,0.022914180532097816,0.022142814472317696,0.016263145953416824,0.026818672195076942,0.01973639987409115,0.0205057505518198,0.05316559225320816,0.04159422218799591,0.05279210954904556,0.01973639987409115,0.022221161052584648,0.02455204911530018,0.03829602152109146,0.02233218029141426,0.02632748708128929,0.10575728118419647,0.11067390441894531,0.12264097481966019,0.14643073081970215,0.35975152484048406,4.932099342346191,0.35975152254104614,4.45791413901839,-0.00742048165493924,13.709738532819598,17.618042062816905,1.2850749867068039,21.00259680245084,0.03847213089466095,0.03206183761358261,0.03010547161102295,0.03691195696592331,0.03665246069431305,0.03206183761358261,0.06106071174144745,0.03849433362483978,0.03618308901786804,0.10586080700159073,0.08254877477884293,0.07077817618846893,0.04035685211420059,0.03667302802205086,0.04443040117621422,0.06106071174144745,0.06022980809211731,0.06094425916671753,0.299917995929718,0.42215317487716675,0.35181164741516113,0.4227103888988495,000108.tdms,107,1070.0
13.270264625549316,796.215877532959,0.0,0.21384285217903884,1.4197958707809448,0.21384285390377045,3.472715188124708,-0.0054486196010951355,6.639435717927237,8.47425351354058,1.2763514662336626,10.092981082749144,0.01693573407828808,0.017164912074804306,0.015095435082912445,0.017487525939941406,0.021026253700256348,0.01707434467971325,0.01876579038798809,0.018854156136512756,0.017289994284510612,0.026588864624500275,0.02541833557188511,0.021273760125041008,0.018854156136512756,0.019102295860648155,0.02097984589636326,0.018582386896014214,0.018651675432920456,0.017681093886494637,0.05098957195878029,0.06818729639053345,0.1097169816493988,0.12029363214969635,0.40611921552751956,2.3223109245300293,0.4061192274093628,3.069056916010458,-0.012340078729063508,5.718298558007198,7.189714636219399,1.2573171133486574,8.50177377183721,0.043823014944791794,0.0329710952937603,0.034645114094018936,0.045610710978507996,0.055461544543504715,0.0333562009036541,0.09005657583475113,0.04266173392534256,0.03790794312953949,0.06502299010753632,0.10498224198818207,0.05198786407709122,0.04080118238925934,0.04231613501906395,0.0689091756939888,0.09005657583475113,0.07003243267536163,0.06793713569641113,0.3325398564338684,0.47210484743118286,0.48233428597450256,0.6204819679260254,0.3135829994400265,3.1128342151641846,0.31358298659324646,4.544354626867265,0.002324328850278051,9.926667646915986,13.054010113699286,1.3150445424406751,15.76645456151967,0.026779424399137497,0.024213550612330437,0.0209036897867918,0.030410191044211388,0.022421563044190407,0.024213550612330437,0.0412893071770668,0.028954828158020973,0.025508834049105644,0.1471499502658844,0.059847958385944366,0.0801248848438263,0.028954828158020973,0.025229301303625107,0.029794367030262947,0.0412893071770668,0.03166903555393219,0.035587377846241,0.20392991602420807,0.17264220118522644,0.16407091915607452,0.21640333533287048,0.4268947530004918,3.1799497604370117,0.42689475417137146,3.644686155511357,-0.0011047557116308831,7.44902517092626,9.53232868500715,1.2796746508807726,11.359858327905727,0.041208814829587936,0.0320594348013401,0.028265083208680153,0.05015219375491142,0.039813924580812454,0.0320594348013401,0.07931883633136749,0.0387285053730011,0.033992163836956024,0.11239851266145706,0.07312880456447601,0.06122155487537384,0.0387285053730011,0.04273555055260658,0.03928447887301445,0.07931883633136749,0.05121054872870445,0.049108751118183136,0.32304584980010986,0.3630046248435974,0.3677091598510742,0.46247759461402893,000109.tdms,108,1080.0
13.218019485473633,793.081169128418,9.5367431640625e-07,0.24140604908018176,1.8282454013824463,0.24140605330467224,3.6182047273508644,-0.006953997076824388,7.573320587236835,9.70793633461555,1.2818599480624313,11.583678004861401,0.019857000559568405,0.017626425251364708,0.015189075842499733,0.02032628282904625,0.020863253623247147,0.017661212012171745,0.02577114664018154,0.020103957504034042,0.019570592790842056,0.04352503642439842,0.05521218851208687,0.029119329527020454,0.018701758235692978,0.020316490903496742,0.020567454397678375,0.02577114664018154,0.021988973021507263,0.024099599570035934,0.08107490837574005,0.09394984692335129,0.12885868549346924,0.1357262134552002,0.41405091179520565,2.2191162109375,0.4140509068965912,3.0612246634191114,-0.011722385466197936,5.3595249949240555,6.734949490490992,1.2566317904794895,7.960773214062291,0.04301920533180237,0.03519842401146889,0.03273344039916992,0.039919979870319366,0.04275888949632645,0.03431478142738342,0.08742629736661911,0.04700995981693268,0.03799176588654518,0.06503140926361084,0.08879546821117401,0.05518724024295807,0.040165457874536514,0.05507761985063553,0.05343114212155342,0.08742629736661911,0.05213364586234093,0.06320114433765411,0.31129252910614014,0.47143661975860596,0.4825766384601593,0.5849955081939697,0.41750607774502263,3.4356648921966553,0.41750606894493103,4.464884758935496,0.005729268147558259,8.229017672635818,10.868018033390545,1.320694457800263,13.173706847422014,0.03285699710249901,0.02756389230489731,0.02195599488914013,0.03674902394413948,0.029188787564635277,0.02756389230489731,0.06632930785417557,0.03348145633935928,0.02784302644431591,0.13256622850894928,0.05851278826594353,0.12094760686159134,0.03348145633935928,0.03850824013352394,0.0342911072075367,0.06632930785417557,0.037938736379146576,0.05359819903969765,0.3524371087551117,0.28624415397644043,0.24432940781116486,0.31016820669174194,0.5164833149850769,4.62532901763916,0.5164833068847656,4.083907844384155,0.008928160575126997,8.955427762023257,11.601349371969741,1.2954545199020961,13.904179711211633,0.0473644845187664,0.03988933190703392,0.03797215223312378,0.04780879616737366,0.039561934769153595,0.03988933190703392,0.098811574280262,0.04337424039840698,0.04026997089385986,0.15057753026485443,0.10700744390487671,0.06537055969238281,0.04337424039840698,0.04817734286189079,0.061288464814424515,0.098811574280262,0.06093759462237358,0.05370674282312393,0.42468687891960144,0.4668016731739044,0.4567476511001587,0.6125235557556152,000110.tdms,109,1090.0
13.264351844787598,795.8611106872559,2.86102294921875e-06,0.2465170973082003,1.6689612865447998,0.2465170919895172,3.547354172207302,-0.0028713931516802936,6.770164442015286,8.659241042550018,1.279029647907992,10.320985117439283,0.01975257880985737,0.01911395788192749,0.01598382741212845,0.021964455023407936,0.02088574506342411,0.017738429829478264,0.032203465700149536,0.021510692313313484,0.01781444251537323,0.02961011417210102,0.04696391522884369,0.040810078382492065,0.021510692313313484,0.021173246204853058,0.028041310608386993,0.032203465700149536,0.02426433563232422,0.024753395467996597,0.09615430235862732,0.1037367582321167,0.13642951846122742,0.14912541210651398,0.38238815221274164,2.0553667545318604,0.3823881447315216,3.088610448652159,-0.0028203925546999788,5.375079595531917,6.759104430715633,1.2574891795712566,7.99105510431823,0.05731598660349846,0.035522934049367905,0.029795829206705093,0.040007222443819046,0.05202758312225342,0.035522934049367905,0.09422838687896729,0.04409852623939514,0.03979011997580528,0.06822244077920914,0.08851280808448792,0.050822049379348755,0.04124711453914642,0.038941897451877594,0.055069055408239365,0.09422838687896729,0.052243731915950775,0.06383189558982849,0.2855077385902405,0.41146987676620483,0.41776740550994873,0.5365067720413208,0.5367724662453394,5.212179660797119,0.5367724895477295,4.235460815333917,0.0002073982489145484,9.71022172067749,12.68238060630883,1.3060855839473013,15.278479709002534,0.03896627202630043,0.039596762508153915,0.03166167065501213,0.042191967368125916,0.039589013904333115,0.039596762508153915,0.08482281118631363,0.041333746165037155,0.03611590340733528,0.1572551429271698,0.08211003243923187,0.12767565250396729,0.041333746165037155,0.041936133056879044,0.0838685929775238,0.08482281118631363,0.050322938710451126,0.07717808336019516,0.5359369516372681,0.4809620976448059,0.3777731657028198,0.47197604179382324,0.5964363463525649,4.760300636291504,0.5964363217353821,3.8464621738090807,0.01075935262266362,7.981238342368893,10.29369393475158,1.289736441036584,12.3167623668782,0.05511479079723358,0.046116139739751816,0.038115598261356354,0.04828912392258644,0.048822589218616486,0.046116139739751816,0.08438517898321152,0.04704080522060394,0.04770974442362785,0.2337517887353897,0.08075959980487823,0.06655292212963104,0.048194143921136856,0.04779903218150139,0.07177335023880005,0.08438517898321152,0.0601508691906929,0.0778321623802185,0.49391236901283264,0.5685709714889526,0.5627669095993042,0.7663878202438354,000111.tdms,110,1100.0
13.21563720703125,792.938232421875,0.0,0.24729517930328537,1.8685352802276611,0.24729518592357635,3.6358146081846647,-0.004930621894545471,7.555890436246919,9.684546835737107,1.2817214486433859,11.55539386193215,0.019971000030636787,0.016680976375937462,0.01697489060461521,0.022209390997886658,0.02135179005563259,0.016680976375937462,0.022106096148490906,0.021859388798475266,0.018485132604837418,0.027787286788225174,0.06369978189468384,0.035818807780742645,0.021859388798475266,0.020682182163000107,0.02275073528289795,0.022106096148490906,0.030102822929620743,0.025138603523373604,0.09200107306241989,0.09973330795764923,0.12810219824314117,0.13925723731517792,0.37566227843757527,2.6184489727020264,0.37566226720809937,3.0801138324920188,-0.013833302566996558,6.9702206556177835,8.76163811457468,1.2570101503907296,10.356660082905917,0.056507501751184464,0.03130432963371277,0.03328481689095497,0.03609011694788933,0.04737309738993645,0.032089944928884506,0.12798725068569183,0.04488275200128555,0.03698210045695305,0.07082188129425049,0.06941864639520645,0.05895541235804558,0.044492773711681366,0.04175964370369911,0.051460620015859604,0.12798725068569183,0.06745833903551102,0.0539591908454895,0.2611158788204193,0.3927876651287079,0.4251619577407837,0.50548255443573,0.5630986948251884,4.699638366699219,0.563098669052124,4.1819329319427485,-4.95415861119339e-05,8.346029585733993,10.904166934326147,1.3065094991952608,13.141209406504391,0.03954115882515907,0.03490566462278366,0.02821170724928379,0.05039823055267334,0.04068645089864731,0.03302654251456261,0.07740803062915802,0.038418207317590714,0.032796554267406464,0.1035093441605568,0.12350641936063766,0.1649012267589569,0.03777986764907837,0.0480467826128006,0.04229595884680748,0.07740803062915802,0.05272137001156807,0.071682408452034,0.5906726717948914,0.4482790231704712,0.3744911551475525,0.45152971148490906,0.6060775403389698,4.593633651733398,0.6060775518417358,3.760606573885264,0.008715056120467319,7.5792837483538005,9.76472858439382,1.2883445070274209,11.684862942003333,0.05036782845854759,0.04225890338420868,0.03876585140824318,0.054390374571084976,0.04584050178527832,0.039015281945466995,0.07661866396665573,0.03996006026864052,0.04409383237361908,0.1944478303194046,0.09057201445102692,0.07482631504535675,0.041752029210329056,0.05292373150587082,0.047100313007831573,0.07661866396665573,0.06621851772069931,0.06680885702371597,0.48723989725112915,0.5290810465812683,0.5045122504234314,0.7123901844024658,000112.tdms,111,1110.0
13.270264625549316,796.215877532959,0.03139551356434822,0.2561345113465514,3.171191453933716,0.2561345100402832,3.9609384467951525,-0.023034179692779686,12.38096122721657,15.944380823773187,1.2878144540767396,19.057772616564733,0.029055625200271606,0.0186262596398592,0.015559996478259563,0.029033981263637543,0.019579973071813583,0.018584784120321274,0.03386092185974121,0.02695361338555813,0.02148151770234108,0.045070286840200424,0.05547355115413666,0.032383497804403305,0.02695361338555813,0.025082021951675415,0.02567046508193016,0.031100209802389145,0.02467518486082554,0.025140557438135147,0.1134239137172699,0.12486228346824646,0.1483219563961029,0.14868943393230438,0.3900675228854759,3.7270023822784424,0.39006751775741577,3.19085063078229,-0.00969795930092696,9.55476209531213,12.043928781618968,1.2605158204334674,14.253880469801546,0.042259007692337036,0.039122067391872406,0.028516201302409172,0.047787364572286606,0.04818620905280113,0.039122067391872406,0.10542682558298111,0.04342202469706535,0.040523771196603775,0.07241912186145782,0.06885959953069687,0.04942908138036728,0.03934375196695328,0.04423639550805092,0.06631006300449371,0.10542682558298111,0.0665031298995018,0.08016358315944672,0.3283369243144989,0.4892147481441498,0.4969431459903717,0.5833139419555664,0.6238565714351285,5.983255863189697,0.6238565444946289,4.622582352317234,-0.00018342219115666564,9.5907555312365,12.632108428693764,1.317112962326249,15.275003360773388,0.04795409366488457,0.03739612549543381,0.03766198083758354,0.05361363664269447,0.045558080077171326,0.03739612549543381,0.06664490699768066,0.0478227436542511,0.03835730254650116,0.16531182825565338,0.1177014410495758,0.17967532575130463,0.048078637570142746,0.050720348954200745,0.054348889738321304,0.09059606492519379,0.05017488822340965,0.06990285962820053,0.778857946395874,0.5853413343429565,0.49697768688201904,0.5688310265541077,0.6519493235482388,4.649340629577637,0.6519493460655212,3.8237728544467173,0.004220739579376468,7.131444824995857,9.203498658405545,1.2905517583403434,11.021224519024276,0.05382266268134117,0.0499902069568634,0.04026008024811745,0.052144527435302734,0.04746674746274948,0.046277083456516266,0.07355335354804993,0.05249089002609253,0.044464174658060074,0.18966710567474365,0.09327534586191177,0.09704138338565826,0.05249089002609253,0.05967172235250473,0.053337857127189636,0.07355335354804993,0.05570824071764946,0.07132045179605484,0.63409423828125,0.6429617404937744,0.6325200200080872,0.8458744287490845,000113.tdms,112,1120.0
13.269044876098633,796.142692565918,0.11242212355136871,0.24133955271774513,2.593502998352051,0.2413395494222641,3.6751026000462006,-0.013930738420843818,10.746282443745313,13.782979437472239,1.2825811632649189,16.45105770692352,0.020541997626423836,0.01650223508477211,0.01600455306470394,0.022867420688271523,0.01924966648221016,0.01658625341951847,0.023705661296844482,0.019153660163283348,0.016951754689216614,0.027968470007181168,0.0453263521194458,0.029222946614027023,0.019153660163283348,0.02390153519809246,0.022125041112303734,0.023705661296844482,0.020170407369732857,0.022413628175854683,0.09018231183290482,0.09721603989601135,0.12550166249275208,0.13718143105506897,0.3833728892539084,2.149216651916504,0.3833729028701782,3.137829176206221,-0.006539139650902779,5.606073648293568,7.064775431312753,1.2602002532491166,8.360624146726797,0.04651080071926117,0.03587945178151131,0.02990224026143551,0.04728349298238754,0.05484943464398384,0.03587945178151131,0.08464967459440231,0.04701744392514229,0.03632957488298416,0.0728481262922287,0.08117799460887909,0.05039723962545395,0.04701744392514229,0.041730836033821106,0.05064299330115318,0.08464967459440231,0.04439999535679817,0.057309724390506744,0.3215949535369873,0.45669689774513245,0.47231525182724,0.5702512264251709,0.6031689929235664,48.69696044921875,0.6031689643859863,353.1623687314467,-4.952180913829263,80.7351853635315,109.59272711566092,1.3574345141116693,132.37783570832997,0.045129019767045975,0.03621499985456467,0.03503980115056038,0.053818657994270325,0.044826533645391464,0.03621499985456467,0.07779661566019058,0.043754737824201584,0.03736671060323715,0.17350085079669952,0.09667576104402542,0.14422917366027832,0.04347054660320282,0.05080975964665413,0.10196361690759659,0.07779661566019058,0.05049401521682739,0.06512784212827682,0.765869140625,0.6088070869445801,0.47645777463912964,0.5309039354324341,1.3316090829324612,132.7973175048828,1.3316091299057007,4162.259846080716,-54.13575879314694,99.72695380872395,262.75586824616414,2.634752774562123,324.3242060747534,0.10006987303495407,0.058238983154296875,0.043122515082359314,0.1339041143655777,0.08843106031417847,0.058238983154296875,0.1656883955001831,0.08984888345003128,0.06361176073551178,0.24453844130039215,0.21730570495128632,0.2055189162492752,0.08984888345003128,0.10959533601999283,0.1238599494099617,0.1656883955001831,0.12836122512817383,0.14312975108623505,5.669541358947754,4.363459587097168,2.3862662315368652,1.5091545581817627,000114.tdms,113,1130.0
